v -2 -2 -0.099999999999999978
v -2 -1.8999999999999999 -0.10999999999999999
v -2 -1.8 -0.11999999999999997
v -2 -1.7 -0.12999999999999998
v -2 -1.6000000000000001 -0.13999999999999996
v -2 -1.5 -0.14999999999999997
v -2 -1.3999999999999999 -0.16
v -2 -1.2999999999999998 -0.17000000000000001
v -2 -1.1000000000000001 -0.18999999999999997
v -2 -0.79999999999999982 -0.22
v -2 -0.69999999999999996 -0.22999999999999998
v -2 -0.59999999999999987 -0.23999999999999999
v -2 -0.5 -0.25
v -2 -0.29999999999999982 -0.27000000000000002
v -2 -0.19999999999999996 -0.27999999999999997
v -2 -0.099999999999999867 -0.28999999999999998
v -2 0 -0.29999999999999999
v -2 0.40000000000000036 -0.34000000000000002
v -2 0.5 -0.34999999999999998
v -2 0.90000000000000036 -0.39000000000000001
v -2 1 -0.40000000000000002
v -2 1.4000000000000004 -0.44000000000000006
v -2 1.5 -0.45000000000000001
v -2 1.9000000000000004 -0.49000000000000005
v -2 2 -0.5
v -1.8999999999999999 -2 -0.084999999999999964
v -1.8999999999999999 -1.8999999999999999 -0.094999999999999973
v -1.8999999999999999 -1.8 -0.10499999999999995
v -1.8999999999999999 -1.7 -0.11499999999999996
v -1.8999999999999999 -1.6000000000000001 -0.12499999999999994
v -1.8999999999999999 -1.5 -0.13499999999999995
v -1.8999999999999999 -1.3999999999999999 -0.14499999999999999
v -1.8999999999999999 -1.2999999999999998 -0.155
v -1.8999999999999999 -1.1000000000000001 -0.17499999999999996
v -1.8999999999999999 -0.79999999999999982 -0.20499999999999999
v -1.8999999999999999 -0.69999999999999996 -0.21499999999999997
v -1.8999999999999999 -0.59999999999999987 -0.22499999999999998
v -1.8999999999999999 -0.5 -0.23499999999999999
v -1.8999999999999999 -0.29999999999999982 -0.255
v -1.8999999999999999 -0.19999999999999996 -0.26499999999999996
v -1.8999999999999999 -0.099999999999999867 -0.27499999999999997
v -1.8999999999999999 0 -0.28499999999999998
v -1.8999999999999999 0.40000000000000036 -0.32500000000000001
v -1.8999999999999999 0.5 -0.33499999999999996
v -1.8999999999999999 0.90000000000000036 -0.375
v -1.8999999999999999 1 -0.38500000000000001
v -1.8999999999999999 1.4000000000000004 -0.42500000000000004
v -1.8999999999999999 1.5 -0.435
v -1.8999999999999999 1.9000000000000004 -0.47500000000000003
v -1.8999999999999999 2 -0.48499999999999999
v -1.8 -2 -0.070000000000000007
v -1.8 -1.8999999999999999 -0.080000000000000016
v -1.8 -1.8 -0.089999999999999997
v -1.8 -1.7 -0.10000000000000001
v -1.8 -1.6000000000000001 -0.10999999999999999
v -1.8 -1.5 -0.12
v -1.8 -1.3999999999999999 -0.13000000000000003
v -1.8 -1.2999999999999998 -0.14000000000000004
v -1.8 -1.1000000000000001 -0.16
v -1.8 -0.79999999999999982 -0.19000000000000003
v -1.8 -0.69999999999999996 -0.20000000000000001
v -1.8 -0.59999999999999987 -0.21000000000000002
v -1.8 -0.5 -0.22000000000000003
v -1.8 -0.29999999999999982 -0.24000000000000005
v -1.8 -0.19999999999999996 -0.25
v -1.8 -0.099999999999999867 -0.26000000000000001
v -1.8 0 -0.27000000000000002
v -1.8 0.40000000000000036 -0.31000000000000005
v -1.8 0.5 -0.32000000000000001
v -1.8 0.90000000000000036 -0.36000000000000004
v -1.8 1 -0.37
v -1.8 1.4000000000000004 -0.41000000000000003
v -1.8 1.5 -0.42000000000000004
v -1.8 1.9000000000000004 -0.46000000000000008
v -1.8 2 -0.47000000000000003
v -1.7 -2 -0.054999999999999993
v -1.7 -1.8999999999999999 -0.065000000000000002
v -1.7 -1.8 -0.074999999999999983
v -1.7 -1.7 -0.084999999999999992
v -1.7 -1.6000000000000001 -0.094999999999999973
v -1.7 -1.5 -0.10499999999999998
v -1.7 -1.3999999999999999 -0.11500000000000002
v -1.7 -1.2999999999999998 -0.12500000000000003
v -1.7 -1.1000000000000001 -0.14499999999999999
v -1.7 -0.79999999999999982 -0.17500000000000002
v -1.7 -0.69999999999999996 -0.185
v -1.7 -0.59999999999999987 -0.19500000000000001
v -1.7 -0.5 -0.20500000000000002
v -1.7 -0.29999999999999982 -0.22500000000000003
v -1.7 -0.19999999999999996 -0.23500000000000001
v -1.7 -0.099999999999999867 -0.24500000000000002
v -1.7 0 -0.255
v -1.7 0.40000000000000036 -0.29500000000000004
v -1.7 0.5 -0.30499999999999999
v -1.7 0.90000000000000036 -0.34500000000000003
v -1.7 1 -0.35499999999999998
v -1.7 1.4000000000000004 -0.39500000000000002
v -1.7 1.5 -0.40500000000000003
v -1.7 1.9000000000000004 -0.44500000000000006
v -1.7 2 -0.45500000000000002
v -1.6000000000000001 -2 -0.03999999999999998
v -1.6000000000000001 -1.8999999999999999 -0.049999999999999989
v -1.6000000000000001 -1.8 -0.05999999999999997
v -1.6000000000000001 -1.7 -0.069999999999999979
v -1.6000000000000001 -1.6000000000000001 -0.07999999999999996
v -1.6000000000000001 -1.5 -0.089999999999999969
v -1.6000000000000001 -1.3999999999999999 -0.10000000000000001
v -1.6000000000000001 -1.2999999999999998 -0.11000000000000001
v -1.6000000000000001 -1.1000000000000001 -0.12999999999999998
v -1.6000000000000001 -0.79999999999999982 -0.16
v -1.6000000000000001 -0.69999999999999996 -0.16999999999999998
v -1.6000000000000001 -0.59999999999999987 -0.17999999999999999
v -1.6000000000000001 -0.5 -0.19
v -1.6000000000000001 -0.29999999999999982 -0.21000000000000002
v -1.6000000000000001 -0.19999999999999996 -0.22
v -1.6000000000000001 -0.099999999999999867 -0.23000000000000001
v -1.6000000000000001 0 -0.23999999999999999
v -1.6000000000000001 0.40000000000000036 -0.28000000000000003
v -1.6000000000000001 0.5 -0.28999999999999998
v -1.6000000000000001 0.90000000000000036 -0.33000000000000002
v -1.6000000000000001 1 -0.33999999999999997
v -1.6000000000000001 1.4000000000000004 -0.38
v -1.6000000000000001 1.5 -0.39000000000000001
v -1.6000000000000001 1.9000000000000004 -0.43000000000000005
v -1.6000000000000001 2 -0.44
v -1.5 -2 -0.024999999999999967
v -1.5 -1.8999999999999999 -0.034999999999999976
v -1.5 -1.8 -0.044999999999999957
v -1.5 -1.7 -0.054999999999999966
v -1.5 -1.6000000000000001 -0.064999999999999947
v -1.5 -1.5 -0.074999999999999956
v -1.5 -1.3999999999999999 -0.084999999999999992
v -1.5 -1.2999999999999998 -0.095000000000000001
v -1.5 -1.1000000000000001 -0.11499999999999996
v -1.5 -0.79999999999999982 -0.14499999999999999
v -1.5 -0.69999999999999996 -0.15499999999999997
v -1.5 -0.59999999999999987 -0.16499999999999998
v -1.5 -0.29999999999999982 -0.19500000000000001
v -1.5 -0.19999999999999996 -0.20499999999999999
v -1.5 -0.099999999999999867 -0.215
v -1.5 0 -0.22499999999999998
v -1.5 0.30000000000000027 -0.255
v -1.5 0.40000000000000036 -0.26500000000000001
v -1.5 0.5 -0.27499999999999997
v -1.5 0.90000000000000036 -0.315
v -1.5 1 -0.32499999999999996
v -1.5 1.4000000000000004 -0.36499999999999999
v -1.5 1.9000000000000004 -0.41500000000000004
v -1.5 2 -0.42499999999999999
v -1.3999999999999999 -2 -0.0099999999999999811
v -1.3999999999999999 -1.8999999999999999 -0.01999999999999999
v -1.3999999999999999 -1.8 -0.029999999999999971
v -1.3999999999999999 -1.7 -0.03999999999999998
v -1.3999999999999999 -1.6000000000000001 -0.049999999999999961
v -1.3999999999999999 -1.5 -0.05999999999999997
v -1.3999999999999999 -1.3999999999999999 -0.070000000000000007
v -1.3999999999999999 -1.2999999999999998 -0.080000000000000016
v -1.3999999999999999 -0.79999999999999982 -0.13
v -1.3999999999999999 -0.69999999999999996 -0.14000000000000001
v -1.3999999999999999 -0.59999999999999987 -0.14999999999999999
v -1.3999999999999999 -0.5 -0.15999999999999998
v -1.3999999999999999 -0.19999999999999996 -0.19
v -1.3999999999999999 -0.099999999999999867 -0.20000000000000001
v -1.3999999999999999 0 -0.20999999999999999
v -1.3999999999999999 0.30000000000000027 -0.24000000000000002
v -1.3999999999999999 0.40000000000000036 -0.25
v -1.3999999999999999 0.5 -0.26000000000000001
v -1.3999999999999999 0.90000000000000036 -0.30000000000000004
v -1.3999999999999999 1 -0.31
v -1.3999999999999999 1.4000000000000004 -0.35000000000000003
v -1.3999999999999999 1.5 -0.35999999999999999
v -1.3999999999999999 2 -0.41000000000000003
v -1.2999999999999998 -2 0.0050000000000000322
v -1.2999999999999998 -1.8999999999999999 -0.0049999999999999767
v -1.2999999999999998 -1.8 -0.014999999999999958
v -1.2999999999999998 -1.7 -0.024999999999999967
v -1.2999999999999998 -1.6000000000000001 -0.034999999999999948
v -1.2999999999999998 -1.5 -0.044999999999999957
v -1.2999999999999998 -1.3999999999999999 -0.054999999999999993
v -1.2999999999999998 -0.69999999999999996 -0.12499999999999999
v -1.2999999999999998 -0.59999999999999987 -0.13499999999999998
v -1.2999999999999998 -0.5 -0.14499999999999996
v -1.2999999999999998 -0.29999999999999982 -0.16499999999999998
v -1.2999999999999998 -0.19999999999999996 -0.17499999999999999
v -1.2999999999999998 -0.099999999999999867 -0.185
v -1.2999999999999998 0 -0.19499999999999998
v -1.2999999999999998 0.40000000000000036 -0.23500000000000001
v -1.2999999999999998 0.5 -0.245
v -1.2999999999999998 0.90000000000000036 -0.28500000000000003
v -1.2999999999999998 1 -0.29499999999999998
v -1.2999999999999998 1.4000000000000004 -0.33500000000000002
v -1.2999999999999998 1.5 -0.34499999999999997
v -1.2999999999999998 1.9000000000000004 -0.38500000000000001
v -1.2999999999999998 2 -0.39500000000000002
v -1.2 -0.59999999999999987 -0.12
v -1.2 -0.5 -0.13
v -1.2 -0.29999999999999982 -0.15000000000000002
v -1.2 -0.19999999999999996 -0.16
v -1.2 0.40000000000000036 -0.22000000000000003
v -1.2 0.5 -0.22999999999999998
v -1.2 0.90000000000000036 -0.27000000000000002
v -1.2 1 -0.28000000000000003
v -1.2 1.4000000000000004 -0.32000000000000006
v -1.2 1.9000000000000004 -0.37000000000000005
v -1.2 2 -0.38
v -1.1000000000000001 -2 0.035000000000000003
v -1.1000000000000001 -1.8999999999999999 0.024999999999999994
v -1.1000000000000001 -1.8 0.015000000000000013
v -1.1000000000000001 -1.7 0.0050000000000000044
v -1.1000000000000001 -1.6000000000000001 -0.0049999999999999767
v -1.1000000000000001 -0.5 -0.115
v -1.1000000000000001 -0.39999999999999991 -0.125
v -1.1000000000000001 -0.29999999999999982 -0.13500000000000001
v -1.1000000000000001 -0.19999999999999996 -0.14500000000000002
v -1.1000000000000001 -0.099999999999999867 -0.15500000000000003
v -1.1000000000000001 0 -0.16500000000000001
v -1.1000000000000001 0.40000000000000036 -0.20500000000000004
v -1.1000000000000001 0.5 -0.21500000000000002
v -1.1000000000000001 0.90000000000000036 -0.25500000000000006
v -1.1000000000000001 1 -0.26500000000000001
v -1.1000000000000001 1.4000000000000004 -0.30500000000000005
v -1.1000000000000001 1.5 -0.31500000000000006
v -1.1000000000000001 1.9000000000000004 -0.35500000000000009
v -1.1000000000000001 2 -0.36499999999999999
v -1 -0.39999999999999991 -0.11
v -1 -0.29999999999999982 -0.12000000000000001
v -1 -0.19999999999999996 -0.13
v -0.79999999999999982 -2 0.080000000000000043
v -0.79999999999999982 -1.8999999999999999 0.070000000000000034
v -0.79999999999999982 -1.8 0.060000000000000053
v -0.79999999999999982 -1.7 0.050000000000000044
v -0.79999999999999982 -1.6000000000000001 0.040000000000000063
v -0.79999999999999982 -0.19999999999999996 -0.099999999999999978
v -0.79999999999999982 -0.099999999999999867 -0.10999999999999999
v -0.79999999999999982 0 -0.11999999999999997
v -0.79999999999999982 0.10000000000000009 -0.12999999999999998
v -0.79999999999999982 0.40000000000000036 -0.16
v -0.79999999999999982 0.5 -0.16999999999999998
v -0.79999999999999982 0.90000000000000036 -0.21000000000000002
v -0.79999999999999982 1 -0.21999999999999997
v -0.79999999999999982 1.4000000000000004 -0.26000000000000001
v -0.79999999999999982 1.5 -0.27000000000000002
v -0.79999999999999982 1.9000000000000004 -0.31000000000000005
v -0.79999999999999982 2 -0.31999999999999995
v -0.69999999999999996 -2 0.095000000000000015
v -0.69999999999999996 -1.8999999999999999 0.085000000000000006
v -0.69999999999999996 -1.8 0.075000000000000025
v -0.69999999999999996 -1.7 0.065000000000000016
v -0.69999999999999996 -1.6000000000000001 0.055000000000000035
v -0.69999999999999996 -1.5 0.045000000000000026
v -0.69999999999999996 -0.099999999999999867 -0.095000000000000001
v -0.69999999999999996 0 -0.105
v -0.69999999999999996 0.10000000000000009 -0.115
v -0.69999999999999996 0.20000000000000018 -0.125
v -0.69999999999999996 0.90000000000000036 -0.19500000000000003
v -0.69999999999999996 1 -0.20500000000000002
v -0.69999999999999996 1.4000000000000004 -0.24500000000000005
v -0.69999999999999996 1.5 -0.255
v -0.69999999999999996 1.9000000000000004 -0.29500000000000004
v -0.69999999999999996 2 -0.30499999999999999
v -0.59999999999999987 -2 0.11000000000000003
v -0.59999999999999987 -1.8999999999999999 0.10000000000000002
v -0.59999999999999987 -1.8 0.090000000000000038
v -0.59999999999999987 -1.7 0.080000000000000029
v -0.59999999999999987 -1.6000000000000001 0.070000000000000048
v -0.59999999999999987 -1.5 0.060000000000000039
v -0.59999999999999987 0 -0.089999999999999983
v -0.59999999999999987 0.90000000000000036 -0.18000000000000002
v -0.59999999999999987 1 -0.19
v -0.59999999999999987 1.4000000000000004 -0.23000000000000004
v -0.59999999999999987 1.5 -0.23999999999999999
v -0.59999999999999987 1.9000000000000004 -0.28000000000000003
v -0.59999999999999987 2 -0.28999999999999998
v -0.5 -2 0.125
v -0.5 -1.8999999999999999 0.115
v -0.5 -1.8 0.10500000000000002
v -0.5 -1.7 0.095000000000000015
v -0.5 -1.6000000000000001 0.085000000000000034
v -0.5 -1.5 0.075000000000000025
v -0.5 -1.3999999999999999 0.064999999999999988
v -0.5 0.90000000000000036 -0.16500000000000004
v -0.5 1 -0.17499999999999999
v -0.5 1.4000000000000004 -0.21500000000000002
v -0.5 1.5 -0.22500000000000003
v -0.5 1.9000000000000004 -0.26500000000000007
v -0.5 2 -0.27500000000000002
v -0.39999999999999991 -1.8999999999999999 0.13
v -0.39999999999999991 -1.8 0.12000000000000004
v -0.39999999999999991 -1.7 0.11000000000000003
v -0.29999999999999982 -2 0.15500000000000003
v -0.29999999999999982 -1.8999999999999999 0.14500000000000002
v -0.29999999999999982 -1.8 0.13500000000000006
v -0.29999999999999982 -1.7 0.12500000000000006
v -0.29999999999999982 -1.6000000000000001 0.11500000000000006
v -0.29999999999999982 -1.5 0.10500000000000005
v -0.29999999999999982 -1.3999999999999999 0.095000000000000015
v -0.29999999999999982 -1.2999999999999998 0.085000000000000006
v -0.29999999999999982 0.90000000000000036 -0.13500000000000001
v -0.29999999999999982 1 -0.14499999999999996
v -0.29999999999999982 1.4000000000000004 -0.185
v -0.29999999999999982 1.5 -0.19500000000000001
v -0.29999999999999982 1.9000000000000004 -0.23500000000000004
v -0.29999999999999982 2 -0.245
v -0.19999999999999996 -2 0.17000000000000001
v -0.19999999999999996 -1.8999999999999999 0.16
v -0.19999999999999996 -1.8 0.15000000000000002
v -0.19999999999999996 -1.7 0.14000000000000001
v -0.19999999999999996 -1.6000000000000001 0.13000000000000003
v -0.19999999999999996 -1.5 0.12000000000000002
v -0.19999999999999996 -1.3999999999999999 0.10999999999999999
v -0.19999999999999996 -1.2999999999999998 0.099999999999999978
v -0.19999999999999996 -1.1000000000000001 0.080000000000000016
v -0.19999999999999996 0.90000000000000036 -0.12000000000000002
v -0.19999999999999996 1 -0.13
v -0.19999999999999996 1.4000000000000004 -0.17000000000000004
v -0.19999999999999996 1.5 -0.18000000000000002
v -0.19999999999999996 1.9000000000000004 -0.22000000000000006
v -0.19999999999999996 2 -0.23000000000000001
v -0.099999999999999867 -2 0.18500000000000003
v -0.099999999999999867 -1.8999999999999999 0.17500000000000002
v -0.099999999999999867 -1.8 0.16500000000000004
v -0.099999999999999867 -1.7 0.15500000000000003
v -0.099999999999999867 -1.6000000000000001 0.14500000000000005
v -0.099999999999999867 -1.5 0.13500000000000004
v -0.099999999999999867 -1.3999999999999999 0.125
v -0.099999999999999867 -1.2999999999999998 0.11499999999999999
v -0.099999999999999867 -1.1000000000000001 0.095000000000000029
v -0.099999999999999867 0.90000000000000036 -0.10500000000000001
v -0.099999999999999867 1 -0.11499999999999999
v -0.099999999999999867 1.4000000000000004 -0.15500000000000003
v -0.099999999999999867 1.5 -0.16500000000000001
v -0.099999999999999867 1.9000000000000004 -0.20500000000000004
v -0.099999999999999867 2 -0.215
v 0 -2 0.20000000000000001
v 0 -1.8999999999999999 0.19
v 0 -1.8 0.18000000000000002
v 0 -1.7 0.17000000000000001
v 0 -1.6000000000000001 0.16000000000000003
v 0 -1.5 0.15000000000000002
v 0 -1.3999999999999999 0.13999999999999999
v 0 -1.2999999999999998 0.12999999999999998
v 0 -1.1000000000000001 0.11000000000000001
v 0 0.90000000000000036 -0.090000000000000038
v 0 1 -0.10000000000000001
v 0 1.4000000000000004 -0.14000000000000004
v 0 1.5 -0.15000000000000002
v 0 1.9000000000000004 -0.19000000000000006
v 0 2 -0.20000000000000001
v 0.40000000000000036 -2 0.26000000000000006
v 0.40000000000000036 -1.8999999999999999 0.25000000000000006
v 0.40000000000000036 -1.8 0.24000000000000007
v 0.40000000000000036 -1.7 0.23000000000000007
v 0.40000000000000036 -1.6000000000000001 0.22000000000000008
v 0.40000000000000036 -1.5 0.21000000000000008
v 0.40000000000000036 -1.3999999999999999 0.20000000000000004
v 0.40000000000000036 -1.2999999999999998 0.19000000000000003
v 0.40000000000000036 1 -0.039999999999999952
v 0.40000000000000036 1.4000000000000004 -0.079999999999999988
v 0.40000000000000036 1.5 -0.089999999999999969
v 0.40000000000000036 1.9000000000000004 -0.13
v 0.40000000000000036 2 -0.13999999999999996
v 0.5 -2 0.27500000000000002
v 0.5 -1.8999999999999999 0.26500000000000001
v 0.5 -1.8 0.255
v 0.5 -1.7 0.245
v 0.5 -1.6000000000000001 0.23500000000000004
v 0.5 -1.5 0.22500000000000003
v 0.5 1.4000000000000004 -0.065000000000000044
v 0.5 1.5 -0.075000000000000025
v 0.5 1.9000000000000004 -0.11500000000000006
v 0.5 2 -0.125
v 0.60000000000000009 2 -0.11
v 0.80000000000000027 -1.7 0.29000000000000004
v 0.80000000000000027 1.4000000000000004 -0.020000000000000004
v 0.80000000000000027 1.5 -0.029999999999999985
v 0.80000000000000027 1.9000000000000004 -0.070000000000000021
v 0.80000000000000027 2 -0.079999999999999974
v 0.90000000000000036 -2 0.33500000000000008
v 0.90000000000000036 -1.8999999999999999 0.32500000000000007
v 0.90000000000000036 -1.8 0.31500000000000006
v 0.90000000000000036 -1.7 0.30500000000000005
v 0.90000000000000036 0 0.13500000000000004
v 0.90000000000000036 1.5 -0.014999999999999986
v 0.90000000000000036 1.9000000000000004 -0.055000000000000021
v 0.90000000000000036 2 -0.064999999999999974
v 1 -2 0.34999999999999998
v 1 -1.8999999999999999 0.33999999999999997
v 1 -1.8 0.33000000000000002
v 1 -1.7 0.32000000000000001
v 1 -0.099999999999999867 0.15999999999999998
v 1 0 0.14999999999999999
v 1 1.5 -2.7755575615628914e-17
v 1 1.9000000000000004 -0.040000000000000063
v 1 2 -0.050000000000000017
v 1.4000000000000004 -2 0.41000000000000003
v 1.4000000000000004 -1.8999999999999999 0.40000000000000002
v 1.4000000000000004 -1.8 0.39000000000000007
v 1.4000000000000004 -1.7 0.38000000000000006
v 1.4000000000000004 -1.6000000000000001 0.37000000000000011
v 1.4000000000000004 -0.29999999999999982 0.24000000000000005
v 1.4000000000000004 -0.19999999999999996 0.23000000000000004
v 1.4000000000000004 -0.099999999999999867 0.22000000000000003
v 1.4000000000000004 0 0.21000000000000005
v 1.4000000000000004 0.40000000000000036 0.17000000000000001
v 1.4000000000000004 0.5 0.16000000000000003
v 1.4000000000000004 1.4000000000000004 0.070000000000000007
v 1.4000000000000004 1.5 0.060000000000000026
v 1.4000000000000004 1.9000000000000004 0.01999999999999999
v 1.4000000000000004 2 0.010000000000000037
v 1.5 -2 0.42499999999999999
v 1.5 -1.8999999999999999 0.41499999999999998
v 1.5 -1.8 0.40500000000000003
v 1.5 -1.7 0.39500000000000002
v 1.5 -1.6000000000000001 0.38500000000000001
v 1.5 -0.5 0.27499999999999997
v 1.5 -0.29999999999999982 0.25499999999999995
v 1.5 -0.19999999999999996 0.24499999999999997
v 1.5 -0.099999999999999867 0.23499999999999996
v 1.5 0 0.22499999999999998
v 1.5 0.40000000000000036 0.18499999999999994
v 1.5 0.5 0.17499999999999999
v 1.5 1.4000000000000004 0.084999999999999937
v 1.5 1.5 0.074999999999999956
v 1.5 1.9000000000000004 0.03499999999999992
v 1.5 2 0.024999999999999967
v 1.6000000000000001 -0.19999999999999996 0.26000000000000001
v 1.6000000000000001 -0.099999999999999867 0.24999999999999997
v 1.7000000000000002 -0.099999999999999867 0.26500000000000001
v 1.7000000000000002 0 0.255
v 1.9000000000000004 -2 0.48500000000000004
v 1.9000000000000004 -1.8999999999999999 0.47500000000000003
v 1.9000000000000004 -1.8 0.46500000000000008
v 1.9000000000000004 -1.7 0.45500000000000007
v 1.9000000000000004 -1.6000000000000001 0.44500000000000006
v 1.9000000000000004 -1.5 0.43500000000000005
v 1.9000000000000004 -1.2999999999999998 0.41500000000000004
v 1.9000000000000004 -1.2 0.40500000000000003
v 1.9000000000000004 -1.1000000000000001 0.39500000000000002
v 1.9000000000000004 -0.79999999999999982 0.36499999999999999
v 1.9000000000000004 -0.69999999999999996 0.35500000000000004
v 1.9000000000000004 -0.59999999999999987 0.34500000000000003
v 1.9000000000000004 -0.5 0.33500000000000002
v 1.9000000000000004 -0.29999999999999982 0.315
v 1.9000000000000004 -0.19999999999999996 0.30500000000000005
v 1.9000000000000004 -0.099999999999999867 0.29500000000000004
v 1.9000000000000004 0 0.28500000000000003
v 1.9000000000000004 0.40000000000000036 0.245
v 1.9000000000000004 0.5 0.23500000000000004
v 1.9000000000000004 0.90000000000000036 0.19500000000000001
v 1.9000000000000004 1 0.18500000000000003
v 1.9000000000000004 1.4000000000000004 0.14499999999999999
v 1.9000000000000004 1.5 0.13500000000000001
v 1.9000000000000004 1.9000000000000004 0.094999999999999973
v 1.9000000000000004 2 0.08500000000000002
v 2 -2 0.5
v 2 -1.8999999999999999 0.48999999999999999
v 2 -1.8 0.47999999999999998
v 2 -1.7 0.46999999999999997
v 2 -1.6000000000000001 0.46000000000000002
v 2 -1.5 0.45000000000000001
v 2 -1.3999999999999999 0.43999999999999995
v 2 -1.2999999999999998 0.42999999999999994
v 2 -1.2 0.41999999999999998
v 2 -1.1000000000000001 0.41000000000000003
v 2 -0.79999999999999982 0.38
v 2 -0.69999999999999996 0.37
v 2 -0.59999999999999987 0.35999999999999999
v 2 -0.5 0.34999999999999998
v 2 -0.29999999999999982 0.32999999999999996
v 2 -0.19999999999999996 0.32000000000000001
v 2 -0.099999999999999867 0.31
v 2 0 0.29999999999999999
v 2 0.40000000000000036 0.25999999999999995
v 2 0.5 0.25
v 2 0.90000000000000036 0.20999999999999996
v 2 1 0.19999999999999998
v 2 1.4000000000000004 0.15999999999999995
v 2 1.5 0.14999999999999997
v 2 1.9000000000000004 0.10999999999999993
v 2 2 0.099999999999999978
v -2 -2 -0.90000000000000002
v -2 2 -0.90000000000000002
v 2 -2 -0.90000000000000002
v 2 2 -0.90000000000000002
v -1 -1.3680117784833934 -0.14545556584642799
v -1 -1 -0.24999999999999994
v -1.3500000000000001 -1.2163118960624633 -0.11631189606246312
v -0.81807566089457184 -1.3037219951868864 -0.15386793629133028
v -0.81599411075830319 -1.1137218936815172 -0.21573956140660749
v -0.83403957225459679 -1.53105661011428 0.0252223955097301
v -1 -1.4920349213414412 -0.047897214473551331
v -1 -1.282348744032155 -0.19053039486308881
v -1 -1.0965665694893436 -0.24330721736980326
v -1 -0.90343343051065639 -0.24330721736980326
v -0.85088399404560922 -1.3998761613949959 -0.10485446048149688
v -0.90784124005355471 -1.2507601554406054 -0.19701322042794217
v -0.73977637587787082 -1.4949747468305832 0.028949331494718011
v -0.75769288964770554 -1.3612851340357428 -0.098416188854319187
v -0.90685022710158603 -1.0575697256955536 -0.24138183841659638
v -0.90704526622046833 -1.1540819192313048 -0.22647481818170728
v -0.81514207453865406 -1.2108812153652624 -0.19137092263385097
v -0.60502205176395996 -1.3593628088613134 -0.0026044542584121033
v -1.091840265169109 -1.3391091494424674 -0.15545053510429235
v -1.0921587599464453 -1.2507601554406054 -0.19701322042794217
v -1.207203214804438 -1.4531883257175569 -0.041616892720361454
v -1.2423071103522945 -1.3612851340357428 -0.098416188854319187
v -1.0931497728984139 -1.0575697256955536 -0.24138183841659638
v -1.2703311699113145 -1.1670738512237153 -0.17370456693185748
v -1.2685296128795334 -0.73747300276525318 -0.14073803223567299
v -1.0931497728984139 -0.94243027430444637 -0.24138183841659638
v -1.2703311699113145 -0.83292614877628479 -0.17370456693185748
v -1.1864832907941971 -1 -0.22470288442733571
v -1.3634809428097285 -1.1095041255281617 -0.13812451972899714
v -1.3634809428097285 -0.89049587447183842 -0.13812451972899714
v -1.2797249361912959 -0.94237349397762793 -0.18908774505260934
v 1 1.3680117784833934 -0.045455565846427959
v 1.3500000000000001 0.78368810393753674 -0.016311896062463083
v 1.3500000000000001 1.2163118960624633 -0.016311896062463083
v 1.491432511343314 0.88756457505198383 0.064353665707685692
v 1.1840058892416967 0.88627810631848281 -0.11573956140660746
v 1.4817336721649106 0.702272217076786 0.13855032339526885
v 1.491432511343314 1.1124354249480162 0.064353665707685692
v 1.1840058892416967 1.1137218936815172 -0.11573956140660746
v 1.3680117784833936 1 -0.045455565846427848
v 1 1.282348744032155 -0.090530394863088781
v 1 1.0965665694893436 -0.14330721736980323
v 1.2685296128795334 0.73747300276525318 -0.040738032235672961
v 1.42477760449027 0.83403957225459679 0.018943389885719975
v 1.2703311699113145 0.83292614877628479 -0.073704566931857451
v 1.39497794823604 0.64063719113868656 0.09739554574158793
v 1.2685296128795334 1.2625269972347468 -0.040738032235672961
v 1.0921587599464453 1.2507601554406054 -0.097013220427942137
v 1.5486901296939799 1.0567604054103126 0.11905058538842367
v 1.42477760449027 1.1659604277454032 0.018943389885719975
v 1.3279008956068681 1.3177933498176828 0.019445205966556522
v 1.2423071103522945 1.3612851340357428 0.0015838111456808468
v 1.0931497728984139 1.0575697256955536 -0.14138183841659635
v 1.2703311699113145 1.1670738512237153 -0.073704566931857451
v 1.4916168927203615 1.207203214804438 0.096811674282443305
v 1.3634809428097285 1.1095041255281617 -0.038124519728997108
v -0.8364873069517359 -1.5335308618270407 0.027879990139943703
v -0.63674855347039416 -1.4424238686728899 0.048730103846729864
v -0.64555588843355605 -1.4493201546181489 0.048098632196781475
v -1.4085334416282709 -1.1509990033764439 -0.096180115906596239
v -0.67824852398653301 -1.4686788569376861 0.045130607095788651
v -0.29999999999999988 -1.1093258230548178 0.06593258230548181
v 0.94155222640143699 1.4265318273432013 -0.0014203487741045896
v 0.96269874511451869 1.4309494146115764 0.0013098703060201444
v -0.9406803882849174 -1.5434025589915594 0.013238197656418347
v -1.4179152172696403 -1.0689173318361884 -0.10579554940682717
v 0.90000000000000036 1.4099084241491502 -0.0059908424149149727
v -1.4090345564036399 -0.96477919765675779 -0.11487726369487022
v -0.19999999999999998 -1.0093258230548179 0.070932582305481787
v -1.2999999999999998 -1.3726757776613259 -0.057732422233867424
v -1.0824150333770055 -1.518289428233679 -0.010533312183182902
v 1.071206703173337 1.4451419195265154 0.016166813523348991
v -1.3534593729141151 -0.81109626919855449 -0.12190927901726183
v -1.3500458469128158 -1.3041070172313958 -0.072096175313782818
v -1.2113792263330034 -1.4564795220427285 -0.03605893174567764
v -1.2263828264868408 -1.4443450790855299 -0.039522916064473147
v -0.099999999999999867 -0.90932582305481768 0.075932582305481791
v -1.3824502431161327 -1.2363672492514304 -0.083730811542276851
v 1.185250129785407 1.4330398885815421 0.034483530609656816
v -1.1312495313549369 -1.5 -0.019687429703240476
v 0 -0.80932582305481782 0.080932582305481782
v 1.2093258230548183 0.40000000000000036 0.14139887345822269
v -1.3416119454470583 -0.7888722067507431 -0.12235457114198442
v 1.2848294373141187 1.3997746178701227 0.052746953810105503
v 1.2842112201186828 1.4000000000000004 0.052631683017802369
v 1.218347682715337 1.4240117299402908 0.040350979413271468
v 1.3093258230548179 0.5 0.14639887345822264
v 1.4000000000000006 0.59067417694518254 0.15093258230548176
v 1.5000000000000002 0.71608731785417845 0.15339126821458215
v 1.4896341025962687 0.69738948254445277 0.15370616713499502
v -1.275835252438809 -1.3999999999999999 -0.051375287865821337
v -1.2682459823901637 -0.70000000000000007 -0.12023689735852454
v 1.4289605878714078 0.61963476481658997 0.15238061169905215
v -1.1682459823901634 -0.59999999999999987 -0.11523689735852451
v -1.1000000000000001 -0.53175401760983654 -0.11182459823901635
v 1.5019472969341956 1.1977141663112862 0.1055206779090007
v 1.4061526726937204 1.3168719194957585 0.079235708954482148
v -1.0682459823901636 -0.5 -0.11023689735852452
v 0.5 1.0682459823901636 -0.031824598239016358
v 1.5255026447791997 0.77185423868884817 0.15163997284799513
v 1.5531209495217484 0.8518865836860815 0.14777948405965408
v 1.5523266663481317 0.84856207511429693 0.14799279244079006
v 1.5542696361249062 0.85964598403730974 0.14717584701500491
v 1.5584947313155266 0.90000000000000036 0.14377420969732893
v 1.5621509196547421 0.93492036887851326 0.14083060106035997
v -0.83184421839056133 -1.5325937614788967 0.028482743389305502
v -0.79999999999999982 -1.5222660155038956 0.032226601550389603
v -0.73486018158712996 -1.5 0.03977097276193052
v -0.69999999999999984 -1.4808068524976838 0.043080685249768394
v -0.76824598239016351 -0.19999999999999996 -0.09523689735852453
v 0.77836751377786206 1.341575931644442 -0.017402466097764909
v 0.74462170740929712 1.3120569719901654 -0.019512441087621971
v 0.84630213666206855 1.3864477231268699 -0.011699451813376706
v 0.87523268378196706 1.4000000000000006 -0.0087150974327049966
v -0.63897402565383377 -0.070728043263670215 -0.088773299521708052
v -0.5 -1.3093258230548179 0.05593258230548178
v -0.56824598239016355 -0 -0.085236897358524535
v 0.78368810393753674 -1.5663118960624631 0.14999999999999997
v 1 -1 -0.19999999999999996
v 1.5663118960624631 -1.3500000000000001 0.2836881039375368
v 0.88756457505198383 -1.4856463342923145 0.0085674886566858843
v 1.3037219951868864 -1.6038679362913304 0.31807566089457195
v 1.1124354249480162 -1.4856463342923145 0.0085674886566858843
v 1.1137218936815172 -1.6657395614066075 0.31599411075830325
v 1.1819243391054282 -1.3037219951868864 -0.10386793629133029
v 1.1840058892416967 -1.1137218936815172 -0.16573956140660751
v 1.4817336721649106 -1.2977277829232139 0.088550323395268804
v 1.1840058892416967 -0.88627810631848281 -0.16573956140660751
v 1.4817336721649106 -0.702272217076786 0.088550323395268804
v 1.6733568504487422 -1 0.30871342976112981
v 0.58855032339526869 -1.4817336721649106 0.202272217076786
v 0.81807566089457184 -1.3037219951868864 -0.10386793629133029
v 0.702272217076786 -1.4114496766047311 0.018266327835089302
v 0.81599411075830319 -1.1137218936815172 -0.16573956140660751
v 0.73747300276525318 -1.5907380322356732 0.23147038712046658
v 0.83403957225459679 -1.53105661011428 0.075222395509730089
v 1.2625269972347468 -1.5907380322356732 0.23147038712046658
v 1 -1.4920349213414412 0.0021027855264486583
v 1 -1.6747028844273357 0.31351670920580288
v 1.1095041255281617 -1.5881245197289973 0.13651905719027163
v 0.94320070386604227 -1.5461430594970886 0.065832292170587114
v 0.94237349397762793 -1.6390877450526093 0.22027506380870421
v 1.0567992961339576 -1.5461430594970886 0.065832292170587114
v 1.0576265060223722 -1.6390877450526093 0.22027506380870421
v 1.6054505351042923 -0.90815973483089096 0.16089085055753249
v 1.590738032235673 -0.73147038712046653 0.23747300276525324
v 1.4949747468305832 -0.57894933149471806 0.23977637587787087
v 1.3998761613949959 -1.5548544604814971 0.35088399404560922
v 1.590738032235673 -1.2685296128795334 0.23747300276525324
v 1.4949747468305832 -1.4210506685052819 0.23977637587787087
v 1.2685296128795334 -1.2625269972347468 -0.090738032235673005
v 1.1491160059543908 -1.3998761613949959 -0.054854460481496892
v 1.5486901296939799 -1.0567604054103126 0.069050585388423624
v 1.207203214804438 -1.4531883257175569 0.0083831072796385353
v 1.2423071103522945 -1.3612851340357428 -0.048416188854319198
v 1.2703311699113145 -1.1670738512237153 -0.1237045669318575
v 1.4916168927203615 -1.207203214804438 0.046811674282443261
v 1.39497794823604 -1.3593628088613134 0.047395545741587886
v 1.2685296128795334 -0.73747300276525318 -0.090738032235673005
v 1.42477760449027 -0.83403957225459679 -0.03105661011428007
v 1.5548544604814971 -0.85088399404560922 0.10012383860500396
v 1.3279008956068681 -0.68220665018231719 -0.030554794033443522
v 1.2703311699113145 -0.83292614877628479 -0.1237045669318575
v 1.0929547337795318 -0.84591808076869535 -0.17647481818170729
v 1.1848579254613458 -0.7891187846347375 -0.14137092263385098
v 1.5305547940334434 -0.67209910439313192 0.18220665018231724
v 1.4526044542584122 -0.60502205176395996 0.1406371911386865
v 1.4916168927203615 -0.79279678519556196 0.046811674282443261
v 1.39497794823604 -0.64063719113868656 0.047395545741587886
v 1.3634809428097285 -0.89049587447183842 -0.088124519728997153
v 1.4341677078294128 -1.0567992961339578 -0.046143059497088634
v 1.2797249361912959 -1.0576265060223722 -0.13908774505260935
v 1.4341677078294128 -0.94320070386604227 -0.046143059497088634
v 1.6470132204279422 -0.90784124005355471 0.24923984455939474
v 1.6413709226338509 -0.81514207453865406 0.2891187846347375
v 1.6237045669318575 -1.2703311699113145 0.33292614877628479
v 1.6413709226338509 -1.1848579254613458 0.2891187846347375
v 0.68220665018231719 -1.5305547940334434 0.17209910439313197
v 0.73147038712046653 -1.2625269972347468 -0.090738032235673005
v 0.73977637587787082 -1.4949747468305832 0.078949331494718
v 0.79279678519556196 -1.4531883257175569 0.0083831072796385353
v 0.75769288964770554 -1.3612851340357428 -0.048416188854319198
v -0.65680622061721061 0.20000000000000018 -0.1185209330925816
v 1.4988235790619848 -1.4720904569998066 0.3720325825592784
v 1.4800243696319793 -1.4914644475473915 0.37115010019953604
v 1.2822473148121383 -1.6213622527831684 0.35447332250013758
v -0.55549768193834603 0.012748300451817603 -0.08459948233593366
v 0.4995393841017694 -1.4004606158982307 0.21497696920508844
v -0.59999999999999987 0.85271747053749314 -0.17527174705374932
v -0.6070846115224946 0.85412126453333115 -0.17647481818170729
v 0.40780381053708042 -1.2921961894629197 0.19039019052685402
v 1.1976778393870895 -0.29999999999999982 0.20965167590806338
v -0.0084722307535709286 0.59635294829631136 -0.060906129442666768
v 1.3275562495095539 -1.6000000000000001 0.35913343742643311
v 1.3854274301110701 -1.5668848214085298 0.36450259665751356
v -0 0.59126968175581474 -0.059126968175581468
v 1.4000000000000006 -0.47438734800109755 0.25743873480010987
v 0.24760581976946575 -1.1000000000000003 0.14714087296541989
v 0.87441667932314715 -1.6563941682630245 0.29680191872477452
v 1.5572303539785133 -0.63073775481176186 0.29665832857795316
v 0.80000000000000027 -1.6328662080732956 0.28328662080732958
v 0.13807550665572413 -0.96192449334427599 0.11690377533278622
v 0.87022831351577756 -0.029771686484222817 0.13351141567578889
v 0.90000000000000036 -0.052777080585667803 0.14027770805856679
v 1.1663622078150009 -0.27317885904535882 0.20227221707678603
v 0.15585136921304235 -0.98463809550084935 0.12184151493204129
v 1.5000000000000002 -0.56521765140629143 0.28152176514062915
v 1.4682919187940322 -0.53388908522891121 0.27363269634199594
v 1 -1.6754222551618543 0.31754222551618549
v 0.010462453362717271 -0.79886336969210059 0.081455704973617649
v -0.59999999999999998 0.091397033414192835 -0.099139703341419277
v -0.57537477298840412 0.044318162874123886 -0.090738032235673005
v -0.5632585658605731 0.025074552672686788 -0.086996240146354639
v 1.594880925358747 -0.68965769681609401 0.30819790848542145
v 1.6007423504851015 -0.69999999999999996 0.31011135257276518
v 1.467126407498238 -0.53287359250176214 0.27335632037491192
v -0.59773337299168372 0.85226834536316631 -0.17488684048506922
v 1.675280788055761 -0.90707752573144651 0.34199987078150873
v 0.43459599655052555 -1.3243398888594722 0.19762338836852603
v -0.54386713245714446 0.84159491538035847 -0.16573956140660751
v -0.5 0.8291845109410827 -0.15791845109410826
v -0.52391508334902603 0.83595030209121901 -0.1621822927114758
v 4.3125322284526659e-16 4.3125322284526659e-16 -0.19999999999999993
v 1.405007313470813 -1.5538365394258571 0.36613475096320769
v 0.76533194491192236 -1.6180505970427312 0.27660485144106145
v 1.5 -1.470717863201968 0.37207178632019683
v 1.4413512897512906 -1.5241860661871125 0.36862130008140481
v 0.028337070324878932 -0.12238242826908863 -0.19462247354527312
v 0.12265227950873864 0.028067219085228912 -0.19138183841659639
v 0.63014391125984937 -1.5370230254593806 0.24822388923491548
v 0.015257565270600007 -0.4570606752413563 -0.12413477483077362
v 0.72025832790712041 -1.5962247913198517 0.26766122831805328
v 0.80518631394975038 0.0096182116274695119 0.10785931422145412
v 0.53765667356986935 -1.4447581924645574 0.22512432028193616
v 0.015422253586643394 -0.46309666951626149 -0.12193785825618687
v 0.016817639187471929 -0.51423897092680837 -0.10332363092027606
v 0.76355518809379752 0.0092144309964439872 0.065824407734475801
v 0.01005375478141593 -0.7721592522497237 0.055160286112542103
v 0.013299503169845142 -0.74104125392750841 0.028311623488278162
v 0.010091125766818438 -0.7746010497718685 0.05756471264928445
v 0.010259843617199164 -0.78562497179490764 0.068419916821942844
v 0.010191291665558728 -0.78114582884882444 0.064009325827500074
v 0.01014093535736049 -0.7778555782103006 0.060769431497174391
v 0.013950881520124631 -0.59121673076242587 -0.066478794524963622
v 0.012809289592665597 -0.54386589970694588 -0.090738032235673005
v 0.65716746819211402 0.011473222767563067 -0.014091465404181193
v 0.63053499723294015 0.015159248191610748 -0.030554794033443522
v 0.014681976223455906 -0.62154100071416563 -0.050942769987167465
v 0.014683899180188559 -0.39763441847825082 -0.14455056737194152
v 0.43573049851902085 0.015000048382254402 -0.12079431969206084
v 1.1034812677452646 -1.6704160142744418 0.33256379158923388
v 0.011519876925653375 -0.65721412235020427 -0.030554794033443525
v 1.571298468653062 -1.3815538101564437 0.37385015131360366
v 1.5847243528682438 -1.3613795241223619 0.37384660534247272
v 0.016838260872217799 -0.31456604379543179 -0.16573956140660751
v 0.018250200692443774 -0.29479431476163626 -0.17022579252790426
v 0.33875509212789068 0.015537861714495478 -0.15167571975871214
v 0.019428117515154185 -0.27829966540805978 -0.17396844999293462
v 0.35555791684625754 0.017214175425780454 -0.14708123745730578
v 1.5364808099981924 -1.4281537333692191 0.37328749483665075
v 1.6610484275025557 -1.1841699121908138 0.3675742553444647
v 0.3764415361031721 0.019297604723436265 -0.14137092263385098
v 0.016869401198117261 -0.35374215661321584 -0.15600691699855376
v 1.6775947900779158 -1.1000000000000001 0.36163921851168729
v 1.6716245904158247 -1.1340919745172324 0.3641528860140969
v 1.6291600153332246 -1.2736625496062428 0.37174025726060794
v -0.16181886897245912 0.011099370378491569 -0.19138183841659639
v -0.18053561528549567 0.01412979709323242 -0.18895406441228282
v 0.017938944762004989 0.18455612838289451 -0.18336852508548146
v 0.017945146553773335 0.16866464514774088 -0.18582709244398701
v 1.6788231791809178 -1.0929854590521138 0.36112202278234901
v -0.22560902431011426 0.021427628700722193 -0.1831075327082364
v 0.012441886281234681 0.25947853929207115 -0.17120498717866894
v 0.013009996668699422 0.25633057785828628 -0.17175134239844073
v 0.01819589755884278 0.11476246704818639 -0.19239742249186112
v -0.10541623791813289 0.019749110281722982 -0.19510154190238135
v -0.099396652092399881 0.020233414800590981 -0.19547343524354427
v -0.074315234479415904 0.022251335009927709 -0.19702297909377406
v 1.6825547841949375 -1 0.35238321762924063
v -0.22659240347088394 0.021282596818369394 -0.18293288836419469
v -0.31844666205329963 0.015703820726087208 -0.16449266360531622
v -0.51461490646334962 0.016441703650930627 -0.1030422969148638
v -0.49695870852935198 0.01600933113465362 -0.10948708241967409
v -0.62146072015292864 0.13242595328163678 -0.10646170335110297
v -0.37647219031391049 0.019266950512697903 -0.1509516358764792
v 0.019099286303264747 0.37663985452334364 -0.14137092263385101
v 1.1929310038221872 -1.6524647634727221 0.34418612692060035
v 0.014370967669383559 0.58188630220827142 -0.056508550557502514
v -0.43426647142119462 0.014474096855404022 -0.13237071923033725
v 0.016992290362592935 0.49759754134390094 -0.096899547010679918
v 0.014290494588218341 0.57869826647561673 -0.058224474337470654
v 0.014194604997775358 0.57489948760080134 -0.060269123630252788
v 0.014168458653712782 0.57386366943722622 -0.060826640912884158
v 0.014096626238585342 0.57101794384957338 -0.062358320171400909
v -0.72377934686604728 0.32804020603943895 -0.14137092263385098
v 0.017031580570222693 -0.26406823358105913 -0.17647481818170729
v 0.015250936277588448 -0.20891277587586504 -0.18473564594797184
v -0.80471393393116375 0.5576772809203272 -0.17647481818170729
v 0.74171555422293745 0.012625202874416094 0.047395545741587893
v 0.76292016171391386 0.0093136052834803494 0.065288555641628471
v 0.22742150694726204 0.01961514606357443 -0.17647481818170729
v -0.79999999999999982 0.79999999999999982 -0.19999999999999996
v -0.80125058783257452 0.54646788505173682 -0.17483437668005988
v -0.79999999999999982 0.54242025779049308 -0.17424202577904929
v 0.90158172555252702 -0.053999323058074748 0.1406371911386865
v -0.7368271670763209 0.36303472806319104 -0.14682754786776722
v -0.75060978773700582 0.40000000000000036 -0.15259146816055091
v -0.78689349220580873 0.5 -0.16803402383087132
v -1.1124354249480162 -1.4856463342923145 -0.041432511343314105
v -0.88756457505198383 -1.4856463342923145 -0.041432511343314105
v -1 -1.1912865702388702 -0.22335685044874226
v -0.702272217076786 -1.4114496766047311 -0.031733672164910687
v -1.1819243391054282 -1.3037219951868864 -0.15386793629133028
v -1.1840058892416967 -1.1137218936815172 -0.21573956140660749
v -1.1840058892416967 -0.88627810631848281 -0.21573956140660749
v -1.3680117784833936 -1 -0.14545556584642788
v -1.0567604054103124 -1.4309494146115764 -0.098690129693979889
v -0.94323959458968754 -1.4309494146115764 -0.098690129693979889
v -0.90815973483089096 -1.3391091494424674 -0.15545053510429235
v -0.73147038712046653 -1.2625269972347468 -0.14073803223567299
v -0.67209910439313192 -1.3177933498176828 -0.080554794033443511
v -0.79279678519556196 -1.4531883257175569 -0.041616892720361454
v -0.72966883008868555 -1.1670738512237153 -0.17370456693185748
v -1.2685296128795334 -1.2625269972347468 -0.14073803223567299
v -1.1491160059543908 -1.3998761613949959 -0.10485446048149688
v -1.3279008956068681 -1.3177933498176828 -0.080554794033443511
v -1.0929547337795318 -1.1540819192313048 -0.22647481818170728
v -1.1848579254613458 -1.2108812153652624 -0.19137092263385097
v -1.0929547337795318 -0.84591808076869535 -0.22647481818170728
v -1.1848579254613458 -0.7891187846347375 -0.19137092263385097
v -1.2797249361912959 -1.0576265060223722 -0.18908774505260934
v 1 1 -0.14999999999999991
v 1 1.1912865702388702 -0.12335685044874223
v 1.1819243391054282 1.3037219951868864 -0.053867936291330243
v 0.81807566089457184 1.3037219951868864 -0.053867936291330243
v 1.0567604054103124 1.4309494146115764 0.0013098703060201444
v 1.5486901296939799 0.94323959458968754 0.11905058538842367
v 1.3279008956068681 0.68220665018231719 0.019445205966556522
v 1.0931497728984139 0.94243027430444637 -0.14138183841659635
v 1.1848579254613458 0.7891187846347375 -0.091370922633850937
v 1.4210506685052819 0.73977637587787082 0.055025253169416866
v 1.4916168927203615 0.79279678519556196 0.096811674282443305
v 1.091840265169109 1.3391091494424674 -0.05545053510429232
v 1.1491160059543908 1.3998761613949959 -0.0048544604814968473
v 1.4978972144735514 1 0.057965078658558822
v 1.0929547337795318 1.1540819192313048 -0.12647481818170725
v 1.1864832907941971 1 -0.12470288442733568
v 1.1848579254613458 1.2108812153652624 -0.091370922633850937
v 1.4210506685052819 1.2602236241221292 0.055025253169416866
v 1.3634809428097285 0.89049587447183842 -0.038124519728997108
v 1.4341677078294128 0.94320070386604227 0.0038569405029114101
v 1.2797249361912959 0.94237349397762793 -0.089087745052609302
v 1.4341677078294128 1.0567992961339578 0.0038569405029114101
v 1.2797249361912959 1.0576265060223722 -0.089087745052609302
v 0.90815973483089096 1.3391091494424674 -0.05545053510429232
v 0.73147038712046653 1.2625269972347468 -0.040738032235672961
v 0.90784124005355471 1.2507601554406054 -0.097013220427942137
v 0.90685022710158603 1.0575697256955536 -0.14138183841659635
v 0.90704526622046833 1.1540819192313048 -0.12647481818170725
v 0.81514207453865406 1.2108812153652624 -0.091370922633850937
v -0.26260039391794254 -1.0719262169727604 0.067802562609584657
v -0.29067417694518227 -1.1000000000000001 0.066398873458222665
v 1.5296147905743989 1.1345184451858885 0.11599037406757093
v 1.5296147905743989 1.134518445185889 0.11599037406757094
v 0.0094079530058910361 -0.79991787004892667 0.081402979955776333
v 0.43175401760983656 1 -0.035236897358524533
v 0.40000000000000036 0.9682459823901638 -0.036824598239016341
v 0.43523864035621579 0.015001991330801278 -0.12097763544189355
v -0.79999999999999982 -0.23175401760983627 -0.096824598239016332
v -0.78917334666272887 -0.22092736427256532 -0.09628326557215279
v 0.014499266998153047 -0.42926827234888554 -0.13425035608901142
v -0.66824598239016331 -0.099999999999999853 -0.090236897358524512
v -0.69999999999999984 -0.13175401760983643 -0.091824598239016342
v 1.5296147905743989 1.1345184451858887 0.11599037406757093
v 1.5036543852355682 1.1938149813098227 0.10616665965435293
v -0.85519086357698326 -1.5353608808977057 0.025257458553223106
v 0.017928457317910554 0.2114291754363711 -0.17921100276163007
v -1.3720602088857388 -0.8501709794975062 -0.12079193338311019
v 1.5597728904357306 1 0.1339659335653596
v 1.5557420587768391 1.0482012988008278 0.12854117893644307
v -1.2073302070066738 -1.4589491541099964 -0.035204615640001366
v 0.017412590386582358 0.23193532732543301 -0.17598534359147289
v -1.3442648648893931 -1.3141529939568148 -0.070224430337727503
v 0.023717901568735447 0.1258047354504159 -0.19145027512545595
v 1.4819722672444928 0.68649905064591865 0.15364593502208201
v 1.5630608783651438 0.96068173963813641 0.13839095779095792
v 1.5630608783651438 0.96068173963813652 0.13839095779095792
v 1.5629489627363395 0.95751335411199667 0.13869100899925127
v -0.40960942540778261 0.01387028458117431 -0.14137092263385101
v -0.31755432055818889 0.015649025385891812 -0.16470090334549778
v 1.0546636940498464 1.4445114192537616 0.013748412182100779
v -0.94208058792732485 -1.5433547648161543 0.013023388292516725
v -0.92673169002916045 -1.542125621426762 0.015202808638302159
v -1.0953745997586857 -1.5134865264179522 -0.012957537322007587
v -0.40960942540778267 0.013870284581174308 -0.14137092263385098
v -0.33542514773415161 0.016746405772263405 -0.16053050845930017
v -1.1605584079603961 -1.4843214423189532 -0.025651616962164024
v -1.1306776673840291 -1.5003059142243587 -0.019571058685168445
v 1.5630608783651438 0.96068173963813641 0.13839095779095795
v -1.4061735431434712 -0.95279686225173366 -0.1156463452463473
v -0.40960942540778267 0.01387028458117431 -0.14137092263385098
v 0.12958426916869881 0.69736483636949043 -0.0506017736005797
v -0.86824598239016337 -0.29999999999999988 -0.10023689735852452
v -0.99451712313795415 -0.42627114074779066 -0.10655045439591405
v 0.014382410065451112 0.58233960618274749 -0.056264564876479461
v 0.017484070780286767 0.50919778756018075 -0.092374970380088017
v -0.26295620140028619 0.015919548389449721 -0.17647481818170729
v 0.016039857505575111 0.47513130387618585 -0.1056623104148821
v -0.86824598239016315 -0.29999999999999971 -0.10023689735852451
v 0.0044775514671890233 -0.80484827158762873 0.081156459878841236
v 0.0093258230548179995 -0.79999999999999982 0.081398873458222692
v -0.40527337411972419 0.014576445496450288 -0.14262457170501019
v -1.3492107531419679 -0.80312647226198297 -0.12206896574509689
v 0.12251545917737562 0.028035909710213133 -0.19139145209624675
v -1.3458586350055861 -0.79683838288540365 -0.12219495696229753
v 0.33175401760983708 0.90000000000000047 -0.040236897358524516
v -1.3384190080047154 -1.3243117078164428 -0.068331680419063012
v -0.86824598239016326 -0.29999999999999971 -0.10023689735852451
v 1.4391601433329897 0.63218155559904798 0.15265586594004363
v 1.473329553241967 0.67421441074678568 0.1535779919116165
v 0.33175401760983675 0.90000000000000024 -0.04023689735852453
v 0.3317540176098368 0.90000000000000013 -0.04023689735852453
v 0.010701338404517374 0.067493894821532355 -0.19552878584867453
v 1.473329553241967 0.67421441074678568 0.15357799191161647
v 1.2187971582683692 1.4238478655925855 0.040434787180996828
v 1.2183476827153372 1.424011729940291 0.040350979413271482
v -1.4014560207821911 -1.1816640062591253 -0.092052002491416152
v -1.3999999999999997 -1.1858547876125392 -0.091414521238746091
v 1.5007245658676709 0.71739427785359744 0.15336925709479088
v -1.277192085950714 -1.3987832975181083 -0.051700483140796248
v -1.2904479696254549 -1.3840084082062578 -0.055166354623192464
v -1.3999999999999995 -1.1858547876125396 -0.091414521238746008
v -1.3101564730448265 -1.3606260298963571 -0.060460867967088307
v -1.4134646699306264 -1.0044463515528483 -0.11157506533430914
v 0.0074365271972033839 0.046902561671502717 -0.19689288345214689
v -1.4178516926822771 -1.0596226521859544 -0.10671548868374611
v -1.4014560207821911 -1.181664006259125 -0.092052002491416138
v -1.4014560207821911 -1.1816640062591248 -0.092052002491416179
v -0.7457441243658679 -1.5046697003948819 0.038605351384608057
v -0.74574412436586779 -1.5046697003948819 0.03860535138460805
v -0.74574412436586801 -1.5046697003948817 0.038605351384608029
v -1.4059995379477561 -1.16197788471716 -0.094702142220447413
v 0.025868242030531667 -0.12955071238231497 -0.19407142213718931
v -0.59999999999999998 -1.4077169015064064 0.050771690150640654
v -0.59182916311086364 -1.3999999999999997 0.051225625533370428
v -0.57103941212859233 -1.3803652351834101 0.052380611699052157
v -0.59182916311086364 -1.3999999999999997 0.051225625533370435
v -0.59999999999999987 -1.4077169015064062 0.050771690150640647
v -0.62918587918392965 -1.4352813429578957 0.049150252418200112
v -1.4143625286660098 -1.1000000000000001 -0.10215437929990144
v -1.4119495628532868 -1.1211111707259778 -0.09968131735539526
v -0.73679940538568334 -1.5008320141259432 0.039563290604741848
v -1.3999999999999999 -0.92694117482367322 -0.11730588251763267
v 0.021235616673651338 -0.091712597827422096 -0.19597011655983576
v -0.77731262709692883 -1.5149080260155279 0.034893908537013463
v -1.4161361986656242 -1.0844820635352648 -0.10397222344631714
v -1.3999999999999999 -0.92694117482367266 -0.11730588251763271
v -0.73296263787810778 -1.4991858685048733 0.039974191168771198
v -0.72066839667027205 -1.4923309542595202 0.041132835925411219
v -0.73296263787810778 -1.4991858685048733 0.039974191168771191
v -1.4177359769151561 -1.0426915546296274 -0.10839124107431065
v -0.12464437488667381 0.018202114542669262 -0.19391361696724713
v -0.69999999999999996 -0.13175401760983646 -0.091824598239016328
v -0.71834246787423583 -0.15009648548407228 -0.092741721632728147
v -1.4177359769151563 -1.0426915546296276 -0.10839124107431065
v -0.9462780816359303 -1.5432114882829404 0.012379436582904548
v -0.94627808163592975 -1.5432114882829406 0.012379436582904618
v -1.0400260851231935 -1.530164565387869 -0.0029874562296920517
v -1.3374121379072217 -0.78286007188077922 -0.12232581349800532
v 0.44993361732519233 1.018179599715356 -0.034327917372756742
v 0.90000000000000036 0.090674176945182525 0.12593258230548179
v 0.90000000000000036 0.090674176945182539 0.12593258230548179
v 0.94593031438197073 1.4279658639835382 -0.00090703924105822362
v 0.94398525853679394 1.4273287636415881 -0.0011350875836397491
v -1.0527725179322862 -1.5265936903350532 -0.0052565086563375824
v -1.0400260851231935 -1.5301645653878688 -0.0029874562296920734
v 1 0.19067417694518221 0.13093258230548177
v 1.296250285763247 1.3938597177604746 0.05505157108843959
v 0.94593031438197084 1.4279658639835382 -0.0009070392410582028
v 1.1555083051167505 1.4374899749670382 0.029577248270808737
v 0.014643063419527029 -0.06324061160996701 -0.19722118553492043
v 1 1.4369560245131761 0.0063043975486823762
v 1.5216500862907454 0.76334381389156947 0.15191313155445485
v -1.3520105039754051 -1.2999999999999998 -0.072801575596310814
v -1.3603960153350048 -1.2824705083122485 -0.075812351469025888
v -1.3502294495430858 -1.3037232051246381 -0.07216209691899908
v 1.5018942727584177 1.1978156183681137 0.10550257907695128
v -1.3165424208267724 -1.3530496734512523 -0.062176395778890656
v 1.402092795007807 1.3203270549555495 0.078281213755616058
v 1.436467257228383 1.2854768585537539 0.086922402728882048
v 1.1131127818487152 1.4423206368106656 0.022734853596240681
v 0.78826456368971087 1.3481130748724632 -0.016571622933789699
v 0.80345310768254996 1.3581453257341487 -0.015296566421032375
v 0.7712106984886925 1.3353155465919484 -0.017849949885890986
v 0.77836751377786206 1.341575931644442 -0.017402466097764913
v -1.3165424208267729 -1.353049673451252 -0.062176395778890718
v -1.3165424208267726 -1.353049673451252 -0.06217639577889069
v -0.026299299103885371 0.007874489248216307 -0.19894646684761461
v -1.3384190080047151 -1.324311707816443 -0.068331680419062998
v -0.65286928834952851 -0.084623305959364958 -0.089468062656492764
v -1.3892720756866024 -1.2167323586769887 -0.086717575485291493
v -0.59999999999999998 -0.031754017609836364 -0.086824598239016337
v -0.60542823076141128 -0.037182248371247749 -0.087096009777086911
v -1.3384190080047151 -1.3243117078164428 -0.068331680419063012
v 1.0073353596774972 0.19800953662267934 0.13129935028935663
v 1 0.19067417694518218 0.13093258230548177
v 0.73150889485400017 1.2992721503729467 -0.020200880809194681
v 0.7122098647809435 1.2804558471711069 -0.021214104999969192
v 0.57555146061535867 1.143797443005522 -0.028047025208248432
v -0.28420180718681537 0.015689146693519437 -0.1719266762241955
v 0.85469005358603023 1.3912897268788573 -0.010925464649981226
v -0.31310350014153138 0.015375717218317417 -0.16573956140660751
v 0.77836751377786195 1.3415759316444418 -0.017402466097764916
v -0.73415023572100546 -1.4996954013303099 0.039847004774880193
v 0.80000000000000038 1.3558644986489401 -0.015586449864893956
v 0.014757725186918673 -0.39700561770237358 -0.14472526200554001
v 0.86215494900263889 1.39476811528698 -0.010153569178302178
v -1.1300870488758867 -1.5006218610438857 -0.019450871226994362
v -0.88941000371886392 -1.5387089969964838 0.020459399141818848
v -0.88941000371886458 -1.5387089969964838 0.02045939914181874
v 1.2183476827153372 1.4240117299402908 0.040350979413271475
v -1.1000000000000001 -1.511772322210559 -0.013822767778944091
v -1.1300870488758867 -1.5006218610438857 -0.019450871226994342
v 1.1314933584484514 1.4410831838036713 0.025615685386900594
v 1.1314933584484514 1.4410831838036713 0.025615685386900587
v 1.1314933584484512 1.4410831838036713 0.02561568538690058
v 0.016856961293736646 -0.33809212459264265 -0.15989490346978297
v -1.397322817302165 -0.91572874827794959 -0.11802554776752983
v -1.3973228173021652 -0.91572874827794948 -0.11802554776752983
v 1.0445179495877759 1.4441247366011152 0.012265218778054853
v 1.0445179495877759 1.4441247366011152 0.012265218778054849
v -1.3827901869341177 -0.87271140641133615 -0.12014738739898403
v -1.3827901869341175 -0.87271140641133615 -0.12014738739898403
v -1.3475440617601115 -0.79999999999999993 -0.12213160926401673
v -0.49239558756017976 -1.3017214106149977 0.056312802927472802
v -0.49067417694518206 -1.3 0.056398873458222684
v -1.2026353195116346 -1.4618127227362483 -0.034214025653120352
v -1.2026353195116346 -1.4618127227362485 -0.034214025653120324
v -0.49067417694518212 -1.2999999999999998 0.056398873458222684
v -0.49067417694518201 -1.2999999999999996 0.056398873458222677
v 0.58550389634658273 0.01409930400235637 -0.054751981434139313
v 1.3048255074661743 1.3894185783813096 0.056781968281795187
v 1.3048255074661743 1.3894185783813096 0.0567819682817952
v 1.372553859023774 1.3454659958445976 0.071336479269106357
v 1.3725538590237742 1.3454659958445976 0.07133647926910637
v 1.4000000000000001 1.3221081160615622 0.077789188393843828
v 0.54418330815115412 0.013126698036873802 -0.076955347472091942
v -0.29494018950215628 -1.1042660125569741 0.066185572830373976
v -0.41614364407872789 -1.2254694671335458 0.0601254001015454
v 0.014289821232048574 0.57867159067920215 -0.058238832279870291
v -0.54688433914200041 -1.3562101621968183 0.053588365348381753
v 0.014227044265015082 0.57618460731541743 -0.059577422638376024
v -1.3301081277299465 -0.77240418935262956 -0.12227580022422904
v -1.3301081277299465 -0.77240418935262956 -0.12227580022422903
v -1.330108127729946 -0.77240418935262922 -0.12227580022422903
v -1.2818726674981957 -0.71362668510803218 -0.12091823161392615
v 0.01411788030438418 0.57185994865726519 -0.061905120711442947
v -1.2999999999999998 -0.73479567729817075 -0.1215204322701829
v -0.59488128496882897 -0.026635302578665521 -0.086568662487457787
v 1.5014046603233162 0.71862102105116521 0.1533485969433809
v 1.5014046603233164 0.71862102105116565 0.15334859694338088
v 1.5014046603233164 0.71862102105116554 0.1533485969433809
v -1.280478484245841 -1.3958363118142014 -0.052488141455456015
v -1.280478484245841 -1.3958363118142012 -0.052488141455456036
v 1.4999999999999996 1.2014399626358827 0.10485600373641168
v -1.2877901352190564 -0.71954415282889306 -0.12121410499996918
v -1.2877901352190564 -0.71954415282889295 -0.12121410499996919
v 1.5536428740744823 1.0598213697750531 0.12706429413366704
v 1.5536428740744825 1.0598213697750534 0.12706429413366704
v 1.445976530790434 1.275628654213252 0.089333614197239855
v 1.4459765307904338 1.2756286542132522 0.089333614197239869
v 1.4904426837283729 1.2179582881415716 0.10177057374509875
v 1.5498760499648627 1.0745281700858491 0.12502859048614445
v 1.4956764994441905 1.2097121897407221 0.10338025594255632
v 1.4904426837283729 1.2179582881415714 0.10177057374509879
v 1.5498760499648627 1.0745281700858491 0.12502859048614443
v 0.21054464395754449 0.017422448529318915 -0.17942621688448626
v 1.4956764994441905 1.2097121897407219 0.10338025594255633
v 0.017921555230422194 0.22911509778041425 -0.17647481818170729
v 0.85746647491396089 1.3928924421428266 -0.010669272977188537
v 0.43376796821471975 0.015007800811087119 -0.12152575558457639
v 0.85746647491396111 1.3928924421428266 -0.010669272977188525
v -0.57103941212859211 -1.3803652351834099 0.052380611699052164
v 0.009325823054818003 -0.79999999999999982 0.081398873458222692
v 0.015516783976823205 0.46279290750165203 -0.11047479618926584
v 0.015013059346224959 -0.2015445378279106 -0.18583921299260281
v -0.5340579785862557 0.013778630532339155 -0.094770652203866212
v 0.011839286517077247 -0.65472071892081563 -0.032031483565565511
v 0.01009498987783476 -0.77485352844224153 0.05781332720864113
v 0.31044091457927986 0.012713131656065892 -0.15941781013972833
v -0.54353693030931582 0.012480320195035602 -0.090738032235673005
v 0.016931284436883895 0.32159719116000857 -0.15559525402518012
v -0.5462494592529209 0.012541094319052312 -0.089345896123223939
v -0.55363100038123036 0.012706477511376955 -0.085557508908232466
v 0.017162043461486611 0.32745585369449381 -0.15408123649208247
v -0.55985528586379618 0.0069804386855406454 -0.085594248100102716
v 0.0093258230548180013 -0.79999999999999982 0.081398873458222692
v 0.90000000000000024 0.090674176945182483 0.12593258230548179
v 1 -1.3680117784833934 -0.095455565846428003
v 1.595455565846428 -1 0.1319882215166065
v 1.2163118960624633 -1.5663118960624631 0.14999999999999997
v 1.5663118960624631 -0.64999999999999991 0.2836881039375368
v 1.3500000000000001 -1.2163118960624633 -0.066311896062463127
v 1.3500000000000001 -0.78368810393753674 -0.066311896062463127
v 1 -1.595455565846428 0.13198822151660644
v 1 -1.1912865702388702 -0.17335685044874227
v 1.6038679362913304 -0.81807566089457184 0.19627800481311364
v 1.4114496766047313 -0.5182663278350893 0.202272217076786
v 1.6038679362913304 -1.1819243391054282 0.19627800481311364
v 1.4114496766047313 -1.4817336721649106 0.202272217076786
v 1.491432511343314 -1.1124354249480162 0.014353665707685648
v 1.2977277829232139 -1.4114496766047311 0.018266327835089302
v 1.491432511343314 -0.88756457505198383 0.014353665707685648
v 1.3680117784833936 -1 -0.095455565846427892
v 0.94323959458968754 -1.4309494146115764 -0.0486901296939799
v 0.83292614877628479 -1.6237045669318575 0.22966883008868555
v 1.0567604054103124 -1.4309494146115764 -0.0486901296939799
v 1.1659604277454032 -1.53105661011428 0.075222395509730089
v 1.1670738512237153 -1.6237045669318575 0.22966883008868555
v 1.2108812153652624 -1.6413709226338509 0.31514207453865417
v 0.89049587447183842 -1.5881245197289973 0.13651905719027163
v 1 -1.282348744032155 -0.14053039486308883
v 1 -1.0965665694893436 -0.19330721736980327
v 1.53105661011428 -1.42477760449027 0.33403957225459679
v 1.6054505351042923 -1.091840265169109 0.16089085055753249
v 1.3177933498176828 -1.5305547940334434 0.17209910439313197
v 1.3612851340357426 -1.5484161888543193 0.25769288964770554
v 1.4531883257175569 -1.4916168927203617 0.29279678519556196
v 1.091840265169109 -1.3391091494424674 -0.10545053510429236
v 1.0921587599464453 -1.2507601554406054 -0.14701322042794218
v 1.42477760449027 -1.1659604277454032 -0.03105661011428007
v 1.5548544604814971 -1.1491160059543908 0.10012383860500396
v 1.2602236241221292 -1.4949747468305832 0.078949331494718
v 1.3279008956068681 -1.3177933498176828 -0.030554794033443522
v 1.3593628088613134 -1.4526044542584122 0.10502205176395996
v 1.0931497728984139 -1.0575697256955536 -0.19138183841659639
v 1.0929547337795318 -1.1540819192313048 -0.17647481818170729
v 1.1848579254613458 -1.2108812153652624 -0.14137092263385098
v 1.5305547940334434 -1.3279008956068681 0.18220665018231724
v 1.4210506685052819 -1.2602236241221292 0.0050252531694168212
v 1.5484161888543193 -1.2423071103522945 0.13871486596425725
v 1.4526044542584122 -1.39497794823604 0.1406371911386865
v 1.5486901296939799 -0.94323959458968754 0.069050585388423624
v 1.4978972144735514 -1 0.0079650786585587774
v 1.0931497728984139 -0.94243027430444637 -0.19138183841659639
v 1.1864832907941971 -1 -0.17470288442733573
v 1.4210506685052819 -0.73977637587787082 0.0050252531694168212
v 1.5484161888543193 -0.75769288964770554 0.13871486596425725
v 1.3634809428097285 -1.1095041255281617 -0.088124519728997153
v 1.2797249361912959 -0.94237349397762793 -0.13908774505260935
v 1.6405303948630889 -1 0.21765125596784496
v 1.6470132204279422 -1.0921587599464453 0.24923984455939474
v 1.6764748181817073 -1.0929547337795318 0.34591808076869535
v 0.90815973483089096 -1.3391091494424674 -0.10545053510429236
v 0.85088399404560922 -1.3998761613949959 -0.054854460481496892
v 0.90784124005355471 -1.2507601554406054 -0.14701322042794218
v 0.67209910439313192 -1.3177933498176828 -0.030554794033443522
v 0.64063719113868645 -1.4526044542584122 0.10502205176395996
v 0.90685022710158603 -1.0575697256955536 -0.19138183841659639
v 0.90704526622046833 -1.1540819192313048 -0.17647481818170729
v 0.81514207453865406 -1.2108812153652624 -0.14137092263385098
v 0.54739554574158789 -1.39497794823604 0.1406371911386865
v 0.60502205176395996 -1.3593628088613134 0.047395545741587886
v 0.0059146390913121395 0.57065993590278219 -0.066841704337524691
v 0.0031028895179952979 0.56893645139605575 -0.069222642082824304
v 0.8049560062242096 -1.6349841884531118 0.28424181977894264
v 0.80358306899117982 -1.6343974551055886 0.28397720585923586
v -0.046510562665378598 0.61917562457694708 -0.06889414685750149
v 0.01913793346626453 0.16053550038741488 -0.18690063357401854
v -0.23600220828563956 0.41000907159388161 -0.18777764953545009
v 1.2183476827153372 1.424011729940291 0.040350979413271482
v 1.2183476827153372 1.424011729940291 0.040350979413271482
v 0.12265495935259724 0.028066057267105687 -0.1913816034715288
v 1.5296147905743989 1.1345184451858885 0.11599037406757096
v 0.40808516029699199 -1.2925337364664882 0.1904661476911976
v 0.41430838678213922 -1.2999999999999994 0.19214625801732083
v 0.20719203694715044 0.016986866802460213 -0.180012515415643
v 0.25717273904753168 0.018086813243989943 -0.17049783421548573
v 0.2571727390475318 0.01808681324398994 -0.17049783421548567
v 0.23335783647443886 0.019310194416070368 -0.17528221727420329
v 0.22351580355696504 -1.0710982060514171 0.1406371911386865
v 0.22351580355696499 -1.0710982060514171 0.14063719113868647
v 0.23493045311713964 -1.0847928356719758 0.14371885153476854
v 0.4000000000000003 -1.2828336335324082 0.18828336335324083
v 0.40678542485895836 -1.2909743898273511 0.19011525271157884
v 0.17604887437264585 -1.0104460187603428 0.12745193303193114
v -0.099999999999999853 0.65126883296347116 -0.080126883296347082
v -0.59866529804604862 0.83085225868548063 -0.17877310726637355
v -0.59866529804604507 0.83085225868547674 -0.1787731072663736
v -0.6082381649183356 0.84142740963511142 -0.17861798361148021
v 0.017925404613411682 0.21925143135493236 -0.17800082352369026
v 0.28085767438170317 0.016870108541510768 -0.16573956140660751
v 0.28085767438170334 0.016870108541510751 -0.16573956140660748
v -0.144268407963899 0.38614671308168669 -0.17727317644805998
v -0.62084789271157836 0.85437895911595818 -0.17856507981833261
v 0.90000000000000036 -1.6620565498371682 0.30120565498371688
v 0.93328647899714012 -1.6667135210028599 0.30666432394985704
v 0.30892100628232644 0.01292670608591988 -0.15974260492683187
v 1.4478790122671534 -0.51610362215118599 0.26879221405519166
v 1.429396404742133 -0.5 0.26440946071131993
v 0.97799490389571209 -1.6729684885419027 0.31399608443854715
v 0.97799490389571164 -1.6729684885419023 0.31399608443854704
v 0.97799490389571153 -1.6729684885419025 0.31399608443854704
v -0.39634204805171119 0.64102985620816133 -0.17683834924722661
v -0.69999999999999996 0.28257850158055725 -0.13325785015805569
v -0.6813924681127248 0.24700434892894038 -0.12690930510980275
v 0.017437090933442076 0.23179956713107147 -0.17600890591661153
v -0.53567958655955561 0.78945877986247937 -0.1750468977254632
v 1.3014209032747113 -1.6127363014221869 0.35648676563342535
v 0.99773076751397316 -1.6753603206712659 0.31719564719422255
v 1.5680428803579505 -0.64563627498070775 0.29977005955176328
v -0.57043774300777206 0.8228834350545694 -0.17532930370890007
v -0.57106706265551588 0.82351854030738658 -0.17532807844609441
v 0.013818331092992494 -0.16453782968696018 -0.19138183841659637
v 0.01381833109299256 -0.16453782968696012 -0.19138183841659642
v 0.013818331092992566 -0.1645378296869601 -0.19138183841659642
v 0.71070412189278087 -1.5902731909483225 0.26563293737874943
v 1.6789114191676981 -1.091753105724117 0.36101202344756639
v 1.5296147905743989 1.1345184451858885 0.11599037406757093
v 0.016206175581120533 -0.15760468340526276 -0.19191481394611415
v 0.44091692349571004 -1.3319233676966082 0.19932987529401733
v 0.55912880562655154 -1.4689157227197873 0.23076089311596151
v 0.014673131893560159 -0.19101528484018859 -0.18741621641271594
v 1.1183731379128288 -1.6684910149092638 0.33460507217785074
v 1.1721699696123014 -0.27815307766961966 0.20364080320880718
v 0.99773076751397316 -1.6753603206712657 0.31719564719422255
v 0.99998018522697496 -1.6754217143543872 0.31753919921948504
v 0.017921555230422194 0.22911509778041425 -0.17647481818170729
v 0.95715297845357261 -0.099999999999999867 0.15357294676803587
v 0.95715297845357272 -0.099999999999999867 0.1535729467680359
v 0.01436632389766933 -0.42439577250987759 -0.13602379641523771
v 0.46047545032354398 -1.3550629073604543 0.20457760828457699
v 0.49914303218170036 -1.3999999999999999 0.21487145482725503
v 0.95198648177850342 -0.095723286194489846 0.15237030088622447
v 0.013340180320608817 -0.40907932114721723 -0.14137092263385095
v 0.013340180320608812 -0.40907932114721718 -0.14137092263385101
v 0.014657147035641718 -0.39786227543533809 -0.14448726371654178
v 1.5296147905743986 1.134518445185889 0.1159903740675709
v 1.5296147905743989 1.1345184451858887 0.11599037406757093
v 0.014330280375347887 -0.42307474075968182 -0.1365046114086558
v 0.23321658031414039 0.019317450802126084 -0.17531059545371494
v -0.54667436618740561 0.14070110855587781 -0.13754153595352492
v 0.96485326069945632 -0.10637412650359487 0.15536540175527791
v 0.96485326069945632 -0.10637412650359489 0.15536540175527791
v 0.45181552879928738 -1.3449988775689294 0.202272217076786
v 0.46047545032354381 -1.3550629073604539 0.20457760828457697
v 0.45181552879928721 -1.3449988775689292 0.20227221707678597
v -0.40960942540778261 0.01387028458117431 -0.14137092263385098
v -0.40960942540778289 0.013870284581174595 -0.14137092263385098
v -0.64884529251499867 0.18478018077452277 -0.11580481195470206
v -0.4820283322929127 0.06120822499524467 -0.13198616371769209
v 0.014330280375347891 -0.42307474075968182 -0.1365046114086558
v 1 -0.13546783441414575 0.16354678344141457
v 0.43213824510516619 0.015014238577880413 -0.12213315409178771
v 0.41083752197278822 0.015098381146179882 -0.13007194280827883
v 0.42873832573085735 -1.3173121976551454 0.19604196862514314
v -0.40960942540778267 0.013870284581174312 -0.14137092263385098
v -0.46324063175948793 0.048927301592474069 -0.13442085995488953
v 0.016889358758553692 -0.37884978206805464 -0.14976935096899055
v 0.016889358758553717 -0.37884978206805464 -0.14976935096899055
v -0.41591403708870189 0.70924689456445822 -0.1666703091186319
v 0.012748414395830698 0.26185974474474205 -0.17063578483424419
v -0.82581515310397269 0.67509565451000508 -0.19138183841659639
v -0.82581515310397269 0.67509565451000519 -0.19138183841659639
v 0.72805470950799889 -1.6000000000000001 0.26920820642619986
v 0.72805470950799944 -1.6000000000000003 0.26920820642620003
v 0.015331204668731205 -0.39212110126859645 -0.14608228769863654
v -0.47272688175261068 0.77045466467582469 -0.16573956140660751
v -0.48272827022112275 0.78045605314433686 -0.16573956140660751
v 0.016855237634847444 -0.33592367409790991 -0.16043361841783985
v 0.016848743289282948 -0.32775345727576388 -0.16246337097232369
v 0.72805470950799878 -1.5999999999999999 0.26920820642619986
v 0.80519513539037835 0.0096182971866944997 0.10786822122130711
v 0.81655989260886974 0.0054923250804154609 0.11510700633351947
v 0.75414788001205557 -1.6126349848971482 0.27438568049152312
v 0.016856961293736646 -0.33809212459264265 -0.15989490346978297
v -0.46105572731389277 0.047499098918549705 -0.13470400150395048
v -0.62787943043086525 0.14469733782834146 -0.10865164834746394
v -0.80671341050109069 0.56880342889067936 -0.17788735446423157
v -0.80772358987272941 0.57442460261909112 -0.17860099874281854
v -0.8077235898727293 0.57442460261909123 -0.17860099874281854
v 1.4000000000000004 -1.5571734764720262 0.36571734764720271
v 1.4031750666191933 -1.5550575719081521 0.36598201718369427
v 0.31171595746739045 0.012840334784804121 -0.15906916864157861
v 0.3222497023817622 0.013891221247473676 -0.15618887289441724
v 0.31044091457927986 0.01271313165606589 -0.15941781013972833
v 0.31044091457927991 0.012713131656065893 -0.15941781013972833
v -0.82581515310397258 0.67509565451000497 -0.19138183841659639
v 0.64210635397368498 -1.5470233578298911 0.25101828887904187
v 0.65408223565573331 -1.5550017263536402 0.25361250798372403
v 0.64210635397368487 -1.5470233578298909 0.25101828887904187
v -0.52378745310814412 0.076607972451754491 -0.12212305240425575
v -0.42555265345866244 0.014260709159314298 -0.13555139764742427
v -0.41087840740161363 0.013901359954243525 -0.14090772456650488
v 0.010701338404517797 0.067493894821531883 -0.19552878584867453
v 0.0082771034545564403 0.052204119603669295 -0.19654167537750467
v 0.010701338404517953 0.067493894821532882 -0.19552878584867445
v -0.82247690100201154 0.69124749340078007 -0.19249628449037973
v 0.58974156282789536 -1.4999999999999998 0.23846123442418432
v 0.58974156282789569 -1.5 0.2384612344241844
v -0.25409525598207167 0.017226388766688583 -0.17804848789313613
v -0.35872884614844763 0.1147967259407377 -0.17695530718282315
v 0.013991169460416696 0.088243029450686974 -0.1941542344966308
v -0.26102356046014441 0.016204580414372293 -0.17681804775451526
v 0.63612454843518007 -1.5420227032820015 0.24962095259347719
v 0.013507163571364646 0.085190379274248496 -0.19435646097510012
v 0.010701338404517374 0.067493894821532341 -0.19552878584867453
v -0.80000000000000004 0.7999999999999996 -0.1999999999999999
v -0.82247690100201154 0.69124749340078007 -0.19249628449037973
v -2.1458418115544296e-16 -2.063660557311884e-16 -0.19999999999999993
v -2.0825971585534631e-16 -2.0825971585534631e-16 -0.19999999999999996
v 0.61670572665779166 -1.5247088340829118 0.24497674240695996
v -0.86824598239016348 -0.29999999999999993 -0.10023689735852452
v -0.8682459823901636 -0.29999999999999999 -0.10023689735852453
v -0.020348295941502868 0.0060926504914807639 -0.19918486023964965
v -0.79999999999999982 0.79999999999999982 -0.19999999999999996
v -0.018156459893846559 0.0054363748499533871 -0.19927266379409719
v -0.86824598239016326 -0.29999999999999971 -0.10023689735852452
v 0.10958346487612022 0.0250766078634308 -0.19230011858765045
v 0.65408223565573365 -1.5550017263536402 0.25361250798372414
v 0.43603721003528084 0.014998836803917615 -0.12068000817740615
v 0.011351990125421048 -0.79999999999999971 0.081702798518813166
v 0.011327473350935995 -0.79996867301037999 0.081695988303678399
v 0.72140577532935946 -1.5967804149014324 0.26788890778954721
v -0.78204935879571569 0.48432157587250163 -0.16573956140660751
v -0.78204935879571547 0.48432157587250146 -0.16573956140660745
v -0.78204935879571558 0.48432157587250169 -0.16573956140660751
v 0.017924274864860722 0.22214630122938653 -0.17755295893640549
v 0.017924274864860725 0.22214630122938656 -0.17755295893640552
v 0.011351990125421048 -0.79999999999999982 0.081702798518813152
v -0.76304457244733959 0.43335034821094265 -0.15779172068819519
v -0.44150349729644467 0.58221672332415864 -0.19195399845314129
v -0.50771354545660685 0.64252306831377404 -0.19229157300944533
v -0.78520690488195488 0.4945412256119236 -0.16723515829348559
v 0.57365652968096426 -1.4852603471128218 0.23457451416342687
v 0.57365652968096414 -1.4852603471128216 0.23457451416342684
v -0.13320622599159662 0.017513272602370962 -0.19338466107125546
v -0.13320622599159643 0.017513272602371129 -0.19338466107125549
v 0.024064945774373011 0.12649871453105824 -0.19139074927129018
v -0.032518739184161087 0.53531737889330144 -0.10131155778215437
v -0.0042108895674449242 0.48878735234027598 -0.10812990498070353
v -0.70523955422879858 0.85595905282276608 -0.19138183841659639
v -0.71478422617353654 0.85032262090030375 -0.19224989601606085
v -0.15857706627557355 0.011826063314227683 -0.19160875754069129
v 0.52212345757516176 -1.4267064412920951 0.22098916276548378
v 0.5 -1.4009959154513798 0.21509959154513797
v -0.056120421578966073 0.5778969657260874 -0.09421043358545074
v 0.017924274864860829 0.22214630122938664 -0.17755295893640546
v -0.039190006254768178 0.56734754920912811 -0.091822800895166215
v 0.0099330707036855495 -0.76427382780103903 0.047395545741587879
v 0.0099330707036855495 -0.76427382780103903 0.047395545741587886
v 0.0099565119975675263 -0.76580546772705016 0.048903744373717035
v -0.69999999999999996 0.85586095087152403 -0.19058609508715238
v -0.70523955422879847 0.85595905282276608 -0.19138183841659639
v 0.017584029896855785 0.51155564956940869 -0.091455306508631484
v 0.010560716895987983 -0.75994228790659957 0.043837490958997881
v 0.017921639035425947 0.22890035567653172 -0.17650804087837382
v -0.57195734512547391 0.6962065491274797 -0.1928954134887135
v 0.01490343751278432 0.09399675124211801 -0.19377307228389049
v 0.017921555230422197 0.22911509778041428 -0.17647481818170729
v 0.017921555230422281 0.22911509778041433 -0.17647481818170727
v 0.85699234079824327 -0.019543889384309916 0.13050324005816749
v 0.85699234079824316 -0.019543889384309829 0.13050324005816749
v 0.83170024865384207 0 0.12475503729807633
v -0.71478422617353654 0.85032262090030364 -0.19224989601606085
v -0.011394067706644955 0.49303328981441702 -0.10922895734585553
v 0.015516783976823158 0.46279290750165208 -0.11047479618926584
v 0.015516783976823207 0.46279290750165203 -0.11047479618926584
v 0.86193527116062507 -0.023363426482514087 0.13162663332234517
v -0.71478422617353654 0.85032262090030364 -0.19224989601606088
v 0.024116897326048933 0.12660260126791864 -0.19138183841659639
v 0.02163551583337419 0.14351384429741995 -0.18914852661229287
v 0.024526884071388033 0.0056126264547789809 -0.19827661865795509
v 1.3195589983694738 -1.6045762052370787 0.35839147027912899
v 1.3247157425406229 -1.6016254013584788 0.35886990151694131
v 1.3195589983694738 -1.6045762052370787 0.35839147027912899
v -0.21598494961974951 0.70954934836428862 -0.1047668124002927
v 0.015713962683701812 0.39530648588935008 -0.13565298551649616
v 0.38472599542645469 0.018286199001645909 -0.13864950220082797
v 0.024116897326048933 0.12660260126791864 -0.19138183841659639
v 1.2250580743459283 -1.6433767447545651 0.34809638562734568
v 1.2321721698534831 -1.6406382366513257 0.34888964914315501
v 0.010701338404517332 0.067493894821532383 -0.19552878584867453
v 0.021635515833374187 0.14351384429741995 -0.18914852661229284
v 1.2250580743459283 -1.6433767447545651 0.34809638562734568
v 1.2120596704056201 -1.6470536980649639 0.34651432036733937
v -0.57195734512547391 0.6962065491274797 -0.1928954134887135
v 1.1222043126255685 -1.667995777655183 0.33513022465935366
v 1.1338741513404273 -1.6654331746615885 0.33662444016722298
v 1.1222043126255683 -1.6679957776551833 0.3351302246593536
v 0.021635515833374169 0.14351384429741995 -0.18914852661229284
v 0.02160883210105374 0.14369570068811935 -0.18912451051700471
v 0.32992471384484229 0.014656909586516257 -0.15409025525593964
v 1.1222043126255683 -1.6679957776551833 0.33513022465935366
v 0.13747006410589652 -0.96103905718553873 0.11662378172387659
v 0.010091305603476331 -0.77461280019003131 0.057576283230789414
v 0.01009437312356427 -0.77481323009224545 0.057773645612915585
v 0.010101584831467537 -0.77528443871302399 0.058237642525790848
v 0.13637726986817444 -0.95945056327616307 0.11612808205222294
v 0.010110078717956741 -0.77583942410501594 0.05878413403129349
v 1.0970567647322014 -1.670740049099863 0.33163251961981649
v 1.0027412504347897 -1.6754970725066167 0.31796089481588019
v -0.69999999999999984 -0.1317540176098364 -0.091824598239016356
v -0.66824598239016331 -0.099999999999999853 -0.090236897358524512
v 0.01128964011296751 -0.79917933795433105 0.080944486485597822
v 0.010284368168807611 -0.78722739112381312 0.069997811599240026
v 0.010429619871701361 -0.79671804930136103 0.079343218073894092
v 0.023080394314286511 -0.099679842312792824 -0.1956200330666634
v 0.026934108649837148 -0.11632330308107172 -0.19488871361300095
v 1.0027412504347897 -1.6754970725066169 0.31796089481588019
v 1.000018705521158 -1.6754227656943501 0.31754508239760876
v -0.47167227063297829 0.76940005355619234 -0.16573956140660751
v 1.3855047461770587 -1.5668332970040033 0.36450904162695924
v -0.25152102190058495 0.5563297267527253 -0.16397902637928777
v 1.5420211677568789 -0.61268560095086722 0.29257173525861857
v 1.5068882740172291 -0.57202347945356136 0.28323558904794044
v 0.016931284436883891 0.32159719116000857 -0.15559525402518012
v -0.10579096195272077 0.44210113046070248 -0.15614679341095203
v 1.6106526316091627 -0.71748638425183298 0.31334653316655769
v 0.015494864874745754 0.3232273734560917 -0.15554707864865097
v -0.49509813406217101 0.82779772918927785 -0.15704449302825346
v 0.013426836780052553 0.5444834468943327 -0.076640209752693658
v 0.013426836780052583 0.54448344689433281 -0.076640209752693644
v 1.6761015320291477 -0.91364380599925488 0.34277961040429761
v -0.42865091654232396 0.32244534679074283 -0.19392715096775667
v -0.5041066671939789 0.38418583231240483 -0.19314291022815652
v 1.6741554651746176 -0.90226912908495605 0.34135023268468817
v -0.13034689800306642 0.017743319237781035 -0.19356131193560389
v 0.013727088420614248 0.55637826867869145 -0.070237957936880924
v -0.63729734837512297 0.16270265162487693 -0.11186486741875615
v 0.13604134222370162 -0.95878693824142069 0.11580038466195341
v -0.40718803420476052 0.8029271750313689 -0.14137092263385095
v -0.40718803420476068 0.80292717503136901 -0.14137092263385098
v -0.40718803420476074 0.80292717503136901 -0.14137092263385098
v 0.014389888441201572 0.58263587083136514 -0.05610510381695627
v 0.014389888441201572 0.58263587083136503 -0.05610510381695627
v -0.32122184602510256 0.64318595459439498 -0.15971366525046693
v -0.1631122338278542 0.49282131179443911 -0.15778802759391389
v 0.0022531025244880883 0.33555636511242293 -0.1557740215234204
v 0.011299364388562961 -0.79914515726177748 0.080900581517448916
v 0.11806214826133427 -0.93635186872922227 0.11134450911212238
v -0.29999999999999982 0.75225163014608609 -0.12022516301460857
v 0.014385402732948985 0.58245816422453023 -0.056200752366124658
v -0.55342507936639296 0.01270186385764144 -0.085663192603052815
v -0.55816823578927266 0.018936518805200402 -0.08644620954810836
v 0.8773086216376984 -1.6570860306372552 0.29730489630938028
v 1.6521379565173446 -1.2119388620966876 0.36901457968727036
v 1.6547856301186636 -1.2036875456708596 0.36858659908488539
v 0.87138748260689924 -1.6554604738768106 0.29625416977871594
v 0.014384883468427078 0.5824375929499308 -0.056211824619458568
v 0.016932732327401331 0.32163395116080651 -0.15558575436798069
v 0.016931284436883895 0.32159719116000857 -0.15559525402518012
v 0.016931284436883895 0.32159719116000857 -0.15559525402518012
v 0.014161499683660759 0.57358798165607983 -0.060975026708774117
v 0.014145207187974651 0.57294253528234584 -0.061322430839173311
v 0.017162043461486611 0.32745585369449381 -0.15408123649208247
v -0.12095659386017441 0.48221357484243155 -0.14994424837207487
v 0.01475592605539454 -0.62460828414047831 -0.049371309548007371
v 0.014108126574036111 0.57147354316084165 -0.062113099051595108
v 0.014108864932657002 0.5715027941057893 -0.062097355064942676
v 1.0779582721913219 -0.19999999999999998 0.1816937408286983
v 1.0779582721913217 -0.19999999999999996 0.1816937408286983
v 0.014257549485376853 0.57739310748886141 -0.058926961238440156
v 0.014228120876521366 0.57622725854614609 -0.059554466101125671
v 0.017241552316820567 0.32947447702984017 -0.15355957628304243
v 1.6521379565173446 -1.2119388620966873 0.36901457968727036
v 1.6521379565173444 -1.2119388620966876 0.36901457968727042
v 1.0779582721913215 -0.19999999999999979 0.18169374082869824
v -0.19959785809994304 0.59533699892655145 -0.14137092263385098
v -0.19837865641624319 0.59411779724285152 -0.14137092263385098
v 0.018081396214643383 0.35079698863024822 -0.14804933290877834
v 1.6416548577343413 -1.2400987180310856 0.37025810046325969
v 0.014279103478407209 0.57824699426649295 -0.058467366444024754
v 0.01350110133868326 -0.64174811294261036 -0.039714360402329674
v 1.6203835622356877 -1.2915644966771229 0.37221398400306543
v 1.6162480456366153 -1.2999999999999998 0.37243720684549231
v -0.29751982248715897 0.14680032389319148 -0.19138183841659637
v -0.16170311936228313 0.011125317183986523 -0.1913899406370618
v -0.55298968706037266 0.012692108906983888 -0.085886646569773503
v 0.011351990125421048 -0.79999999999999982 0.081702798518813152
v 1.6762213345222952 -0.91460227389216298 0.34289342756756058
v 1.6792109092030858 -0.95491251443482994 0.34737288782394582
v 1.6762213345222954 -0.91460227389216298 0.34289342756756053
v -0.54912293612560337 0.012605474476259966 -0.087871157602118236
v 0.014389888441201539 0.58263587083136514 -0.056105103816956277
v 0.0068025119348990607 0.58718823233407569 -0.057698446443172707
v 1.6822465527390351 -1.0100515990587104 0.35334214281672632
v 1.6803627247810839 -1.0714842755955123 0.35920283627671379
v -0.28420180718681542 0.015689146693519371 -0.17192667622419544
v -0.28420180718681537 0.015689146693519437 -0.1719266762241955
v 1.5877474835250831 -1.3558450083410669 0.37374662336286912
v 0.0057427173826770832 0.58782410006995389 -0.057921002399593816
v 0.35805764645275145 -1.2325136483049939 0.17696001179841211
v 0.0037689196089679281 -0.016277248438471552 -0.19928477204345393
v 0.014643063419527034 -0.063240611609967037 -0.19722118553492041
v -0.28420180718681531 0.015689146693519375 -0.1719266762241955
v -0.26295620140028614 0.015919548389449711 -0.17647481818170729
v -0.26295620140028614 0.015919548389449711 -0.17647481818170732
v 1.6803627247810839 -1.0714842755955123 0.35920283627671373
v 0.83170024865384218 1.9844486568834567e-17 0.12475503729807633
v 0.49972672212143382 -1.4006783286576023 0.21502684118397525
v -0.26295620140028614 0.015919548389449718 -0.17647481818170729
v -1.3384190080047154 -1.3243117078164428 -0.06833168041906304
v -0.25964963440801725 0.016407211392842066 -0.17706205171932143
v 0.49930045599231831 -1.4001829482998795 0.21491336322883567
v -1.3827901869341177 -0.87271140641133615 -0.12014738739898406
v 1.5712675950749908 -0.65051972641169353 0.30074211190241795
v -1.3827901869341175 -0.87271140641133593 -0.12014738739898408
v 1.6733723173408186 -0.89892281356889681 0.34089812895801247
v 1.6733723173408188 -0.89892281356889692 0.34089812895801253
v -0.31310350014153138 0.015375717218317417 -0.16573956140660748
v -0.3157780289988012 0.015539949991756119 -0.16511542457401876
v -0.62482380374105018 0.40033386901416207 -0.1799643771052867
v -0.62482380374104896 0.40033386901416101 -0.17996437710528676
v -1.397322817302165 -0.91572874827794948 -0.11802554776752985
v -0.71244919655600036 0.55897384639421477 -0.19095531486184092
v -0.52790017470477735 0.3244459481554241 -0.18322007677121052
v 0.017162043461486656 0.32745585369449381 -0.15408123649208244
v -0.56572049399810598 0.34452659350777548 -0.18047450481157876
v -1.397322817302165 -0.91572874827794903 -0.1180255477675299
v 1.6514401495236775 -0.81549413958808081 0.32926543638735967
v 1.6514401495236777 -0.81549413958808092 0.32926543638735967
v 1.4224327503246741 -0.49393267105962246 0.26275817965466336
v 0.016931284436883895 0.32159719116000857 -0.15559525402518012
v 1.1314933584484514 1.4410831838036713 0.025615685386900584
v 1.1314933584484514 1.4410831838036713 0.025615685386900587
v -0.45041338489858812 0.34597481057564883 -0.19402818800850613
v 1.6456705904296289 -0.79999999999999982 0.32685058856444427
v 1.6456705904296289 -0.79999999999999971 0.32685058856444427
v 1.6177416247999865 -0.72999469328379463 0.31566071304837745
v 0.016931284436883985 0.32159719116000862 -0.1555952540251801
v 0.016931284436883982 0.32159719116000846 -0.15559525402518015
v 0.015385139543951896 0.28234264337926218 -0.16573956140660748
v 1.6177416247999865 -0.72999469328379463 0.31566071304837745
v 1.6289730584934825 -0.7551588108592282 0.31986183985994515
v 0.80522054708120716 0.0096185436548922691 0.10789387938033372
v 0.80522054708120727 0.0096185436548922709 0.10789387938033373
v 0.015385139543951896 0.28234264337926218 -0.16573956140660748
v 0.80522054708120727 0.0096185436548922691 0.10789387938033372
v 1.6289730584934825 -0.7551588108592282 0.31986183985994515
v 0.80522054708120716 0.0096185436548922691 0.10789387938033372
v 0.80523358851198135 0.0096186701438362634 0.10790704730005191
v -0.29999999999999977 0.75225163014608598 -0.12022516301460856
v -0.5175791491891113 0.48566758482723837 -0.19817529237679657
v 0.015385139543951891 0.28234264337926207 -0.16573956140660753
v 0.01320293909277798 0.26539063354484721 -0.1697917626686353
v 0.81085687049233335 0.0096732104018709825 0.11358486953843858
v -0.45041338489858812 0.34597481057564894 -0.19402818800850613
v -0.21914630528059492 0.71402623431442913 -0.10427456922353213
v 0.017362717935109743 0.33255070977766105 -0.15276460468522887
v -0.086101969913990661 0.26825553228037541 -0.18651678371728367
v 0.81745030781633532 0.0097371602045385006 0.12024225666510811
v -0.59652514805137735 0.82799780514385046 -0.17888366013198545
v 0.013235201682962605 0.40897434250957088 -0.13146626627663552
v 0.013235201682962602 0.40897434250957088 -0.13146626627663552
v 0.8182342057999582 0.0097447632375090992 0.12103375768170155
v 0.015365188085589608 0.39722962458579997 -0.13506389228812296
v 1.5986999935897683 -1.3357939927950935 0.37338439831797454
v 1.5986999935897686 -1.3357939927950935 0.37338439831797465
v -0.21914630528059487 0.71402623431442913 -0.10427456922353213
v -0.19999999999999996 0.7049743894902144 -0.10049743894902143
v 1.5986999935897683 -1.3357939927950935 0.3733843983179746
v 1.5313333756694743 -0.59999999999999987 0.28970000635042109
v 0.8182342057999582 0.0097447632375090992 0.12103375768170155
v -0.34975800038907229 0.017626532429490548 -0.15718574691982851
v -0.37527534864938344 0.019193456960591333 -0.15123093477563956
v -0.3752753486493835 0.019193456960591337 -0.15123093477563954
v 0.81823420579995831 0.009744763237509101 0.12103375768170156
v -0.37572245359542206 0.019220911996309663 -0.15112659689792446
v 1.569693198983855 -0.64791023986832053 0.30024500383441027
v 1.569693198983855 -0.64791023986832053 0.30024500383441027
v 1.1291115916081615 -0.24234360749776929 0.19360109949100116
v 0.81907877780311056 0.0097529547482926235 0.12188652119563732
v 0.017661991100821617 0.51339461901345862 -0.090738032235672991
v 0.017661991100821613 0.51339461901345862 -0.090738032235672991
v 1.5313333756694745 -0.59999999999999987 0.28970000635042115
v 0.80522054708120727 0.0096185436548922691 0.10789387938033372
v 0.62714406481307605 0.015079432263422366 -0.032376890886763064
v 0.59622503302220231 0.014351658626113064 -0.048991044033494156
v 1.5313333756694743 -0.59999999999999964 0.28970000635042109
v 0.017661991100821617 0.51339461901345862 -0.090738032235673005
v 0.014792450895811344 -0.62612325766674903 -0.048595143595266829
v 0.010371105241586163 -0.79289473885649253 0.075578422259140687
v 0.010371105241586158 -0.79289473885649231 0.075578422259140493
v 0.014674587423563501 -0.39771372982190806 -0.14452853294283147
v 0.010371105241586161 -0.79289473885649242 0.075578422259140687
v 1.5121069812864767 -0.5771797238501547 0.28453401957798696
v 1.5121069812864767 -0.5771797238501547 0.28453401957798691
v 0.010319937928729277 -0.78955149766541455 0.072286348380919768
v 0.010319937928729279 -0.78955149766541477 0.07228634838091981
v 0.013235201682962544 0.40897434250957088 -0.13146626627663552
v 0.010347610740057989 -0.79135962237514579 0.074066800279322262
v 0.016842426932467711 -0.31980715934712145 -0.16443749465477395
v 0.81634590096698201 -0.0070752250872513642 0.10232546452396493
v 0.015516783976823227 0.46279290750165192 -0.11047479618926583
v 0.80240519026158352 -0.0027429197660329241 0.092717059139784896
v 0.39209089473136421 0.017387057487792283 -0.13623015451941578
v 0.010104907542079485 -0.77550154260931436 0.058451423711469282
v 0.015516783976823205 0.46279290750165203 -0.11047479618926584
v 0.822770316438178 -0.00027998917952455865 0.11554511590288769
v 0.010093493899659044 -0.77475578213549523 0.057717076880070606
v 0.016875475697681271 -0.36138418582637249 -0.15410838374607011
v 0.016877048283294907 -0.36336257846151709 -0.15361688546733754
v 0.0050818157788181887 -0.021947397804279276 -0.19903562370861419
v -0.40960942540778261 0.0138702845811743 -0.14137092263385098
v 0.01686134379140436 -0.3436055294173046 -0.15852519104104695
v 0.016865897939631634 -0.34933487937065344 -0.1571018306876448
v -0.15449853510984887 0.58098185321791185 -0.12986711187779315
v -0.41420253525568512 0.013982762616926818 -0.13969436645338559
v -0.41134959580336938 0.013912898617078482 -0.14073573350744326
v 1.3405515520119831 -0.42259079588703546 0.24334181239050098
v 0.060434652881307477 0.013829605528355375 -0.19575355952735546
v 0.034053640157489518 0.0077926882629340164 -0.19760722120652127
v 0.060434652881307879 0.013829605528355469 -0.19575355952735543
v 0.092967040288626568 0.021274176867624593 -0.19346767154799521
v 1.2631558409936934 -0.35608044999750899 0.22508142114880489
v 0.16181020909729765 0.011090710503330119 -0.18794881660665216
v 0.12278782403980061 0.028008455179195632 -0.1913699550679045
v 1.1935073175300732 -0.29642804091867164 0.20866890172137811
v -0.40875780617836172 0.01400897763957301 -0.14161714473433329
v 0.16181020909729765 0.011090710503330112 -0.18794881660665216
v -0.63729734837512308 0.16270265162487704 -0.11186486741875618
v 0.014643063419527024 -0.063240611609967051 -0.19722118553492041
v 0.015190884192083396 -0.065606545548551831 -0.19711722557494232
v 0.8953880013097455 -1.6614113045134267 0.30044933064780449
v 0.89538800130974561 -1.6614113045134267 0.30044933064780449
v -0.62111593190805547 0.85438397770476082 -0.17860578755668444
v -0.62111593190805559 0.85438397770476093 -0.17860578755668444
v 0.023934005590741679 -0.10336642739772844 -0.19545804323607877
v 0.092967040288626568 0.021274176867624287 -0.19346767154799521
v -0.62111593190805536 0.85438397770476082 -0.17860578755668444
v -0.37583395476561265 0.019227758864449569 -0.15110057661887472
v 0.85086515698258514 -1.6491348430174151 0.29254325784912927
v 0.80495600622420949 -1.6349841884531116 0.28424181977894258
v 0.49999999999999994 -1.4009959154513798 0.21509959154513794
v 0.51298148613760364 0.017335914836150386 -0.091014628417900048
v 0.4523394604436185 0.014934439308588737 -0.11460415240524228
v 0.51298148613760364 0.017335914836150382 -0.091014628417900034
v 0.51298148613760364 0.017335914836150403 -0.09101462841790002
v -0.19999999999999993 0.7049743894902144 -0.10049743894902143
v -0.53290168535703919 0.2709931189805615 -0.17332527685183033
v -0.53290168535703941 0.27099311898056172 -0.1733252768518303
v -0.31952910934693929 0.071678372868703308 -0.17630241336307328
v -0.15052948489697993 0.68158609501126011 -0.090738032235673005
v -0.36968375939181658 0.071955976468602634 -0.16573956140660751
v -0.50451747440429628 0.22307605857176716 -0.16918865265697525
v -0.37677538493143237 0.079047602008218407 -0.16573956140660751
v 0.51369253705997375 0.017364073054306556 -0.090738032235673005
v 0.51369253705997364 0.01736407305430655 -0.090738032235672991
v 0.54418330815115412 0.013126698036873816 -0.076955347472091942
v -0.1505294848969799 0.68158609501126011 -0.090738032235673005
v 0.54418330815115401 0.0131266980368738 -0.076955347472091942
v 0.43914161346179886 0.014986573723658759 -0.11952299567878273
v 0.55769019797916319 0.013444623850507082 -0.069697502606302628
v 0.55945703199069063 0.013486211673301421 -0.068748105126753001
v 1.3255156696458295 -0.40949025430996427 0.23977637587787087
v 1.3255156696458295 -0.40949025430996433 0.23977637587787087
v 0.014167008296224304 0.57380621181995295 -0.060857566818390649
v 0.55945703199069063 0.01348621167330142 -0.068748105126752987
v 0.5726881465670759 0.013797646275977266 -0.061638446410373096
v 0.014106558702417477 0.57141143008312645 -0.062146530705452327
v 0.58550389634658273 0.014099304002356374 -0.054751981434139306
v 0.58550389634658273 0.01409930400235637 -0.054751981434139306
v 0.013882834084022555 0.56254831626432078 -0.066917000374432128
v 0.014904945565517436 -0.63078929985903343 -0.046204591535511021
v 0.01325751210321453 -0.64364964079708842 -0.038588202378862783
v 0.16181020909729782 0.011090710503330142 -0.18794881660665214
v 0.18105019978014175 0.013590433357931288 -0.18458415792704905
v 0.18105019978014184 0.0135904333579313 -0.18458415792704902
v 0.18105019978014184 0.013590433357931298 -0.18458415792704902
v 1.1851548391294524 -0.28927432920163548 0.20670065878958144
v 1.1851548391294524 -0.28927432920163548 0.20670065878958144
v -1.3384190080047154 -1.3243117078164426 -0.068331680419063054
v 0.016857717815891321 -0.33904386791660285 -0.15965845889492358
v -0.66996773664672482 0.40963181551044858 -0.17365832822588495
v -0.59869242236280973 0.31868046867452859 -0.16949138102770428
v -0.67682488463132273 0.3059716460554468 -0.14755832351732781
v -0.53547553949064919 0.2108693331282144 -0.15905675845822717
v -0.70344116570194737 0.33564200700551505 -0.14831766173034044
v -0.67682488463132262 0.3059716460554468 -0.14755832351732781
v 0.0042360915889829466 0.58714678254396713 -0.059067543678753907
v 0.0059797126559437714 0.58380355964821207 -0.059907313424793114
v 0.011875976507518411 0.57460563528162567 -0.061640641408225845
v 0.0073508675773707169 0.57258530024253551 -0.06507691268575018
f 70 71 45
f 45 71 46
f 72 73 47
f 47 73 48
f 89 90 64
f 64 90 65
f 91 92 66
f 66 92 67
f 158 159 135
f 135 159 136
f 159 160 136
f 136 160 137
f 160 161 137
f 138 162 139
f 143 167 144
f 170 171 147
f 148 172 149
f 158 180 159
f 180 181 159
f 159 181 160
f 187 188 166
f 195 196 181
f 181 196 182
f 197 198 183
f 183 198 184
f 199 200 187
f 187 200 188
f 189 202 190
f 204 205 193
f 193 205 194
f 195 211 196
f 211 212 196
f 213 214 197
f 197 214 198
f 217 218 199
f 199 218 200
f 219 220 201
f 221 222 203
f 223 224 204
f 204 224 205
f 211 225 212
f 226 227 213
f 213 227 214
f 251 252 234
f 234 252 235
f 253 254 236
f 255 256 239
f 239 256 240
f 257 258 241
f 241 258 242
f 259 260 243
f 243 260 244
f 274 275 261
f 261 275 262
f 281 282 268
f 268 282 269
f 283 284 270
f 270 284 271
f 274 287 275
f 287 288 275
f 275 288 276
f 291 292 287
f 287 292 288
f 293 294 289
f 305 306 291
f 291 306 292
f 307 308 293
f 293 308 294
f 313 314 298
f 298 314 299
f 315 316 300
f 300 316 301
f 343 344 328
f 328 344 329
f 363 364 350
f 350 364 351
f 365 366 352
f 352 366 353
f 370 371 360
f 360 371 361
f 370 372 371
f 387 388 379
f 379 388 380
f 413 414 398
f 398 414 399
f 416 417 400
f 400 417 401
f 420 421 404
f 404 421 405
f 416 426 417
f 417 427 418
f 428 429 427
f 456 457 431
f 431 457 432
f 458 459 433
f 433 459 434
f 460 461 435
f 462 463 436
f 436 463 437
f 463 464 437
f 437 464 438
f 465 466 439
f 439 466 440
f 405 572 571
f 579 582 211
f 496 795 492
f 500 795 496
f 498 805 804
f 491 801 793
f 499 500 489
f 495 806 498
f 497 806 490
f 514 800 515
f 493 811 795
f 493 499 486
f 804 807 501
f 496 501 500
f 538 838 540
f 523 832 830
f 523 838 538
f 492 503 485
f 503 801 485
f 530 825 822
f 822 825 517
f 794 806 495
f 490 806 794
f 504 797 503
f 512 798 507
f 495 498 488
f 488 501 496
f 498 804 488
f 488 804 501
f 537 830 526
f 540 838 524
f 794 802 491
f 491 802 801
f 801 802 485
f 798 812 811
f 514 515 511
f 510 512 507
f 486 510 507
f 508 815 513
f 513 815 800
f 496 803 488
f 831 838 523
f 836 838 831
f 520 831 823
f 808 810 506
f 797 808 506
f 515 799 511
f 510 813 799
f 510 799 512
f 534 837 522
f 817 843 526
f 526 830 817
f 525 841 817
f 830 832 532
f 817 830 532
f 825 826 528
f 521 826 825
f 797 809 503
f 505 809 506
f 799 814 511
f 813 814 799
f 539 833 534
f 829 835 519
f 829 837 835
f 819 844 841
f 840 844 819
f 536 828 818
f 522 829 533
f 819 841 839
f 818 828 827
f 532 827 525
f 505 560 559
f 502 796 542
f 542 796 543
f 375 598 383
f 374 598 375
f 383 598 551
f 545 796 497
f 543 796 545
f 211 582 225
f 511 557 514
f 568 569 536
f 570 828 536
f 563 828 570
f 521 574 573
f 506 560 505
f 506 575 560
f 250 592 249
f 522 580 539
f 519 826 586
f 519 586 585
f 586 826 584
f 535 833 581
f 596 840 819
f 251 599 252
f 497 593 545
f 585 587 519
f 587 821 519
f 491 793 555
f 588 821 587
f 589 821 588
f 404 566 403
f 819 839 597
f 547 839 516
f 598 839 551
f 551 839 547
f 405 571 404
f 404 571 566
f 407 569 406
f 490 591 497
f 590 591 490
f 541 590 490
f 572 577 530
f 571 572 530
f 566 571 530
f 421 572 405
f 421 577 572
f 573 574 421
f 561 565 502
f 553 561 502
f 509 578 576
f 509 579 578
f 509 582 579
f 311 546 297
f 312 546 311
f 449 586 584
f 585 586 449
f 449 587 585
f 449 588 587
f 327 553 312
f 327 561 553
f 422 580 451
f 449 589 588
f 342 561 327
f 342 565 561
f 134 552 135
f 357 583 358
f 358 583 368
f 383 551 547
f 368 596 374
f 177 564 178
f 210 564 177
f 181 576 195
f 576 578 195
f 180 576 181
f 406 569 568
f 559 560 178
f 560 575 178
f 178 575 179
f 406 581 422
f 195 578 211
f 578 579 211
f 232 549 210
f 232 590 541
f 232 591 590
f 266 545 250
f 543 545 266
f 545 593 250
f 542 543 266
f 687 688 382
f 530 721 717
f 502 724 722
f 726 727 502
f 725 726 502
f 775 840 772
f 777 840 776
f 620 664 602
f 664 1142 662
f 602 664 662
f 608 628 623
f 648 1129 612
f 607 1101 622
f 605 625 622
f 626 1105 1100
f 1100 1105 602
f 628 1089 626
f 1089 1105 626
f 625 1105 1089
f 627 1089 624
f 624 1089 628
f 628 1103 624
f 1127 1128 637
f 604 660 633
f 633 1123 604
f 661 1093 633
f 617 1142 664
f 664 665 617
f 617 1147 1142
f 665 666 617
f 1141 1147 617
f 622 1101 1099
f 622 1099 605
f 1085 1117 1102
f 1102 1117 638
f 608 1104 1103
f 618 1145 1144
f 1090 1140 1106
f 1138 1140 616
f 1118 1124 1087
f 638 1096 639
f 641 1124 611
f 611 1126 1123
f 1123 1125 611
f 1115 1133 1087
f 1115 1124 641
f 1136 1137 614
f 1135 1136 614
f 637 1109 1084
f 1109 1135 1084
f 634 1126 1094
f 634 1112 1108
f 651 653 613
f 653 1131 613
f 647 1088 643
f 1120 1130 1129
f 1099 1139 605
f 666 1139 616
f 1094 1126 1119
f 1094 1119 1110
f 1119 1126 642
f 1103 1104 621
f 1107 1144 1090
f 1099 1101 1083
f 1083 1138 1099
f 655 1128 657
f 655 1133 1115
f 654 657 644
f 650 651 613
f 631 651 650
f 650 1086 631
f 1097 1128 1127
f 1130 1134 612
f 647 1134 654
f 643 649 647
f 621 1111 1110
f 606 1111 621
f 1111 1112 1094
f 632 1112 1111
f 637 1128 1095
f 1095 1115 641
f 641 1116 1095
f 1095 1116 637
f 656 1133 1098
f 1120 1121 610
f 640 656 610
f 1114 1121 1090
f 1114 1122 1121
f 609 1114 1113
f 639 1118 635
f 609 639 635
f 635 1118 1087
f 635 1087 640
f 635 1122 609
f 613 1132 650
f 629 1135 658
f 630 1132 1091
f 630 1091 659
f 659 1091 658
f 1097 1127 645
f 652 1097 645
f 645 1132 652
f 629 1091 645
f 1091 1132 645
f 618 740 739
f 653 784 783
f 723 805 502
f 736 805 723
f 530 822 721
f 783 822 730
f 784 822 783
f 721 822 784
f 489 742 499
f 759 816 526
f 382 789 391
f 688 789 382
f 790 791 237
f 238 787 782
f 238 782 218
f 238 788 787
f 238 792 788
f 399 678 398
f 399 679 678
f 1108 1112 668
f 668 1112 669
f 678 679 632
f 606 678 632
f 691 692 631
f 630 699 698
f 698 1086 630
f 252 695 253
f 267 695 252
f 695 768 253
f 722 724 686
f 690 1147 686
f 1146 1147 690
f 686 727 726
f 626 1100 683
f 685 1100 709
f 709 1100 619
f 728 732 663
f 732 1141 663
f 663 729 728
f 723 1141 736
f 615 1146 703
f 749 1137 661
f 745 749 661
f 748 1137 749
f 755 1137 748
f 615 714 662
f 729 1145 720
f 663 1145 729
f 720 1145 719
f 767 768 695
f 766 767 695
f 696 766 695
f 708 711 632
f 711 1112 632
f 669 1112 711
f 771 1104 608
f 719 1145 715
f 767 773 768
f 737 738 604
f 604 1108 737
f 737 1108 744
f 710 1108 668
f 744 1108 710
f 603 1129 713
f 416 681 415
f 400 681 416
f 618 742 740
f 653 783 646
f 646 783 730
f 730 731 646
f 646 731 643
f 680 775 772
f 680 777 776
f 434 744 414
f 435 744 434
f 414 744 710
f 737 744 435
f 435 738 737
f 704 758 757
f 701 758 704
f 651 1092 689
f 651 688 687
f 651 789 688
f 649 743 741
f 649 746 743
f 692 700 631
f 268 674 673
f 354 672 355
f 328 677 343
f 677 680 343
f 341 682 342
f 356 682 341
f 381 683 373
f 401 676 400
f 342 690 686
f 267 697 696
f 267 696 695
f 601 697 267
f 671 697 601
f 415 700 692
f 415 692 691
f 355 703 356
f 673 701 268
f 701 704 268
f 268 704 281
f 704 706 281
f 281 706 705
f 685 709 373
f 668 669 414
f 414 711 708
f 414 708 399
f 669 711 414
f 414 710 668
f 719 807 720
f 720 807 804
f 715 807 719
f 720 804 729
f 729 804 728
f 804 805 728
f 527 731 730
f 730 822 527
f 728 805 732
f 501 807 733
f 529 824 734
f 741 743 520
f 739 740 489
f 740 742 489
f 438 749 437
f 437 749 745
f 748 749 438
f 743 746 520
f 746 824 520
f 754 842 753
f 751 752 510
f 752 813 510
f 756 813 752
f 758 843 757
f 439 763 438
f 438 755 748
f 494 761 760
f 494 760 510
f 494 762 761
f 764 813 756
f 765 814 813
f 698 699 441
f 441 699 440
f 766 814 767
f 509 814 766
f 767 814 773
f 774 844 840
f 357 851 850
f 824 852 734
f 490 860 541
f 842 861 753
f 557 862 514
f 450 864 863
f 559 865 505
f 758 866 843
f 558 867 810
f 526 868 759
f 521 869 574
f 589 872 821
f 813 874 765
f 556 875 820
f 794 876 549
f 549 877 794
f 793 878 555
f 765 880 814
f 793 881 564
f 564 882 793
f 800 884 552
f 840 886 772
f 886 889 772
f 863 871 450
f 840 890 774
f 774 892 844
f 769 896 814
f 511 897 557
f 567 899 511
f 357 900 851
f 233 902 853
f 569 909 536
f 133 912 911
f 573 913 521
f 506 914 575
f 554 915 506
f 506 917 554
f 552 918 800
f 513 920 550
f 550 940 513
f 513 935 544
f 511 953 567
f 383 548 392
f 391 961 956
f 522 859 580
f 536 962 568
f 563 964 828
f 548 966 392
f 826 967 584
f 580 971 539
f 581 973 535
f 833 974 581
f 820 975 556
f 819 976 595
f 597 977 819
f 595 979 819
f 819 978 596
f 577 903 530
f 980 983 156
f 542 933 502
f 497 943 593
f 555 959 491
f 810 970 558
f 562 969 487
f 839 995 597
f 516 958 547
f 487 985 562
f 544 926 513
f 596 991 840
f 279 929 928
f 598 1001 839
f 592 998 497
f 497 936 592
f 966 1015 392
f 591 939 497
f 530 989 566
f 1027 1028 406
f 565 894 502
f 502 845 553
f 546 1032 502
f 502 1033 546
f 600 1019 502
f 502 1035 600
f 576 1040 509
f 509 888 582
f 594 854 509
f 599 984 509
f 1039 1042 180
f 509 948 594
f 583 954 840
f 601 1043 509
f 509 987 599
f 840 993 583
f 450 1057 1053
f 715 855 807
f 733 1000 501
f 760 946 510
f 775 1034 840
f 840 1036 776
f 766 1071 509
f 736 1072 805
f 823 1061 785
f 781 1070 499
f 499 927 712
f 816 919 707
f 697 1077 1075
f 509 1080 601
f 816 898 713
f 487 810 808
f 487 808 508
f 508 513 487
f 798 811 507
f 492 504 503
f 492 795 504
f 795 811 504
f 507 811 493
f 486 507 493
f 493 500 499
f 493 795 500
f 529 836 520
f 520 824 529
f 500 501 489
f 526 843 842
f 531 832 538
f 538 832 523
f 834 836 529
f 528 835 834
f 527 822 517
f 517 529 527
f 528 834 517
f 517 834 529
f 521 825 530
f 517 825 528
f 498 806 796
f 502 805 796
f 796 805 498
f 796 806 497
f 816 823 537
f 526 816 537
f 523 830 537
f 524 838 836
f 524 836 834
f 834 835 524
f 495 802 794
f 808 812 508
f 797 812 808
f 504 812 797
f 508 812 798
f 811 812 504
f 494 510 486
f 798 815 508
f 512 815 798
f 515 815 512
f 800 815 515
f 488 803 495
f 495 803 802
f 802 803 485
f 492 803 496
f 485 803 492
f 522 539 534
f 537 831 523
f 823 831 537
f 520 836 831
f 519 835 528
f 512 799 515
f 535 536 531
f 531 538 518
f 538 540 518
f 518 540 534
f 518 535 531
f 540 837 534
f 524 837 540
f 835 837 524
f 841 844 843
f 841 843 817
f 525 817 532
f 528 826 519
f 506 809 797
f 503 809 801
f 801 809 793
f 793 809 505
f 511 814 509
f 534 833 518
f 518 833 535
f 522 837 829
f 532 832 818
f 536 818 531
f 818 832 531
f 821 829 519
f 533 829 821
f 516 839 525
f 839 841 525
f 516 827 820
f 827 828 820
f 818 827 532
f 525 827 516
f 991 992 840
f 497 998 944
f 909 1005 536
f 506 1047 914
f 858 859 522
f 964 1008 828
f 979 997 819
f 819 997 978
f 864 1052 533
f 872 883 821
f 1001 1066 839
f 875 1014 820
f 179 972 156
f 972 981 156
f 156 981 980
f 251 984 599
f 787 891 782
f 599 987 252
f 252 987 986
f 156 983 157
f 157 901 867
f 157 867 558
f 566 989 403
f 989 990 403
f 558 970 157
f 157 970 968
f 403 990 391
f 391 990 961
f 583 993 368
f 368 993 992
f 596 978 374
f 978 997 374
f 374 997 979
f 374 979 595
f 279 928 266
f 928 932 266
f 595 976 374
f 976 999 374
f 280 931 279
f 279 931 929
f 618 1000 733
f 368 992 991
f 368 991 596
f 210 882 564
f 210 1002 882
f 570 1005 407
f 407 1005 909
f 407 909 569
f 1006 1007 210
f 210 1007 1002
f 157 969 562
f 968 969 157
f 407 1008 964
f 407 964 563
f 407 1009 1008
f 562 985 157
f 157 985 916
f 556 975 392
f 975 1010 392
f 392 875 556
f 392 1014 875
f 392 1015 1014
f 790 880 765
f 392 1009 407
f 765 874 790
f 158 1016 862
f 158 862 557
f 557 897 158
f 897 1018 158
f 280 1020 1019
f 280 1019 600
f 297 1024 1023
f 297 1023 296
f 568 962 406
f 962 1026 406
f 1026 1027 406
f 296 1023 280
f 280 1023 1020
f 421 904 903
f 421 903 577
f 421 908 904
f 574 869 421
f 869 908 421
f 1028 1029 406
f 1029 1030 406
f 772 889 680
f 680 1034 775
f 776 1036 680
f 546 1033 297
f 297 1033 1024
f 158 1038 180
f 180 1038 1037
f 1037 1039 180
f 567 953 158
f 953 1038 158
f 158 899 567
f 158 1018 899
f 846 1032 312
f 312 1032 546
f 564 881 178
f 881 1022 178
f 178 1022 1021
f 421 1044 913
f 421 913 573
f 178 1021 865
f 178 865 559
f 967 1045 448
f 1045 1046 448
f 575 914 179
f 914 1047 179
f 1047 1048 179
f 179 1048 915
f 179 915 554
f 448 1046 1044
f 448 1044 421
f 422 971 580
f 422 1049 971
f 1042 1050 180
f 1050 1051 180
f 180 1051 1040
f 180 1040 576
f 450 1053 1052
f 450 1052 864
f 1054 1055 422
f 1055 1056 422
f 1056 1059 422
f 422 1059 1058
f 450 1060 1057
f 785 1061 648
f 1058 1062 422
f 422 1062 1049
f 581 974 422
f 974 1054 422
f 406 973 581
f 406 1030 973
f 549 876 210
f 876 951 210
f 210 951 950
f 701 866 758
f 553 845 312
f 845 846 312
f 233 854 594
f 853 854 233
f 950 952 210
f 952 960 210
f 674 1063 673
f 715 1145 855
f 210 960 959
f 210 959 555
f 580 859 451
f 555 878 210
f 878 1006 210
f 450 871 449
f 449 871 870
f 1003 1004 232
f 232 1004 877
f 232 877 549
f 541 860 232
f 860 1003 232
f 593 943 250
f 250 943 942
f 449 883 872
f 449 872 589
f 870 883 449
f 250 998 592
f 944 998 250
f 942 944 250
f 582 888 225
f 225 888 887
f 932 933 266
f 266 933 542
f 374 977 597
f 374 999 977
f 597 995 374
f 995 1064 374
f 734 852 649
f 852 1065 649
f 342 895 894
f 342 894 565
f 374 1001 598
f 374 1066 1001
f 1064 1066 374
f 713 898 603
f 600 1035 280
f 1035 1067 280
f 344 905 900
f 344 900 357
f 280 1067 930
f 930 931 280
f 227 902 233
f 343 906 344
f 344 906 905
f 226 902 227
f 781 1143 1070
f 157 916 912
f 157 912 133
f 252 986 267
f 986 1043 267
f 267 1043 601
f 133 921 134
f 911 921 133
f 921 922 134
f 494 982 762
f 249 923 232
f 923 924 232
f 924 925 232
f 922 926 134
f 134 926 544
f 712 927 603
f 544 935 134
f 134 935 934
f 592 936 249
f 249 936 923
f 552 884 135
f 884 937 135
f 925 939 232
f 232 939 591
f 697 1075 696
f 135 937 158
f 937 941 158
f 134 918 552
f 134 945 918
f 234 947 251
f 671 1078 697
f 234 948 947
f 550 920 134
f 920 949 134
f 134 949 945
f 134 940 550
f 934 940 134
f 736 1141 1072
f 671 1080 1078
f 601 1080 671
f 696 1071 766
f 696 1075 1071
f 357 954 583
f 850 954 357
f 686 1081 895
f 686 895 342
f 391 956 382
f 382 956 955
f 547 958 383
f 383 958 957
f 383 963 548
f 957 963 383
f 955 1082 382
f 554 917 179
f 917 972 179
f 903 904 530
f 530 904 521
f 904 908 521
f 521 908 869
f 929 931 502
f 502 932 929
f 502 931 930
f 502 933 932
f 929 932 928
f 942 943 497
f 497 944 942
f 950 951 491
f 491 952 950
f 959 960 491
f 491 960 952
f 487 969 810
f 810 969 968
f 968 970 810
f 487 921 912
f 912 921 911
f 912 916 487
f 916 985 487
f 513 922 921
f 513 926 922
f 513 921 487
f 924 936 497
f 923 936 924
f 497 939 924
f 924 939 925
f 490 1004 1003
f 490 1003 860
f 491 951 794
f 794 951 876
f 877 1004 794
f 794 1004 490
f 810 983 981
f 981 983 980
f 793 1006 878
f 793 1007 1006
f 1021 1022 505
f 865 1021 505
f 882 1007 793
f 1002 1007 882
f 505 881 793
f 505 1022 881
f 514 937 800
f 514 1012 937
f 800 937 884
f 937 1012 941
f 899 1018 511
f 511 1018 897
f 1044 1045 521
f 1044 1046 1045
f 913 1044 521
f 810 972 506
f 506 972 917
f 810 981 972
f 506 1048 1047
f 915 1048 506
f 945 949 800
f 918 945 800
f 800 920 513
f 800 949 920
f 513 940 934
f 934 935 513
f 1037 1038 509
f 509 1038 511
f 511 1038 953
f 509 1050 1042
f 509 1039 1037
f 509 1042 1039
f 535 1026 536
f 536 1026 962
f 535 1029 1028
f 535 1028 1027
f 535 1027 1026
f 521 1045 967
f 521 967 826
f 1058 1059 539
f 539 1062 1058
f 971 1049 539
f 1049 1062 539
f 973 1030 535
f 535 1030 1029
f 539 1056 833
f 539 1059 1056
f 833 1056 1055
f 974 1055 1054
f 833 1055 974
f 828 975 820
f 819 999 976
f 977 999 819
f 533 1060 522
f 1057 1060 533
f 1052 1057 533
f 1053 1057 1052
f 821 864 533
f 863 864 821
f 821 871 863
f 821 883 871
f 871 883 870
f 548 963 516
f 516 820 548
f 839 1064 995
f 839 1066 1064
f 957 958 516
f 516 963 957
f 820 966 548
f 820 1014 966
f 1014 1015 966
f 930 1067 502
f 502 1067 1035
f 502 846 845
f 502 1032 846
f 1019 1023 502
f 1023 1024 502
f 1020 1023 1019
f 1024 1033 502
f 499 965 486
f 823 1074 520
f 824 1065 852
f 501 1011 489
f 1040 1051 509
f 509 1051 1050
f 947 948 509
f 887 888 509
f 853 902 854
f 905 906 840
f 840 906 886
f 900 905 840
f 851 900 840
f 850 851 840
f 840 954 850
f 509 1043 986
f 986 987 509
f 1077 1080 1075
f 1075 1080 1071
f 1071 1080 509
f 992 993 840
f 994 996 813
f 813 996 874
f 892 1069 844
f 677 1152 1149
f 754 1154 1153
f 1129 1157 713
f 450 1158 1060
f 1061 1161 648
f 861 1175 1174
f 674 1179 1178
f 381 1181 1180
f 1178 1188 674
f 670 1193 606
f 389 1194 1185
f 1086 1195 684
f 673 1197 1196
f 690 1170 1146
f 619 1201 716
f 381 1187 1181
f 755 1202 1137
f 848 1203 451
f 703 1205 615
f 718 1206 615
f 735 1208 608
f 1092 1209 689
f 742 780 499
f 780 781 499
f 1145 1215 855
f 355 1217 1216
f 807 1224 1219
f 451 1223 848
f 648 1225 785
f 807 1236 1224
f 1228 1237 390
f 254 779 236
f 254 1189 779
f 779 790 237
f 501 1244 1243
f 717 1258 1257
f 1011 1260 1254
f 1074 1270 1268
f 1074 1271 1270
f 1247 1282 219
f 816 1287 1281
f 907 1291 1290
f 1299 1301 982
f 898 1303 603
f 649 1305 734
f 239 1300 786
f 510 1322 1321
f 868 1323 1316
f 255 1327 1326
f 1321 1328 510
f 226 1302 902
f 843 1332 1313
f 890 1339 1333
f 1290 1342 907
f 1317 1343 759
f 1063 1344 1212
f 1325 1350 1069
f 526 1356 1355
f 1143 1207 1070
f 707 919 786
f 919 1280 786
f 603 1357 707
f 770 1362 1361
f 649 1363 746
f 842 1376 1375
f 741 1377 649
f 842 1375 1368
f 927 1204 603
f 612 1271 1074
f 1074 1182 612
f 725 1390 1389
f 509 1297 887
f 1307 1391 694
f 938 1392 603
f 603 1393 712
f 1252 1396 704
f 606 1366 670
f 606 1359 678
f 684 1399 1086
f 631 1400 691
f 630 1403 699
f 840 1407 1406
f 658 1408 702
f 702 1411 658
f 1410 1412 946
f 840 1413 1407
f 1147 1415 686
f 947 1387 251
f 1416 1426 298
f 683 1430 626
f 1100 1433 683
f 716 1308 619
f 1427 1434 889
f 619 1259 709
f 685 1151 1100
f 1079 1441 1440
f 732 1442 1141
f 1079 1449 1441
f 1141 1458 1072
f 1237 1452 390
f 751 1462 1461
f 693 1395 623
f 623 1211 693
f 608 1385 735
f 723 1340 1141
f 632 1267 708
f 679 1397 632
f 660 1459 750
f 738 1475 604
f 680 1476 1470
f 682 1477 1146
f 1146 1169 675
f 603 1478 965
f 675 1159 1146
f 1146 1240 703
f 965 1479 603
f 1146 1167 682
f 750 1456 660
f 661 1432 745
f 672 1485 615
f 615 1329 718
f 810 1487 983
f 615 1489 672
f 514 1490 1017
f 714 1289 662
f 615 1296 714
f 771 1370 1104
f 608 1373 771
f 698 1491 1086
f 614 1471 763
f 763 1466 614
f 780 1143 781
f 514 1499 1012
f 1500 1501 752
f 707 786 603
f 439 1512 1506
f 762 786 761
f 1009 1509 1008
f 975 1510 1010
f 522 1222 858
f 1517 1522 843
f 1525 1526 956
f 786 1528 761
f 1526 1531 956
f 1527 1533 313
f 843 1534 1502
f 618 1144 780
f 618 780 742
f 754 1535 1154
f 1531 1536 956
f 754 1537 1535
f 1440 1449 1079
f 1536 1540 956
f 1538 1541 843
f 1460 1546 436
f 651 1218 789
f 1551 1553 814
f 689 1556 651
f 1552 1557 1082
f 840 1559 1558
f 1406 1559 840
f 844 1575 1539
f 1568 1576 894
f 653 1578 784
f 844 1579 1575
f 894 1576 1574
f 1352 1583 1069
f 717 1584 1258
f 1387 1388 251
f 687 1353 651
f 1478 1588 965
f 1361 1592 770
f 770 1592 1453
f 681 1595 631
f 631 1507 681
f 700 1183 631
f 1598 1599 816
f 1092 1600 676
f 816 1602 1601
f 676 1603 1092
f 1337 1611 255
f 1599 1614 816
f 529 1621 1620
f 536 1155 570
f 603 1608 938
f 1622 1623 527
f 1624 1628 328
f 1633 1634 527
f 527 1646 1563
f 1065 1238 649
f 1458 1650 1072
f 1605 1651 823
f 1398 1421 706
f 1653 1654 823
f 1082 1557 1484
f 805 1649 1566
f 529 1637 1621
f 824 1581 1239
f 1243 1587 501
f 762 982 786
f 982 1301 786
f 251 1388 984
f 157 1657 901
f 733 1569 618
f 618 1251 1000
f 747 1586 618
f 779 1661 790
f 779 896 769
f 779 1604 896
f 570 1156 1005
f 769 1616 779
f 739 1577 618
f 1011 1658 618
f 618 1591 747
f 618 1260 1011
f 158 1504 1013
f 158 1492 1016
f 643 1647 1025
f 1025 1644 643
f 731 1562 643
f 643 1638 1031
f 1031 1636 643
f 1148 1668 680
f 983 988 901
f 847 1060 848
f 856 984 857
f 857 984 947
f 893 902 887
f 873 885 879
f 663 666 616
f 620 625 605
f 619 1100 602
f 602 662 619
f 623 628 626
f 661 1137 1136
f 1093 1136 1109
f 661 1136 1093
f 605 665 620
f 620 665 664
f 663 1141 666
f 625 627 622
f 622 627 607
f 620 1105 625
f 602 1105 620
f 625 1089 627
f 662 1142 615
f 1142 1146 615
f 608 1103 628
f 624 1103 1085
f 616 1145 663
f 1087 1133 640
f 1109 1136 1135
f 660 661 633
f 633 1125 1123
f 1093 1125 633
f 646 1131 653
f 631 1092 651
f 640 1133 656
f 1120 1129 603
f 666 1141 617
f 1085 1102 624
f 627 1102 607
f 624 1102 627
f 607 1102 638
f 1110 1117 1085
f 1106 1140 1138
f 1144 1145 1140
f 1090 1144 1140
f 1140 1145 616
f 642 1124 1118
f 638 1117 1096
f 642 1118 1096
f 1096 1118 639
f 637 1116 1109
f 641 1125 1116
f 1109 1116 1093
f 1116 1125 1093
f 611 1125 641
f 642 1126 611
f 611 1124 642
f 1087 1124 1115
f 1084 1127 637
f 1123 1126 634
f 604 1123 634
f 1094 1112 634
f 634 1108 604
f 643 1088 646
f 644 1131 1088
f 1088 1131 646
f 1129 1130 612
f 605 1139 665
f 1138 1139 1099
f 665 1139 666
f 616 1139 1138
f 1110 1119 1117
f 1096 1119 642
f 1117 1119 1096
f 1085 1103 621
f 621 1110 1085
f 621 1104 606
f 1143 1144 1107
f 603 1143 1107
f 1107 1120 603
f 1106 1138 1083
f 1083 1113 1106
f 1101 1113 1083
f 636 1113 1101
f 638 639 636
f 607 638 636
f 636 1101 607
f 654 1088 647
f 644 1088 654
f 657 1097 644
f 657 1128 1097
f 612 1134 647
f 656 1134 1130
f 647 649 612
f 632 1111 606
f 1110 1111 1094
f 1107 1121 1120
f 1090 1121 1107
f 636 639 609
f 609 1113 636
f 1095 1128 655
f 655 1115 1095
f 630 1086 650
f 654 1098 657
f 654 1134 1098
f 657 1098 655
f 1098 1134 656
f 1098 1133 655
f 610 1130 1120
f 656 1130 610
f 1121 1122 610
f 610 1122 640
f 1106 1114 1090
f 1113 1114 1106
f 609 1122 1114
f 640 1122 635
f 629 1127 1084
f 1084 1135 629
f 650 1132 630
f 658 1135 614
f 658 1091 629
f 652 1132 613
f 613 1131 652
f 652 1131 644
f 644 1097 652
f 645 1127 629
f 1142 1147 1146
f 1155 1156 570
f 847 1158 1060
f 848 1203 847
f 847 1203 1158
f 1222 1223 858
f 858 1223 848
f 879 1241 873
f 885 1241 879
f 1298 1302 893
f 893 1302 902
f 902 1297 887
f 947 1387 857
f 1436 1437 1076
f 901 1487 983
f 1016 1490 1017
f 1016 1492 1490
f 1013 1499 1012
f 1076 1437 843
f 1013 1504 1499
f 843 1436 1076
f 1509 1510 975
f 1009 1509 975
f 975 1510 1009
f 843 1437 1436
f 848 1223 1222
f 848 1222 858
f 873 1241 885
f 619 1304 1201
f 910 1155 570
f 623 1395 1394
f 1210 1211 623
f 901 1657 1487
f 910 1156 1155
f 1202 1483 1137
f 856 1388 984
f 988 1657 901
f 570 1156 910
f 1104 1370 1369
f 1372 1373 608
f 1499 1504 1012
f 1012 1504 1013
f 1009 1510 1509
f 614 1466 1465
f 1490 1492 1017
f 1017 1492 1016
f 1358 1359 606
f 1086 1554 1195
f 1165 1167 1146
f 1229 1230 615
f 780 1144 1143
f 1482 1486 1481
f 1263 1497 1264
f 786 1371 1354
f 1549 1664 1550
f 643 1644 1643
f 1092 1655 1209
f 122 121 146
f 147 122 146
f 44 43 68
f 69 44 68
f 448 449 584
f 967 448 584
f 339 353 354
f 338 353 339
f 1481 813 1482
f 1480 813 1481
f 1473 813 1480
f 265 278 279
f 266 265 279
f 403 402 418
f 419 403 418
f 453 452 478
f 479 453 478
f 229 246 247
f 230 229 247
f 45 44 69
f 70 45 69
f 438 1472 1483
f 1202 438 1483
f 755 438 1202
f 68 67 92
f 93 68 92
f 123 122 147
f 171 123 147
f 315 314 329
f 330 315 329
f 382 1082 1484
f 1348 382 1484
f 340 354 355
f 339 354 340
f 403 419 420
f 404 403 420
f 47 46 71
f 72 47 71
f 99 98 123
f 124 99 123
f 813 891 1482
f 1486 1482 891
f 454 453 479
f 480 454 479
f 282 298 299
f 281 298 282
f 439 702 1408
f 1467 439 1408
f 49 48 73
f 74 49 73
f 13 12 37
f 38 13 37
f 1488 1288 813
f 891 813 1288
f 341 355 356
f 340 355 341
f 283 299 300
f 282 299 283
f 425 453 454
f 424 453 425
f 1016 1492 862
f 514 862 1492
f 1490 514 1492
f 50 49 74
f 75 50 74
f 68 93 94
f 69 68 94
f 52 51 76
f 77 52 76
f 702 439 1411
f 1493 1411 439
f 1494 1493 439
f 231 230 247
f 248 231 247
f 148 171 193
f 192 193 171
f 123 171 148
f 124 123 148
f 284 300 301
f 283 300 284
f 1496 874 996
f 1495 1496 996
f 270 269 282
f 283 270 282
f 2 1 26
f 27 2 26
f 125 124 148
f 149 125 148
f 1498 782 764
f 1263 782 1497
f 1497 782 1498
f 14 13 38
f 39 14 38
f 752 751 1461
f 1461 1500 752
f 53 52 77
f 78 53 77
f 315 330 331
f 316 315 331
f 1435 843 1502
f 1437 843 1435
f 127 126 150
f 151 127 150
f 756 752 1501
f 1503 756 1501
f 215 214 227
f 234 215 227
f 233 234 227
f 594 234 233
f 948 234 594
f 272 271 284
f 285 272 284
f 231 248 249
f 232 231 249
f 128 127 151
f 152 128 151
f 100 99 124
f 125 100 124
f 396 395 410
f 411 396 410
f 514 1017 1504
f 1017 1013 1504
f 1499 514 1504
f 764 756 1503
f 1503 1498 764
f 129 128 152
f 153 129 152
f 54 53 78
f 79 54 78
f 1505 439 1506
f 1494 439 1505
f 130 129 153
f 154 130 153
f 415 681 1507
f 1184 415 1507
f 273 272 285
f 286 273 285
f 131 130 154
f 155 131 154
f 397 396 411
f 412 397 411
f 1508 1076 1401
f 1436 1076 1508
f 456 455 483
f 457 456 483
f 458 457 483
f 459 458 483
f 460 459 483
f 461 460 483
f 462 461 483
f 463 462 483
f 464 463 483
f 465 464 483
f 466 465 483
f 467 466 483
f 468 467 483
f 469 468 483
f 470 469 483
f 471 470 483
f 472 471 483
f 473 472 483
f 484 473 483
f 474 473 484
f 475 474 484
f 476 475 484
f 477 476 484
f 478 477 484
f 479 478 484
f 480 479 484
f 345 357 358
f 344 357 345
f 55 54 79
f 80 55 79
f 131 155 156
f 132 131 156
f 1008 1510 828
f 1510 1008 1509
f 1510 975 828
f 70 69 94
f 95 70 94
f 287 274 290
f 291 287 290
f 1409 761 1511
f 760 761 1409
f 216 234 235
f 215 234 216
f 346 345 359
f 358 359 345
f 398 397 412
f 413 398 412
f 285 301 302
f 284 301 285
f 56 55 80
f 81 56 80
f 14 39 40
f 15 14 40
f 1512 440 1513
f 439 440 1512
f 277 276 288
f 289 277 288
f 440 699 1403
f 1514 440 1403
f 140 163 164
f 141 140 164
f 57 56 81
f 82 57 81
f 428 444 445
f 426 444 428
f 278 277 289
f 294 278 289
f 407 406 422
f 423 407 422
f 58 57 82
f 83 58 82
f 16 15 40
f 41 16 40
f 354 353 366
f 367 354 366
f 59 58 83
f 84 59 83
f 279 294 295
f 278 294 279
f 217 236 237
f 779 237 236
f 216 236 217
f 235 236 216
f 1436 1508 1515
f 1437 1436 1515
f 843 1437 1515
f 70 95 96
f 71 70 96
f 141 164 165
f 142 141 165
f 317 316 331
f 332 317 331
f 408 407 423
f 424 408 423
f 17 16 41
f 42 17 41
f 142 165 166
f 187 166 165
f 102 101 126
f 127 102 126
f 26 1 481
f 51 26 481
f 76 51 481
f 101 76 481
f 126 101 481
f 150 126 481
f 173 150 481
f 206 173 481
f 228 206 481
f 245 228 481
f 261 245 481
f 274 261 481
f 290 274 481
f 483 290 481
f 304 290 483
f 319 304 483
f 334 319 483
f 349 334 483
f 362 349 483
f 378 362 483
f 386 378 483
f 395 386 483
f 410 395 483
f 430 410 483
f 455 430 483
f 522 1158 1203
f 1222 522 1203
f 848 1223 1203
f 1060 1158 522
f 1223 1222 1203
f 286 302 303
f 285 302 286
f 280 295 296
f 279 295 280
f 143 166 167
f 188 167 166
f 60 59 84
f 85 60 84
f 483 482 484
f 481 482 483
f 843 1515 1516
f 1517 843 1516
f 133 132 156
f 157 133 156
f 72 71 96
f 97 72 96
f 61 60 85
f 86 61 85
f 18 17 42
f 43 18 42
f 347 359 360
f 346 359 347
f 317 332 333
f 318 317 333
f 440 1514 1518
f 1519 440 1518
f 145 144 167
f 168 145 167
f 61 86 87
f 62 61 87
f 218 237 238
f 217 237 218
f 348 347 361
f 360 361 347
f 961 990 1521
f 1520 961 1521
f 162 183 184
f 138 183 162
f 409 408 424
f 425 409 424
f 990 989 1523
f 1521 990 1523
f 63 62 87
f 88 63 87
f 103 102 127
f 128 103 127
f 350 349 362
f 363 350 362
f 146 145 168
f 169 146 168
f 401 417 418
f 402 401 418
f 440 1519 1524
f 1513 440 1524
f 2 27 28
f 3 2 28
f 140 139 162
f 163 140 162
f 956 961 1520
f 1525 956 1520
f 73 72 97
f 98 73 97
f 64 63 88
f 89 64 88
f 351 364 365
f 352 351 365
f 320 319 334
f 335 320 334
f 298 1426 1527
f 313 298 1527
f 147 146 169
f 170 147 169
f 66 65 90
f 91 66 90
f 236 235 252
f 253 236 252
f 288 292 293
f 289 288 293
f 172 193 194
f 148 193 172
f 843 1522 1529
f 1530 843 1529
f 849 895 1081
f 1068 849 1081
f 19 18 43
f 44 19 43
f 1511 761 1528
f 1532 1511 1528
f 680 677 1149
f 1148 680 1149
f 411 430 431
f 410 430 411
f 754 753 1537
f 1173 1537 753
f 1150 1151 373
f 685 373 1151
f 104 103 128
f 129 104 128
f 151 150 173
f 174 151 173
f 843 844 1538
f 1538 844 1539
f 19 44 45
f 20 19 45
f 1155 407 563
f 570 407 1156
f 563 570 1155
f 1155 1156 407
f 74 73 98
f 99 74 98
f 1159 356 1160
f 675 356 1159
f 429 445 446
f 428 445 429
f 1542 1475 435
f 738 435 1475
f 1543 1542 435
f 359 358 368
f 369 359 368
f 384 383 392
f 393 384 392
f 1162 823 1164
f 1163 823 1162
f 412 431 432
f 411 431 412
f 313 1533 1544
f 1545 313 1544
f 321 320 335
f 336 321 335
f 21 20 45
f 46 21 45
f 342 682 1167
f 1165 342 1167
f 1166 342 1165
f 152 151 174
f 175 152 174
f 1543 436 1546
f 435 436 1543
f 356 675 1169
f 1168 356 1169
f 105 104 129
f 130 105 129
f 690 342 1170
f 1166 1170 342
f 1399 441 1547
f 684 441 1399
f 677 328 1152
f 1171 1152 328
f 75 74 99
f 100 75 99
f 359 369 370
f 360 359 370
f 955 956 1540
f 1540 1548 955
f 753 861 1173
f 1173 861 1174
f 1172 1173 1174
f 413 432 433
f 412 432 413
f 376 375 383
f 384 376 383
f 153 152 175
f 176 153 175
f 814 880 1549
f 1550 814 1549
f 1551 814 1550
f 823 1163 1176
f 1177 823 1176
f 385 384 393
f 394 385 393
f 1177 1182 823
f 1074 823 1182
f 290 304 305
f 291 290 305
f 1552 955 1548
f 1082 955 1552
f 1183 415 1184
f 700 415 1183
f 4 3 28
f 29 4 28
f 77 76 101
f 102 77 101
f 431 430 455
f 456 431 455
f 441 684 1195
f 1554 441 1195
f 1555 441 1554
f 414 433 434
f 413 433 414
f 381 389 1186
f 1185 1186 389
f 1187 381 1186
f 698 441 1491
f 1555 1491 441
f 22 21 46
f 47 22 46
f 254 667 1190
f 1189 254 1190
f 293 292 306
f 307 293 306
f 1547 442 1560
f 441 442 1547
f 1192 866 701
f 1191 866 1192
f 220 219 240
f 239 240 219
f 78 77 102
f 103 78 102
f 989 530 1561
f 1523 989 1561
f 321 336 337
f 322 321 337
f 1562 527 1563
f 731 527 1562
f 295 294 308
f 309 295 308
f 499 1198 1199
f 1200 499 1199
f 387 395 396
f 386 395 387
f 442 415 1564
f 1560 442 1564
f 701 673 1196
f 1196 1192 701
f 106 105 130
f 131 106 130
f 927 499 1204
f 1200 1204 499
f 241 240 256
f 257 241 256
f 499 1070 1207
f 1198 499 1207
f 890 840 1339
f 1565 1339 840
f 1558 1565 840
f 377 376 384
f 385 377 384
f 1442 805 1566
f 732 805 1442
f 23 22 47
f 48 23 47
f 450 451 1203
f 1158 450 1203
f 894 895 1568
f 1567 1568 895
f 433 432 457
f 458 433 457
f 807 1221 1569
f 733 807 1569
f 5 4 29
f 30 5 29
f 895 849 1570
f 1570 1567 895
f 389 693 1211
f 1210 389 1211
f 1194 389 1210
f 849 694 1391
f 1570 849 1391
f 1197 1063 1212
f 1197 673 1063
f 1572 1571 415
f 1571 1564 415
f 390 391 1214
f 1213 390 1214
f 502 894 1574
f 1573 502 1574
f 391 789 1218
f 1214 391 1218
f 520 1269 1377
f 741 520 1377
f 415 691 1400
f 1572 415 1400
f 454 480 484
f 425 454 484
f 409 425 484
f 394 409 484
f 385 394 484
f 377 385 484
f 372 377 484
f 371 372 484
f 361 371 484
f 348 361 484
f 333 348 484
f 318 333 484
f 303 318 484
f 286 303 484
f 482 286 484
f 273 286 482
f 260 273 482
f 244 260 482
f 224 244 482
f 205 224 482
f 194 205 482
f 172 194 482
f 149 172 482
f 125 149 482
f 100 125 482
f 75 100 482
f 50 75 482
f 25 50 482
f 489 1255 1577
f 739 489 1577
f 807 1219 1220
f 1221 807 1220
f 1580 784 1578
f 721 784 1580
f 323 322 337
f 338 323 337
f 824 746 1363
f 1581 824 1363
f 221 240 241
f 220 240 221
f 1582 1382 502
f 1073 502 1382
f 1222 859 858
f 451 859 1222
f 1223 451 1222
f 79 78 103
f 104 79 103
f 1190 667 1226
f 667 873 1226
f 107 106 131
f 132 107 131
f 295 309 310
f 296 295 310
f 1579 1069 1583
f 844 1069 1579
f 1584 717 1580
f 717 721 1580
f 379 378 386
f 387 379 386
f 390 1213 1227
f 1228 390 1227
f 502 1073 1381
f 1585 502 1381
f 363 362 379
f 378 379 362
f 1586 501 1587
f 747 501 1586
f 388 396 397
f 387 396 388
f 486 965 1588
f 1295 486 1588
f 80 79 104
f 105 80 104
f 435 434 459
f 460 435 459
f 355 1216 1230
f 1229 355 1230
f 1229 1231 355
f 154 153 176
f 177 154 176
f 873 814 1589
f 1232 873 1589
f 6 5 30
f 31 6 30
f 501 747 1591
f 1590 501 1591
f 297 296 310
f 311 297 310
f 814 873 1594
f 1593 814 1594
f 873 1232 1233
f 1226 873 1233
f 324 323 338
f 339 324 338
f 873 667 1235
f 1234 1235 667
f 1596 816 1597
f 1598 816 1596
f 364 379 380
f 363 379 364
f 1205 355 1231
f 703 355 1205
f 222 241 242
f 221 241 222
f 1238 824 1239
f 1065 824 1238
f 356 703 1240
f 1160 356 1240
f 81 80 105
f 106 81 105
f 1241 885 1278
f 1241 1278 873
f 1278 1594 873
f 243 242 258
f 259 243 258
f 510 1328 1462
f 751 510 1462
f 1242 873 1235
f 1241 873 1242
f 155 154 177
f 178 155 177
f 814 896 1604
f 1589 814 1604
f 1245 757 1246
f 1245 704 757
f 108 107 132
f 133 108 132
f 842 754 1153
f 1376 842 1153
f 82 81 106
f 107 82 106
f 1247 218 1248
f 219 218 1247
f 380 388 389
f 381 380 389
f 436 435 461
f 462 436 461
f 823 816 1605
f 816 1601 1605
f 365 373 1250
f 1249 365 1250
f 365 364 373
f 380 373 364
f 381 373 380
f 501 1000 1251
f 1244 501 1251
f 24 23 48
f 49 24 48
f 253 1414 1606
f 254 253 1606
f 1253 704 1245
f 1253 1252 704
f 83 82 107
f 108 83 107
f 813 764 1285
f 1488 813 1285
f 489 1011 1254
f 1255 489 1254
f 156 155 178
f 179 156 178
f 499 938 1608
f 1607 499 1608
f 7 6 31
f 32 7 31
f 1234 254 1606
f 667 254 1234
f 1256 365 1249
f 366 365 1256
f 1246 843 1530
f 757 843 1246
f 324 339 340
f 325 324 340
f 373 709 1259
f 1250 373 1259
f 84 83 108
f 109 84 108
f 965 499 1607
f 1479 965 1607
f 1262 768 1261
f 768 885 1261
f 389 397 398
f 388 397 389
f 1362 843 1541
f 770 843 1362
f 160 181 182
f 161 160 182
f 218 782 1263
f 1264 218 1263
f 1265 218 1264
f 268 255 1611
f 1612 268 1611
f 223 242 243
f 222 242 223
f 399 708 1267
f 1266 399 1267
f 1392 499 1613
f 938 499 1392
f 300 299 314
f 315 300 314
f 520 1074 1268
f 1269 520 1268
f 843 770 1455
f 1534 843 1455
f 109 108 133
f 134 109 133
f 1303 816 1614
f 898 816 1303
f 1241 1261 885
f 1261 1241 1242
f 163 162 184
f 185 163 184
f 246 245 261
f 262 246 261
f 1615 1179 268
f 674 268 1179
f 1612 1615 268
f 164 163 185
f 186 164 185
f 218 1265 1272
f 1248 218 1272
f 814 1553 1616
f 769 814 1616
f 8 7 32
f 33 8 32
f 165 164 186
f 187 165 186
f 1273 366 1274
f 1275 366 1273
f 354 367 1330
f 1330 1619 354
f 439 438 464
f 465 439 464
f 1276 773 1277
f 768 773 1276
f 1277 814 1593
f 773 814 1277
f 85 84 109
f 110 85 109
f 1276 885 768
f 1278 885 1276
f 1485 354 1619
f 672 354 1485
f 25 24 49
f 50 25 49
f 919 816 1280
f 1279 1280 816
f 1281 1279 816
f 168 167 188
f 189 168 188
f 527 529 1620
f 1622 527 1620
f 224 243 244
f 223 243 224
f 355 672 1489
f 1217 355 1489
f 367 366 1284
f 1283 367 1284
f 302 301 316
f 317 302 316
f 764 782 1286
f 1285 764 1286
f 326 325 340
f 341 326 340
f 1286 782 891
f 1288 1286 891
f 328 313 1545
f 1624 328 1545
f 1275 1289 366
f 714 366 1289
f 169 168 189
f 190 169 189
f 247 246 262
f 263 247 262
f 1625 787 1626
f 1625 1627 787
f 416 442 443
f 415 442 416
f 996 994 1629
f 1629 1631 996
f 994 1630 1629
f 219 1282 1293
f 1292 219 1293
f 9 8 33
f 34 9 33
f 1341 1063 1188
f 1188 1063 674
f 494 486 1295
f 1294 494 1295
f 109 134 135
f 110 109 135
f 366 714 1296
f 1284 366 1296
f 85 110 111
f 86 85 111
f 527 1623 1632
f 1633 527 1632
f 26 51 52
f 27 26 52
f 1297 225 887
f 1297 1298 225
f 1294 1299 494
f 982 494 1299
f 426 443 444
f 416 443 426
f 9 34 35
f 10 9 35
f 530 717 1257
f 1561 530 1257
f 303 302 317
f 318 303 317
f 1380 502 1585
f 724 502 1380
f 417 426 427
f 428 427 426
f 219 1292 1300
f 239 219 1300
f 440 466 467
f 441 440 467
f 87 86 111
f 112 87 111
f 247 263 264
f 248 247 264
f 328 1628 1635
f 1171 328 1635
f 226 225 1298
f 1302 226 1298
f 305 304 319
f 320 305 319
f 502 727 1384
f 1582 502 1384
f 11 10 35
f 36 11 35
f 419 418 427
f 429 419 427
f 366 716 1201
f 1304 366 1201
f 1274 366 1304
f 327 326 341
f 342 327 341
f 1306 1307 849
f 694 849 1307
f 1031 527 1634
f 1636 1031 1634
f 28 27 52
f 53 28 52
f 1256 1308 366
f 716 366 1308
f 529 734 1305
f 1637 529 1305
f 229 228 245
f 246 229 245
f 527 1031 1638
f 1639 527 1638
f 111 110 135
f 136 111 135
f 1390 502 1573
f 725 502 1390
f 249 248 264
f 265 249 264
f 12 11 36
f 37 12 36
f 237 1310 238
f 1309 238 1310
f 1311 238 1309
f 400 676 1600
f 1641 400 1600
f 1640 400 1641
f 442 441 467
f 468 442 467
f 840 777 1642
f 1438 840 1642
f 842 843 1313
f 1312 842 1313
f 1643 1644 527
f 1025 527 1644
f 1639 1643 527
f 849 1068 1314
f 1306 849 1314
f 840 1443 1645
f 778 840 1645
f 237 791 1315
f 1310 237 1315
f 1640 1595 400
f 681 400 1595
f 1175 842 1312
f 861 842 1175
f 759 868 1316
f 1316 1317 759
f 1646 1025 1647
f 527 1025 1646
f 1311 1318 238
f 792 238 1318
f 24 25 482
f 23 24 482
f 22 23 482
f 21 22 482
f 20 21 482
f 19 20 482
f 18 19 482
f 481 18 482
f 17 18 481
f 16 17 481
f 15 16 481
f 14 15 481
f 13 14 481
f 12 13 481
f 11 12 481
f 10 11 481
f 9 10 481
f 8 9 481
f 7 8 481
f 6 7 481
f 5 6 481
f 4 5 481
f 3 4 481
f 2 3 481
f 1 2 481
f 840 778 1648
f 1413 840 1648
f 682 356 1477
f 1168 1477 356
f 29 28 53
f 54 29 53
f 367 1283 1319
f 1319 1320 367
f 823 785 1225
f 1164 823 1225
f 112 111 136
f 137 112 136
f 1206 367 1320
f 718 367 1206
f 805 1072 1650
f 1649 805 1650
f 88 87 112
f 113 88 112
f 1324 1325 892
f 1069 892 1325
f 683 381 1430
f 1609 1430 381
f 250 249 265
f 266 250 265
f 367 718 1329
f 1330 367 1329
f 373 683 1433
f 1617 373 1433
f 305 320 321
f 306 305 321
f 1331 1324 774
f 892 774 1324
f 443 442 468
f 469 443 468
f 774 890 1333
f 1331 774 1333
f 170 169 190
f 191 170 190
f 381 1180 1610
f 1609 381 1610
f 502 722 1336
f 1335 502 1336
f 1334 502 1335
f 30 29 54
f 55 30 54
f 1445 1556 401
f 689 401 1556
f 420 429 447
f 446 447 429
f 419 429 420
f 113 112 137
f 161 113 137
f 823 1651 1653
f 1652 1653 1651
f 171 170 191
f 192 171 191
f 1077 697 1429
f 1468 1077 1429
f 1338 255 1326
f 1337 255 1338
f 31 30 55
f 56 31 55
f 723 502 1340
f 1334 1340 502
f 89 88 113
f 114 89 113
f 843 1063 1341
f 1332 843 1341
f 1420 343 1469
f 906 343 1420
f 444 443 469
f 470 444 469
f 174 206 207
f 173 206 174
f 1063 843 1345
f 1344 1063 1345
f 401 689 1209
f 1655 401 1209
f 1656 401 1655
f 32 31 56
f 57 32 56
f 843 866 1191
f 1345 843 1191
f 1654 1161 823
f 1061 823 1161
f 307 306 321
f 322 307 321
f 1603 401 1656
f 676 401 1603
f 138 161 183
f 182 183 161
f 113 161 138
f 114 113 138
f 816 707 1357
f 1597 816 1357
f 1347 382 1348
f 1346 382 1347
f 175 174 208
f 207 208 174
f 816 713 1157
f 1602 816 1157
f 330 329 344
f 345 330 344
f 421 420 448
f 447 448 420
f 1327 239 1349
f 255 239 1327
f 373 1617 1618
f 1150 373 1618
f 444 470 471
f 445 444 471
f 499 712 1393
f 1613 499 1393
f 176 208 209
f 175 208 176
f 1352 1069 1351
f 1069 1350 1351
f 33 32 57
f 58 33 57
f 382 1346 1353
f 687 382 1353
f 89 114 115
f 90 89 115
f 1657 1487 867
f 867 901 1657
f 1487 810 867
f 115 114 138
f 139 115 138
f 239 786 1354
f 1354 1349 239
f 177 209 210
f 176 209 177
f 33 58 59
f 34 33 59
f 1005 1155 536
f 1156 1155 1005
f 308 307 322
f 323 308 322
f 807 855 1215
f 1236 807 1215
f 398 678 1359
f 1358 398 1359
f 1358 1360 398
f 1011 501 1658
f 1590 1658 501
f 35 34 59
f 60 35 59
f 1193 398 1360
f 670 398 1193
f 510 946 1412
f 1322 510 1412
f 446 445 471
f 472 446 471
f 369 374 375
f 368 374 369
f 868 526 1323
f 1364 1323 526
f 1355 1364 526
f 1627 891 787
f 1486 891 1627
f 398 670 1366
f 1365 398 1366
f 35 60 61
f 36 35 61
f 91 90 115
f 116 91 115
f 157 983 1487
f 1657 157 1487
f 907 786 1367
f 1291 907 1367
f 787 788 1659
f 1659 1626 787
f 331 330 345
f 346 331 345
f 370 375 376
f 369 375 370
f 788 792 1659
f 1659 792 1660
f 256 255 268
f 269 256 268
f 526 842 1356
f 1356 842 1368
f 308 323 324
f 309 308 324
f 115 139 140
f 116 115 140
f 771 398 1370
f 1369 1370 398
f 1365 1369 398
f 1660 792 994
f 1474 1660 994
f 1342 1371 907
f 786 907 1371
f 1630 994 792
f 1318 1630 792
f 183 182 196
f 197 183 196
f 37 36 61
f 62 37 61
f 158 941 1499
f 1012 1499 941
f 1504 158 1499
f 791 790 1663
f 1662 791 1663
f 398 771 1373
f 1372 398 1373
f 1372 1374 398
f 92 91 116
f 117 92 116
f 816 759 1343
f 1287 816 1343
f 1664 880 790
f 1661 1664 790
f 1549 880 1664
f 331 346 347
f 332 331 347
f 372 376 377
f 370 376 372
f 398 1374 1378
f 389 398 1378
f 256 269 270
f 257 256 270
f 1379 724 1380
f 1379 686 724
f 1010 1509 392
f 1509 1010 1510
f 1509 1009 392
f 310 309 324
f 325 310 324
f 1379 1073 686
f 1381 1073 1379
f 874 1496 1663
f 1663 790 874
f 446 472 473
f 447 446 473
f 1208 389 1378
f 735 389 1208
f 1383 686 1073
f 1382 1383 1073
f 185 184 198
f 215 185 198
f 214 215 198
f 1383 727 686
f 1384 727 1383
f 37 62 63
f 38 37 63
f 1017 1490 1013
f 158 1013 1490
f 1492 158 1490
f 389 735 1385
f 1386 389 1385
f 92 117 118
f 93 92 118
f 117 116 140
f 141 117 140
f 1315 791 1631
f 1631 791 996
f 1387 509 1388
f 1388 509 984
f 947 509 1387
f 186 215 216
f 185 215 186
f 1662 996 791
f 1495 996 1662
f 311 310 325
f 326 311 325
f 889 1434 1476
f 680 889 1476
f 1457 1034 1665
f 1034 680 1665
f 1394 1395 389
f 693 389 1395
f 1386 1394 389
f 333 332 347
f 348 333 347
f 680 1036 1665
f 1448 1665 1036
f 399 1266 1397
f 679 399 1397
f 199 216 217
f 186 216 199
f 187 186 199
f 680 1041 1666
f 1439 1666 1041
f 448 447 473
f 474 448 473
f 1666 777 680
f 1642 777 1666
f 778 1645 1667
f 680 778 1667
f 94 93 118
f 119 94 118
f 1041 680 1667
f 1444 1041 1667
f 258 257 270
f 271 258 270
f 1648 778 1668
f 778 680 1668
f 189 188 200
f 201 189 200
f 39 38 63
f 64 39 63
f 854 902 1302
f 1297 509 1298
f 1302 509 854
f 1298 509 1302
f 312 311 326
f 327 312 326
f 706 704 1396
f 1398 706 1396
f 189 201 202
f 220 202 201
f 893 1297 1298
f 887 1297 893
f 1402 1076 705
f 1401 1076 1402
f 118 142 143
f 117 142 118
f 166 143 142
f 141 142 117
f 1404 705 1076
f 1405 705 1404
f 94 119 120
f 95 94 120
f 946 760 1409
f 1410 946 1409
f 391 402 403
f 390 402 391
f 1388 947 984
f 1387 947 1388
f 253 768 1262
f 1414 253 1262
f 191 190 202
f 203 191 202
f 1415 722 686
f 1336 722 1415
f 449 448 474
f 475 449 474
f 258 271 272
f 259 258 272
f 192 191 203
f 222 192 203
f 902 1302 1298
f 1298 1297 902
f 335 349 350
f 334 349 335
f 1417 281 1418
f 1416 281 1417
f 298 281 1416
f 96 95 120
f 121 96 120
f 848 1060 1158
f 1203 848 1158
f 886 906 1420
f 1419 886 1420
f 204 222 223
f 192 222 204
f 193 192 204
f 1421 1422 706
f 1422 1423 706
f 40 39 64
f 65 40 64
f 856 857 1388
f 1387 1388 857
f 281 705 1405
f 1418 281 1405
f 97 96 121
f 122 97 121
f 1402 706 1423
f 705 706 1402
f 119 118 143
f 144 119 143
f 686 726 1425
f 1424 1425 726
f 197 196 212
f 213 197 212
f 726 725 1424
f 1389 1424 725
f 626 1609 1610
f 1430 1609 626
f 259 272 273
f 260 259 273
f 886 1419 1427
f 889 886 1427
f 697 1078 1429
f 1428 1429 1078
f 423 451 452
f 422 451 423
f 437 745 1432
f 1431 437 1432
f 450 449 475
f 476 450 475
f 1273 1274 662
f 619 1274 1304
f 662 1274 619
f 201 200 218
f 219 201 218
f 40 65 66
f 41 40 66
f 1433 1100 1617
f 1618 1617 1100
f 314 313 328
f 329 314 328
f 336 350 351
f 335 350 336
f 203 202 220
f 221 203 220
f 1436 1404 1076
f 1435 1404 1436
f 1437 1435 1436
f 98 97 122
f 123 98 122
f 1041 840 1439
f 1438 1439 840
f 262 275 276
f 263 262 276
f 207 206 229
f 228 229 206
f 840 1041 1444
f 1443 840 1444
f 120 119 144
f 145 120 144
f 619 1256 1259
f 1249 1250 1256
f 1259 1256 1250
f 1308 1256 619
f 424 452 453
f 423 452 424
f 1445 402 1446
f 401 402 1445
f 393 407 408
f 392 407 393
f 1036 840 1448
f 1447 1448 840
f 1100 1151 1618
f 1150 1618 1151
f 208 229 230
f 207 229 208
f 451 450 476
f 477 451 476
f 209 230 231
f 208 230 209
f 608 623 1385
f 1386 1385 623
f 1394 1386 623
f 42 41 66
f 67 42 66
f 436 437 1451
f 1450 1451 437
f 1431 1450 437
f 210 231 232
f 209 231 210
f 337 351 352
f 336 351 337
f 1446 390 1452
f 402 390 1446
f 213 212 225
f 226 213 225
f 1455 770 1454
f 1454 770 1453
f 264 263 276
f 277 264 276
f 626 1180 1186
f 1610 1180 626
f 1187 1186 1180
f 623 626 1186
f 1181 1187 1180
f 436 1451 1456
f 750 436 1456
f 121 120 145
f 146 121 145
f 840 1034 1457
f 1447 840 1457
f 394 408 409
f 393 408 394
f 436 750 1459
f 1460 436 1459
f 338 337 353
f 352 353 337
f 1463 1428 1080
f 1078 1080 1428
f 43 42 67
f 68 43 67
f 1425 1081 686
f 1464 1081 1425
f 1186 1194 623
f 623 1194 1210
f 1186 1185 1194
f 452 451 477
f 478 452 477
f 632 1266 1267
f 1397 1266 632
f 763 439 1466
f 1465 1466 439
f 1467 1465 439
f 265 264 277
f 278 265 277
f 1068 1081 1464
f 1464 1314 1068
f 1080 1077 1468
f 1463 1080 1468
f 343 680 1470
f 1469 343 1470
f 438 763 1471
f 1472 438 1471
f 1543 1460 660
f 1459 660 1460
f 1543 660 1542
f 1546 1460 1543
f 660 604 1542
f 1475 1542 604
f 994 813 1473
f 1474 994 1473
f 1451 1450 660
f 1456 1451 660
f 661 660 1450
f 1431 661 1450
f 1432 661 1431
f 1289 1275 662
f 1273 662 1275
f 988 1487 1657
f 983 1487 988
f 615 1283 1296
f 1284 1296 1283
f 1319 1283 615
f 1206 1320 615
f 1319 615 1320
f 1372 608 1378
f 1208 1378 608
f 1374 1372 1378
f 1554 1086 1555
f 1491 1555 1086
f 614 1137 1483
f 1472 614 1483
f 1471 614 1472
f 606 1193 1358
f 1360 1358 1193
f 1104 1365 1366
f 606 1104 1366
f 1369 1365 1104
f 631 1086 1399
f 1560 631 1399
f 1547 1560 1399
f 1571 631 1560
f 1564 1571 1560
f 631 1571 1572
f 1400 631 1572
f 1403 630 1518
f 1514 1403 1518
f 614 1465 1467
f 658 614 1467
f 1408 658 1467
f 630 659 1524
f 1519 630 1524
f 1518 630 1519
f 1505 1506 659
f 659 1513 1524
f 1506 1513 659
f 1513 1506 1512
f 659 1493 1505
f 1494 1505 1493
f 659 658 1493
f 1411 1493 658
f 1307 1389 1391
f 1574 1389 1390
f 1567 1389 1576
f 1576 1568 1567
f 1576 1389 1574
f 1391 1389 1570
f 1424 1389 1314
f 1314 1389 1307
f 1570 1389 1567
f 1464 1425 1314
f 1425 1424 1314
f 1307 1306 1314
f 1573 1574 1390
f 1335 1336 1415
f 1147 1335 1415
f 1379 1380 1585
f 1381 1379 1585
f 1382 1582 1383
f 1384 1383 1582
f 1170 1166 1146
f 1165 1146 1166
f 1429 1428 1463
f 1468 1429 1463
f 1458 1649 1650
f 1141 1442 1566
f 1649 1141 1566
f 1458 1141 1649
f 1340 1335 1141
f 1147 1141 1335
f 1334 1335 1340
f 1477 1168 1146
f 1146 1168 1169
f 1146 1159 1160
f 1240 1146 1160
f 615 1205 1231
f 1229 615 1231
f 1217 615 1230
f 1216 1217 1230
f 1489 615 1217
f 1330 615 1485
f 1619 1330 1485
f 1329 615 1330
f 1226 1233 779
f 1189 1226 779
f 1190 1226 1189
f 1276 1593 1594
f 1278 1276 1594
f 1277 1593 1276
f 1235 1234 1606
f 1242 1262 1261
f 1235 1262 1242
f 1414 1235 1606
f 1262 1235 1414
f 1219 1236 1145
f 1215 1145 1236
f 1220 1219 1145
f 1224 1236 1219
f 1286 1288 1488
f 1285 1286 1488
f 1272 1265 1500
f 1500 1461 1272
f 1497 1498 1500
f 1501 1500 1498
f 1265 1497 1500
f 1264 1497 1265
f 1503 1501 1498
f 1143 1199 1207
f 1198 1207 1199
f 1596 603 1598
f 1614 1598 603
f 1599 1598 1614
f 1303 1614 603
f 1323 1364 1316
f 1316 1364 1338
f 1317 1316 1338
f 1371 1342 1338
f 1342 1317 1338
f 1342 1290 1317
f 1281 1290 1291
f 1290 1287 1317
f 1287 1343 1317
f 1290 1281 1287
f 1279 1281 1291
f 1367 1279 1291
f 1327 1371 1338
f 1349 1371 1327
f 1338 1326 1327
f 1354 1371 1349
f 786 1280 1367
f 1280 1279 1367
f 1357 603 1597
f 1596 1597 603
f 1204 1200 603
f 1199 1143 1200
f 603 1200 1143
f 1293 1410 1532
f 1409 1511 1410
f 1410 1511 1532
f 1461 1410 1272
f 1247 1410 1293
f 1248 1410 1247
f 1282 1247 1293
f 1272 1410 1248
f 1461 1412 1410
f 1322 1412 1461
f 1328 1322 1461
f 1462 1328 1461
f 1321 1322 1328
f 603 1392 1613
f 1393 603 1613
f 786 1301 1294
f 1478 603 1295
f 1478 1295 1588
f 1295 786 1294
f 1301 1299 1294
f 1295 603 786
f 1532 1528 1293
f 1300 1293 1528
f 786 1300 1528
f 1292 1293 1300
f 603 1479 1608
f 1607 1608 1479
f 1625 1480 1627
f 1481 1627 1480
f 1486 1627 1481
f 1659 1660 1626
f 1625 1626 1660
f 1625 1660 1474
f 1480 1625 1474
f 1473 1480 1474
f 1311 1309 1630
f 1630 1309 1629
f 1318 1311 1630
f 618 1244 1251
f 1587 1244 618
f 1586 1587 618
f 1243 1244 1587
f 779 1233 1604
f 1232 1604 1233
f 1589 1604 1232
f 1553 1551 1664
f 1550 1664 1551
f 1616 1553 1664
f 779 1616 1664
f 1661 779 1664
f 1221 1220 618
f 1145 618 1220
f 1569 1221 618
f 1255 618 1577
f 1254 618 1255
f 1260 618 1254
f 1590 618 1658
f 1591 618 1590
f 1309 1310 1631
f 1315 1631 1310
f 1631 1629 1309
f 1496 1662 1663
f 1495 1662 1496
f 643 1563 1647
f 1563 1646 1647
f 1562 1563 643
f 1632 643 1636
f 1634 1632 1636
f 1633 1632 1634
f 1447 1457 1665
f 1448 1447 1665
f 1413 1648 1149
f 1148 1648 1668
f 1149 1648 1148
f 1407 1413 1149
f 1406 1407 1149
f 1559 1406 1149
f 1559 1635 1565
f 1152 1559 1149
f 1171 1559 1152
f 1635 1559 1171
f 1558 1559 1565
f 1439 1438 1666
f 1642 1666 1438
f 1420 1469 1427
f 1434 1427 1470
f 1469 1470 1427
f 1476 1434 1470
f 1419 1420 1427
f 1443 1444 1667
f 1645 1443 1667
f 1638 643 1643
f 1639 1638 1643
f 1154 1537 1338
f 1337 1537 1611
f 1612 1611 1537
f 1338 1537 1337
f 1173 1172 1537
f 1154 1338 1364
f 1535 1537 1154
f 1364 1355 1154
f 1355 1375 1154
f 1375 1376 1154
f 1368 1375 1355
f 1376 1153 1154
f 1356 1368 1355
f 1615 1612 1537
f 1172 1615 1537
f 1601 1129 1605
f 1652 1605 1129
f 1602 1129 1601
f 1157 1129 1602
f 1651 1605 1652
f 1129 648 1652
f 648 1161 1654
f 1652 648 1654
f 1653 1652 1654
f 1174 1179 1615
f 1172 1174 1615
f 1178 1174 1175
f 1178 1341 1188
f 1313 1178 1175
f 1312 1313 1175
f 1341 1178 1313
f 1332 1341 1313
f 1174 1178 1179
f 1191 1192 1344
f 1192 1196 1212
f 1345 1191 1344
f 1212 1344 1192
f 1196 1197 1212
f 648 612 1162
f 1164 648 1162
f 1225 648 1164
f 1530 1529 1245
f 1245 1529 1253
f 1246 1530 1245
f 1162 612 1163
f 1176 1163 612
f 651 1213 1218
f 1214 1218 1213
f 1227 1213 651
f 1228 651 1237
f 1445 1237 651
f 1227 651 1228
f 1556 1445 651
f 1452 1237 1445
f 1446 1452 1445
f 653 651 1484
f 1348 1484 651
f 1578 653 1484
f 1584 1578 1484
f 1578 1584 1580
f 1557 1584 1484
f 1548 1584 1557
f 1540 1584 1548
f 1536 1258 1540
f 1557 1552 1548
f 1258 1584 1540
f 1531 1258 1536
f 1531 1526 1258
f 1526 1525 1258
f 1525 1257 1258
f 1520 1521 1525
f 1521 1257 1525
f 1257 1521 1523
f 1561 1257 1523
f 1347 1348 651
f 651 1346 1347
f 1353 1346 651
f 1565 1333 1339
f 1628 1333 1635
f 1333 1565 1635
f 1331 1333 1628
f 1324 1331 1545
f 1545 1331 1628
f 1624 1545 1628
f 1350 1324 1544
f 1544 1324 1545
f 1350 1544 1351
f 1350 1325 1324
f 649 643 1620
f 1622 1620 643
f 1621 649 1620
f 1637 649 1621
f 1305 649 1637
f 1632 1622 643
f 1632 1623 1622
f 649 1238 1239
f 1581 649 1239
f 1363 649 1581
f 1453 1361 1527
f 1527 1361 1533
f 1544 1533 1361
f 1351 1544 1361
f 1453 1417 1454
f 1426 1453 1527
f 1592 1361 1453
f 1538 1575 1541
f 1416 1453 1426
f 1417 1453 1416
f 1541 1361 1362
f 1351 1361 1575
f 1351 1575 1352
f 1575 1361 1541
f 1352 1575 1583
f 1539 1575 1538
f 1583 1575 1579
f 1176 612 1182
f 1177 1176 1182
f 1270 1271 1268
f 1268 1271 649
f 649 1271 612
f 1269 1268 649
f 1377 1269 649
f 1516 1522 1517
f 1522 1422 1529
f 1398 1529 1422
f 1516 1422 1522
f 1398 1396 1529
f 1421 1398 1422
f 1396 1253 1529
f 1252 1253 1396
f 1440 1502 1449
f 1449 1502 1534
f 1404 1441 1405
f 1454 1441 1455
f 1455 1441 1534
f 1534 1441 1449
f 1405 1441 1454
f 1418 1405 1454
f 1404 1440 1441
f 1435 1502 1440
f 1435 1440 1404
f 1417 1418 1454
f 1401 1423 1516
f 1515 1508 1516
f 1401 1516 1508
f 1423 1401 1402
f 1423 1422 1516
f 631 1595 1641
f 1640 1641 1595
f 631 1183 1184
f 1507 631 1184
f 1092 1603 1655
f 1656 1655 1603
f 1092 631 1641
f 1600 1092 1641
