# https://github.com/mikedh/trimesh
v -1.99510135 -1.99688180 -0.89923424
v -2.00258603 -1.98443265 -0.77248538
v -1.96248497 -2.00384171 -0.73712755
v -1.99710288 -1.99944206 -0.34370656
v -1.99111022 -1.99877651 -0.10104722
v -1.99700989 -1.77488084 -0.89927877
v -2.00324978 -1.85536499 -0.52344883
v -2.00839080 -1.92066713 -0.22456447
v -1.99890818 -1.86621852 -0.11210496
v -2.00404348 -1.83553012 -0.83084185
v -2.00220050 -1.70002003 -0.38111485
v -2.00294628 -1.64143987 -0.67971803
v -2.00152697 -1.59173294 -0.21194197
v -1.98674263 -1.60153158 -0.13721914
v -2.00372686 -1.49559124 -0.84539092
v -2.00225582 -1.44651522 -0.54347248
v -1.99672546 -1.34247889 -0.89223141
v -2.00374045 -1.35929062 -0.20244651
v -1.99958267 -1.16457357 -0.18696710
v -2.00228109 -1.25992616 -0.39767761
v -2.00252046 -1.23073848 -0.76080246
v -1.99388256 -1.04086812 -0.90007676
v -2.00236239 -0.99620594 -0.38057578
v -2.00173225 -0.93791320 -0.65670896
v -2.00183644 -1.02820547 -0.82263214
v -2.00054826 -0.87528630 -0.21862473
v -2.00302662 -0.79420872 -0.84596355
v -2.00188579 -0.66922340 -0.63318712
v -1.99774923 -0.53867527 -0.89481241
v -2.00283303 -0.57075143 -0.31504349
v -1.99878110 -0.63136713 -0.23889516
v -2.00368537 -0.39025355 -0.81195653
v -2.00346078 -0.35689940 -0.45532946
v -1.99519839 -0.28127149 -0.27069370
v -2.00281443 -0.18556087 -0.66511387
v -1.99930896 -0.18651094 -0.89746107
v -2.00525822 -0.11100824 -0.33122344
v -2.00260295 -0.05266957 -0.84006287
v -2.00247898 0.07683162 -0.44719849
v -2.00026383 -0.01109524 -0.30383668
v -1.99666228 0.07770400 -0.89532317
v -2.00218000 0.19932841 -0.61370994
v -2.00260128 0.22373371 -0.82125843
v -1.99895634 0.31078695 -0.33679835
v -1.99962367 0.32413839 -0.89565707
v -2.00456204 0.38505564 -0.43049107
v -2.00206198 0.46757917 -0.66083653
v -2.00419106 0.48819379 -0.83756233
v -1.98403730 0.46627222 -0.90113510
v -2.00232973 0.69799606 -0.47357596
v -1.99994316 0.61864261 -0.36442403
v -2.00252428 0.82416288 -0.74489499
v -1.99716701 0.76988081 -0.90034641
v -1.99388160 0.88310663 -0.38742641
v -2.00242676 1.06107215 -0.50901536
v -1.99402108 1.21209173 -0.89870895
v -2.00333418 1.10884897 -0.82997639
v -2.00002469 1.13019471 -0.41932083
v -2.00269522 1.47335701 -0.59002943
v -2.00435390 1.39135222 -0.83348388
v -2.00030555 1.49904911 -0.45521499
v -1.99734487 1.59466092 -0.89743025
v -2.00431528 1.83376948 -0.79633398
v -2.00336446 1.77431981 -0.54121966
v -2.00136008 1.83086197 -0.89385677
v -1.99122037 1.79450743 -0.47848136
v -1.95224370 1.90406768 -0.90266586
v -1.99077215 1.97690742 -0.49620736
v -2.00214137 1.98321335 -0.60772068
v -2.00337066 1.99306695 -0.77600200
v -1.99682178 1.98862068 -0.88923276
v -1.77500596 -2.00211735 -0.56831736
v -1.87273111 -1.77490921 -0.90211410
v -1.82458891 -1.98571380 -0.07256718
v -1.94291939 -1.46511550 -0.90190036
v -1.92552437 -1.29526015 -0.15584200
v -1.94479742 -1.01717331 -0.18678396
v -1.95627274 -0.73561044 -0.21702258
v -1.93541803 -0.69701530 -0.90265817
v -1.86839833 -0.55695156 -0.22194173
v -1.94211091 -0.31458967 -0.90175135
v -1.93516912 -0.11274238 -0.90227992
v -1.87607636 -0.03120558 -0.27628157
v -1.94014372 0.03232722 -0.90296293
v -1.95538272 0.15598576 -0.30753387
v -1.93514528 0.19418619 -0.90396489
v -1.87823619 0.43073706 -0.32296629
v -1.78660645 0.61425857 -0.90283878
v -1.95726242 0.71072523 -0.36235432
v -1.88452639 0.86289708 -0.90377504
v -1.89940514 1.29599611 -0.41162530
v -1.92179002 1.52783184 -0.90209962
v -1.91758861 1.54624049 -0.43948544
v -1.95535769 2.00150959 -0.85487378
v -1.94323768 2.00201790 -0.66292597
v -1.89673128 -2.00064011 -0.89950270
v -1.78585114 -2.00232549 -0.14427322
v -1.97796263 -1.99477716 -0.86826319
v -1.99535717 -1.98067565 -0.63364352
v -1.99456992 -1.96915932 -0.32972465
v -1.99266138 -1.97742839 -0.15367910
v -1.98063793 -1.95013423 -0.10650213
v -1.99350252 -1.81667467 -0.88462121
v -1.99860348 -1.81438036 -0.82996494
v -1.99921359 -1.81916221 -0.56923712
v -1.99778475 -1.62691303 -0.23938798
v -1.98516383 -1.81786104 -0.11965444
v -1.81468405 -1.85772510 -0.08324155
v -1.98302473 -1.60753150 -0.14130097
v -1.99903025 -1.67493566 -0.80858237
v -1.99821295 -1.47470661 -0.46749718
v -1.99369277 -1.39224215 -0.88669927
v -1.99885144 -1.35121133 -0.73771221
v -1.89451661 -1.55290885 -0.12617368
v -1.97450365 -1.36050500 -0.16438959
v -1.89931549 -1.24784739 -0.90264047
v -1.99716367 -1.22949632 -0.29429657
v -1.98548521 -1.04820402 -0.19941457
v -1.98543896 -0.93778931 -0.89259810
v -1.99812545 -0.99178465 -0.47727404
v -1.99767699 -0.88744880 -0.76700188
v -1.99709882 -0.97957654 -0.26426146
v -1.87090291 -0.87796177 -0.90339524
v -1.99313321 -0.77432035 -0.23262761
v -1.99854340 -0.67293260 -0.30512274
v -1.99812974 -0.55546293 -0.49396164
v -1.99889125 -0.61944991 -0.75772376
v -1.99508109 -0.56207279 -0.88211972
v -1.98458065 -0.58794506 -0.24423844
v -1.98530020 -0.36426532 -0.26692227
v -1.94217505 -0.47819696 -0.90183873
v -1.99541463 -0.30254510 -0.35734023
v -1.99947061 -0.28811357 -0.73628534
v -1.99847927 -0.04932268 -0.47279928
v -1.81964030 -0.24052237 -0.24632237
v -1.99325313 -0.19442503 -0.88092727
v -1.99534883 -0.07077541 -0.30406190
v -1.99788918 0.13391153 -0.78281105
v -1.98610248 0.14666609 -0.89324302
v -1.99557223 0.24766372 -0.33885808
v -1.99887433 0.39341901 -0.52958185
v -1.98100247 0.58095352 -0.89500148
v -1.95560398 0.36208735 -0.90373100
v -1.99642362 0.58466534 -0.77141447
v -1.99505224 0.53773568 -0.36837906
v -1.99836626 0.81865863 -0.53690530
v -1.98910417 0.88141791 -0.39103044
v -1.90911474 0.66964500 -0.35498879
v -1.99584164 0.80577020 -0.83339007
v -1.98585524 0.95006005 -0.89378113
v -1.99916663 1.09502022 -0.73178215
v -1.86151041 0.93040041 -0.36928029
v -1.86464943 0.94693856 -0.37565453
v -1.99646844 1.19306163 -0.43277312
v -1.90401306 1.20128874 -0.90222300
v -1.99315085 1.25989108 -0.87982435
v -1.99952974 1.55889408 -0.76657695
v -1.93242111 1.29053394 -0.42268816
v -1.99830880 1.53142731 -0.54840154
v -1.99301447 1.49850874 -0.46084125
v -1.99528660 1.74639861 -0.88343532
v -1.96309962 1.59015600 -0.45798919
v -1.99863400 1.76581542 -0.53992052
v -1.95813360 1.75026743 -0.90245903
v -1.98831191 1.85153238 -0.48957373
v -2.00001087 1.90867679 -0.78869719
v -1.87485399 1.84810178 -0.46268577
v -1.99354734 1.96318309 -0.55414737
v -1.99128999 1.97486250 -0.87464411
v -1.99570527 1.97699921 -0.73590476
v -1.88524379 -1.98239334 -0.09273350
v -1.83771839 -1.84275754 -0.89697076
v -1.83370771 -1.90726777 -0.08560779
v -1.93671264 -1.65895529 -0.89675374
v -1.88061227 -1.66068538 -0.11737371
v -1.88963189 -1.43226965 -0.89798380
v -1.88755478 -1.43178745 -0.14117412
v -1.84868636 -1.14659341 -0.16366687
v -1.91383495 -1.03674419 -0.89870287
v -1.83241786 -0.87096937 -0.18940691
v -1.88102617 -0.38040944 -0.89786876
v -1.86229481 -0.25305198 -0.25584657
v -1.87187876 -0.03709977 -0.89824326
v -1.90080513 0.13956718 -0.30188013
v -1.79701271 0.23604195 -0.89848126
v -1.73170747 0.30801712 -0.29252876
v -1.87896122 0.49070535 -0.33295492
v -1.83660068 0.61796729 -0.89831389
v -1.90723648 0.85071926 -0.89924682
v -1.80560531 1.27597205 -0.89791990
v -1.93525519 1.58477966 -0.89777977
v -1.88507571 1.79958622 -0.46354482
v -1.90859904 1.96830194 -0.89498920
v -1.83292093 1.99760954 -0.64007295
v -1.89433231 1.98113648 -0.48634375
v -1.86171331 1.99409954 -0.89989222
v -1.75801339 -1.99742170 -0.86886902
v -1.81716170 -1.99775763 -0.68710441
v -1.80377783 -1.99803777 -0.38964189
v -1.76949300 -1.99598332 -0.13443608
v -1.89392628 -0.70110907 -0.89851702
v -1.87421336 -0.57581700 -0.22512584
v -1.77160778 1.01174597 -0.89838464
v -1.79111471 1.37383525 -0.40770278
v -1.78615059 1.85622088 -0.90238864
v -1.79464974 1.83056609 -0.89849652
v -1.70239355 2.00263493 -0.71848650
v -1.82289590 2.00218861 -0.50806470
v -1.79418840 -0.90297835 -0.17663156
v -1.81074705 -0.13483600 -0.90206916
v -1.73480071 1.63605063 -0.42576853
v -1.86035027 1.99578993 -0.47732372
v -1.74978508 -0.48739673 -0.90192796
v -1.71063961 1.00454943 -0.90216489
v -1.74246277 1.14318006 -0.37354020
v -1.70591869 -1.22579403 -0.89819098
v -1.77759256 0.18753408 -0.90231592
v -1.71574702 0.66110436 -0.32124672
v -1.67928411 1.55193369 -0.89809770
v -1.73094668 -1.39362206 -0.11799121
v -1.66831996 -1.41957303 -0.90205849
v -1.69658150 -1.04907967 -0.90207488
v -1.59381403 -1.02598073 -0.13468615
v -1.69693186 0.28060137 -0.28057740
v -1.76445331 2.00263421 -0.86971284
v -1.66064538 -0.41656921 -0.20933641
v -1.69005396 1.32007186 -0.90179993
v -1.63541843 1.95387857 -0.43625326
v -1.65737690 -0.41649388 -0.20489826
v -1.69186701 -0.37492771 -0.89809013
v -1.67843892 1.64509146 -0.41431642
v -1.71503963 1.57280128 -0.90199477
v -1.61483027 -1.67313679 -0.07307375
v -1.58754064 -1.75562592 -0.06472708
v -1.63388779 -0.59473270 -0.89811767
v -1.74455943 0.71637420 -0.33505485
v -1.70944013 1.11610405 -0.36984179
v -1.52740397 -2.00404759 -0.82833547
v -1.69998290 0.07679932 -0.26452956
v -1.66637041 1.99503772 -0.88412482
v -1.56334164 1.99988000 -0.78222043
v -1.59954454 -1.99740072 -0.89790673
v -1.66094853 -1.98550363 -0.05702936
v -1.62581970 -1.91230853 -0.90304668
v -1.65180613 -0.83437728 -0.89818562
v -1.65777256 -0.70910551 -0.17959411
v -1.75251331 1.95744483 -0.45929153
v -1.71089639 1.99599187 -0.45654554
v -1.66358759 -1.54179461 -0.89820499
v -1.57114865 -0.03021272 -0.23059077
v -1.62068130 0.56779270 -0.30169249
v -1.57065858 -0.66497639 -0.90199471
v -1.58885636 -0.58915304 -0.17740039
v -1.58650627 -0.22441784 -0.90196205
v -1.63878073 -0.10796540 -0.89814700
v -1.61110606 0.92067246 -0.33172623
v -1.66490831 1.98676292 -0.45519201
v -1.46065773 -2.00189455 -0.31356771
v -1.50584187 -1.99879868 -0.72989143
v -1.63411083 0.42161070 -0.90204395
v -1.57269372 -1.81838520 -0.89809705
v -1.65777530 -1.39986165 -0.11048324
v -1.60815753 0.41303454 -0.89812345
v -1.51597490 1.37460534 -0.36291240
v -1.52699353 1.84884088 -0.89807237
v -1.58008267 1.99613015 -0.50314603
v -1.55859651 -1.99828513 -0.51427997
v -1.56374754 -1.88779898 -0.04223448
v -1.49021329 -0.97035487 -0.89807863
v -1.56335535 0.14057176 -0.90198345
v -1.57945647 0.79856758 -0.31879503
v -1.55822112 1.83908646 -0.90208871
v -1.51358940 1.87430017 -0.41511069
v -1.61351587 1.99538080 -0.89913345
v -1.57511057 -1.09979935 -0.12852620
v -1.49544134 -0.20114441 -0.20611965
v -1.50250270 0.78309207 -0.90193892
v -1.52277936 1.27678029 -0.89792992
v -1.49777760 1.06121664 -0.90192772
v -1.54335119 1.26903705 -0.36034385
v -1.42974677 2.00176708 -0.51815719
v -1.47890498 -0.78692873 -0.14120913
v -1.43976690 0.73645942 -0.89799357
v -1.50589837 2.00529711 -0.85876537
v -1.61100223 -1.99289401 -0.04148729
v -1.42588975 -1.42544939 -0.06938359
v -1.55111446 1.99950711 -0.43834958
v -1.47937240 -1.74022253 -0.90197320
v -1.44385447 -1.28375657 -0.90193332
v -1.48046436 -0.26668859 -0.19339670
v -1.46350195 0.07716410 -0.89799864
v -1.47253456 0.24470572 -0.24336083
v -1.54874589 1.49057643 -0.38336448
v -1.49726214 -0.63913889 -0.16261900
v -1.50959148 0.27610825 -0.25600842
v -1.49619295 0.94081811 -0.89806724
v -1.47562565 0.97034316 -0.32032249
v -1.49494459 -1.99770852 -0.09994491
v -1.46665003 -1.44091411 -0.89808185
v -1.42466654 0.51934580 -0.26369638
v -1.48932363 0.75916128 -0.29743085
v -1.44171824 -1.48156937 -0.07020444
v -1.34980907 -0.31055883 -0.89798004
v -1.39549138 -1.54600151 -0.90197463
v -1.42749359 0.01337512 -0.21738712
v -1.46044852 0.52902590 -0.90185411
v -1.38670101 1.16563122 -0.32253797
v -1.53146507 1.45916466 -0.90190614
v -1.43718459 -2.00170465 -0.07191713
v -1.46476557 -0.96268512 -0.12648734
v -1.42138829 1.32349293 -0.90184290
v -1.44347360 -1.99052389 -0.01455484
v -1.41144373 -1.99437256 -0.88364620
v -1.41227974 -1.99804075 -0.31036268
v -1.38796749 0.43580441 -0.89799965
v -1.35456385 1.69544451 -0.37073354
v -1.49452867 1.98451345 -0.42888934
v -1.45495703 -1.02082868 -0.90195621
v -1.34194149 -0.51398165 -0.15186412
v -1.45015754 1.14913754 -0.33435736
v -1.34036626 1.53459649 -0.89805258
v -1.38123788 1.66604416 -0.37581778
v -1.42970373 2.00285761 -0.71951921
v -1.31287589 -2.00242265 -0.65776844
v -1.32895281 -1.94600721 -0.90312524
v -1.34421803 -1.69441493 -0.89809127
v -1.33445348 -0.71410193 -0.90192128
v -1.38923683 0.26301192 -0.90190131
v -1.39600791 0.52586196 -0.26403637
v -1.42369248 1.99429862 -0.41251210
v -1.30864193 -0.18969466 -0.90188325
v -1.33591070 0.95463197 -0.29385833
v -1.28770616 1.99788253 -0.62744463
v -1.43711092 -1.95949431 -0.02012979
v -1.39005234 -1.68511208 -0.03832072
v -1.31713571 -1.08917101 -0.89800281
v -1.43926122 -1.06163086 -0.10911527
v -1.28292908 -0.47648988 -0.14274898
v -1.36884584 0.01429330 -0.90189505
v -1.35061743 1.63829367 -0.90196437
v -1.33308782 -0.65278988 -0.89802737
v -1.35005607 0.77710108 -0.28226907
v -1.29163625 1.01411252 -0.89802260
v -1.28434469 1.88329188 -0.90218080
v -1.36224284 1.99386875 -0.90033031
v -1.24898817 -1.97882946 0.00177354
v -1.20589175 -1.88735207 -0.89805103
v -1.28481283 -1.85477968 -0.00364430
v -1.33074786 -0.78060220 -0.12124733
v -1.34240069 -0.41752869 -0.90187127
v -1.33495690 1.38992362 -0.34127329
v -1.24555828 1.76530330 -0.89824820
v -1.39631822 -1.18234129 -0.10330319
v -1.26768746 0.04346023 -0.19250355
v -1.23211815 0.29659448 -0.21252800
v -1.26919629 1.04626910 -0.90191735
v -1.28136303 1.87709109 -0.38122327
v -1.21619524 -1.75915249 -0.90187282
v -1.38313343 -1.21999718 -0.08964542
v -1.38102319 -0.86542227 -0.12938640
v -1.25711634 0.68357544 -0.25495432
v -1.18418683 1.53411154 -0.90198881
v -1.31820156 1.95796840 -0.38777355
v -1.36524393 1.99225037 -0.88197858
v -1.25238134 -1.84768517 -0.00357821
v -1.26203038 -1.62120541 -0.02946137
v -1.33940353 -1.04856832 -0.16310188
v -1.31834533 -1.09932871 -0.15615533
v -1.25816609 0.21521483 -0.21224804
v -1.22008898 1.27671544 -0.89803613
v -1.27411296 1.98048083 -0.39580280
v -1.30079772 -1.36494769 -0.07150496
v -1.25975336 -1.20624013 -0.16932271
v -1.25498928 0.18949006 -0.89809317
v -1.27990963 0.56913368 -0.90192045
v -1.26098182 0.80564742 -0.90188987
v -1.25230410 -2.00115211 -0.89186109
v -1.16887595 -2.00195916 -0.40698037
v -1.25473453 -1.99823673 -0.52731884
v -1.15318872 -1.99808307 -0.14696992
v -1.24845507 -1.19095530 -0.90190262
v -1.21019413 -0.95842780 -0.90187145
v -1.30146410 -0.89100419 -0.17444480
v -1.26496782 -0.93544592 -0.18790225
v -1.25228753 -0.26687713 -0.16306273
v -1.23302581 -0.25336667 -0.15755046
v -1.20668902 1.08218889 -0.29113875
v -1.19155766 1.43300550 -0.32009698
v -1.27002301 -1.98555453 0.00913622
v -1.27259387 -1.39714225 -0.05435240
v -1.22718992 -1.34566732 -0.89806724
v -1.25359430 1.24494283 -0.90194775
v -1.19142785 2.00598995 -0.81928254
v -1.17564442 -1.29438026 -0.15014807
v -1.25382902 -0.68801209 -0.12914853
v -1.20785751 2.00199692 -0.66233242
v -1.28078033 2.00042979 -0.40199331
v -1.17040433 -0.80090909 -0.18778146
v -1.17819192 1.97416799 -0.89627010
v -1.28459086 1.99317877 -0.88334967
v -1.10367836 -1.54802115 -0.89805264
v -1.05043246 -0.86232443 -0.89800532
v -1.13260450 -0.69044446 -0.17609989
v -1.16303482 0.23557924 -0.90202398
v -1.09769132 0.51612173 -0.21423420
v -1.21859207 0.53237705 -0.23800873
v -1.19728507 0.89188330 -0.27049468
v -1.20361294 1.57949774 -0.34037531
v -1.16643240 -2.00206776 -0.11155543
v -1.11335017 -1.99770029 -0.81728024
v -1.13007321 -1.59910043 -0.00529323
v -1.18077387 -1.39343853 -0.90195645
v -1.09393181 0.30460183 -0.89812703
v -1.13064458 0.75092713 -0.89806385
v -1.17584123 -1.38208385 -0.11258905
v -1.13762989 -0.55329270 -0.89806629
v -1.14618971 -0.03818719 -0.16997183
v -1.11763718 0.55361025 -0.89807213
v -1.21909441 1.28563540 -0.31338707
v -1.10768368 1.83706204 -0.34744413
v -1.16931691 1.99755518 -0.75471390
v -1.19729437 -1.03018351 -0.22675971
v -1.15468134 -0.06054466 -0.89804698
v -1.05593516 0.04981629 -0.90196044
v -1.05119254 1.99622719 -0.42919389
v -1.08011951 2.00303976 -0.48529986
v -1.01675345 1.85138719 -0.90223719
v -1.08474435 -1.99531146 0.03152007
v -1.12878336 -1.98227652 -0.89515127
v -1.05808355 -1.52724750 -0.90194679
v -1.05591239 -0.83803065 -0.23391815
v -1.08900072 -0.51902264 -0.11335726
v -1.04251577 -0.47715354 -0.90193958
v -1.01746823 -0.26085901 -0.12809187
v -1.05326249 -0.12874068 -0.14285705
v -1.06266810 1.72530238 -0.33365709
v -1.05444242 1.99450104 -0.35661487
v -1.02446701 -1.99376698 -0.89854551
v -1.11026492 -1.94598492 0.03216571
v -1.12452640 -1.51638897 -0.02601954
v -1.14620795 -1.48610647 -0.03021676
v -1.02327992 -1.28484459 -0.89799238
v -1.04417457 1.47507207 -0.30616648
v -0.97570517 1.99781124 -0.89893026
v -1.00510194 -1.66854222 0.01424118
v -1.05536618 0.26178931 -0.18630617
v -1.13616230 0.70779185 -0.24290485
v -1.09505703 1.03785650 -0.26590995
v -1.08665528 1.49597470 -0.89807177
v -1.19110717 1.99499003 -0.87589402
v -1.09842851 -1.22966100 -0.20980183
v -1.01257362 -1.07492538 -0.25176702
v -1.09350814 -1.01014610 -0.23487672
v -1.04407896 -0.46111585 -0.11562993
v -0.98000111 0.57638006 -0.20715112
v -1.01609947 0.79137699 -0.22885380
v -1.06658711 0.77304797 -0.90199096
v -0.95698931 -0.30893424 -0.89803536
v -1.04312863 -0.16912981 -0.90189833
v -1.02689554 0.89185886 -0.24469363
v -1.06914677 1.03775744 -0.89805067
v -1.01136758 1.07995610 -0.90195079
v -0.99564673 1.30512433 -0.27791590
v -0.98291923 1.22276883 -0.27170808
v -1.05534448 1.97570579 -0.35999365
v -1.15168406 1.99260609 -0.88319344
v -0.98684265 -1.99805124 -0.38751916
v -1.09581854 -1.17131437 -0.21376770
v -0.92649176 0.33409510 -0.17006541
v -1.03669490 0.47983043 -0.90197475
v -1.09214808 -2.00235064 -0.85175044
v -0.91595139 -2.00201483 -0.54434783
v -0.91476299 -1.91556616 -0.90320964
v -1.01177110 -1.09899087 -0.90188296
v -0.93000068 -0.75547479 -0.90191747
v -0.95483221 -0.52181113 -0.16174484
v -1.04523935 0.09629939 -0.16431060
v -0.95670165 1.63698022 -0.30522133
v -0.82091190 -1.89303692 0.06484557
v -1.04741218 -1.44971128 -0.08934288
v -0.98911561 -1.34938373 -0.14801817
v -1.04181387 -0.38226361 -0.11550102
v -0.94866468 0.83664720 -0.89810134
v -0.99619867 1.45221512 -0.90192068
v -1.09080233 1.99523513 -0.87986840
v -0.98005535 -1.54075630 0.00886753
v -1.02345325 1.24745945 -0.90186311
v -0.99311854 1.99852626 -0.81534708
v -0.88668301 0.02499153 -0.89803005
v -0.89903726 1.78957526 -0.89821167
v -0.91169908 2.00393073 -0.78570307
v -0.91827096 -2.00232764 -0.82677967
v -0.84627499 -2.00183590 -0.21918086
v -1.03580965 -1.99589928 0.00948570
v -0.94880392 -1.05373658 -0.24096700
v -0.89725043 1.35959761 -0.89795733
v -1.00654032 1.98727052 -0.89365567
v -0.91219057 1.99872415 -0.62845553
v -0.86818327 -1.68313976 0.04057809
v -0.90307476 -1.47259028 -0.04288364
v -0.97184517 -1.20565893 -0.21319241
v -0.79652287 1.16085283 -0.23355598
v -0.95250966 -2.00318737 0.02138661
v -0.93738903 -1.98350366 -0.89253909
v -0.94152524 -1.70710714 -0.90212865
v -0.91344227 -1.21412076 -0.21523131
v -0.86322643 -0.48308814 -0.18767171
v -0.80702962 2.00071017 -0.33585332
v -0.78996863 -1.99841662 -0.71698446
v -0.87752881 -1.98396786 0.06127697
v -0.93713571 -1.89382096 -0.89923222
v -0.82580020 -1.63415988 -0.89801980
v -0.91551473 -1.33732297 -0.16642130
v -0.90790500 -0.75638800 -0.22748336
v -0.81107702 -0.59443565 -0.89804865
v -0.86257090 0.00637953 -0.13166450
v -0.90203740 0.34359597 -0.17145950
v -0.88840165 0.38238959 -0.89805312
v -0.87688448 0.96800761 -0.22536727
v -0.89771141 1.65114157 -0.90201498
v -0.93972983 -1.99758537 -0.01597836
v -0.96131803 -1.92769011 0.05248605
v -0.87849547 -1.55468185 0.01798134
v -0.76922860 -0.85284875 -0.23416708
v -0.83360686 -0.35034887 -0.90192516
v -0.81036057 0.04731880 -0.12398698
v -0.82491245 0.58626048 -0.18173789
v -0.83858778 0.81413333 -0.21056550
v -0.80307378 1.91556899 -0.30673821
v -0.85328533 -1.45234151 -0.06813907
v -0.87434556 -1.23493303 -0.90187241
v -0.79986824 -0.83301313 -0.24359164
v -0.85957171 -0.04466383 -0.90191073
v -0.87187674 0.71533482 -0.90191621
v -0.82619919 0.58254818 -0.89797909
v -0.86554970 1.06306486 -0.89807952
v -0.76403846 1.88551061 -0.30691261
v -0.89781084 -0.32899103 -0.10447767
v -0.87415637 0.28647147 -0.90192444
v -0.83834173 2.00224034 -0.47842024
v -0.80392112 -1.99314161 0.07950548
v -0.87587370 -0.22600441 -0.10658337
v -0.84967448 0.99839525 -0.22921658
v -0.79847481 -0.64268558 -0.23309987
v -0.80366792 -0.23963119 -0.10625216
v -0.72721257 0.91595487 -0.90197546
v -0.77977337 1.41056447 -0.90191037
v -0.81678082 1.38965468 -0.26349107
v -0.89968564 1.99219076 -0.88623006
v -0.73795905 -1.87091966 0.07917494
v -0.82931902 -1.22129263 -0.18424476
v -0.80686571 -1.25229295 -0.89801253
v -0.69284995 -1.01867093 -0.90197510
v -0.79444839 -0.94385488 -0.89806236
v -0.82319452 0.77335755 -0.19396568
v -0.74860074 1.16436331 -0.90191347
v -0.82879140 1.58753626 -0.28508289
v -0.78093137 0.63043325 -0.19800264
v -0.67553147 1.99840896 -0.46101264
v -0.81381680 1.99286358 -0.33830432
v -0.74041762 -1.99803074 -0.19677272
v -0.75615324 -1.55126186 -0.90186627
v -0.80315461 -1.34270407 -0.11284234
v -0.68032392 0.76389007 -0.89805437
v -0.74962260 1.17712132 -0.23212449
v -0.70040967 1.49069159 -0.25218850
v -0.69841411 -1.01133038 -0.20284911
v -0.76459195 0.55723326 -0.90188200
v -0.71321978 1.73338096 -0.27824015
v -0.75026276 -1.99812062 -0.48550696
v -0.74613537 -1.99696882 0.03049901
v -0.73365070 -1.99441655 -0.88818211
v -0.76201679 -1.50744267 0.03409063
v -0.69013103 -1.35772623 -0.90189923
v -0.74961521 -1.02506055 -0.22052399
v -0.64802845 -0.22282498 -0.14807055
v -0.68377068 -0.26597861 -0.89804817
v -0.64775510 0.12950890 -0.90196956
v -0.73103859 1.92727105 -0.90259392
v -0.77967252 2.00069706 -0.88926018
v -0.76831021 -1.92641075 -0.89852978
v -0.62753322 -1.74373348 -0.90201224
v -0.63373132 -0.42432001 -0.19998556
v -0.70840265 0.37470583 -0.90195120
v -0.72303726 0.32956706 -0.14046144
v -0.65471919 1.90744130 -0.89861358
v -0.73525717 1.99934046 -0.81045289
v -0.66861476 -1.99857111 -0.89346660
v -0.66091599 -2.00203343 -0.48575021
v -0.70408835 -2.00207241 0.05818519
v -0.65166314 -1.66060229 0.06645273
v -0.65044828 -1.33565118 -0.05871554
v -0.76498713 -1.23194446 -0.17222790
v -0.77426233 -0.19901766 -0.09641098
v -0.74068500 0.46404110 -0.17535097
v -0.67843457 -0.62767992 -0.90194703
v -0.59271933 0.64765327 -0.90192939
v -0.70532336 1.49199431 -0.89807899
v -0.65923216 1.70215385 -0.90198041
v -0.65550258 1.99396126 -0.88727672
v -0.54166146 -2.00180014 -0.06270665
v -0.62026264 -0.08773457 -0.90194596
v -0.66594006 0.38985543 -0.89804573
v -0.62894287 0.80526905 -0.18431179
v -0.65727373 0.83747487 -0.19481260
v -0.59667464 -0.61093202 -0.22586415
v -0.60287358 -0.19044088 -0.15575763
v -0.67842664 0.19620220 -0.12516399
v -0.65572758 1.99484269 -0.29712270
v -0.65478798 -2.00236435 -0.79731549
v -0.65433975 1.03504269 -0.89803899
v -0.62128677 1.59313218 -0.25444611
v -0.67296960 2.00253765 -0.59928907
v -0.60964640 -1.71122547 -0.89805193
v -0.62210466 -1.45516433 0.04580410
v -0.67326339 -1.33056285 -0.06194920
v -0.62973507 -1.17174710 -0.12814548
v -0.55687411 -1.20351382 -0.89809049
v -0.56088831 -0.36970128 -0.90194286
v -0.54855772 -1.98305924 0.11095852
v -0.62765982 -1.47683247 0.05808039
v -0.59746220 0.11593006 -0.89808840
v -0.65064611 0.48223303 -0.18460669
v -0.51109071 0.58060400 -0.19234858
v -0.55086024 1.33708243 -0.90198571
v -0.53664865 2.00250976 -0.83000905
v -0.58194884 -1.13495125 -0.12806476
v -0.62878789 -0.80107193 -0.89810599
v -0.62220575 -0.40757020 -0.21456648
v -0.62972774 -0.04518907 -0.09449593
v -0.61722149 0.96028428 -0.18706536
v -0.53607764 1.28862457 -0.21133905
v -0.57709279 1.98767511 -0.29102097
v -0.55746885 2.00236313 -0.37999369
v -0.38725986 -1.99805601 -0.33619542
v -0.67222007 -1.95552428 0.09776249
v -0.58553608 -1.90204080 -0.89841796
v -0.54152049 -1.62849744 0.08361394
v -0.60611160 -0.02793218 -0.08876617
v -0.51406642 0.17453734 -0.15069644
v -0.54319038 0.62024705 -0.19967847
v -0.65717180 -1.99845429 0.09788386
v -0.54351338 -1.96766158 -0.90339715
v -0.59759595 -1.36288442 0.01776429
v -0.54477133 -1.44723477 -0.89799691
v -0.55554237 -0.79061066 -0.21750309
v -0.55209168 -0.56088333 -0.23607846
v -0.57981940 0.41329120 -0.19137325
v -0.57194139 1.03191738 -0.90193016
v -0.52843430 1.68619554 -0.89813585
v -0.58555265 1.99869339 -0.73990870
v -0.49693080 1.99481217 -0.89821858
v -0.44365014 0.17258905 -0.17881145
v -0.54518892 1.05183391 -0.18917210
v -0.54768493 1.36223464 -0.21648378
v -0.54201277 1.84114377 -0.26680390
v -0.51290770 -1.99831052 -0.63474388
v -0.50355228 -1.99790211 -0.04006133
v -0.49365522 -0.82933538 -0.90199299
v -0.46102466 0.57321136 -0.89803297
v -0.50770583 -1.86742421 -0.90216399
v -0.36706908 -1.54826863 0.09764177
v -0.59922029 0.09317367 -0.09918326
v -0.48010834 1.13345353 -0.18344060
v -0.48596640 1.29409353 -0.89808310
v -0.49643578 1.89240400 -0.90297151
v -0.48186614 2.00208776 -0.55017681
v -0.52712305 -1.99085398 0.12016296
v -0.49144562 -1.99637826 -0.87744195
v -0.50559618 -1.94597621 0.12195019
v -0.48119475 -1.19429006 -0.02269769
v -0.47462906 -1.03318627 -0.10855426
v -0.35971119 1.03723638 -0.89801706
v -0.46913328 1.57152907 -0.90196968
v -0.40411981 -1.86493619 0.12498940
v -0.48012479 -0.94113670 -0.16023337
v -0.40809913 -0.97938235 -0.89810128
v -0.46706589 -0.74661319 -0.19825985
v -0.42204531 -0.17469068 -0.19319735
v -0.43180050 -0.19684737 -0.90198410
v -0.49399151 1.77085392 -0.24891695
v -0.38768919 -2.00213786 -0.63770992
v -0.44839229 -1.46205159 -0.90188450
v -0.37819554 -1.19524409 -0.90195037
v -0.39265694 -0.77991380 -0.89806015
v -0.46887507 0.32544981 -0.90193880
v -0.29721345 1.99401443 -0.31280390
v -0.51920076 1.99794237 -0.28237654
v -0.31744303 -2.00083383 -0.89158554
v -0.43968638 -0.62839124 -0.90193702
v -0.48653497 1.95944707 -0.26199759
v -0.36657729 1.99792831 -0.79584319
v -0.47050400 -1.28393032 0.05651799
v -0.42464842 -0.57804956 -0.89805425
v -0.37848582 -0.30658189 -0.21790024
v -0.50278403 0.03720350 -0.12232041
v -0.39472176 0.39056001 -0.20313805
v -0.45727714 0.35995136 -0.19035811
v -0.41116335 0.82490019 -0.14248192
v -0.43339862 1.99811594 -0.54340882
v -0.39840968 -1.78931232 0.12194350
v -0.33835020 -0.08417390 -0.89809192
v -0.45807596 0.01172672 -0.12707673
v -0.34848918 0.62979571 -0.16610547
v -0.47174545 0.89860527 -0.16325071
v -0.40098907 0.83483343 -0.90194745
v -0.45491709 -2.00231369 0.09998397
v -0.39347549 -1.92106719 -0.89817412
v -0.41419311 -1.40048035 0.08024116
v -0.35937854 -1.19983377 0.06209329
v -0.39844318 -0.33475780 -0.89811260
v -0.39233025 0.53651111 -0.90192438
v -0.31225230 2.00187628 -0.78773893
v -0.29119595 0.30118702 -0.89805592
v -0.32955851 0.77681093 -0.89807732
v -0.33249916 1.60232250 -0.21220633
v -0.37008204 1.98566143 -0.89228005
v -0.36938657 -0.19051062 -0.19802147
v -0.41018297 0.71553509 -0.16883028
v -0.37184413 -2.00188942 -0.26388020
v -0.25586690 -1.75405057 -0.89813317
v -0.25662174 -1.51504453 -0.89799566
v -0.33737506 -1.01739343 -0.04475169
v -0.29915591 0.90635185 -0.13272780
v -0.35692694 1.09069376 -0.90193171
v -0.33283855 1.41752390 -0.89805509
v -0.31924738 1.62194554 -0.20812010
v -0.35867216 1.87059609 -0.24304316
v -0.23358091 -1.55949886 0.12278592
v -0.34659352 -0.84528019 -0.12871819
v -0.32010760 -0.64892501 -0.18954706
v -0.38179614 0.08156632 -0.90192933
v -0.30540212 1.74762981 -0.90216912
v -0.29922910 -0.53788018 -0.19512292
v -0.25937595 -0.41287371 -0.90195448
v -0.33001079 -0.35486413 -0.21317048
v -0.36953505 1.16179542 -0.17355939
v -0.29983367 1.35089521 -0.90193588
v -0.33976771 1.34663264 -0.18373893
v -0.10728513 1.62346904 -0.89807630
v -0.36306395 2.00096528 -0.26385356
v -0.21739854 -2.00195880 0.01359139
v -0.40497347 -1.99614044 0.13762084
v -0.31216516 -1.99744781 -0.82029862
v -0.34472902 0.00518860 -0.16936400
v -0.26743771 0.47895853 -0.18574352
v -0.20042886 1.89444320 -0.89884681
v -0.36703505 1.98031895 -0.26379082
v -0.26269950 -1.31865074 0.09462419
v -0.25201483 0.98469214 -0.13785695
v -0.27885326 -1.99726398 0.04139781
v -0.19628291 -1.98553546 0.16321515
v -0.23589285 -1.91182573 0.15916144
v -0.31446179 -1.69666429 -0.90189780
v -0.21620478 -1.16193934 -0.89802016
v -0.28224607 -1.00738277 -0.00343380
v -0.17981737 -1.02768524 -0.90190304
v -0.25447144 -0.37364673 -0.21392798
v -0.22697153 1.06605987 -0.13848423
v -0.28990551 1.87711899 -0.22610524
v -0.29001667 1.94442479 -0.90530969
v -0.29725524 2.00318758 -0.45264689
v -0.30750330 -1.13069286 0.06697018
v -0.29584827 1.34951345 -0.18140068
v -0.20644732 1.99738519 -0.48479853
v -0.17878549 -1.99783750 0.17212788
v -0.23593517 -1.98024126 -0.89203150
v -0.15069066 -1.92508121 -0.90461505
v -0.15697228 -1.99816735 -0.62488163
v -0.15662276 -1.21387990 0.09627184
v -0.18776740 -0.73253952 -0.11263999
v -0.27256532 -0.68199834 -0.15684127
v -0.22485318 -0.70014541 -0.90191121
v -0.18471705 0.12960254 -0.90199680
v -0.24254783 0.03586329 -0.17775755
v -0.20778610 0.31583653 -0.19111761
v -0.13228219 0.66804103 -0.90196372
v -0.18690642 0.72178428 -0.10643464
v -0.10768076 -2.00211175 -0.81155498
v -0.19929986 0.41159235 -0.90193571
v -0.20088669 0.62282900 -0.13684517
v -0.23540230 0.71412460 -0.10995240
v -0.17919203 0.90064685 -0.90193845
v -0.14956250 -1.46932514 -0.90191717
v -0.14951493 0.12601141 -0.89810098
v -0.14862325 0.61679701 -0.89805795
v -0.20821776 1.54200534 -0.90193892
v -0.15321596 -0.32257749 -0.89803887
v -0.17936220 -0.00210588 -0.19968938
v -0.17144616 0.23507742 -0.20262682
v -0.16803281 1.16896073 -0.90190501
v -0.21329268 1.98754804 -0.88957537
v -0.23859854 1.99209063 -0.23274239
v -0.15880426 -1.89892121 0.16542634
v -0.16024323 -0.76841714 -0.89801563
v -0.10581832 -0.25943872 -0.90191979
v -0.15019216 2.00082581 -0.88882191
v -0.07392542 1.19992868 -0.13307011
v -0.13039743 1.31267719 -0.14896711
v -0.19234665 1.98122661 -0.23515701
v -0.08510827 -2.00191887 -0.46478681
v -0.06351810 -1.99810071 -0.03358949
v -0.08812400 -1.74897786 -0.90216214
v -0.12368457 -1.73141273 0.15700836
v -0.12206029 -1.20751001 -0.90190704
v -0.11880930 -0.83846657 -0.00935551
v -0.13498836 -0.79112788 -0.04178939
v -0.19242768 -0.13360272 -0.20235921
v -0.11114474 1.91840903 -0.20887714
v -0.09619077 1.99787681 -0.74736030
v -0.02433645 -1.40811075 0.13527942
v -0.13138314 -1.08249529 0.09308940
v -0.14393492 -0.94983830 0.06818734
v -0.04716044 1.91688315 -0.19493713
v -0.10480167 2.00177376 -0.50304995
v -0.04097040 -1.66886337 0.15880754
v -0.09657283 -0.47686751 -0.16578863
v -0.08006774 -0.33261121 -0.17997982
v -0.06892692 -0.12416501 -0.20608930
v -0.10638725 0.46575074 -0.14688670
v -0.04970105 0.79033629 -0.08775662
v -0.07271214 0.90292565 -0.89806301
v -0.03023412 1.47192745 -0.15378726
v -0.10577272 2.00159852 -0.22528181
v -0.07575609 -1.29122867 0.11990169
v -0.07298304 -0.60662934 -0.09891063
v -0.06521164 1.24091260 -0.89801622
v -0.10434468 1.68391649 -0.18189588
v -0.10377609 -0.94864474 0.07220261
v -0.04085313 1.35475378 -0.90189726
v -0.07443823 2.00194494 -0.71270598
v -0.01398073 -2.00187142 -0.18501472
v 0.09948675 -1.17455293 -0.89805371
v -0.04987945 0.44237344 -0.89805509
v -0.07030540 0.68451254 -0.07626520
v -0.08805304 1.92943041 -0.90437425
v 0.06016977 2.00366680 -0.28422357
v -0.06150554 -1.99801476 -0.37885959
v -0.02453451 -1.92223115 -0.89909191
v -0.03122063 -1.46979232 -0.89806701
v -0.07034202 0.07443558 -0.19299352
v -0.00997095 -1.69041534 -0.89816804
v -0.01200174 -0.69309896 -0.90192998
v 0.02639193 -0.53655657 -0.89807076
v 0.02810759 0.16431849 -0.19353385
v -0.07001768 0.41760670 -0.15862922
v -0.00003858 -1.99809666 -0.80290885
v 0.01331900 -1.95143028 0.20084064
v 0.04982835 -0.18190424 -0.18955665
v 0.03890155 -0.10859765 -0.89798052
v -0.00276299 1.65030591 -0.90195257
v -0.06236668 1.75185816 -0.18606982
v 0.00269268 -1.99408551 -0.90061123
v 0.13306386 -2.00194629 -0.62575490
v 0.00064318 -1.55161150 0.15733401
v 0.03794936 -0.86131291 -0.89804114
v 0.00408427 -0.27062932 -0.18617951
v 0.08693564 0.28323714 -0.90191949
v 0.00794963 0.90619676 -0.08686911
v -0.02756365 1.99821655 -0.53756089
v 0.05142913 -1.84979578 0.19065449
v -0.03950481 -0.86591526 0.08368060
v 0.00528137 -1.99592193 0.17426222
v 0.03170113 -1.30467446 -0.90193839
v 0.10109368 -1.00221415 -0.90193088
v 0.02521117 -0.98746343 0.10719658
v 0.08129130 0.58263366 -0.90194900
v 0.16339644 0.76224141 -0.89804835
v 0.09720716 0.95448963 -0.08224791
v 0.20086237 -2.00252433 0.06334871
v 0.13754487 -2.00028546 0.21270610
v 0.06386834 -1.98046537 0.20118659
v 0.09976469 -1.09118630 0.12152947
v 0.08801600 -0.46209679 -0.90195663
v 0.08030095 -0.28787801 -0.89807863
v 0.08586479 1.06478815 -0.90197916
v 0.00555582 1.41801874 -0.13905976
v 0.07256588 1.99450509 -0.88153715
v 0.01136417 1.99589698 -0.89895261
v 0.21024789 -1.98172982 -0.89458329
v 0.14606900 -1.99803920 -0.52830590
v 0.08077022 -1.16555829 0.13131799
v 0.00187887 -0.75043835 0.02977420
v 0.03503091 -0.73188885 -0.00442426
v 0.06010808 -0.11723422 -0.90187986
v 0.01800419 0.29189806 -0.16201637
v 0.09148256 0.82137315 -0.90195102
v 0.19635991 1.86059753 -0.89780647
v 0.15186228 1.99374406 -0.19300541
v 0.11613829 -1.78509005 0.19792234
v 0.01334984 -0.54843485 -0.08391750
v 0.16983361 0.14113061 -0.89799572
v 0.01419393 0.51388089 -0.08846215
v 0.09249279 1.16960446 -0.10102482
v 0.15026098 1.88225381 -0.16875077
v 0.09296099 1.99862163 -0.36969961
v 0.15130306 -1.99845083 -0.00009862
v 0.13379416 -1.85046454 -0.90271980
v 0.03147186 -0.47257530 -0.13392475
v 0.03558929 0.58048574 -0.07633489
v 0.20010948 1.21890513 -0.09375934
v 0.09587885 1.65640919 -0.14911036
v 0.14134946 1.99879305 -0.73992068
v 0.11825569 2.00264256 -0.71346105
v 0.09362508 2.00247733 -0.46557549
v 0.20034309 -1.59974094 -0.90198661
v 0.08885833 -1.33802249 0.14915050
v 0.03406305 -0.82780273 0.07246432
v 0.03999905 -0.83341755 0.08511934
v 0.03651954 -0.37364467 -0.15317757
v 0.11529892 0.01459072 -0.19037827
v 0.12382377 0.06437157 -0.90187068
v 0.03253324 0.37487732 -0.15042863
v 0.19237263 0.63052611 -0.10140688
v 0.07797879 0.73971288 -0.05718532
v 0.14943979 1.69540708 -0.89796657
v 0.16546191 1.92690913 -0.90189339
v 0.15314516 2.00399200 -0.83783961
v 0.20625532 -0.59665677 -0.13870873
v 0.13719795 0.22671305 -0.18312565
v 0.12207231 1.02676706 -0.89806534
v 0.21898951 1.46741287 -0.89803893
v 0.13584594 -2.00195427 -0.84533680
v 0.09053625 -0.74757283 -0.01159090
v 0.22295474 -0.77050953 -0.08551864
v 0.22283634 -0.58118373 -0.15605798
v 0.20982832 0.46313779 -0.15190611
v 0.27011011 0.67243413 -0.11884811
v 0.20085141 1.63873641 -0.90184326
v 0.16984167 1.61665360 -0.13800856
v 0.10368889 1.99513285 -0.18297469
v 0.27683783 -1.99806114 -0.22236898
v 0.17772386 -0.87047835 -0.00024340
v 0.07806198 0.64884023 -0.05230437
v 0.10516843 -1.99667473 0.17511024
v 0.21789273 -1.78294511 -0.89854396
v 0.21776294 -1.51276870 0.18621310
v 0.26005824 -1.43797119 0.18123651
v 0.20466858 -1.04805078 0.12382089
v 0.16638703 -0.24548905 -0.20299424
v 0.15229490 0.42861764 -0.89809478
v 0.09672869 0.67467575 -0.05925466
v 0.24669483 1.20655362 -0.89812524
v 0.21958051 1.41917281 -0.90196271
v 0.21732392 -1.37431933 -0.90185512
v 0.17773102 -1.01929434 0.12779426
v 0.22257958 -0.92390286 0.01345103
v 0.22769103 -0.66651876 -0.90192510
v 0.24465862 -0.02015250 -0.19440658
v 0.27546029 0.39650534 -0.18317018
v 0.21386116 0.92496686 -0.05681095
v 0.30190141 -0.25684703 -0.90194530
v 0.27295652 -1.99814053 -0.89681185
v 0.34286097 -2.00196202 -0.19559657
v 0.31859430 -1.94576951 -0.90276826
v 0.19263179 -1.95411511 0.22753880
v 0.37343081 -1.63391121 0.21776754
v 0.33801113 -1.12661310 -0.90196801
v 0.24834347 -0.53181733 -0.89805538
v 0.26538045 -0.46455399 -0.17994159
v 0.23747705 0.81305544 -0.04755740
v 0.36716388 1.19917862 -0.90197290
v 0.26149125 1.42789046 -0.10153556
v 0.23107516 1.99773948 -0.89095266
v 0.25265870 1.43688004 -0.10773699
v 0.37612299 2.00213973 -0.62661559
v 0.27127157 -1.50161834 -0.89795668
v 0.29949781 -0.83313285 -0.89808572
v 0.32227364 -0.31133744 -0.19478750
v 0.35643039 0.23338972 -0.18256534
v 0.31247858 0.42411600 -0.90196676
v 0.27148120 0.85916333 -0.05003145
v 0.26442156 0.96827857 -0.90189589
v 0.29354835 1.78525965 -0.13214728
v 0.27105073 1.99750058 -0.15957806
v 0.17967188 -1.99718769 0.18194619
v 0.35158011 -1.99183603 0.23333882
v 0.28519008 -1.35265960 0.18069816
v 0.37034715 -0.53495991 -0.19273258
v 0.31363167 -0.13755362 -0.17762057
v 0.30435498 -1.99805756 -0.80541445
v 0.37500310 -1.99871357 0.13796947
v 0.23673970 -0.77396427 -0.08502854
v 0.33486272 0.11861233 -0.16025115
v 0.27799780 1.99592201 -0.87080968
v 0.39865545 -1.65959902 0.22812910
v 0.39058818 -1.23669173 -0.89805586
v 0.51250904 -1.32241835 0.09365352
v 0.44415369 -0.51224876 -0.90195293
v 0.39865340 -0.36213453 -0.89803249
v 0.39825676 -0.12129431 -0.89808864
v 0.33572679 1.88251917 -0.90178395
v 0.35161890 2.00283305 -0.26427255
v 0.31491219 -1.11035551 0.09059113
v 0.36560609 0.13438271 -0.90192790
v 0.36815098 1.12054829 -0.05453140
v 0.47737598 -1.99830599 -0.70009721
v 0.37269504 -1.91293700 0.24465712
v 0.40569751 -1.83342715 0.24708535
v 0.36024581 -0.87531345 -0.90198172
v 0.39443629 -0.14721851 -0.18398070
v 0.40671646 0.37403826 -0.89806230
v 0.36783821 1.99834816 -0.53101016
v 0.43023941 1.99883787 -0.32378934
v 0.34455010 0.69906311 -0.90195263
v 0.43842153 0.95602195 -0.89800406
v 0.36214799 -1.99220450 0.25392824
v 0.36410139 0.68151288 -0.89806605
v 0.43375235 1.26179664 -0.89806903
v 0.44589512 1.68952028 -0.89803220
v 0.41170133 -2.00185438 -0.46658705
v 0.35942272 -1.25326063 0.17900132
v 0.49053581 -1.10204186 -0.05656761
v 0.43776770 0.43057237 -0.17452014
v 0.57926552 1.31278352 -0.04175340
v 0.36678417 -2.00245293 -0.81543095
v 0.45153431 -2.00357337 0.21393906
v 0.45638856 -1.42385109 -0.90186269
v 0.41752687 -0.35699916 -0.20126518
v 0.48669558 1.66439931 -0.90191162
v 0.43797449 1.90268366 -0.12698050
v 0.50267236 0.94888024 -0.08437359
v 0.48485025 1.99793069 -0.75965173
v 0.50233858 -0.87534733 -0.15265385
v 0.49926498 0.12284343 -0.89807899
v 0.54496316 0.75946931 -0.14794455
v 0.41416575 1.11353855 -0.05127190
v 0.49539472 1.58433954 -0.08603694
v 0.41392860 -1.91262169 -0.89865101
v 0.46553856 -1.71094163 -0.90194733
v 0.47116866 -1.47951861 0.22151459
v 0.43684372 -1.35598727 0.19745555
v 0.43591302 -0.83677586 -0.13643865
v 0.44868980 0.00155590 -0.11604443
v 0.41933351 0.99696712 -0.03646144
v 0.49380034 1.33087794 -0.06045409
v 0.49699920 1.36394612 -0.90194393
v 0.47266274 2.00476448 -0.82726706
v 0.44712181 -1.99537356 -0.87784983
v 0.46143929 -1.26559009 0.10123996
v 0.44548234 -1.09092565 -0.02569480
v 0.43263840 -0.96499486 -0.08484110
v 0.55341388 -0.67974606 -0.89809585
v 0.53598877 0.79050068 -0.14645510
v 0.53784096 0.96878581 -0.09291747
v 0.57711489 1.91741125 -0.89693994
v 0.43301199 1.99513547 -0.87402625
v 0.45426565 1.99517386 -0.14629939
v 0.56774862 -1.99797829 -0.46551100
v 0.64510359 -1.76814325 -0.89811427
v 0.46034652 -1.00652410 -0.89804519
v 0.52442211 0.94072382 -0.90190620
v 0.50949272 1.92340986 -0.11339288
v 0.46134153 -0.69945687 -0.17478646
v 0.53586456 -0.19180478 -0.14897453
v 0.44537663 0.03211762 -0.13673436
v 0.57859896 1.40695219 -0.89804912
v 0.54967342 1.66074483 -0.08158839
v 0.56207154 1.99494807 -0.90007145
v 0.54959730 -0.05648710 -0.90197075
v 0.56743295 0.71878783 -0.89801730
v 0.59077994 0.65335004 -0.90193201
v 0.53454592 1.99927561 -0.13036056
v 0.62254221 -2.00206764 -0.62792529
v 0.60753376 -2.00194295 -0.04216616
v 0.54010388 -0.59378562 -0.19419695
v 0.60191567 0.32436482 -0.14388787
v 0.46240969 1.03074531 -0.04198402
v 0.53283244 -1.99809428 -0.89932860
v 0.50041842 -2.00332697 -0.85308064
v 0.62914796 -1.42824711 -0.89802725
v 0.58008681 0.19602923 -0.12997507
v 0.55843471 0.29267244 -0.90197874
v 0.59845878 -1.97804888 0.28170549
v 0.53738013 -1.98217924 0.27877595
v 0.64659597 -1.81410773 0.27827503
v 0.59094931 0.65297524 -0.17141009
v 0.69978399 2.00209443 -0.46614830
v 0.65388204 -1.23942109 -0.90193433
v 0.55281593 -0.95233496 -0.90191663
v 0.62558736 0.11743490 -0.07726280
v 0.62235529 1.85862653 -0.09426486
v 0.63986916 -1.84164341 -0.90298654
v 0.56484283 -1.47898288 0.23224852
v 0.62826873 0.43348805 -0.89808978
v 0.65180964 -1.99770017 0.14295087
v 0.61952652 -1.15199544 -0.89805455
v 0.60537518 -1.05225451 -0.11825865
v 0.69983028 -0.68161369 -0.90191127
v 0.61745070 -0.04950304 -0.89806486
v 0.65374477 1.12739663 -0.90195293
v 0.69462616 1.79898684 -0.90198083
v 0.56125091 2.00283711 -0.19385221
v 0.64055009 -2.00182040 -0.35799063
v 0.57002265 -1.96591087 -0.89611823
v 0.59606389 -1.23478766 -0.02505420
v 0.66022117 -0.60771497 -0.20251259
v 0.59230889 -0.32363947 -0.90187628
v 0.67697043 -0.12736099 -0.08734024
v 0.75031052 -0.15764015 -0.05435723
v 0.58974780 1.06694679 -0.89805139
v 0.66648201 1.99807636 -0.62130834
v 0.64990176 1.99868934 -0.25148744
v 0.64301137 -1.99795897 -0.14384356
v 0.68979342 -1.72644563 0.28027373
v 0.64162899 -1.56904395 0.24820023
v 0.75922124 -0.22571363 -0.89801265
v 0.65872506 0.67836182 -0.16284249
v 0.66009120 1.99468414 -0.87307931
v 0.70125918 -2.00265439 -0.79786534
v 0.74680273 -1.55291446 -0.90190167
v 0.64784698 -1.43018235 0.09037501
v 0.73636077 -0.85966693 -0.19956318
v 0.77924476 -0.55675557 -0.17855203
v 0.67767657 -0.39243949 -0.17236667
v 0.67385007 0.01233975 -0.00193200
v 0.65170537 0.00622709 -0.02991926
v 0.72855444 0.52728538 -0.15675647
v 0.63169570 1.21666436 -0.03212245
v 0.77897401 1.19820683 -0.89806492
v 0.68390436 1.47129480 -0.90194059
v 0.65040050 -1.93858715 0.29479428
v 0.77550263 -0.88852446 -0.89796353
v 0.72750528 -0.91963740 -0.18171101
v 0.74458708 -0.49001160 -0.89807017
v 0.67899604 0.13802276 -0.06955130
v 0.64500399 1.21579496 -0.02668449
v 0.76562474 1.68058555 -0.89808453
v 0.72723381 -1.99518927 -0.87852229
v 0.71052457 -1.93945773 -0.89596535
v 0.73802019 -1.09831406 -0.15695559
v 0.77216924 1.50224702 -0.03635370
v 0.79072563 1.52903180 -0.03181836
v 0.67905824 1.99388520 -0.10983962
v 0.71686722 2.00443785 -0.87215508
v 0.69996677 -1.52639099 0.14199652
v 0.80859832 -0.44623758 -0.90196938
v 0.74252511 -0.13144668 -0.90193052
v 0.79263140 0.08823375 -0.90197826
v 0.84304528 1.91692035 -0.06040341
v 0.80328546 -2.00252386 0.09925327
v 0.75253467 -1.99992140 0.30418133
v 0.73967595 -1.61671706 0.27159678
v 0.69656320 -1.56109090 0.22135816
v 0.70097328 -1.40659787 0.00631038
v 0.73374019 1.13959281 -0.08750182
v 0.81777720 -1.99833782 -0.68918366
v 0.75365321 -0.95720716 -0.90186454
v 0.76423896 0.36137305 -0.90196491
v 0.89148079 0.94270746 -0.15840814
v 0.81770740 1.20999043 -0.09375370
v 0.73585404 1.71181099 -0.06232258
v 0.73207910 1.99676840 -0.09247463
v 0.73819185 -1.99927290 -0.89771659
v 0.78828160 0.16225652 -0.89808471
v 0.77432109 0.83333640 -0.90196485
v 0.79250981 -1.86870439 0.30785607
v 0.72410898 -1.27914430 -0.08523644
v 0.82832931 -0.76233114 -0.18946014
v 0.81956522 0.55927555 -0.13697890
v 0.78453360 0.65988164 -0.89810313
v 0.75062318 2.00330321 -0.14932176
v 0.74119646 -1.31405528 -0.06182147
v 0.89722339 -1.27222325 -0.89794911
v 0.89426063 0.18935184 0.04081434
v 0.87206922 0.47771750 -0.11182065
v 0.86294363 0.89213340 -0.89805056
v 0.90424327 -1.99800988 -0.36500902
v 0.80516670 -1.55963464 -0.89804066
v 0.86095903 -0.62987833 -0.18666329
v 0.75667755 1.01052098 -0.13591042
v 0.90780721 -2.00198467 -0.47813342
v 0.83099471 -2.00183924 -0.20921490
v 0.79852889 -1.66960617 0.28320148
v 0.79726146 -1.55803342 0.14121773
v 0.83053366 -1.14678778 -0.15699453
v 0.85020844 1.74752609 -0.04453082
v 0.88814591 1.82194178 -0.05058515
v 0.89269350 -0.12483125 0.06584370
v 0.97583578 0.09178690 -0.89804561
v 0.90148131 0.19633125 0.03570698
v 0.87898443 1.12099425 -0.90194751
v 0.79018123 1.34748320 -0.02571195
v 0.87565611 1.39343481 -0.89810086
v 0.95093314 -1.99860211 0.14963775
v 0.79852263 -1.43588801 -0.00281366
v 0.86504821 -1.44703980 -0.02879107
v 0.83581869 -1.16169144 -0.90184785
v 0.92115841 -0.42957966 -0.10320761
v 0.88100467 -0.15890493 0.01678519
v 0.93893520 0.39906780 -0.89804161
v 0.84418492 0.92799918 -0.15076833
v 0.88686601 1.99727146 -0.12810631
v 0.87564061 2.00023405 -0.89535201
v 0.95143883 -1.70688506 -0.90208716
v 0.86763022 -1.59238120 0.14379764
v 0.92756788 0.43045442 -0.06629358
v 0.92778502 1.34978752 -0.90199346
v 0.86418490 1.62207453 -0.90198059
v 0.87269763 1.89945643 -0.89787514
v 0.94591073 1.92926328 -0.90229953
v 0.85591726 1.99803988 -0.30281932
v 0.96837668 2.00288717 -0.72507019
v 0.80946503 0.01229457 0.10621223
v 0.82896916 1.37266426 -0.01506191
v 0.95433049 1.99301664 -0.88390095
v 0.90548263 1.99836652 -0.57700414
v 0.95082931 -1.99517436 0.32151344
v 0.99414126 -1.35030230 -0.90185929
v 0.86315708 -1.32974787 -0.09417056
v 0.82190476 -0.00097148 0.10007509
v 0.91490219 1.32793014 -0.05496398
v 0.86106984 1.99836890 -0.82345135
v 1.03758137 -2.00226899 -0.68029565
v 0.96280507 -1.96577354 -0.90525741
v 0.99667088 -1.99800809 -0.14740350
v 0.87146322 -1.25793649 -0.14436477
v 0.95405326 0.37836389 -0.03958764
v 0.99060361 0.80877547 -0.14839236
v 0.82944242 1.98150270 -0.08160691
v 0.92137496 -1.95984896 0.33719741
v 0.92893313 -1.86157961 0.32263311
v 0.94560293 -1.56431015 0.10093668
v 1.02026145 -0.91789891 -0.89805306
v 0.94997911 -0.44550770 -0.10591667
v 0.93489466 0.11129419 0.12997331
v 0.96636031 2.00180165 -0.26690234
v 0.96016453 2.00092189 -0.06710396
v 0.93971948 -0.89346309 -0.20499056
v 0.94607196 -0.19292732 -0.90190441
v 0.94754658 0.13198678 0.11961370
v 0.94298784 0.81439464 -0.14664994
v 0.93911336 -2.00225110 -0.88178033
v 0.92429201 -1.73004468 0.31464898
v 1.05230163 -1.64986368 0.23389246
v 0.93751679 -1.64587994 0.24808796
v 0.98091213 -1.42044677 -0.04669366
v 0.94438384 -0.87091042 -0.90191878
v 0.98709873 -0.64680903 -0.89808197
v 0.99921570 -0.13033016 0.16257002
v 0.94751612 1.33696847 -0.06166697
v 1.10478185 1.59205310 -0.89814402
v 1.06100545 -2.00246699 0.16112747
v 0.89847456 -1.93137653 -0.89886046
v 0.98375444 -0.61826423 -0.90198697
v 0.98316376 0.83455412 -0.90189392
v 0.97310386 1.17263166 -0.11608465
v 0.94722311 1.42553715 -0.01283514
v 0.92877821 1.97582738 -0.06847037
v 1.02979295 -1.76507469 -0.89834143
v 0.96748344 -1.67129500 0.30930599
v 1.07384900 -1.51459153 -0.89807911
v 1.03330557 -1.54281767 0.05274345
v 1.00576554 -1.08022578 -0.19917701
v 1.01369397 -0.41908895 -0.89810813
v 0.92100356 -0.07648222 0.12882578
v 1.11003069 -0.02632974 0.17153706
v 0.96927152 -0.02979507 0.14449089
v 0.99679629 0.58609395 -0.90191568
v 1.14678530 1.49880497 -0.90198011
v 1.15273057 2.00194327 -0.49780262
v 1.06758950 -1.24873079 -0.15773753
v 0.96138321 -1.25412931 -0.14419363
v 1.00071476 0.27148013 -0.90192074
v 1.14591877 1.62616055 0.00729853
v 1.06446163 -2.00192709 -0.07104438
v 1.01626335 -2.00320120 0.33276167
v 1.01398615 -1.69145675 0.31492986
v 1.09733860 -0.44693227 -0.90201766
v 1.11529909 0.75996367 -0.09849636
v 1.01804833 1.05275170 -0.89802737
v 1.09688262 1.31084160 -0.89805485
v 0.99767898 1.43397383 0.00380040
v 0.98491017 -1.98013885 -0.89222808
v 1.05532841 -1.14342041 -0.89801372
v 1.01988171 -0.99049588 -0.19232323
v 1.07893829 0.65048770 -0.89800293
v 1.13514296 -2.00185235 -0.34970448
v 1.09402476 -1.99540015 -0.82595546
v 1.18986021 -1.80829521 0.36169176
v 1.15848927 -1.13222249 -0.90191896
v 1.10748766 -0.41254151 0.00921883
v 1.07596825 -0.26635450 0.09298149
v 1.07247881 1.72471110 -0.90222288
v 1.05721341 1.99829475 -0.73234857
v 1.09648727 1.99788420 -0.34259645
v 1.06446127 -1.98889323 0.35941668
v 1.07835362 -1.99835141 -0.64458544
v 1.07798026 -1.15333004 -0.16937596
v 1.08754114 -0.85986112 -0.18477271
v 1.15010635 -0.65926844 -0.10356213
v 1.23516576 -0.39088599 0.14378547
v 1.12945674 1.57678477 0.01363385
v 1.01619736 1.98945562 -0.06016613
v 1.15770803 -1.85797210 0.35740378
v 1.13881759 -0.50679351 -0.04474522
v 1.15572844 0.24146454 -0.89807315
v 1.07074903 0.99283402 -0.13704612
v 1.20194952 2.00286619 -0.09688582
v 1.14208518 -1.83563121 -0.90241850
v 1.09767942 -1.53169842 0.06435820
v 1.11583893 -0.68573730 -0.13506479
v 1.11996559 -0.14089357 -0.89803434
v 1.13992600 0.13233243 0.15595785
v 1.21154515 0.49461917 0.05648383
v 1.21294425 0.71391861 -0.06455511
v 1.19391839 1.29088156 -0.05737779
v 1.14205001 1.89317839 -0.01935919
v 1.13146822 -1.62237854 0.23708045
v 1.11141072 -0.79888065 -0.15915840
v 1.09990595 -0.19341089 0.18055177
v 1.12680380 0.02009864 -0.90191306
v 1.16508476 1.35586087 -0.01464779
v 1.12995003 1.90753595 -0.01769432
v 1.10570930 -1.42547323 -0.05472598
v 1.20553420 0.22275881 0.16075159
v 1.12611477 0.30997841 0.13805311
v 1.10659729 1.04836170 -0.90188921
v 1.06237976 1.22509305 -0.11866279
v 1.11716769 1.21737747 -0.09877828
v 1.21572815 1.41965155 0.02516078
v 1.14574842 1.86942665 -0.89864112
v 1.14211087 1.99746244 -0.09787829
v 1.14231424 -1.99785610 -0.89922948
v 1.13261251 -0.79126568 -0.90196294
v 1.19383709 -0.78007423 -0.89807654
v 1.20145057 0.80745999 -0.90188826
v 1.29408262 1.99880950 -0.89556218
v 1.25503467 -1.99804063 -0.04029256
v 1.12137310 -1.66857751 0.33104091
v 1.16333960 -1.43662276 -0.01221461
v 1.23305605 -1.28146793 -0.89801175
v 1.12795101 -1.33216383 -0.09490679
v 1.30973754 -0.16804369 0.21172701
v 1.19357292 0.35563342 0.13988217
v 1.20475207 0.61820452 -0.01187549
v 1.13500534 1.08839290 -0.13667845
v 1.25122241 -1.53332909 -0.90194196
v 1.21553222 0.97949271 -0.89796687
v 1.19085376 0.93277900 -0.12635417
v 1.30555378 -1.99802096 -0.44621421
v 1.21032659 -0.30112076 -0.89811332
v 1.23889933 -0.15513446 -0.90193731
v 1.29892955 0.27471344 -0.90196002
v 1.21816204 1.23037128 -0.90189762
v 1.25137691 1.98448793 -0.89303870
v 1.42971716 2.00295298 -0.79760165
v 1.32625423 -1.99771150 0.26806884
v 1.16534756 -1.97631939 -0.89616788
v 1.23429183 -1.02757545 -0.15301172
v 1.32356093 -0.53310470 -0.89809359
v 1.27489380 0.46917055 -0.89802349
v 1.26285468 0.53204469 0.07850969
v 1.22693596 1.02504139 -0.10517348
v 1.37976561 1.91531055 -0.90252120
v 1.19998465 1.98796861 -0.02633988
v 1.23020981 1.99504082 -0.01558643
v 1.30941926 2.00184218 -0.32186935
v 1.21812741 -2.00346823 0.33957329
v 1.21299247 -1.51668365 0.06888603
v 1.23369084 -1.27014955 -0.09431741
v 1.24079619 -1.27837540 -0.10114098
v 1.21213583 -1.02954282 -0.17075788
v 1.21537815 -1.65215905 0.33564102
v 1.33367668 -0.97817917 -0.89799798
v 1.25901280 0.53680806 -0.90190000
v 1.36668895 1.29816274 -0.89798422
v 1.34818314 1.99862091 -0.80057676
v 1.25759874 1.99832074 -0.59537042
v 1.26592098 -2.00262804 -0.70374668
v 1.30725430 -0.49284048 0.10242427
v 1.28906743 0.68019919 -0.89801569
v 1.25758813 -1.98397167 0.38971164
v 1.29921554 -1.99802931 -0.74888439
v 1.32655953 -1.56334432 0.23351326
v 1.30548618 -1.60907312 0.35403290
v 1.37597058 0.21278427 0.18350933
v 1.27706895 1.41781561 0.05264506
v 1.25959919 1.99818604 -0.23405364
v 1.29336266 -2.00191780 -0.02773068
v 1.32919441 -1.97880419 0.39181241
v 1.26192490 -1.50259514 0.10095804
v 1.32628713 -0.95069628 -0.90191753
v 1.41333256 -0.37188695 -0.90193553
v 1.35149417 0.05879621 -0.90192819
v 1.33171485 0.05258022 -0.89802647
v 1.50745867 0.47974418 0.18090009
v 1.32868538 0.51576553 0.14704243
v 1.31702827 0.82439689 -0.03831743
v 1.28663979 -0.81769924 -0.11744198
v 1.35015176 -0.65303971 -0.90197916
v 1.25888048 -0.34214285 0.22346056
v 1.33794377 1.22448830 -0.01593735
v 1.39418493 1.72311012 0.03901411
v 1.34069131 -2.00190599 -0.41662366
v 1.31851731 -2.00265058 0.26109894
v 1.45767353 -1.78683491 -0.89823289
v 1.42883573 -1.69141920 0.38073017
v 1.34429918 -1.53036530 -0.89804555
v 1.35296629 1.92095749 0.00983270
v 1.28603761 -0.86111210 -0.11791185
v 1.38137518 -0.76013668 -0.02587617
v 1.31235228 1.06992559 -0.07745058
v 1.44060479 1.15676527 -0.90187598
v 1.41416262 1.44409947 -0.90189732
v 1.39419876 1.60656659 -0.89808072
v 1.41814862 -1.92623635 -0.90397108
v 1.29716102 -1.99522717 -0.87590195
v 1.36175011 -1.51562579 0.22348372
v 1.32847999 -1.15761180 -0.08897071
v 1.34246133 1.21951847 -0.02199804
v 1.39993630 1.99796264 -0.39814479
v 1.30205331 -1.95470615 -0.89810342
v 1.35402952 -1.36745192 0.02716964
v 1.34388946 -1.05948611 -0.11429112
v 1.42342697 -0.36930194 0.25457936
v 1.44589744 0.10815631 0.20836425
v 1.39133833 0.86728887 -0.89802189
v 1.34386287 0.91021900 -0.05990248
v 1.42471026 0.98456256 0.00265029
v 1.39928244 1.94066278 0.01874643
v 1.35362707 -1.40282186 0.04264028
v 1.39324759 -1.32666494 -0.90185595
v 1.46933542 0.23712949 -0.89806987
v 1.38519834 1.99592297 -0.01559401
v 1.38117407 -1.23553075 -0.04342916
v 1.42512487 -1.26127465 0.01529524
v 1.39937828 -0.97468002 -0.06676245
v 1.45546268 -0.27311795 -0.89803118
v 1.44242237 1.53574769 0.06101296
v 1.56813083 1.78910796 -0.89832515
v 1.46157144 1.81928842 0.03577874
v 1.46456991 -1.99959786 -0.89906217
v 1.38726376 -0.68212327 0.00470482
v 1.43066059 -0.49769719 0.26337262
v 1.36800860 -0.42377157 0.24403282
v 1.43512462 1.31440954 0.08481250
v 1.48301325 -2.00184555 -0.55929203
v 1.33538280 -2.00204559 0.39323266
v 1.49197004 -1.66530581 -0.90192831
v 1.47780667 -1.82986803 0.40730738
v 1.49561642 -1.58774217 0.38537117
v 1.41861365 -1.55462666 0.35279404
v 1.53614114 -0.13408514 -0.90191192
v 1.43709300 0.55798153 -0.90197254
v 1.44623337 0.76853280 0.07137842
v 1.49136732 -1.13181807 -0.89805503
v 1.42515681 -0.88777475 -0.05186599
v 1.50737463 0.50562195 -0.89810098
v 1.45491837 0.79542558 0.05709593
v 1.51907645 -2.00190587 -0.25556844
v 1.55328630 -2.00238128 0.40057152
v 1.44686876 -1.99535020 0.41713544
v 1.54501293 -1.99806364 -0.03281187
v 1.42140863 -1.92673190 -0.89760567
v 1.54574023 -0.41683231 0.27092447
v 1.48528419 -0.16699363 0.24195432
v 1.65457771 -0.00355746 -0.89805485
v 1.48411534 0.51874874 0.16859753
v 1.44114123 0.60490720 0.15139878
v 1.46019171 0.83165197 -0.90194727
v 1.49099825 1.71528236 -0.90205223
v 1.53266964 1.99499409 -0.88390369
v 1.68812869 2.00219719 -0.53699101
v 1.54436634 -2.00186797 0.20911417
v 1.59504376 -1.98148747 -0.89265997
v 1.54006646 -1.99785824 -0.78860927
v 1.52486525 -1.89342256 0.41626715
v 1.46063934 -0.63474754 0.13204072
v 1.45243893 1.14512460 0.03434217
v 1.56531356 1.99881308 -0.68959440
v 1.53520809 1.99866192 -0.18814948
v 1.41908036 1.99949758 0.00479422
v 1.47502397 -2.00262411 -0.80738438
v 1.50997840 -1.99490436 0.40007400
v 1.58850000 -1.44914104 -0.89795406
v 1.49494372 -1.33464976 0.14510534
v 1.48351095 -1.27153964 0.06423535
v 1.57478080 -1.26254524 -0.90196050
v 1.52546809 -0.74876167 -0.89814497
v 1.48629425 -0.61399135 0.17132503
v 1.47046218 0.99032168 0.02903442
v 1.51129709 1.13701551 0.09675965
v 1.44335554 1.31816618 0.07795100
v 1.48783801 -1.47056170 0.36429202
v 1.64415322 -0.94307776 -0.90209831
v 1.56264732 0.80755703 -0.89812625
v 1.55640100 1.17527287 -0.89802600
v 1.58179198 -1.99817725 -0.47035805
v 1.52091811 -1.12912436 0.06306738
v 1.53771446 -0.82854422 0.07888368
v 1.65943227 1.48748569 0.10200886
v 1.54259298 -1.36963888 0.29283403
v 1.51033233 -1.38713963 0.20650177
v 1.51466034 -1.05304726 0.01992119
v 1.69900904 2.00289814 -0.20098402
v 1.64032553 2.00396244 -0.02426640
v 1.67244361 -2.00206919 -0.09290283
v 1.56192408 -0.60014539 -0.90191550
v 1.50949870 -0.55364115 0.27481519
v 1.58807431 0.23522596 -0.90195740
v 1.52456413 0.76768915 0.15029397
v 1.63149069 -1.85137458 -0.90561069
v 1.54878305 -0.91334985 0.08707783
v 1.71348427 -0.92025171 -0.89821453
v 1.55885933 -0.73211758 0.19603713
v 1.55703662 -0.62042785 0.29647898
v 1.75281654 -0.37089069 0.30254983
v 1.54833780 0.06472503 0.22429176
v 1.54169391 0.77678530 0.14830603
v 1.64237772 0.91728882 -0.90204943
v 1.70611773 1.83937971 0.07432689
v 1.65855978 1.99811856 -0.46846048
v 1.74069808 1.99753420 -0.89972598
v 1.63232122 1.99280970 0.04468729
v 1.51717971 1.13953273 0.09418585
v 1.73334513 -1.99840565 0.29716795
v 1.66469179 -1.99847324 -0.89475299
v 1.59219728 -1.36629160 0.36222523
v 1.65213678 -0.50828114 -0.89795423
v 1.72525940 -0.16835578 0.27441128
v 1.67705939 0.58177547 -0.90217740
v 1.77169345 0.96945624 -0.89829052
v 1.68139265 1.23577444 0.12500850
v 1.71397064 1.19373970 0.14144238
v 1.69482658 1.47492318 -0.89819110
v 1.54352091 1.98840014 0.02617740
v 1.59528266 -1.18792696 0.17478644
v 1.71841250 0.70314984 0.18562590
v 1.65022848 1.99948899 -0.01899324
v 1.73371003 -2.00219984 -0.73170311
v 1.58131872 -1.98768218 0.43744146
v 1.70119951 -1.77055867 0.43433096
v 1.65258239 -1.42320486 0.38626566
v 1.75199090 -0.65423270 -0.90175755
v 1.60179124 -0.75749292 0.23445455
v 1.68389187 0.81609432 0.17311115
v 1.74573587 1.59233157 -0.90220476
v 1.60863445 -1.22427012 0.26236155
v 1.59554611 -0.67906480 0.29512285
v 1.56451879 0.96006290 0.12378769
v 1.57683752 0.98375563 0.14170193
v 1.80430303 -2.00252219 -0.40966437
v 1.73318015 -2.00224407 0.31354805
v 1.73464499 -1.26257201 0.38966378
v 1.77106629 -1.15620406 -0.89863134
v 1.83087752 -0.51488066 0.32278912
v 1.75972603 -0.35746320 -0.90179021
v 1.73381720 0.11613004 0.25119650
v 1.65886376 0.91616981 0.15388372
v 1.76549004 1.57201449 0.10537077
v 1.64442561 -0.98287691 0.25272076
v 1.61723862 -0.95839657 0.16180422
v 1.74593614 -0.24834041 -0.89793689
v 1.71326695 0.17736320 0.23737121
v 1.72385738 0.44602738 0.21228995
v 1.76307056 0.64929251 -0.89843864
v 1.75869260 1.83369987 0.07862708
v 1.85516141 1.85820858 -0.90393812
v 1.67722486 -1.98798414 0.45191135
v 1.71249042 -1.69930144 0.42515313
v 1.64496718 -1.22288086 0.36501565
v 1.63758884 -0.78442599 0.32251757
v 1.81075404 -0.81852542 0.35575019
v 1.71344755 0.33637200 -0.89807410
v 1.72484587 1.99235050 0.04571467
v 1.77632497 -1.99837192 -0.68590678
v 1.71012376 -1.96553727 0.44969170
v 1.83880590 -1.77790614 -0.89815749
v 1.77229128 -0.04068135 -0.90182848
v 1.80037950 0.48655347 0.22334438
v 1.72262583 -1.57908793 -0.90185768
v 1.67883144 -0.90057732 0.32544591
v 1.84740494 1.21691386 -0.89788760
v 1.74837397 1.29637699 -0.90190751
v 1.67854152 -1.14071842 0.35401904
v 1.66734634 -1.08995910 0.29433542
v 1.68004571 -0.94690924 0.34513291
v 1.81107543 0.26392530 -0.90185303
v 1.79414962 -1.99837490 -0.07291118
v 1.76627539 -0.96624102 0.35854851
v 1.79978273 -1.29983510 -0.90257359
v 1.82054661 1.92325751 -0.89801795
v 1.82323311 1.99809234 -0.13688960
v 1.87640880 -1.99199601 0.45729258
v 1.77071033 1.99416654 -0.88865972
v 1.87319384 -1.99753495 -0.36406762
v 1.90735040 -1.55161043 0.44308888
v 1.89157305 -0.12570138 0.30098589
v 1.82829474 1.99937622 -0.72127254
v 1.86267922 1.99914710 -0.42289762
v 1.83132492 -2.00244410 0.06373023
v 1.78643988 -1.98570033 0.46729883
v 1.85664104 -1.98615654 -0.90412600
v 1.84587930 -1.43838586 -0.89839030
v 1.91635547 -0.46135235 -0.89776171
v 1.85688887 2.00475685 -0.82686401
v 1.84928117 -1.99510272 -0.84767676
v 1.90217326 -1.72911663 -0.90226872
v 1.87065731 0.45054231 -0.89823241
v 1.85162197 0.80863218 -0.90257741
v 1.93227826 0.91493098 0.20174555
v 1.91849695 -1.82685836 0.46708482
v 1.89605604 -1.51002343 0.43295707
v 1.90886889 -0.86264362 -0.90434850
v 1.87407957 0.14060949 -0.89783628
v 1.89776884 1.08222858 -0.90429366
v 1.92082224 -2.00372787 0.44064959
v 1.90941463 -1.27282901 0.41220032
v 1.88315557 0.54808192 -0.90268511
v 1.84073220 2.00175659 0.06814505
v 1.92422734 -1.31937005 0.42307987
v 1.90128384 0.21592180 0.25798466
v 1.88738189 1.71894161 -0.89785338
v 1.90887306 -1.86152943 0.47561338
v 1.92488192 -0.15828900 -0.90349115
v 1.90981136 1.23105328 0.16114392
v 1.87783681 -2.00369795 -0.84895355
v 1.88935350 -1.98502155 -0.89201272
v 1.93000947 -1.10076250 -0.90482921
v 1.93124543 -0.49133604 -0.90253521
v 1.91073320 0.56433503 0.22762141
v 1.94120572 1.53078119 0.14145928
v 1.95143233 -1.99569734 -0.66259755
v 1.92840276 -0.94284748 0.38088383
v 1.94330309 1.39336960 -0.90591259
v 1.94077967 -0.68733074 -0.89731086
v 1.95132838 -0.54593962 0.35183006
v 1.96121631 0.05111740 -0.90291692
v 1.94461439 0.31664239 -0.89780624
v 1.92907594 0.92489736 0.19594703
v 1.92872141 1.95015471 0.08885033
v 1.95229016 -2.00228532 -0.16625474
v 1.94844518 1.51768856 0.13669018
v 1.98203574 1.76598184 0.12184050
v 1.95263944 2.00444047 -0.49558670
v 1.95962582 -2.00304814 -0.72573013
v 1.95565281 -2.00275321 0.25817417
v 1.94582818 -1.99338968 0.49188744
v 1.98165653 -1.23329939 -0.89482392
v 1.97085689 -0.09401725 -0.89379371
v 1.94759093 0.31642656 -0.90263415
v 1.95716534 0.40572385 0.25792488
v 1.95953868 1.76839606 0.11363547
v 1.95092974 1.98641221 -0.89431120
v 1.98036681 -0.80680595 0.38037201
v 1.97548841 1.29097085 0.16952810
v 1.95752762 1.52857856 -0.89642281
v 1.96037064 2.00559346 -0.01744096
v 1.97264169 -2.00323911 -0.34729443
v 1.97293375 -1.99715908 0.17699098
v 1.98286186 -0.16050179 0.30695816
v 1.98537252 0.62789409 0.23595282
v 1.97057353 0.74551789 -0.89576960
v 1.99525521 0.89003138 -0.89909477
v 1.96158884 1.04551701 -0.89582641
v 1.96990023 1.97301786 0.09952056
v 1.97199867 1.99652903 -0.21766783
v 1.99244247 -1.98196085 -0.52042348
v 1.98838792 -1.07553740 0.40723710
v 1.98060356 -0.99512072 -0.89269472
v 1.98168586 0.66587762 0.22601678
v 1.99484895 1.11919133 -0.87871660
v 1.97755991 1.82239072 -0.89640505
v 1.97880600 1.99385874 -0.81008453
v 1.96605180 1.99524109 -0.01317707
v 1.98730944 1.98007361 0.05795129
v 1.99637816 -1.99860890 -0.48995469
v 1.99278532 -1.99954303 0.03130413
v 1.99624870 -1.98183127 0.34871536
v 1.99491892 -1.64534374 -0.88412256
v 1.99585472 -1.53987618 0.43324583
v 2.00136862 -1.48735817 0.43736114
v 1.98762749 -1.35595186 -0.89907766
v 1.98065744 -1.03840740 0.39575361
v 1.97994421 -0.75961493 0.36454334
v 1.99717424 -0.23825523 -0.87710024
v 1.99354182 -0.43600994 0.32647782
v 1.99413131 0.12964223 0.26815339
v 1.99448107 0.42804347 0.23821350
v 1.99693046 0.38042532 -0.87649197
v 1.99233101 0.52273135 -0.89713491
v 1.98445855 1.03233473 0.18688244
v 1.98355756 1.31176106 -0.89203239
v 1.98313473 1.99414699 -0.47663937
v 1.99139534 1.98795502 -0.89779700
v 1.98639534 -2.00183888 -0.84756757
v 1.99454961 -1.96725316 -0.87834800
v 1.99697588 -1.98124559 -0.70288283
v 1.99590502 -1.97037609 -0.29861350
v 1.98620461 -1.99470075 -0.05297310
v 1.99411748 -1.98338802 0.47469836
v 1.99306593 -1.19992824 0.40134587
v 1.99228368 -0.91425870 0.36698871
v 1.99913405 -0.72605993 -0.89464433
v 1.99381910 -0.50992964 -0.88649321
v 1.99636469 0.06604270 -0.88108946
v 1.99993692 0.15259467 -0.89675249
v 1.99380348 0.85019581 0.20096996
v 1.99655209 1.28937523 0.14449442
v 1.99529503 1.61950342 0.10760596
v 1.98890040 1.89047949 0.09447232
v 1.99722801 -1.97892793 -0.89876736
v 1.99095736 -1.99010570 0.04007123
v 1.99367652 -1.98490556 0.12782948
v 2.00050233 -1.89410921 -0.77974338
v 1.99814234 -1.86287053 -0.13381035
v 1.99981032 -1.88513179 -0.53878582
v 1.99786768 -1.89732976 0.16459777
v 1.99813018 -1.75254758 0.26242899
v 1.99639426 -1.87575753 0.48563882
v 1.99697362 -1.77300127 0.43396857
v 1.99817477 -1.74951632 -0.39427013
v 1.99903820 -1.63258822 -0.72897453
v 1.99699126 -1.70060404 0.46740874
v 1.99811731 -1.57750781 -0.19194805
v 1.99818526 -1.53819032 0.06772733
v 1.99778567 -1.41216697 -0.50888858
v 1.99848662 -1.36247130 0.26833328
v 1.99820409 -1.56944068 -0.89726813
v 1.99817310 -1.33763452 -0.81395991
v 1.99806021 -1.36155786 -0.18539237
v 1.99798165 -1.16482003 -0.03189827
v 1.99799440 -1.20891239 -0.39542244
v 1.99809001 -1.10998084 -0.58132339
v 1.99838470 -1.28774090 0.42028376
v 1.99817000 -1.04401977 0.34454348
v 1.99719904 -0.94875981 -0.79423226
v 1.99797164 -1.00317128 -0.31728060
v 1.99799035 -0.92087703 0.10376528
v 1.99979339 -1.07875396 -0.89462084
v 1.99804352 -0.77409463 -0.45922045
v 1.99804948 -0.70104365 -0.13438738
v 1.99870656 -0.58758848 -0.74033672
v 1.99340985 -0.75413920 0.29161789
v 1.99559341 -0.69570455 -0.88248188
v 1.99801002 -0.65134731 0.14147898
v 2.00201581 -0.72395839 0.36574798
v 1.99806784 -0.49018834 -0.41592515
v 1.99797783 -0.55526241 0.29630514
v 1.99802051 -0.37102485 -0.10303819
v 2.00167320 -0.55308738 0.34094789
v 1.99694381 -0.47022206 -0.89870639
v 1.99837516 -0.29880101 0.16729642
v 1.99813889 -0.23535255 -0.50565670
v 1.99450646 -0.39538498 0.33956491
v 1.99284921 -0.27213600 0.32743596
v 1.99831663 -0.01001291 -0.63340307
v 1.99802135 -0.04480244 0.06736970
v 1.99795089 0.04615556 -0.19289401
v 1.99843667 -0.11907639 0.30991312
v 2.00073407 0.09233521 0.28640833
v 1.99820815 0.21875356 -0.57462926
v 1.99867974 0.25267593 0.11311981
v 1.99800346 0.37199025 -0.30570886
v 1.99822484 0.55481391 -0.60065181
v 1.99812542 0.51296715 -0.04179385
v 1.99745308 0.67115812 -0.78804530
v 1.99787984 0.65386896 0.13518918
v 1.99804948 0.65937500 -0.28951085
v 1.99829732 0.87444560 -0.53075207
v 1.99781809 0.86540012 -0.02574909
v 1.99804257 0.96592264 -0.30190797
v 1.99319707 0.92555956 -0.87372971
v 1.99799822 1.00699930 -0.77610339
v 2.00076447 0.89138298 0.20450928
v 1.99822865 1.21352093 -0.09434901
v 1.99830220 1.16446487 -0.59121991
v 1.99801717 1.28834490 -0.33390055
v 1.99803625 1.33811073 -0.79745538
v 1.99572275 1.49156873 -0.87603099
v 1.99826382 1.52302484 -0.59539975
v 1.99827669 1.58665864 -0.14350132
v 1.99803279 1.58684222 -0.37182487
v 1.99798427 1.80752747 -0.76249034
v 1.99526225 1.70950858 0.02412481
v 1.99575863 1.63748114 -0.88092674
v 1.99782239 1.85303967 -0.44079954
v 1.99758480 1.85171835 -0.07557634
v 2.00233541 -1.98688586 -0.78951234
v 2.00087987 -1.99326940 -0.20791379
v 1.99963306 -1.99801214 0.33430841
v 2.00128792 -1.99101599 0.49062475
v 1.99974642 -1.84420653 -0.89359719
v 2.00319169 -0.92442896 0.38926705
v 2.00094448 -0.30932258 -0.89210916
v 2.00066279 -0.12951757 -0.89149911
v 1.99663637 0.30016105 0.27092477
v 2.00085579 0.35497622 -0.88491214
v 2.00058101 0.51081262 0.24357095
v 2.00112794 1.30930345 -0.89228857
v 2.00083421 1.14053969 0.17983455
v 2.00144432 1.39891724 0.13674878
v 1.99914752 1.54569022 -0.89996881
v 2.00140224 1.56321899 0.14035810
v 1.99742899 1.79800551 -0.90111823
v 2.00358663 1.93334381 0.08844702
v 2.00012909 1.99877374 -0.81091476
v 1.99917064 1.99850862 -0.64767820
v 1.99977325 1.99436442 -0.45573936
v 1.99841140 2.00091950 -0.26195876
v 2.00116847 1.99517052 -0.09839204
v 1.99958776 2.00002257 0.04300549
v 2.00442002 -1.93987771 -0.58598942
v 2.00396941 -1.96573813 -0.04569508
v 2.00499652 -1.94796105 0.16743483
v 2.00480304 -1.81620415 0.39542117
v 2.00433479 -1.89547201 -0.82167751
v 2.00234137 -1.85044141 -0.24062843
v 2.00191317 -1.78403492 0.09721643
v 2.00354693 -1.72112484 -0.77412427
v 2.00242720 -1.72093447 -0.52601952
v 2.00198577 -1.48721226 -0.08062478
v 2.00179432 -1.54181476 -0.37694670
v 2.00229893 -1.49460621 0.18726716
v 2.00216578 -1.48716958 -0.65114845
v 2.00303457 -1.29663594 -0.83144552
v 2.00236950 -1.28097876 0.29329955
v 2.00188563 -1.31110998 -0.31939814
v 2.00181661 -1.24684043 -0.58111603
v 2.00187860 -1.14848776 -0.00761697
v 2.00301824 -1.09079917 0.37889232
v 2.00192235 -1.04557546 -0.45115472
v 2.00184975 -1.01246633 -0.22479970
v 2.00236438 -0.98298629 -0.72292657
v 2.00188015 -0.88046049 0.11050905
v 2.00191663 -0.80886851 -0.49761719
v 2.00687728 -0.77416237 0.31849160
v 2.00191293 -0.64443684 -0.23504476
v 2.00286851 -0.70097184 -0.75117100
v 2.00204764 -0.51854861 0.15604319
v 2.00220917 -0.57643324 -0.58654804
v 2.00318275 -0.48176045 -0.82544018
v 2.00190781 -0.39244906 -0.11601231
v 2.00196586 -0.38927864 -0.45078541
v 2.00283597 -0.30003867 0.29099520
v 2.00234733 -0.17276429 -0.69687391
v 2.00228224 -0.16148506 0.15990861
v 2.00178466 -0.09016512 -0.00264131
v 2.00188706 -0.10393746 -0.33718852
v 2.00429283 0.02190880 -0.85653979
v 2.00186787 0.10624717 -0.23974479
v 2.00153921 0.00069533 -0.89686520
v 2.00235460 0.21754257 -0.74396432
v 2.00205658 0.09831987 -0.56246919
v 2.00266932 0.19553922 0.00364606
v 2.00356672 0.27649949 0.17681221
v 2.00205026 0.39767139 -0.58404721
v 2.00188194 0.39660452 -0.29103080
v 2.00263069 0.54005872 -0.81569196
v 2.00190840 0.55436234 -0.06207512
v 2.00357149 0.56456081 0.18446345
v 2.00200472 0.71822075 -0.49769569
v 2.00183878 0.82035439 -0.08413360
v 2.00315736 0.95649902 -0.76231355
v 2.00196896 0.98495476 -0.41065768
v 2.00209318 1.05677287 0.03144968
v 2.00208614 1.35623912 -0.09567678
v 2.00191854 1.25348119 -0.43851627
v 2.00222276 1.40472226 -0.72742362
v 2.00188456 1.57868044 -0.33437569
v 2.00238202 1.77498929 -0.81093223
v 2.00587557 1.82012574 0.01018561
v 2.00178717 1.84905688 -0.42088450
f 686 578 584
f 951 859 915
f 1211 1181 1231
f 1678 1676 1547
f 454 319 434
f 1233 1154 1215
f 1668 1637 1780
f 1093 993 1063
f 1498 1451 1543
f 1361 1331 1414
f 437 363 420
f 1197 1081 1165
f 522 439 428
f 121 113 119
f 113 112 119
f 566 478 463
f 1801 1864 1800
f 690 659 596
f 1706 1688 1689
f 1678 1740 1676
f 811 816 662
f 1387 1317 1316
f 1553 1528 1495
f 1672 1710 1712
f 1228 1314 1357
f 1225 1170 1115
f 782 704 820
f 774 680 732
f 630 607 545
f 567 551 617
f 1627 1505 1661
f 211 204 162
f 1006 921 868
f 1764 1656 1654
f 1319 1150 1151
f 34 33 30
f 478 388 463
f 755 618 722
f 1324 1233 1215
f 1555 1521 1509
f 240 206 265
f 746 697 641
f 1027 869 901
f 1046 985 888
f 856 755 833
f 759 664 724
f 1408 1349 1279
f 1790 1643 1788
f 348 389 439
f 681 566 655
f 938 816 811
f 923 779 853
f 1697 1606 1641
f 1795 1793 1863
f 1545 1485 1442
f 1838 1834 1839
f 1598 1466 1467
f 804 701 753
f 1550 1516 1524
f 806 723 771
f 1697 1641 1677
f 1355 1284 1201
f 1799 1862 1798
f 1313 1273 1212
f 707 590 601
f 1512 1515 1421
f 1451 1395 1438
f 456 332 361
f 414 283 418
f 1709 1651 1670
f 1712 1603 1672
f 350 252 254
f 1614 1431 1526
f 85 44 40
f 1672 1604 1609
f 1196 1106 1136
f 683 562 574
f 1412 1286 1369
f 948 1000 865
f 931 837 824
f 1228 1162 1153
f 939 1032 873
f 1133 1058 1015
f 1671 1619 1688
f 322 273 357
f 164 92 62
f 321 278 370
f 1534 1443 1519
f 259 313 197
f 1078 1038 966
f 1441 1453 1532
f 107 106 109
f 1456 1500 1436
f 432 398 476
f 1335 1181 1305
f 938 811 873
f 257 194 266
f 502 519 631
f 134 133 138
f 146 144 149
f 1786 1743 1621
f 153 154 158
f 1581 1576 1573
f 1795 1623 1793
f 317 257 266
f 1413 1250 1349
f 1082 1028 1021
f 199 99 100
f 1418 1339 1372
f 241 240 364
f 470 404 375
f 93 61 91
f 1402 1291 1401
f 1427 1410 1361
f 1862 1860 1794
f 612 557 537
f 1709 1704 1705
f 889 800 896
f 937 855 890
f 1386 1303 1429
f 1465 1498 1592
f 882 825 907
f 1420 1354 1389
f 39 42 35
f 353 275 310
f 658 561 571
f 884 933 939
f 209 78 77
f 72 3 96
f 1107 1125 1255
f 1436 1371 1311
f 1603 1692 1585
f 1024 1013 925
f 1146 1026 1192
f 1465 1380 1498
f 1085 1025 1155
f 1862 1794 1796
f 793 741 760
f 581 511 572
f 589 493 472
f 1482 1419 1403
f 749 709 729
f 1009 943 1006
f 1596 1520 1627
f 77 19 76
f 637 581 572
f 1397 1455 1466
f 894 799 759
f 894 859 951
f 1786 1621 1616
f 185 139 183
f 223 77 76
f 1655 1601 1607
f 1313 1393 1437
f 1172 1064 1214
f 730 672 756
f 1190 1296 1225
f 1662 1529 1631
f 300 218 292
f 900 781 778
f 851 787 733
f 130 125 132
f 942 928 900
f 930 823 852
f 1591 1472 1513
f 1658 1685 1778
f 1317 1226 1316
f 1435 1469 1507
f 999 956 1007
f 1180 1155 1090
f 1231 1304 1258
f 108 74 268
f 642 541 590
f 1066 1054 1124
f 336 299 391
f 1332 1252 1399
f 848 753 766
f 1370 1214 1324
f 422 367 383
f 1833 1832 1830
f 1623 1492 1525
f 838 769 635
f 1806 1669 1805
f 881 847 769
f 587 549 600
f 205 164 67
f 1424 1386 1458
f 328 339 270
f 1289 1176 1263
f 498 488 587
f 1001 940 949
f 203 150 189
f 1087 987 1071
f 274 205 196
f 1076 1074 998
f 1120 1009 1101
f 1603 1561 1604
f 1557 1565 1600
f 1143 1031 1105
f 523 480 530
f 1844 1837 1841
f 1335 1304 1231
f 1675 1609 1625
f 1794 1626 1538
f 256 152 218
f 515 458 416
f 452 451 373
f 174 103 172
f 459 433 331
f 748 728 633
f 1130 1095 1129
f 1569 1397 1466
f 184 182 137
f 189 142 188
f 1767 1769 1763
f 472 324 471
f 177 115 178
f 1267 1142 1243
f 1235 1196 1253
f 216 299 336
f 1790 1653 1643
f 1298 1232 1270
f 334 346 243
f 149 142 150
f 889 1021 895
f 666 733 674
f 1124 1054 1033
f 845 819 789
f 975 931 974
f 1617 1631 1524
f 638 499 550
f 1437 1393 1483
f 1680 1754 1679
f 1406 1242 1367
f 607 507 545
f 1446 1389 1336
f 1293 1273 1378
f 948 865 843
f 1848 1844 1850
f 1587 1567 1489
f 587 488 549
f 55 57 52
f 847 767 744
f 270 254 217
f 1068 1045 972
f 592 593 627
f 1364 1268 1235
f 596 475 525
f 1536 1573 1553
f 639 594 576
f 1178 1132 1152
f 750 705 654
f 1506 1402 1504
f 465 371 425
f 739 664 759
f 75 6 17
f 871 742 870
f 550 636 670
f 1801 1802 1864
f 1161 1085 1191
f 219 191 190
f 1201 1092 1059
f 1485 1409 1376
f 1280 1157 1221
f 173 243 171
f 1291 1189 1114
f 1749 1744 1652
f 164 62 65
f 1529 1460 1510
f 1483 1420 1542
f 1438 1474 1531
f 819 695 789
f 1812 1804 1811
f 578 424 539
f 1753 1748 1750
f 1536 1491 1481
f 207 94 95
f 1294 1249 1193
f 1452 1439 1396
f 1137 1089 989
f 1041 994 1040
f 221 73 75
f 745 679 607
f 1133 1205 1273
f 1846 1838 1839
f 479 620 510
f 1195 1215 1083
f 5 4 97
f 1798 1862 1686
f 1033 983 1042
f 88 143 49
f 1370 1278 1214
f 1088 1041 1096
f 173 102 107
f 1799 1597 1636
f 947 909 946
f 105 99 104
f 1295 1222 1268
f 819 758 695
f 1378 1273 1313
f 1089 1080 1000
f 1057 1009 1120
f 430 304 412
f 1467 1408 1374
f 1507 1563 1564
f 334 243 234
f 1372 1277 1352
f 1459 1377 1335
f 1842 1845 1848
f 1404 1318 1345
f 1727 1730 1723
f 1454 1341 1329
f 118 117 122
f 1352 1191 1297
f 1052 973 962
f 1529 1556 1459
f 108 9 74
f 560 465 425
f 1527 1400 1425
f 1171 1150 1044
f 1148 1079 1080
f 260 217 88
f 468 394 481
f 467 379 380
f 1498 1380 1451
f 1742 1828 1831
f 1792 1647 1602
f 1797 1635 1863
f 202 180 129
f 1005 1062 971
f 282 223 349
f 710 662 615
f 1164 1071 1169
f 1803 1797 1863
f 275 262 178
f 618 645 722
f 1392 1240 1292
f 333 364 400
f 1023 985 1047
f 1320 1212 1247
f 1778 1772 1774
f 180 124 129
f 1222 1076 1174
f 1382 1331 1301
f 212 68 167
f 982 977 1074
f 1848 1845 1844
f 810 692 792
f 1411 1403 1337
f 187 140 145
f 1523 1418 1487
f 1096 1040 1112
f 606 524 678
f 1016 854 923
f 304 288 221
f 1273 1205 1212
f 74 9 5
f 865 757 843
f 507 431 403
f 774 732 686
f 1722 1716 1717
f 457 376 356
f 1528 1494 1478
f 1344 1312 1264
f 898 853 768
f 1665 1590 1645
f 60 62 56
f 718 576 583
f 1366 1344 1259
f 1545 1533 1588
f 519 555 604
f 46 47 42
f 186 184 140
f 110 104 103
f 647 731 646
f 1520 1480 1505
f 1394 1293 1378
f 673 715 822
f 14 18 13
f 1208 1086 1074
f 1109 1023 1047
f 729 701 804
f 1111 1195 1083
f 1003 903 1023
f 1713 1690 1707
f 850 702 788
f 815 713 762
f 792 717 747
f 1435 1292 1469
f 1447 1365 1332
f 605 558 528
f 1576 1577 1573
f 1610 1579 1522
f 1600 1565 1630
f 1644 1776 1701
f 1861 1859 1860
f 1663 1684 1574
f 1363 1254 1290
f 226 202 182
f 183 136 181
f 1717 1716 1707
f 1524 1516 1484
f 1322 1128 1242
f 1420 1389 1446
f 1473 1357 1421
f 559 498 587
f 1458 1386 1429
f 1801 1800 1636
f 665 611 673
f 772 678 730
f 1660 1612 1726
f 1373 1287 1359
f 889 895 809
f 258 324 378
f 148 187 145
f 759 724 859
f 1432 1551 1430
f 465 436 357
f 1487 1449 1557
f 1092 1121 1020
f 287 281 248
f 1825 1817 1731
f 730 567 672
f 301 300 361
f 604 555 624
f 906 898 803
f 1286 1207 1285
f 548 565 464
f 247 211 192
f 1079 1018 958
f 1125 990 1043
f 528 558 455
f 1043 959 968
f 1821 1819 1824
f 1127 1035 1022
f 705 605 654
f 571 521 510
f 996 894 951
f 500 481 441
f 1746 1589 1508
f 371 357 273
f 518 418 413
f 829 723 806
f 578 602 533
f 1423 1440 1338
f 181 136 128
f 1860 1791 1794
f 1315 1253 1187
f 1188 1079 1148
f 193 161 206
f 1641 1554 1677
f 591 445 523
f 1534 1576 1581
f 1571 1387 1549
f 807 756 813
f 1576 1519 1528
f 444 579 427
f 702 577 711
f 653 696 608
f 1376 1280 1442
f 1412 1369 1471
f 1180 1090 1107
f 743 668 707
f 688 609 691
f 427 520 362
f 396 393 323
f 965 901 823
f 1427 1361 1414
f 322 351 293
f 48 45 43
f 403 383 395
f 399 364 265
f 1243 1141 1266
f 146 141 144
f 1184 1120 1272
f 431 422 383
f 359 337 286
f 513 530 480
f 393 345 284
f 1305 1218 1306
f 633 728 656
f 490 352 449
f 1305 1181 1218
f 1269 1325 1245
f 1161 1061 1085
f 1763 1761 1760
f 48 49 45
f 162 159 163
f 942 900 778
f 208 207 95
f 703 663 639
f 1061 1002 1085
f 1786 1833 1743
f 133 128 136
f 1686 1796 1559
f 1511 1522 1461
f 1134 1048 1103
f 1533 1593 1615
f 203 188 283
f 410 313 259
f 1663 1656 1764
f 1186 1163 1112
f 1426 1362 1415
f 936 839 880
f 391 401 442
f 295 305 239
f 672 567 617
f 636 550 541
f 596 553 475
f 48 53 49
f 204 237 158
f 1238 1148 1089
f 1302 1290 1170
f 936 842 839
f 608 630 516
f 1653 1790 1852
f 404 339 328
f 1779 1658 1778
f 254 252 213
f 1522 1501 1445
f 172 103 98
f 875 788 844
f 913 845 790
f 57 56 53
f 1592 1498 1633
f 716 823 764
f 129 125 130
f 1809 1804 1812
f 1063 993 975
f 1284 1199 1201
f 15 6 10
f 844 795 856
f 1048 1021 889
f 1409 1382 1309
f 204 160 162
f 303 230 235
f 814 828 902
f 1540 1536 1481
f 1156 1062 1052
f 719 605 705
f 1363 1262 1254
f 510 494 346
f 839 721 767
f 1263 1210 1237
f 612 548 557
f 1291 1310 1401
f 1417 1316 1257
f 812 749 825
f 105 100 99
f 797 836 761
f 1182 1246 1156
f 94 196 71
f 1570 1616 1548
f 704 624 776
f 1448 1495 1415
f 833 755 840
f 1414 1382 1409
f 1356 1308 1294
f 1231 1258 1211
f 655 502 664
f 1038 918 966
f 1701 1773 1700
f 1673 1807 1815
f 102 171 101
f 27 25 24
f 1768 1765 1761
f 1551 1524 1430
f 394 359 390
f 770 662 710
f 1699 1662 1631
f 382 474 381
f 502 463 448
f 967 842 936
f 1050 1130 1244
f 20 18 19
f 95 94 70
f 384 337 368
f 1578 1563 1552
f 512 581 614
f 461 343 414
f 354 250 386
f 1796 1794 1538
f 1593 1452 1608
f 1620 1582 1486
f 286 335 411
f 292 224 250
f 1130 1050 1095
f 218 87 224
f 1002 941 892
f 1033 1088 1124
f 1462 1260 1355
f 1347 1514 1328
f 1242 1128 1184
f 1486 1479 1383
f 597 584 568
f 758 731 647
f 1313 1320 1393
f 331 350 254
f 1277 1167 1161
f 482 338 432
f 1035 996 951
f 299 216 249
f 340 362 308
f 1499 1486 1391
f 114 14 108
f 47 48 43
f 1851 1847 1846
f 1517 1348 1475
f 641 648 558
f 1481 1491 1434
f 1031 937 986
f 451 480 415
f 1603 1712 1692
f 1394 1378 1492
f 1752 1838 1846
f 624 698 776
f 585 526 663
f 1354 1320 1298
f 1212 1146 1247
f 1824 1819 1823
f 1209 1195 1111
f 787 830 738
f 1248 1183 1132
f 1579 1570 1501
f 502 448 519
f 1736 1661 1728
f 1286 1202 1207
f 323 284 207
f 1288 1147 1168
f 353 302 275
f 1100 1034 1055
f 925 1013 933
f 1390 1415 1363
f 1084 1031 1143
f 918 879 797
f 584 539 470
f 808 818 849
f 133 127 128
f 622 577 702
f 773 659 690
f 1546 1595 1640
f 32 27 28
f 734 606 678
f 1561 1468 1398
f 512 511 581
f 687 559 700
f 1330 1309 1251
f 1033 1042 1088
f 994 1012 1040
f 1147 1274 1129
f 115 106 117
f 1744 1741 1737
f 137 132 134
f 599 625 547
f 1356 1294 1323
f 44 39 40
f 1158 1145 988
f 380 314 298
f 372 366 302
f 1809 1781 1668
f 750 821 778
f 890 804 848
f 201 128 119
f 546 457 462
f 668 590 707
f 1257 1240 1392
f 1478 1422 1426
f 1350 1361 1410
f 1045 1044 928
f 1083 955 1030
f 276 319 226
f 860 765 810
f 594 542 538
f 97 4 72
f 921 822 868
f 202 129 130
f 925 933 884
f 1689 1624 1659
f 1158 988 1013
f 1105 986 999
f 677 554 618
f 75 73 6
f 685 515 628
f 876 887 783
f 756 671 763
f 975 837 931
f 809 895 852
f 1694 1730 1727
f 1728 1661 1640
f 478 420 388
f 613 626 491
f 1797 1657 1635
f 568 470 534
f 661 643 473
f 1757 1760 1755
f 1676 1740 1735
f 874 843 735
f 1010 916 922
f 1565 1424 1458
f 195 192 165
f 1564 1563 1578
f 1696 1596 1627
f 182 130 137
f 1698 1843 1629
f 314 199 298
f 1666 1584 1658
f 1294 1193 1323
f 473 588 438
f 1415 1362 1363
f 536 496 461
f 1091 1156 1052
f 466 450 399
f 341 269 402
f 1743 1695 1621
f 1280 1234 1157
f 648 595 558
f 694 577 515
f 1562 1485 1545
f 798 750 737
f 128 121 119
f 152 58 54
f 1591 1513 1590
f 761 836 733
f 1206 1109 1200
f 1182 1156 1091
f 1656 1574 1523
f 847 880 767
f 1707 1690 1691
f 1825 1731 1695
f 1247 1146 1192
f 1739 1734 1732
f 1834 1831 1829
f 1713 1714 1708
f 184 239 182
f 137 134 140
f 338 253 282
f 1446 1353 1388
f 801 682 779
f 592 627 723
f 1793 1792 1857
f 670 743 766
f 547 484 520
f 401 347 512
f 1824 1823 1827
f 1078 966 993
f 1502 1388 1387
f 1106 1076 957
f 1537 1387 1571
f 791 725 738
f 309 97 258
f 523 445 440
f 744 669 657
f 1365 1275 1332
f 1241 1151 1183
f 618 554 552
f 1096 1112 1163
f 262 177 178
f 775 808 841
f 1369 1285 1368
f 658 635 561
f 43 38 42
f 1829 1832 1835
f 844 788 795
f 1832 1827 1830
f 11 7 8
f 44 46 39
f 1476 1397 1569
f 1501 1385 1344
f 1700 1767 1762
f 1016 923 953
f 138 136 139
f 1791 1655 1607
f 864 906 784
f 317 273 257
f 1752 1549 1589
f 1762 1760 1757
f 865 864 805
f 590 541 503
f 1691 1587 1580
f 421 450 466
f 1014 920 984
f 1075 1007 1017
f 1397 1250 1413
f 993 837 975
f 858 912 774
f 327 318 252
f 288 358 244
f 874 735 796
f 1738 1646 1828
f 435 482 542
f 283 188 263
f 1025 892 991
f 834 714 785
f 485 466 399
f 24 25 21
f 1432 1430 1265
f 1502 1446 1388
f 855 729 804
f 1116 1081 1034
f 127 121 128
f 713 797 652
f 1723 1717 1719
f 1146 1022 1026
f 425 371 333
f 1693 1719 1672
f 1771 1684 1770
f 1805 1781 1809
f 1473 1497 1299
f 1601 1655 1610
f 1036 1119 1027
f 1173 1065 1094
f 51 50 46
f 567 495 551
f 145 141 146
f 496 370 461
f 1754 1755 1750
f 1688 1619 1598
f 1453 1439 1452
f 1671 1569 1619
f 1037 1091 962
f 50 47 46
f 499 439 522
f 1028 1036 965
f 1476 1399 1397
f 8 4 5
f 296 203 283
f 158 237 153
f 264 91 215
f 1682 1789 1642
f 1238 1188 1148
f 152 54 89
f 1851 1849 1853
f 111 105 113
f 1501 1444 1385
f 640 585 663
f 1647 1792 1793
f 565 605 543
f 271 329 251
f 1422 1375 1360
f 456 527 555
f 1776 1779 1773
f 719 746 641
f 858 774 780
f 592 530 513
f 779 682 689
f 1065 954 1094
f 950 845 913
f 595 517 455
f 850 788 875
f 196 67 71
f 1017 870 1065
f 849 910 960
f 211 162 192
f 1405 1404 1345
f 1043 1051 1123
f 116 17 22
f 355 292 354
f 644 573 621
f 330 228 363
f 1773 1774 1769
f 1811 1808 1784
f 861 794 816
f 132 125 126
f 1673 1818 1726
f 1567 1598 1467
f 246 180 202
f 796 735 680
f 1504 1490 1552
f 1244 1129 1274
f 1323 1193 1286
f 1489 1467 1341
f 1657 1649 1611
f 509 572 504
f 1512 1635 1657
f 1340 1306 1219
f 486 500 441
f 593 592 513
f 1308 1265 1178
f 651 587 600
f 518 413 489
f 1211 1190 1117
f 1811 1804 1808
f 1742 1746 1628
f 1093 1078 993
f 698 623 640
f 760 727 828
f 1468 1295 1398
f 1215 1154 1083
f 826 772 730
f 1131 1158 1013
f 225 196 94
f 1504 1428 1490
f 958 864 865
f 1335 1231 1181
f 89 51 87
f 1664 1614 1648
f 1523 1487 1557
f 1141 1017 1065
f 1761 1765 1758
f 1323 1286 1379
f 1425 1356 1323
f 349 223 337
f 1561 1568 1468
f 621 499 638
f 1358 1464 1261
f 464 543 460
f 551 495 501
f 275 178 180
f 564 535 660
f 1715 1711 1807
f 836 851 733
f 8 7 4
f 531 430 474
f 1646 1564 1660
f 804 753 848
f 768 853 689
f 972 942 821
f 1508 1507 1564
f 63 71 65
f 1198 1182 1091
f 479 365 445
f 586 490 650
f 1722 1718 1716
f 593 513 506
f 222 116 123
f 1197 1160 1067
f 1090 1025 991
f 626 580 491
f 1804 1668 1780
f 926 925 899
f 1109 1046 1200
f 1832 1833 1837
f 1012 946 882
f 456 361 405
f 555 527 624
f 240 193 206
f 351 320 280
f 1710 1707 1709
f 266 241 333
f 1192 1108 1232
f 1624 1689 1567
f 990 850 875
f 1074 1086 982
f 469 405 355
f 976 935 872
f 475 474 382
f 1317 1353 1165
f 535 414 418
f 765 700 692
f 864 784 805
f 1773 1778 1774
f 387 297 320
f 78 31 26
f 1262 1187 1217
f 503 428 409
f 1555 1509 1377
f 1748 1697 1677
f 634 667 613
f 1153 1093 1063
f 464 460 387
f 1351 1255 1239
f 1700 1617 1634
f 1678 1744 1740
f 1191 1085 1155
f 1758 1764 1654
f 1833 1830 1695
f 912 885 774
f 1279 1274 1147
f 205 232 92
f 220 114 233
f 203 189 188
f 1793 1857 1858
f 1699 1759 1662
f 1383 1423 1281
f 721 614 708
f 1249 1178 1220
f 416 341 402
f 857 899 817
f 760 681 727
f 204 211 293
f 131 79 29
f 1617 1683 1631
f 984 920 911
f 1519 1494 1528
f 947 994 1041
f 479 346 365
f 1575 1511 1404
f 1359 1243 1396
f 1685 1775 1778
f 1690 1659 1587
f 789 695 679
f 498 333 488
f 215 152 256
f 1266 1141 1173
f 1785 1660 1822
f 954 870 832
f 1485 1376 1442
f 1073 995 971
f 95 70 69
f 995 912 858
f 1123 1051 1087
f 1450 1419 1482
f 764 737 632
f 1514 1559 1355
f 685 628 677
f 902 877 963
f 125 120 126
f 1277 1191 1352
f 1613 1521 1555
f 1166 1126 1072
f 242 238 96
f 1028 965 930
f 1745 1734 1739
f 852 716 809
f 1351 1326 1480
f 76 19 14
f 1677 1696 1734
f 495 468 501
f 379 259 267
f 1695 1605 1621
f 1321 1307 1248
f 300 292 355
f 963 894 996
f 223 220 286
f 831 797 713
f 375 328 306
f 824 837 762
f 1599 1503 1572
f 1136 1106 988
f 1771 1648 1684
f 282 209 223
f 768 689 643
f 988 1145 1136
f 7 2 4
f 894 759 859
f 277 90 214
f 1667 1779 1702
f 1777 1664 1648
f 725 706 649
f 1320 1354 1393
f 173 171 102
f 1863 1858 1861
f 820 776 886
f 1731 1620 1605
f 811 662 770
f 1859 1856 1855
f 601 493 589
f 1258 1334 1311
f 603 518 489
f 1719 1717 1710
f 597 568 534
f 1550 1510 1541
f 1491 1448 1434
f 1821 1813 1819
f 135 34 80
f 413 374 489
f 951 915 961
f 362 392 311
f 356 376 279
f 1363 1362 1262
f 874 948 843
f 768 643 661
f 1751 1836 1838
f 104 99 98
f 256 218 301
f 1585 1517 1568
f 180 178 118
f 1622 1680 1613
f 775 718 808
f 722 721 842
f 1253 1196 1187
f 1191 1155 1180
f 130 132 137
f 1534 1519 1576
f 354 386 435
f 1750 1745 1741
f 1134 1021 1048
f 1636 1597 1464
f 1811 1784 1720
f 1321 1411 1307
f 1844 1841 1698
f 396 281 426
f 1445 1501 1344
f 443 351 408
f 1285 1213 1206
f 729 638 701
f 1134 1082 1021
f 907 825 855
f 24 21 20
f 735 843 773
f 570 467 561
f 972 928 942
f 1019 940 1001
f 1527 1425 1530
f 447 455 406
f 892 941 834
f 491 393 396
f 1085 1002 1025
f 1549 1508 1589
f 771 723 676
f 1646 1785 1828
f 1110 1070 1069
f 1425 1323 1379
f 1816 1811 1817
f 1480 1365 1505
f 1030 955 906
f 1008 941 1002
f 890 848 956
f 446 417 369
f 527 585 623
f 1863 1793 1858
f 27 29 22
f 1224 1123 1275
f 1265 1308 1400
f 1097 979 1019
f 1694 1727 1675
f 271 251 236
f 1680 1757 1754
f 1827 1829 1824
f 857 817 758
f 813 763 812
f 722 614 721
f 1028 930 1021
f 1570 1548 1444
f 117 106 111
f 875 844 959
f 721 708 767
f 381 412 289
f 1050 1029 1095
f 989 948 874
f 762 667 634
f 1746 1742 1836
f 318 289 222
f 1338 1195 1209
f 1151 1171 1045
f 1326 1224 1365
f 724 699 782
f 1641 1458 1554
f 740 650 726
f 1547 1581 1540
f 696 630 608
f 535 518 603
f 431 532 452
f 464 419 443
f 970 845 950
f 1611 1496 1497
f 1070 1016 1069
f 647 532 544
f 1493 1409 1485
f 1346 1206 1322
f 1322 1242 1406
f 23 20 19
f 1139 1230 1138
f 250 290 386
f 884 771 817
f 1143 1105 1234
f 405 300 355
f 246 275 180
f 1166 1118 1219
f 1400 1308 1356
f 1148 1080 1089
f 1547 1625 1581
f 1679 1749 1652
f 763 671 693
f 560 425 559
f 962 876 944
f 333 241 364
f 1200 1046 1128
f 327 475 382
f 867 858 780
f 225 274 196
f 682 589 610
f 959 844 856
f 1207 1213 1285
f 68 64 66
f 829 873 770
f 637 572 669
f 452 373 422
f 1677 1596 1696
f 999 1075 1122
f 584 578 539
f 41 82 36
f 795 694 685
f 1853 1848 1850
f 822 715 786
f 1639 1608 1783
f 403 431 383
f 167 93 231
f 61 59 58
f 1685 1590 1665
f 1157 1105 1122
f 1662 1622 1529
f 1137 1245 1089
f 433 475 327
f 1066 960 1054
f 679 629 607
f 896 765 860
f 1505 1365 1447
f 275 302 262
f 1747 1589 1746
f 87 44 85
f 1486 1383 1391
f 700 559 651
f 645 512 614
f 1640 1595 1671
f 376 457 375
f 1741 1745 1739
f 533 459 424
f 1176 1210 1263
f 615 530 592
f 536 483 564
f 964 879 918
f 418 283 315
f 797 761 652
f 701 550 670
f 1117 1190 1099
f 122 117 120
f 520 484 362
f 1632 1558 1566
f 1468 1475 1381
f 1133 1015 1205
f 747 650 740
f 1734 1736 1728
f 1017 871 870
f 626 652 580
f 937 890 986
f 710 615 592
f 444 344 345
f 1060 1138 952
f 851 830 787
f 1116 1034 1100
f 272 340 308
f 1517 1580 1454
f 1251 1236 1143
f 1170 1290 1229
f 424 331 339
f 1486 1582 1479
f 922 827 943
f 1268 1222 1174
f 1770 1663 1765
f 320 297 237
f 932 881 838
f 1269 1245 1137
f 1242 1184 1272
f 1199 1198 1121
f 621 573 499
f 1635 1492 1623
f 961 914 1022
f 1285 1206 1346
f 1601 1522 1511
f 1309 1236 1251
f 337 223 286
f 970 949 845
f 341 303 235
f 1846 1839 1842
f 535 418 518
f 1687 1594 1703
f 463 307 448
f 1099 1190 1225
f 1454 1489 1341
f 1445 1366 1327
f 3 2 1
f 932 838 802
f 19 18 14
f 1247 1192 1298
f 389 312 309
f 367 373 353
f 1216 1168 1104
f 158 154 160
f 1450 1306 1419
f 1073 1139 1060
f 892 834 785
f 883 909 924
f 1562 1539 1493
f 1094 954 1011
f 800 687 765
f 959 856 968
f 64 59 61
f 184 137 140
f 1672 1609 1693
f 141 138 144
f 333 421 488
f 1174 1106 1196
f 1721 1671 1714
f 1855 1850 1655
f 477 355 354
f 805 784 684
f 554 442 552
f 1851 1846 1849
f 717 586 747
f 1700 1762 1683
f 1471 1368 1463
f 1449 1372 1352
f 284 274 225
f 680 735 619
f 374 291 423
f 715 660 786
f 794 872 752
f 114 108 233
f 1634 1524 1551
f 1671 1595 1569
f 522 428 541
f 888 740 916
f 1090 991 1107
f 306 260 88
f 1107 991 990
f 1441 1532 1560
f 991 892 850
f 168 163 166
f 1063 975 1053
f 1248 1132 1265
f 791 783 725
f 542 526 435
f 1566 1527 1530
f 213 79 131
f 784 906 803
f 324 72 238
f 1761 1756 1760
f 917 836 879
f 1108 1014 1067
f 1815 1810 1813
f 1656 1523 1654
f 81 131 29
f 477 354 435
f 558 595 455
f 1012 978 1031
f 718 583 736
f 182 202 130
f 614 581 637
f 857 758 819
f 762 713 667
f 1582 1572 1479
f 301 218 300
f 1032 938 873
f 1021 930 895
f 631 519 604
f 490 496 598
f 1419 1306 1340
f 222 221 116
f 58 55 54
f 1012 882 978
f 203 156 150
f 1763 1768 1761
f 1047 985 1046
f 281 396 323
f 418 315 413
f 630 545 516
f 1756 1681 1753
f 1178 1265 1132
f 512 442 401
f 432 349 398
f 1439 1373 1396
f 1147 1129 997
f 529 420 478
f 430 358 304
f 788 711 694
f 88 217 143
f 315 291 374
f 677 618 755
f 543 528 460
f 1404 1511 1461
f 728 716 656
f 872 863 752
f 966 918 904
f 244 325 242
f 1357 1314 1421
f 1333 1237 1331
f 1484 1321 1430
f 747 586 650
f 257 247 195
f 194 193 240
f 1621 1605 1535
f 1276 1176 1289
f 556 546 462
f 126 127 133
f 1826 1821 1824
f 714 702 785
f 379 267 314
f 386 290 338
f 1546 1476 1595
f 1701 1776 1773
f 496 536 611
f 1318 1246 1182
f 1638 1592 1669
f 428 503 541
f 1753 1697 1748
f 1292 1282 1469
f 1171 1044 1045
f 662 591 615
f 746 790 697
f 610 588 689
f 387 407 342
f 1784 1703 1599
f 153 147 154
f 1790 1847 1852
f 591 675 479
f 177 109 115
f 1311 1283 1256
f 578 533 424
f 1773 1767 1700
f 525 433 459
f 1595 1476 1569
f 1108 1067 1160
f 474 430 412
f 846 790 746
f 1210 1186 1237
f 1794 1791 1626
f 1283 1371 1296
f 1772 1770 1768
f 341 245 269
f 911 841 849
f 307 215 256
f 1472 1412 1513
f 267 259 198
f 990 875 959
f 1814 1809 1812
f 1607 1601 1511
f 28 27 24
f 1210 1163 1186
f 1147 997 1049
f 752 658 620
f 1831 1826 1829
f 1478 1426 1495
f 336 269 216
f 1144 1175 1112
f 1492 1437 1525
f 1500 1481 1436
f 1250 1244 1274
f 795 685 677
f 670 636 668
f 190 156 203
f 757 805 684
f 218 89 87
f 1499 1391 1384
f 505 473 358
f 1364 1235 1375
f 345 344 272
f 1539 1477 1493
f 659 553 596
f 1337 1403 1340
f 1138 1137 1098
f 1543 1451 1438
f 1023 903 985
f 1769 1768 1763
f 433 327 350
f 859 724 835
f 678 567 730
f 1416 1435 1508
f 258 72 324
f 255 185 183
f 898 768 803
f 1038 1059 964
f 1036 901 965
f 918 797 831
f 1617 1524 1634
f 1055 980 969
f 540 613 491
f 1611 1515 1512
f 1452 1465 1544
f 829 770 710
f 12 7 11
f 634 613 540
f 932 1049 881
f 1139 1138 1060
f 653 608 648
f 1026 1022 914
f 392 356 279
f 1059 992 964
f 54 55 50
f 1411 1337 1307
f 1667 1658 1779
f 737 654 632
f 605 641 558
f 747 740 888
f 1151 1119 1183
f 1508 1435 1507
f 1507 1506 1563
f 567 524 495
f 1583 1431 1614
f 1447 1332 1476
f 828 814 760
f 1667 1632 1566
f 1850 1682 1655
f 1080 1079 958
f 402 269 336
f 660 535 603
f 1802 1863 1864
f 1775 1771 1772
f 1733 1732 1729
f 545 507 454
f 1650 1543 1668
f 59 60 57
f 1103 1048 1004
f 1255 1125 1239
f 988 1032 939
f 80 34 31
f 1500 1540 1481
f 1373 1359 1396
f 494 380 346
f 12 15 10
f 1339 1167 1277
f 708 637 669
f 1810 1809 1813
f 368 337 359
f 479 445 591
f 1826 1824 1829
f 482 386 338
f 1079 1111 1018
f 1391 1383 1325
f 1522 1445 1461
f 312 285 309
f 1369 1286 1285
f 1339 1277 1372
f 1621 1535 1548
f 1806 1782 1669
f 1502 1420 1446
f 1722 1724 1718
f 347 261 313
f 427 340 344
f 181 201 235
f 1723 1729 1724
f 1752 1751 1838
f 1413 1349 1408
f 1040 1084 1112
f 631 604 699
f 1576 1528 1577
f 1545 1442 1533
f 63 62 60
f 970 950 1077
f 351 387 320
f 385 276 305
f 598 496 611
f 1168 1147 1049
f 1605 1486 1535
f 1239 1326 1351
f 1674 1720 1599
f 1374 1408 1279
f 1572 1503 1440
f 1226 1165 1204
f 1416 1392 1435
f 632 654 565
f 1251 1143 1234
f 1601 1610 1522
f 660 603 714
f 1124 1088 1176
f 1234 1105 1157
f 319 294 226
f 243 200 171
f 835 893 934
f 1223 1237 1186
f 299 249 326
f 992 1020 929
f 1801 1496 1649
f 742 707 601
f 367 353 310
f 1250 1050 1244
f 280 237 204
f 1264 1312 1139
f 1150 1077 1044
f 1233 1110 1154
f 896 860 903
f 338 229 253
f 155 214 90
f 1107 990 1125
f 1033 919 983
f 1693 1727 1719
f 31 30 26
f 1042 947 1041
f 610 492 588
f 1376 1409 1309
f 1249 1220 1193
f 472 471 492
f 657 570 635
f 1060 952 995
f 754 661 582
f 1529 1459 1460
f 1131 1217 1158
f 1837 1833 1786
f 138 133 136
f 66 61 93
f 167 68 66
f 1730 1733 1729
f 1086 1104 982
f 385 319 276
f 1159 1066 1124
f 1006 1008 1061
f 1520 1351 1480
f 308 311 227
f 171 200 101
f 1307 1241 1248
f 196 205 67
f 1681 1600 1630
f 1450 1305 1306
f 716 764 632
f 315 263 291
f 736 606 734
f 1141 1065 1173
f 1382 1301 1309
f 484 487 392
f 183 139 136
f 265 219 321
f 1048 889 1004
f 197 172 98
f 583 476 514
f 248 281 208
f 534 470 457
f 1494 1375 1422
f 1091 1052 962
f 501 481 551
f 889 896 1004
f 1282 1402 1469
f 802 838 635
f 1280 1221 1287
f 1779 1778 1773
f 1581 1573 1540
f 1807 1782 1806
f 1645 1583 1664
f 607 629 507
f 1602 1537 1571
f 651 559 587
f 338 290 229
f 702 711 788
f 310 275 246
f 1845 1837 1844
f 69 63 64
f 426 491 396
f 803 754 784
f 1310 1276 1350
f 83 34 135
f 876 973 887
f 1287 1267 1359
f 51 46 44
f 1014 927 920
f 1737 1733 1730
f 278 219 190
f 483 461 414
f 1473 1299 1357
f 939 908 884
f 780 686 712
f 1644 1558 1632
f 368 359 394
f 1465 1396 1380
f 1358 1261 1227
f 271 236 153
f 634 540 508
f 440 445 366
f 281 323 207
f 873 811 770
f 366 365 234
f 90 53 56
f 533 525 459
f 1398 1295 1364
f 1758 1681 1756
f 1127 1022 1146
f 200 199 101
f 311 279 227
f 176 112 174
f 1761 1758 1756
f 764 798 737
f 456 405 527
f 882 907 978
f 1097 1113 979
f 903 810 878
f 263 185 291
f 397 281 330
f 514 453 524
f 110 105 104
f 1098 1137 989
f 1667 1666 1658
f 649 546 556
f 1659 1624 1587
f 272 205 274
f 1548 1535 1499
f 1374 1279 1288
f 1608 1544 1638
f 458 303 416
f 1819 1813 1814
f 1702 1779 1776
f 9 13 8
f 79 123 22
f 516 446 517
f 580 579 444
f 741 691 760
f 1823 1820 1825
f 1424 1352 1297
f 1843 1787 1629
f 739 655 664
f 1220 1178 1082
f 1718 1714 1713
f 468 368 394
f 564 483 535
f 232 227 92
f 618 552 645
f 1613 1652 1521
f 1295 1208 1222
f 526 542 594
f 1140 1053 1058
f 982 932 897
f 245 201 179
f 998 977 861
f 1810 1805 1809
f 515 402 554
f 555 519 456
f 1782 1638 1669
f 893 886 927
f 467 410 379
f 1170 1229 1113
f 716 632 612
f 1712 1710 1670
f 1687 1637 1618
f 120 111 113
f 189 150 142
f 106 101 100
f 926 899 857
f 569 478 566
f 1365 1224 1275
f 481 500 563
f 393 284 323
f 1403 1419 1340
f 1092 1020 992
f 976 897 935
f 34 37 33
f 908 873 829
f 332 256 301
f 426 397 437
f 1523 1488 1418
f 674 738 625
f 563 500 616
f 415 440 372
f 562 505 430
f 1187 1136 1145
f 450 400 399
f 106 105 111
f 140 134 141
f 580 444 491
f 1670 1517 1585
f 417 385 305
f 1819 1814 1820
f 1667 1566 1666
f 575 627 593
f 619 525 602
f 1471 1463 1590
f 401 326 347
f 941 868 834
f 706 597 546
f 1508 1628 1746
f 1216 1341 1168
f 1115 1097 1019
f 920 841 911
f 1787 1786 1616
f 577 489 458
f 962 973 876
f 1263 1237 1333
f 383 367 360
f 1438 1370 1474
f 35 32 33
f 692 717 792
f 1858 1856 1859
f 187 186 140
f 657 669 509
f 1833 1695 1743
f 329 295 251
f 1428 1350 1410
f 1533 1560 1593
f 1103 1004 1102
f 20 21 16
f 668 642 590
f 1609 1534 1581
f 717 600 586
f 126 121 127
f 843 757 773
f 493 378 472
f 212 208 68
f 272 274 345
f 245 179 216
f 132 126 134
f 611 536 564
f 297 271 237
f 589 472 492
f 986 890 999
f 154 151 159
f 743 707 742
f 1138 1098 952
f 247 192 195
f 666 674 599
f 332 307 256
f 267 198 199
f 1401 1310 1350
f 643 689 588
f 780 774 686
f 1526 1488 1574
f 1328 1355 1201
f 1345 1318 1182
f 425 498 559
f 177 175 109
f 672 671 756
f 138 139 142
f 365 334 234
f 1010 922 1057
f 1300 1215 1195
f 1630 1565 1606
f 1861 1858 1859
f 579 599 427
f 13 16 11
f 1026 914 927
f 1312 1230 1139
f 1105 999 1122
f 1444 1384 1343
f 1190 1283 1296
f 287 248 228
f 1612 1545 1588
f 693 644 621
f 720 601 589
f 409 378 493
f 619 596 525
f 495 453 468
f 647 646 532
f 80 31 78
f 1831 1828 1826
f 1213 1102 1109
f 1755 1756 1753
f 1437 1483 1525
f 392 462 356
f 1304 1335 1377
f 1297 1191 1180
f 1676 1735 1694
f 221 75 116
f 914 893 927
f 930 965 823
f 1061 1008 1002
f 1785 1822 1828
f 827 673 822
f 669 572 509
f 1497 1496 1299
f 1587 1624 1567
f 1785 1646 1660
f 1414 1331 1382
f 314 267 199
f 339 254 270
f 358 325 244
f 448 332 456
f 817 771 731
f 1132 1119 1036
f 1649 1496 1611
f 1628 1508 1564
f 1052 1005 973
f 1289 1333 1361
f 7 12 10
f 1037 962 944
f 96 1 73
f 324 238 377
f 1547 1500 1456
f 537 557 436
f 583 514 606
f 577 458 515
f 1822 1818 1826
f 1194 1201 1059
f 682 610 689
f 289 304 221
f 1754 1750 1749
f 998 1074 977
f 1818 1815 1821
f 1809 1668 1804
f 1393 1354 1420
f 1015 963 996
f 1106 1032 988
f 1735 1737 1730
f 1459 1335 1460
f 43 41 38
f 497 399 490
f 1270 1197 1336
f 1626 1607 1575
f 1654 1523 1557
f 1711 1639 1783
f 445 365 366
f 1476 1332 1399
f 1089 1000 989
f 448 307 332
f 1456 1436 1334
f 1174 1076 1106
f 1027 1068 972
f 1119 1068 1027
f 958 1018 945
f 335 233 268
f 208 69 68
f 1402 1401 1428
f 433 350 331
f 557 443 436
f 1702 1776 1644
f 288 244 73
f 1639 1593 1608
f 1791 1607 1626
f 1235 1253 1360
f 1018 906 945
f 1395 1278 1370
f 715 673 564
f 966 904 905
f 215 91 152
f 167 66 93
f 870 742 832
f 1686 1862 1796
f 787 738 674
f 1102 1023 1109
f 726 665 673
f 758 647 695
f 908 806 884
f 623 585 640
f 276 226 182
f 869 821 750
f 1428 1401 1350
f 1479 1423 1383
f 551 481 563
f 1388 1317 1387
f 178 115 118
f 1496 1636 1464
f 1840 1837 1845
f 1490 1427 1477
f 1702 1632 1667
f 537 436 465
f 981 1039 880
f 496 449 370
f 650 490 598
f 1424 1297 1386
f 232 308 227
f 910 818 891
f 1026 927 1014
f 1407 1433 1324
f 411 335 348
f 423 291 303
f 63 59 64
f 1218 1181 1126
f 1704 1691 1651
f 260 270 217
f 457 470 375
f 732 602 578
f 662 675 591
f 408 351 322
f 371 273 317
f 1177 1133 1293
f 524 453 495
f 1462 1405 1260
f 1841 1837 1787
f 1674 1582 1620
f 372 440 366
f 471 324 377
f 1781 1650 1668
f 736 734 818
f 703 639 576
f 871 848 766
f 1799 1798 1597
f 949 940 819
f 622 489 577
f 55 52 50
f 399 265 352
f 143 86 45
f 273 322 211
f 1518 1433 1407
f 879 836 797
f 703 576 718
f 1162 1078 1093
f 605 528 543
f 421 400 450
f 1434 1390 1296
f 197 98 99
f 1674 1817 1720
f 1623 1525 1647
f 1584 1530 1472
f 600 549 586
f 1117 1099 1056
f 318 222 252
f 590 503 493
f 1816 1812 1811
f 246 202 226
f 1123 1087 1164
f 1056 1099 1001
f 1789 1844 1698
f 647 544 507
f 176 174 172
f 484 547 487
f 1471 1369 1368
f 1029 880 1039
f 666 579 652
f 791 876 783
f 509 504 410
f 1186 1175 1223
f 174 112 103
f 501 468 481
f 326 261 347
f 777 712 706
f 1648 1526 1574
f 212 167 228
f 896 800 765
f 931 814 974
f 884 806 771
f 1686 1559 1514
f 1484 1470 1411
f 1104 1049 932
f 672 617 671
f 1597 1514 1347
f 32 29 27
f 1562 1493 1485
f 160 154 159
f 230 181 235
f 1634 1701 1700
f 1251 1234 1280
f 35 38 32
f 978 937 1031
f 696 607 630
f 421 466 485
f 389 309 409
f 1777 1648 1771
f 252 222 123
f 1269 1391 1325
f 1450 1460 1305
f 1622 1613 1556
f 32 36 29
f 538 476 576
f 454 395 319
f 624 623 698
f 1574 1488 1523
f 1781 1633 1650
f 1674 1599 1582
f 946 866 882
f 1448 1415 1390
f 249 172 261
f 1750 1748 1745
f 1078 1135 1038
f 940 926 857
f 1284 1260 1199
f 1836 1742 1831
f 952 989 874
f 1128 1010 1057
f 1118 970 1077
f 441 394 390
f 1537 1542 1502
f 437 420 529
f 446 369 406
f 1734 1748 1677
f 906 955 898
f 1773 1769 1767
f 1320 1247 1298
f 458 423 303
f 120 113 121
f 1280 1287 1373
f 1726 1612 1673
f 237 271 153
f 854 801 779
f 1342 1303 1255
f 714 622 702
f 793 760 814
f 1859 1855 1860
f 376 375 277
f 705 778 719
f 13 11 8
f 227 155 92
f 919 924 983
f 712 686 597
f 1679 1754 1749
f 1513 1412 1471
f 262 234 177
f 490 449 496
f 1446 1336 1353
f 378 324 472
f 1135 1059 1038
f 419 387 351
f 511 429 504
f 266 194 241
f 609 529 691
f 1003 896 903
f 179 119 112
f 741 634 688
f 388 307 463
f 1734 1696 1736
f 1438 1395 1370
f 284 345 274
f 124 122 125
f 166 161 169
f 475 553 474
f 1018 1030 906
f 1193 1103 1202
f 117 111 120
f 591 523 615
f 400 364 399
f 1308 1178 1249
f 757 684 659
f 287 228 330
f 486 411 499
f 377 238 242
f 560 537 465
f 1442 1280 1441
f 1313 1212 1320
f 447 406 342
f 1354 1298 1270
f 1282 1100 1189
f 1214 1110 1233
f 1282 1179 1100
f 1392 1292 1435
f 1207 1102 1213
f 557 548 443
f 1180 1107 1303
f 532 646 575
f 1806 1805 1810
f 235 245 341
f 1790 1788 1847
f 676 575 646
f 632 548 612
f 18 20 13
f 1548 1499 1384
f 1538 1575 1405
f 1582 1599 1572
f 1626 1575 1538
f 1783 1608 1782
f 72 4 3
f 1826 1818 1821
f 1281 1338 1209
f 789 745 653
f 635 570 561
f 970 1056 949
f 1802 1801 1649
f 1208 1348 1185
f 431 452 422
f 823 798 764
f 1849 1842 1848
f 562 582 505
f 491 444 393
f 1796 1538 1559
f 1458 1429 1554
f 1092 1199 1121
f 1375 1235 1360
f 711 577 694
f 1495 1426 1415
f 741 688 691
f 1421 1394 1512
f 1770 1765 1768
f 319 360 294
f 925 884 899
f 1697 1630 1606
f 1052 1062 1005
f 1525 1542 1537
f 1641 1606 1458
f 2 3 4
f 1159 1124 1276
f 257 195 194
f 1467 1466 1408
f 1535 1486 1499
f 1549 1417 1457
f 1461 1445 1327
f 1760 1756 1755
f 317 266 333
f 1490 1410 1427
f 1167 1101 1061
f 14 9 108
f 1075 999 1007
f 799 739 759
f 1539 1490 1477
f 1007 956 871
f 1198 1091 1037
f 663 526 639
f 1399 1252 1397
f 398 384 453
f 1368 1285 1346
f 180 118 124
f 929 851 917
f 701 670 753
f 1521 1547 1456
f 1678 1547 1521
f 602 525 533
f 838 881 769
f 408 322 436
f 786 660 714
f 1114 1066 1159
f 1292 1179 1282
f 546 534 457
f 52 53 48
f 393 444 345
f 286 233 335
f 946 909 866
f 548 464 443
f 1714 1706 1708
f 1512 1492 1635
f 1114 1159 1310
f 861 872 794
f 399 352 490
f 969 960 1066
f 699 604 704
f 1615 1593 1639
f 1451 1380 1395
f 1252 1169 1250
f 1716 1718 1713
f 1633 1498 1543
f 343 296 283
f 257 273 247
f 436 322 357
f 984 911 980
f 939 933 988
f 348 268 312
f 1306 1218 1166
f 889 809 800
f 744 767 669
f 342 406 329
f 960 919 1054
f 845 789 790
f 1377 1334 1304
f 1385 1444 1343
f 978 907 937
f 63 60 59
f 1176 1163 1210
f 588 492 438
f 1835 1832 1837
f 1294 1308 1249
f 523 530 615
f 84 82 41
f 1422 1362 1426
f 1543 1438 1531
f 1132 1036 1028
f 602 680 619
f 984 1034 1081
f 609 508 529
f 824 762 793
f 1487 1372 1449
f 940 857 819
f 1325 1281 1238
f 742 601 720
f 1842 1840 1845
f 1430 1524 1484
f 1547 1540 1500
f 802 751 752
f 70 71 63
f 80 78 209
f 675 620 479
f 848 871 956
f 720 589 682
f 1049 997 881
f 1772 1768 1769
f 71 67 65
f 1563 1506 1552
f 724 782 835
f 1421 1314 1394
f 170 168 166
f 363 316 420
f 1272 1271 1339
f 253 80 209
f 1725 1721 1718
f 76 14 114
f 1554 1429 1520
f 1556 1555 1377
f 1584 1591 1658
f 620 571 510
f 709 621 638
f 526 477 435
f 153 148 147
f 1654 1600 1681
f 1637 1531 1618
f 1004 1003 1102
f 153 236 148
f 1062 1073 971
f 1101 1006 1061
f 92 155 56
f 1319 1337 1150
f 1528 1478 1495
f 691 529 681
f 1111 1083 1030
f 885 952 796
f 926 1024 925
f 616 500 573
f 488 421 485
f 668 636 642
f 1723 1722 1717
f 776 775 841
f 224 83 250
f 1758 1654 1681
f 722 645 614
f 149 144 142
f 207 284 225
f 1296 1390 1302
f 1683 1699 1631
f 1128 1046 1010
f 603 489 622
f 276 182 239
f 38 36 32
f 884 817 899
f 1550 1541 1516
f 1370 1324 1433
f 1331 1237 1301
f 568 584 470
f 818 734 826
f 1376 1330 1280
f 69 70 63
f 1384 1269 1343
f 1157 1122 1142
f 1280 1373 1453
f 505 358 430
f 935 863 872
f 566 463 502
f 676 627 575
f 753 670 766
f 15 17 6
f 1553 1577 1528
f 157 151 156
f 1531 1474 1518
f 540 426 508
f 608 516 517
f 1480 1326 1365
f 23 24 20
f 846 746 781
f 684 784 683
f 967 936 1050
f 1566 1530 1584
f 625 649 556
f 1385 1343 1312
f 1740 1737 1735
f 1119 1045 1068
f 1298 1192 1232
f 1214 1064 1110
f 352 265 321
f 7 10 2
f 790 653 697
f 1580 1587 1489
f 1236 1223 1175
f 974 963 1058
f 113 105 110
f 1643 1549 1788
f 684 574 553
f 1789 1698 1642
f 1564 1578 1545
f 991 850 990
f 923 853 953
f 151 147 146
f 1767 1763 1762
f 813 756 763
f 834 786 714
f 1309 1223 1236
f 909 883 862
f 123 116 22
f 371 317 333
f 1710 1717 1707
f 1276 1124 1176
f 576 476 583
f 1616 1621 1548
f 144 138 142
f 1246 1259 1156
f 1427 1414 1477
f 499 522 550
f 28 24 23
f 886 776 841
f 1475 1348 1381
f 1668 1543 1637
f 972 821 869
f 290 135 229
f 1106 957 1032
f 908 829 806
f 904 918 831
f 1703 1594 1599
f 1040 1012 1084
f 409 258 378
f 1472 1379 1412
f 422 373 367
f 1454 1329 1348
f 1488 1367 1339
f 529 478 569
f 905 815 837
f 1257 1392 1416
f 469 477 526
f 1570 1444 1501
f 254 210 217
f 945 906 864
f 985 878 888
f 1337 1340 1150
f 1034 984 980
f 1390 1290 1302
f 319 395 360
f 1652 1744 1678
f 1156 1149 1062
f 868 786 834
f 86 217 84
f 191 156 190
f 1218 1126 1166
f 1788 1549 1752
f 272 232 205
f 1208 1074 1076
f 1604 1672 1603
f 1793 1623 1647
f 1318 1327 1246
f 1731 1817 1674
f 1329 1341 1216
f 512 347 511
f 855 804 890
f 1150 1118 1077
f 1813 1809 1814
f 223 76 220
f 236 251 148
f 1140 1063 1053
f 1259 1264 1149
f 321 219 278
f 1189 1055 1114
f 57 53 52
f 1762 1759 1699
f 1736 1627 1661
f 1765 1663 1764
f 1354 1270 1389
f 1165 1116 1204
f 1682 1850 1789
f 716 728 809
f 209 77 223
f 511 504 572
f 595 608 517
f 1098 989 952
f 1268 1174 1235
f 1288 1279 1147
f 391 299 401
f 1293 1133 1273
f 510 521 494
f 1185 1216 1104
f 664 631 699
f 163 157 166
f 825 749 855
f 47 52 48
f 1853 1849 1848
f 1467 1374 1341
f 1546 1447 1476
f 1099 1225 1115
f 30 23 26
f 1261 1347 1203
f 265 206 219
f 1238 1281 1188
f 1492 1378 1437
f 1110 1064 1070
f 1732 1734 1728
f 1275 1123 1164
f 973 1005 887
f 947 946 994
f 961 934 914
f 188 142 185
f 859 835 915
f 741 762 634
f 1512 1394 1492
f 1198 1037 1121
f 1733 1739 1732
f 1449 1352 1424
f 1766 1854 1857
f 1361 1333 1331
f 218 152 89
f 1232 1108 1160
f 609 634 508
f 1766 1602 1653
f 835 782 820
f 1580 1489 1454
f 1244 1130 1129
f 1100 1055 1189
f 774 885 796
f 382 318 327
f 826 730 807
f 1034 980 1055
f 800 748 687
f 1002 892 1025
f 380 379 314
f 1031 986 1105
f 346 298 243
f 359 286 390
f 1828 1822 1826
f 1593 1560 1452
f 195 165 168
f 784 754 683
f 1101 1009 1006
f 1307 1337 1319
f 1393 1420 1483
f 1841 1843 1698
f 1685 1665 1775
f 410 504 429
f 1220 1134 1193
f 1479 1572 1440
f 170 166 169
f 617 563 616
f 1134 1103 1193
f 1509 1334 1377
f 1459 1556 1377
f 1117 1056 1072
f 1712 1670 1692
f 1464 1347 1261
f 1651 1580 1517
f 1207 1202 1102
f 1644 1551 1558
f 1516 1482 1470
f 207 225 94
f 1176 1088 1163
f 888 916 1010
f 1463 1346 1431
f 1628 1564 1646
f 1338 1440 1300
f 508 426 437
f 840 755 722
f 1306 1166 1219
f 1557 1449 1565
f 1206 1200 1322
f 1203 1194 1135
f 679 695 629
f 322 293 211
f 1300 1324 1215
f 748 633 687
f 1588 1533 1615
f 479 510 346
f 452 506 451
f 113 110 112
f 500 486 573
f 181 128 201
f 1404 1327 1318
f 145 146 147
f 952 874 796
f 1815 1807 1810
f 60 56 57
f 1676 1694 1625
f 81 213 131
f 1749 1750 1741
f 1177 1058 1133
f 829 710 723
f 37 39 33
f 771 676 731
f 809 728 800
f 989 1000 948
f 983 924 947
f 942 778 821
f 342 329 271
f 645 552 512
f 763 693 749
f 191 161 156
f 1126 1117 1072
f 1618 1531 1518
f 752 751 658
f 231 91 264
f 1559 1462 1355
f 1203 1135 1078
f 1115 1170 1097
f 547 625 556
f 901 869 798
f 277 88 90
f 66 64 61
f 1544 1465 1592
f 1673 1588 1715
f 81 29 36
f 143 217 86
f 987 833 967
f 1425 1379 1472
f 1155 1025 1090
f 900 913 846
f 585 527 469
f 736 583 606
f 1715 1615 1711
f 1113 1131 1024
f 1012 1031 1084
f 553 574 531
f 839 767 880
f 320 237 280
f 1032 957 938
f 106 100 105
f 204 158 160
f 216 179 176
f 862 813 866
f 519 448 456
f 218 224 292
f 1041 1040 1096
f 1236 1175 1143
f 367 310 360
f 688 634 609
f 1679 1652 1613
f 1553 1491 1536
f 1827 1823 1825
f 21 15 16
f 1747 1746 1836
f 676 646 731
f 126 120 121
f 1533 1441 1560
f 1683 1762 1699
f 97 72 258
f 1380 1266 1278
f 1737 1741 1733
f 224 85 83
f 1504 1402 1428
f 1599 1594 1503
f 1303 1107 1255
f 338 282 349
f 1111 1030 1018
f 90 88 53
f 1185 1104 1086
f 1296 1302 1225
f 135 80 229
f 1278 1173 1172
f 1073 1060 995
f 437 397 363
f 863 897 802
f 776 698 775
f 1864 1860 1862
f 531 574 430
f 1503 1594 1518
f 1742 1628 1738
f 42 38 35
f 732 680 602
f 49 143 45
f 1673 1815 1818
f 1521 1334 1509
f 954 832 801
f 1510 1450 1541
f 1071 967 1050
f 1510 1460 1450
f 376 277 279
f 192 162 165
f 194 169 193
f 363 228 316
f 115 109 106
f 790 789 653
f 402 336 442
f 738 725 625
f 346 334 365
f 1197 1067 1081
f 1470 1403 1411
f 217 210 84
f 349 337 384
f 950 913 928
f 1803 1863 1802
f 1652 1678 1521
f 633 559 687
f 151 149 150
f 667 626 613
f 74 5 97
f 1858 1857 1854
f 1655 1682 1610
f 955 853 898
f 665 598 611
f 210 213 81
f 21 17 15
f 734 678 772
f 633 537 560
f 154 147 151
f 755 795 677
f 306 328 260
f 606 514 524
f 719 641 605
f 305 276 239
f 882 812 825
f 303 341 416
f 1256 1190 1211
f 1258 1256 1211
f 706 712 597
f 648 608 595
f 656 612 537
f 653 745 696
f 1020 944 929
f 1542 1420 1502
f 1644 1701 1634
f 1606 1565 1458
f 1071 987 967
f 594 538 576
f 1163 1088 1096
f 194 168 170
f 1711 1615 1639
f 179 112 176
f 930 852 895
f 91 58 152
f 1357 1299 1228
f 407 447 342
f 1611 1512 1657
f 224 87 85
f 1027 972 869
f 453 384 368
f 997 981 881
f 372 302 353
f 1540 1573 1536
f 303 255 230
f 708 669 767
f 1753 1681 1697
f 745 607 696
f 1591 1590 1685
f 1863 1861 1864
f 316 231 264
f 145 140 141
f 789 679 745
f 1243 1142 1141
f 461 370 343
f 1445 1344 1366
f 511 347 429
f 1496 1358 1299
f 549 497 490
f 253 229 80
f 1087 1051 987
f 1005 867 887
f 25 17 21
f 924 909 947
f 529 569 681
f 798 869 750
f 883 807 862
f 1356 1425 1400
f 118 122 124
f 82 81 36
f 628 554 677
f 1792 1602 1766
f 951 961 1035
f 34 30 31
f 1860 1855 1791
f 1665 1664 1775
f 891 826 883
f 1850 1844 1789
f 830 791 738
f 1725 1728 1721
f 1738 1628 1646
f 1188 1209 1079
f 542 482 538
f 387 460 407
f 960 910 919
f 87 51 44
f 201 119 179
f 1376 1309 1330
f 1009 922 943
f 1229 1254 1113
f 1778 1775 1772
f 261 197 313
f 1380 1243 1266
f 1858 1854 1856
f 1013 988 933
f 1661 1546 1640
f 964 992 917
f 1714 1671 1706
f 239 184 186
f 1520 1429 1351
f 527 405 469
f 410 429 313
f 516 545 434
f 1053 974 1058
f 250 83 135
f 353 373 372
f 900 846 781
f 235 201 245
f 1072 1056 970
f 1491 1553 1495
f 599 547 520
f 208 95 69
f 897 932 802
f 102 101 106
f 508 437 529
f 1463 1431 1583
f 697 653 648
f 370 278 343
f 213 123 79
f 460 455 447
f 754 582 683
f 1526 1367 1488
f 1011 954 854
f 1260 1198 1199
f 1661 1505 1546
f 364 240 265
f 54 50 51
f 650 665 726
f 507 403 454
f 1341 1288 1168
f 671 616 644
f 800 728 748
f 720 682 801
f 517 446 455
f 674 625 599
f 1840 1835 1837
f 1780 1703 1784
f 1772 1771 1770
f 20 16 13
f 828 799 877
f 1149 1073 1062
f 727 681 655
f 793 762 741
f 1405 1345 1260
f 234 173 175
f 649 706 546
f 1205 1127 1212
f 1341 1374 1288
f 1513 1471 1590
f 1381 1348 1208
f 1282 1189 1291
f 1174 1196 1235
f 575 506 452
f 460 447 407
f 935 897 863
f 1769 1774 1772
f 724 664 699
f 1503 1518 1407
f 291 185 255
f 1569 1466 1619
f 837 993 905
f 704 776 820
f 78 26 77
f 1675 1693 1609
f 361 300 405
f 30 33 28
f 1317 1165 1226
f 156 151 150
f 617 616 671
f 1275 1164 1332
f 1612 1588 1673
f 549 488 497
f 1211 1117 1181
f 1562 1552 1539
f 1364 1295 1268
f 1648 1614 1526
f 1383 1281 1325
f 483 414 535
f 1020 1037 944
f 1239 1224 1326
f 781 746 719
f 1550 1529 1510
f 807 730 756
f 210 82 84
f 360 310 294
f 1051 968 987
f 1682 1642 1610
f 503 409 493
f 1775 1777 1771
f 1135 1194 1059
f 710 592 723
f 726 673 827
f 1489 1567 1467
f 1834 1829 1835
f 703 640 663
f 969 849 960
f 684 683 574
f 852 823 716
f 381 289 318
f 1533 1442 1441
f 1301 1237 1223
f 1099 1115 1001
f 389 348 312
f 1347 1328 1203
f 539 404 470
f 16 15 12
f 1716 1713 1707
f 709 638 729
f 693 709 749
f 1799 1864 1862
f 1689 1598 1567
f 538 482 432
f 929 944 851
f 1164 1087 1071
f 499 348 439
f 666 599 579
f 1853 1850 1855
f 375 404 328
f 339 331 254
f 1443 1364 1375
f 629 647 507
f 185 142 139
f 1203 1328 1194
f 1708 1689 1659
f 589 492 610
f 1144 1112 1084
f 1144 1084 1143
f 1443 1398 1364
f 1362 1315 1262
f 866 812 882
f 1460 1335 1305
f 545 454 434
f 1387 1316 1417
f 1286 1193 1202
f 1405 1575 1404
f 151 146 149
f 1254 1217 1131
f 1477 1414 1409
f 1782 1608 1638
f 83 40 34
f 725 783 706
f 134 126 133
f 750 654 737
f 175 107 109
f 740 726 827
f 465 357 371
f 915 934 961
f 1118 1072 970
f 944 876 830
f 808 718 736
f 686 732 578
f 1054 919 1033
f 1579 1629 1570
f 1706 1671 1688
f 1278 1172 1214
f 1543 1531 1637
f 937 907 855
f 1727 1723 1719
f 1573 1577 1553
f 868 822 786
f 1820 1816 1817
f 1558 1551 1432
f 994 946 1012
f 1585 1568 1603
f 923 854 779
f 777 780 712
f 343 283 414
f 910 891 919
f 854 1016 1064
f 849 818 910
f 1559 1538 1462
f 462 457 356
f 1791 1855 1655
f 1729 1725 1724
f 971 995 858
f 1657 1803 1649
f 1468 1381 1295
f 980 911 849
f 1260 1345 1198
f 1115 1019 1001
f 162 163 165
f 971 858 867
f 1686 1514 1597
f 1729 1732 1725
f 1625 1609 1581
f 625 725 649
f 727 739 799
f 1316 1226 1257
f 1854 1851 1853
f 1312 1343 1230
f 656 716 612
f 931 824 814
f 1241 1319 1151
f 1422 1360 1362
f 1694 1675 1625
f 1843 1841 1787
f 30 28 23
f 1710 1709 1670
f 1721 1640 1671
f 681 569 566
f 1676 1625 1547
f 373 415 372
f 268 285 312
f 1036 1027 901
f 1248 1241 1183
f 917 851 836
f 369 305 295
f 394 441 481
f 33 32 28
f 1431 1322 1406
f 1635 1795 1863
f 497 485 399
f 779 689 853
f 47 43 42
f 1692 1670 1585
f 487 462 392
f 877 799 894
f 866 813 812
f 1015 996 1035
f 1755 1753 1750
f 1680 1622 1662
f 830 876 791
f 1005 971 867
f 766 742 871
f 1299 1358 1227
f 476 398 514
f 427 362 340
f 1226 1204 1240
f 915 835 934
f 692 651 600
f 411 348 499
f 1272 1120 1271
f 473 438 325
f 413 315 374
f 1840 1834 1835
f 1751 1589 1747
f 1350 1289 1361
f 1831 1834 1838
f 1792 1766 1857
f 278 296 343
f 1184 1128 1057
f 700 651 692
f 1856 1854 1853
f 1730 1729 1723
f 242 96 73
f 1464 1597 1347
f 564 660 715
f 446 516 417
f 1532 1453 1452
f 67 164 65
f 536 461 483
f 1349 1250 1274
f 807 813 862
f 1800 1799 1636
f 1846 1842 1849
f 92 56 62
f 1465 1452 1396
f 1204 1116 1179
f 1239 1123 1224
f 489 423 458
f 955 953 853
f 1610 1642 1579
f 1713 1659 1690
f 661 473 582
f 808 736 818
f 335 268 348
f 636 541 642
f 1121 1037 1020
f 1279 1349 1274
f 1805 1669 1781
f 469 526 585
f 893 820 886
f 1015 1035 1127
f 565 543 464
f 344 340 272
f 840 722 842
f 268 74 285
f 943 827 921
f 1389 1270 1336
f 754 803 768
f 1631 1550 1524
f 1519 1443 1375
f 975 974 1053
f 556 462 487
f 338 349 432
f 1691 1690 1587
f 1437 1378 1313
f 1259 1149 1156
f 507 544 431
f 575 593 506
f 1672 1719 1710
f 968 833 987
f 867 780 777
f 1102 1003 1023
f 1228 1153 1140
f 704 604 624
f 1429 1303 1342
f 328 270 260
f 358 473 325
f 1822 1660 1726
f 1141 1142 1017
f 939 873 908
f 856 795 755
f 415 480 440
f 272 308 232
f 826 734 772
f 1152 1028 1082
f 1720 1784 1599
f 1113 1024 979
f 259 197 198
f 382 381 318
f 862 866 909
f 1328 1201 1194
f 538 432 476
f 252 123 213
f 1455 1408 1466
f 980 849 969
f 1432 1265 1400
f 1336 1197 1165
f 1549 1457 1508
f 1152 1132 1028
f 842 721 839
f 261 172 197
f 1759 1757 1680
f 1751 1747 1836
f 1506 1504 1552
f 1496 1464 1358
f 878 747 888
f 1019 979 940
f 1657 1797 1803
f 76 114 220
f 1741 1739 1733
f 1029 936 880
f 1762 1763 1760
f 1143 1175 1144
f 887 867 777
f 1780 1687 1703
f 954 801 854
f 1386 1180 1303
f 1664 1583 1614
f 155 90 56
f 1056 1001 949
f 1707 1691 1704
f 1359 1267 1243
f 159 151 157
f 1299 1227 1228
f 6 1 2
f 905 831 815
f 294 310 246
f 118 115 117
f 525 475 433
f 1367 1272 1339
f 1129 1095 1039
f 1718 1721 1714
f 539 424 404
f 655 566 502
f 1167 1061 1161
f 1055 969 1114
f 1043 968 1051
f 977 982 976
f 1330 1251 1280
f 754 768 661
f 713 652 626
f 1385 1312 1344
f 1689 1688 1598
f 1613 1555 1556
f 166 157 161
f 1297 1180 1386
f 58 59 55
f 1645 1590 1586
f 1638 1544 1592
f 1067 984 1081
f 1808 1780 1784
f 1044 950 928
f 1221 1142 1267
f 1715 1807 1673
f 1240 1179 1292
f 893 835 820
f 1362 1360 1315
f 426 281 397
f 714 603 622
f 635 769 657
f 435 386 482
f 241 194 240
f 1478 1494 1422
f 1046 888 1010
f 599 520 427
f 1663 1574 1656
f 1282 1291 1402
f 1538 1405 1462
f 1477 1409 1493
f 410 259 379
f 1622 1556 1529
f 1368 1346 1463
f 82 210 81
f 1120 1101 1167
f 550 522 541
f 1261 1203 1078
f 1311 1371 1283
f 641 697 648
f 1724 1725 1718
f 1807 1806 1810
f 546 597 534
f 1434 1296 1371
f 3 1 96
f 412 304 289
f 1228 1227 1162
f 887 777 783
f 1517 1454 1348
f 773 757 659
f 434 417 516
f 29 79 22
f 1837 1786 1787
f 1455 1413 1408
f 921 827 822
f 325 377 242
f 264 215 307
f 1339 1271 1167
f 1103 1102 1202
f 1731 1674 1620
f 1775 1664 1777
f 295 239 186
f 992 929 917
f 1014 984 1067
f 1568 1475 1468
f 997 1039 981
f 571 561 521
f 878 792 747
f 1140 1058 1177
f 1281 1209 1188
f 1057 922 1009
f 251 295 186
f 1530 1425 1472
f 1578 1552 1562
f 997 1129 1039
f 40 39 37
f 919 891 924
f 330 281 287
f 1221 1267 1287
f 778 705 750
f 521 561 467
f 86 84 41
f 1765 1764 1758
f 1554 1520 1596
f 1653 1571 1643
f 1122 1075 1142
f 892 785 850
f 369 417 305
f 1179 1116 1100
f 735 773 690
f 453 368 468
f 1508 1457 1416
f 695 647 629
f 1353 1336 1165
f 788 694 795
f 255 183 230
f 1321 1248 1265
f 976 982 897
f 10 6 2
f 428 389 409
f 922 740 827
f 1669 1592 1633
f 934 893 914
f 1455 1397 1413
f 449 321 370
f 46 42 39
f 1469 1506 1507
f 1225 1302 1170
f 851 944 830
f 1246 1327 1259
f 952 885 912
f 494 521 380
f 302 366 234
f 617 551 563
f 964 917 879
f 693 621 709
f 1095 1029 1039
f 816 794 662
f 1077 950 1044
f 1184 1057 1120
f 1045 928 972
f 350 327 252
f 471 377 438
f 390 286 441
f 765 692 810
f 1541 1450 1482
f 39 35 33
f 285 74 97
f 769 744 657
f 1847 1752 1846
f 552 442 512
f 1787 1616 1629
f 575 452 532
f 1397 1252 1250
f 1698 1629 1642
f 282 253 209
f 1196 1136 1187
f 1355 1260 1284
f 1709 1705 1651
f 283 263 315
f 1852 1851 1854
f 664 502 631
f 1213 1109 1206
f 654 605 565
f 891 818 826
f 1360 1253 1315
f 1648 1574 1684
f 735 690 619
f 1645 1586 1583
f 1647 1525 1602
f 1653 1852 1766
f 443 408 436
f 1080 958 1000
f 670 668 743
f 1008 868 941
f 1342 1255 1351
f 1165 1081 1116
f 89 54 51
f 659 684 553
f 1631 1529 1550
f 112 110 103
f 958 945 864
f 662 794 675
f 1564 1545 1660
f 1228 1140 1314
f 1679 1613 1680
f 751 635 658
f 1254 1131 1113
f 1178 1152 1082
f 107 102 106
f 1266 1173 1278
f 1290 1254 1229
f 1329 1216 1185
f 1561 1398 1534
f 77 26 19
f 1681 1630 1697
f 1142 1075 1017
f 938 957 816
f 847 744 769
f 228 167 231
f 1851 1852 1847
f 157 156 161
f 443 419 351
f 293 280 204
f 1038 964 918
f 940 979 926
f 739 727 655
f 1254 1262 1217
f 1817 1811 1720
f 403 395 454
f 1000 958 865
f 1537 1502 1387
f 1256 1283 1190
f 878 810 792
f 198 197 99
f 163 159 157
f 1332 1164 1252
f 94 71 70
f 279 277 214
f 116 75 17
f 1735 1730 1694
f 1552 1490 1539
f 1705 1704 1651
f 1220 1082 1134
f 1456 1334 1521
f 814 902 974
f 285 97 309
f 1795 1635 1623
f 1484 1411 1321
f 1310 1159 1276
f 86 41 45
f 404 424 339
f 1181 1117 1126
f 1766 1852 1854
f 488 485 497
f 1186 1112 1175
f 1172 1094 1064
f 277 306 88
f 1434 1448 1390
f 1713 1708 1659
f 832 742 720
f 1856 1853 1855
f 855 749 729
f 1519 1375 1494
f 234 175 177
f 1820 1814 1816
f 1515 1497 1473
f 1695 1731 1605
f 1801 1636 1496
f 1611 1497 1515
f 1829 1827 1832
f 1709 1707 1704
f 1388 1353 1317
f 1373 1439 1453
f 1430 1321 1265
f 1609 1604 1534
f 26 23 19
f 1239 1125 1123
f 1788 1752 1847
f 375 306 277
f 1158 1187 1145
f 1348 1329 1185
f 1800 1864 1799
f 1545 1578 1562
f 91 61 58
f 222 289 221
f 175 173 107
f 40 37 34
f 1277 1161 1191
f 1711 1783 1807
f 1554 1596 1677
f 1058 963 1015
f 395 383 360
f 492 471 438
f 1571 1549 1643
f 832 720 801
f 1516 1470 1484
f 891 883 924
f 1440 1407 1300
f 1407 1324 1300
f 1618 1518 1594
f 299 326 401
f 233 108 268
f 905 904 831
f 574 562 430
f 1675 1727 1693
f 1474 1370 1433
f 616 573 644
f 699 704 782
f 1804 1780 1808
f 1575 1607 1511
f 828 727 799
f 1515 1473 1421
f 1076 998 957
f 1803 1802 1649
f 165 163 168
f 296 278 203
f 1744 1749 1741
f 1696 1627 1736
f 1387 1417 1549
f 1503 1407 1440
f 397 330 363
f 88 49 53
f 148 145 147
f 1042 1041 1088
f 1071 1050 1169
f 1065 870 954
f 683 582 562
f 1814 1812 1816
f 751 802 635
f 794 752 675
f 817 731 758
f 1423 1338 1281
f 881 981 847
f 638 550 701
f 1173 1094 1172
f 1669 1633 1781
f 1723 1724 1722
f 50 52 47
f 387 342 297
f 231 93 91
f 1842 1839 1840
f 1823 1819 1820
f 766 743 742
f 286 220 233
f 281 207 208
f 1807 1783 1782
f 1654 1557 1600
f 1732 1728 1725
f 1205 1015 1127
f 824 793 814
f 927 886 920
f 1830 1827 1825
f 783 777 706
f 409 309 258
f 513 480 451
f 243 298 200
f 1534 1398 1443
f 1481 1434 1371
f 1192 1026 1108
f 1108 1026 1014
f 1162 1093 1153
f 506 513 451
f 474 412 381
f 63 65 62
f 1534 1604 1561
f 1436 1481 1371
f 761 733 666
f 288 73 221
f 1151 1150 1171
f 1627 1520 1505
f 1295 1381 1208
f 1514 1355 1328
f 1708 1706 1689
f 1431 1406 1526
f 1742 1738 1828
f 778 781 719
f 380 298 346
f 1491 1495 1448
f 59 57 55
f 227 214 155
f 1821 1815 1813
f 833 840 967
f 1227 1078 1162
f 1762 1757 1759
f 1230 1269 1137
f 1770 1684 1663
f 515 416 402
f 1798 1686 1597
f 1258 1311 1256
f 1518 1474 1433
f 1315 1187 1262
f 442 336 391
f 249 176 172
f 451 415 373
f 1195 1338 1300
f 206 191 219
f 244 242 73
f 775 640 703
f 1016 953 1069
f 1687 1618 1594
f 1728 1640 1721
f 1325 1238 1245
f 1367 1242 1272
f 250 135 290
f 586 549 490
f 815 831 713
f 687 700 765
f 597 686 584
f 279 214 227
f 850 785 702
f 1110 1069 1154
f 1505 1447 1546
f 38 41 36
f 85 40 83
f 886 841 920
f 1151 1045 1119
f 1166 1072 1118
f 990 959 1043
f 441 286 411
f 993 966 905
f 547 556 487
f 628 515 554
f 974 902 963
f 1586 1463 1583
f 1660 1545 1612
f 943 921 1006
f 1603 1568 1561
f 1560 1532 1452
f 387 419 464
f 444 427 344
f 1602 1525 1537
f 1396 1243 1380
f 528 455 460
f 708 614 637
f 1322 1200 1128
f 193 169 161
f 694 515 685
f 1836 1831 1838
f 1428 1410 1490
f 995 952 912
f 1309 1301 1223
f 1334 1436 1311
f 297 342 271
f 540 491 426
f 1214 1233 1324
f 25 22 17
f 1605 1620 1486
f 1222 1208 1076
f 812 763 749
f 206 161 191
f 902 828 877
f 816 957 861
f 421 333 400
f 424 459 331
f 326 249 261
f 1109 1047 1046
f 1558 1432 1566
f 1221 1157 1142
f 1645 1664 1665
f 521 467 380
f 590 493 601
f 1120 1167 1271
f 1127 1146 1212
f 1394 1314 1293
f 1006 868 1008
f 27 22 25
f 388 264 307
f 1780 1637 1687
f 1757 1755 1754
f 1653 1602 1571
f 968 856 833
f 1380 1278 1395
f 1232 1160 1270
f 1526 1406 1367
f 316 264 388
f 467 509 410
f 43 45 41
f 248 208 212
f 1259 1344 1264
f 1204 1179 1240
f 757 865 805
f 760 691 681
f 1589 1751 1752
f 1548 1384 1444
f 1264 1139 1149
f 1366 1259 1327
f 251 187 148
f 352 321 449
f 1104 932 982
f 883 826 807
f 863 802 752
f 1683 1617 1700
f 1340 1219 1150
f 1715 1588 1615
f 841 808 849
f 652 579 580
f 420 316 388
f 1064 1016 1070
f 1726 1818 1822
f 1227 1261 1078
f 1307 1319 1241
f 1140 1177 1293
f 1825 1820 1817
f 928 913 900
f 955 1069 953
f 1670 1651 1517
f 1345 1182 1198
f 294 246 226
f 1270 1160 1197
f 633 656 537
f 999 890 956
f 1662 1759 1680
f 963 877 894
f 194 170 169
f 1568 1517 1475
f 9 8 5
f 129 124 125
f 1527 1566 1432
f 199 100 101
f 230 183 181
f 291 255 303
f 263 188 185
f 787 674 733
f 1024 1131 1013
f 332 301 361
f 195 168 194
f 398 349 384
f 273 211 247
f 775 703 718
f 298 199 200
f 316 228 231
f 713 626 667
f 1449 1424 1565
f 861 977 872
f 1219 1118 1150
f 438 377 325
f 302 234 262
f 979 1024 926
f 362 311 308
f 362 484 392
f 254 213 210
f 1217 1187 1158
f 1527 1432 1400
f 624 527 623
f 1579 1501 1522
f 1744 1737 1740
f 652 761 666
f 1289 1263 1333
f 489 374 423
f 977 976 872
f 358 288 304
f 573 486 499
f 1469 1402 1506
f 1050 936 1029
f 823 901 798
f 1598 1619 1466
f 1390 1363 1290
f 292 250 354
f 1314 1140 1293
f 981 880 847
f 1629 1616 1570
f 238 72 96
f 425 333 498
f 248 212 228
f 1658 1591 1685
f 1342 1351 1429
f 523 440 480
f 1488 1339 1418
f 141 134 138
f 251 186 187
f 639 526 594
f 1839 1834 1840
f 1461 1327 1404
f 1702 1644 1632
f 1208 1185 1086
f 1379 1286 1412
f 916 740 922
f 1168 1049 1104
f 311 392 279
f 1209 1111 1079
f 216 176 249
f 675 752 620
f 1642 1629 1579
f 678 524 567
f 162 160 159
f 1083 1154 1069
f 1470 1482 1403
f 1384 1391 1269
f 1304 1334 1258
f 1226 1240 1257
f 837 815 762
f 657 509 570
f 1183 1119 1132
f 658 571 620
f 1291 1114 1310
f 1164 1169 1252
f 1245 1238 1089
f 673 611 564
f 125 122 120
f 949 819 845
f 351 280 293
f 633 560 559
f 199 198 99
f 1825 1695 1830
f 643 588 473
f 369 295 329
f 1644 1634 1551
f 16 12 11
f 1083 1069 955
f 1064 1011 854
f 1230 1137 1138
f 1864 1861 1860
f 1584 1472 1591
f 1516 1541 1482
f 554 402 442
f 671 644 693
f 570 509 467
f 553 531 474
f 434 385 417
f 245 216 269
f 632 565 548
f 1441 1280 1453
f 429 347 313
f 1153 1063 1140
f 967 840 842
f 1007 871 1017
f 406 369 329
f 1525 1483 1542
f 690 596 619
f 1169 1050 1250
f 774 796 680
f 234 243 173
f 1042 983 947
f 692 600 717
f 1149 1139 1073
f 1114 969 1066
f 1230 1343 1269
f 439 389 428
f 1346 1322 1431
f 1666 1566 1584
f 985 903 878
f 1457 1257 1416
f 698 640 775
f 434 319 385
f 1004 896 1003
f 913 790 846
f 455 446 406
f 1633 1543 1650
f 1350 1276 1289
f 544 532 431
f 860 810 903
f 723 627 676
f 1170 1113 1097
f 1035 961 1022
f 1094 1011 1064
f 1651 1691 1580
f 514 398 453
f 1479 1440 1423
f 14 13 9
f 104 98 103
f 190 203 278
f 1590 1463 1586
f 1608 1452 1544
f 68 69 64
f 441 411 486
f 1059 1092 992
f 469 355 477
f 582 473 505
f 1201 1199 1092
f 998 861 957
f 205 92 164
f 1745 1748 1734
f 650 598 665
f 1417 1257 1457
f 73 1 6
f 1487 1418 1372
f 1125 1043 1123

