[  0%] Built target CLI11
[  0%] Building CXX object _deps/glm-build/glm/CMakeFiles/glm.dir/detail/glm.cpp.o
[  0%] Building C object _deps/metis-build/GKlib/CMakeFiles/GKlib.dir/b64.c.o
[  0%] Built target cuBQL_queries
[  0%] Building C object _deps/metis-build/GKlib/CMakeFiles/GKlib.dir/evaluate.c.o
[  0%] Building CXX object _deps/openmesh-build/src/OpenMesh/Core/CMakeFiles/OpenMeshCore.dir/IO/BinaryHelper.cc.o
[  0%] Building C object _deps/metis-build/GKlib/CMakeFiles/GKlib.dir/gkregex.c.o
[  3%] Building C object _deps/metis-build/GKlib/CMakeFiles/GKlib.dir/mcore.c.o
[  3%] Building C object _deps/metis-build/GKlib/CMakeFiles/GKlib.dir/seq.c.o
[  3%] Building C object _deps/metis-build/GKlib/CMakeFiles/GKlib.dir/blas.c.o
/root/autodl-tmp/graduation_project/build_rxmesh_dynamic_20260908_141858/dependencies/OpenMesh-8.1/src/OpenMesh/Core/IO/BinaryHelper.cc: In function ‘short int OpenMesh::IO::read_short(FILE*, bool)’:
/root/autodl-tmp/graduation_project/build_rxmesh_dynamic_20260908_141858/dependencies/OpenMesh-8.1/src/OpenMesh/Core/IO/BinaryHelper.cc:77:8: warning: ignoring return value of ‘size_t fread(void*, size_t, size_t, FILE*)’ declared with attribute ‘warn_unused_result’ [-Wunused-result]
   77 |   fread((char*)sc.c, 1, 2, _in);
      |   ~~~~~^~~~~~~~~~~~~~~~~~~~~~~~
/root/autodl-tmp/graduation_project/build_rxmesh_dynamic_20260908_141858/dependencies/OpenMesh-8.1/src/OpenMesh/Core/IO/BinaryHelper.cc: In function ‘int OpenMesh::IO::read_int(FILE*, bool)’:
/root/autodl-tmp/graduation_project/build_rxmesh_dynamic_20260908_141858/dependencies/OpenMesh-8.1/src/OpenMesh/Core/IO/BinaryHelper.cc:89:8: warning: ignoring return value of ‘size_t fread(void*, size_t, size_t, FILE*)’ declared with attribute ‘warn_unused_result’ [-Wunused-result]
   89 |   fread((char*)ic.c, 1, 4, _in);
      |   ~~~~~^~~~~~~~~~~~~~~~~~~~~~~~
/root/autodl-tmp/graduation_project/build_rxmesh_dynamic_20260908_141858/dependencies/OpenMesh-8.1/src/OpenMesh/Core/IO/BinaryHelper.cc: In function ‘float OpenMesh::IO::read_float(FILE*, bool)’:
/root/autodl-tmp/graduation_project/build_rxmesh_dynamic_20260908_141858/dependencies/OpenMesh-8.1/src/OpenMesh/Core/IO/BinaryHelper.cc:104:8: warning: ignoring return value of ‘size_t fread(void*, size_t, size_t, FILE*)’ declared with attribute ‘warn_unused_result’ [-Wunused-result]
  104 |   fread((char*)fc.c, 1, 4, _in);
      |   ~~~~~^~~~~~~~~~~~~~~~~~~~~~~~
/root/autodl-tmp/graduation_project/build_rxmesh_dynamic_20260908_141858/dependencies/OpenMesh-8.1/src/OpenMesh/Core/IO/BinaryHelper.cc: In function ‘double OpenMesh::IO::read_double(FILE*, bool)’:
/root/autodl-tmp/graduation_project/build_rxmesh_dynamic_20260908_141858/dependencies/OpenMesh-8.1/src/OpenMesh/Core/IO/BinaryHelper.cc:119:8: warning: ignoring return value of ‘size_t fread(void*, size_t, size_t, FILE*)’ declared with attribute ‘warn_unused_result’ [-Wunused-result]
  119 |   fread((char*)dc.c, 1, 8, _in);
      |   ~~~~~^~~~~~~~~~~~~~~~~~~~~~~~
[  6%] Building C object _deps/metis-build/GKlib/CMakeFiles/GKlib.dir/fkvkselect.c.o
[  6%] Building CXX object _deps/openmesh-build/src/OpenMesh/Core/CMakeFiles/OpenMeshCore.dir/IO/IOManager.cc.o
[  6%] Building C object _deps/metis-build/GKlib/CMakeFiles/GKlib.dir/graph.c.o
[  6%] Building C object _deps/metis-build/GKlib/CMakeFiles/GKlib.dir/memory.c.o
[  6%] Building C object _deps/metis-build/GKlib/CMakeFiles/GKlib.dir/sort.c.o
[  9%] Building CXX object _deps/openmesh-build/src/OpenMesh/Core/CMakeFiles/OpenMeshCore.dir/IO/OMFormat.cc.o
[ 12%] Building C object _deps/metis-build/GKlib/CMakeFiles/GKlib.dir/cache.c.o
[ 12%] Building C object _deps/metis-build/GKlib/CMakeFiles/GKlib.dir/fs.c.o
[ 12%] Building C object _deps/metis-build/GKlib/CMakeFiles/GKlib.dir/htable.c.o
[ 15%] Building C object _deps/metis-build/GKlib/CMakeFiles/GKlib.dir/pqueue.c.o
[ 15%] Building C object _deps/metis-build/GKlib/CMakeFiles/GKlib.dir/string.c.o
[ 15%] Building CXX object _deps/openmesh-build/src/OpenMesh/Core/CMakeFiles/OpenMeshCore.dir/IO/reader/BaseReader.cc.o
[ 15%] Building C object _deps/metis-build/GKlib/CMakeFiles/GKlib.dir/csr.c.o
[ 15%] Building C object _deps/metis-build/GKlib/CMakeFiles/GKlib.dir/getopt.c.o
[ 18%] Building C object _deps/metis-build/GKlib/CMakeFiles/GKlib.dir/io.c.o
[ 18%] Building CXX object _deps/openmesh-build/src/OpenMesh/Core/CMakeFiles/OpenMeshCore.dir/IO/reader/OBJReader.cc.o
[ 18%] Building CXX object _deps/openmesh-build/src/OpenMesh/Core/CMakeFiles/OpenMeshCore.dir/IO/reader/OFFReader.cc.o
[ 18%] Building C object _deps/metis-build/GKlib/CMakeFiles/GKlib.dir/random.c.o
[ 18%] Building C object _deps/metis-build/GKlib/CMakeFiles/GKlib.dir/timers.c.o
[ 18%] Building C object _deps/metis-build/GKlib/CMakeFiles/GKlib.dir/error.c.o
[ 21%] Building C object _deps/metis-build/GKlib/CMakeFiles/GKlib.dir/gk_util.c.o
[ 21%] Building C object _deps/metis-build/GKlib/CMakeFiles/GKlib.dir/itemsets.c.o
[ 24%] Building CXX object _deps/openmesh-build/src/OpenMesh/Core/CMakeFiles/OpenMeshCore.dir/IO/reader/OMReader.cc.o
[ 24%] Building C object _deps/metis-build/GKlib/CMakeFiles/GKlib.dir/rw.c.o
[ 27%] Building C object _deps/metis-build/GKlib/CMakeFiles/GKlib.dir/tokenizer.c.o
[ 27%] Linking C static library libGKlib.a
[ 27%] Built target GKlib
[ 27%] Building CXX object _deps/openmesh-build/src/OpenMesh/Core/CMakeFiles/OpenMeshCore.dir/IO/reader/PLYReader.cc.o
[ 27%] Building CXX object _deps/openmesh-build/src/OpenMesh/Core/CMakeFiles/OpenMeshCore.dir/IO/reader/STLReader.cc.o
[ 27%] Linking CXX static library libglm.a
[ 27%] Built target glm
[ 27%] Building C object _deps/metis-build/CMakeFiles/metis.dir/libmetis/auxapi.c.o
[ 27%] Building C object _deps/metis-build/CMakeFiles/metis.dir/libmetis/contig.c.o
/root/autodl-tmp/graduation_project/build_rxmesh_dynamic_20260908_141858/dependencies/OpenMesh-8.1/src/OpenMesh/Core/IO/reader/STLReader.cc: In member function ‘OpenMesh::IO::_STLReader_::STL_Type OpenMesh::IO::_STLReader_::check_stl_type(const string&) const’:
/root/autodl-tmp/graduation_project/build_rxmesh_dynamic_20260908_141858/dependencies/OpenMesh-8.1/src/OpenMesh/Core/IO/reader/STLReader.cc:493:9: warning: ignoring return value of ‘size_t fread(void*, size_t, size_t, FILE*)’ declared with attribute ‘warn_unused_result’ [-Wunused-result]
  493 |    fread(dummy, 1, 80, in);
      |    ~~~~~^~~~~~~~~~~~~~~~~~
[ 30%] Building C object _deps/metis-build/CMakeFiles/metis.dir/libmetis/graph.c.o
[ 33%] Building CXX object _deps/openmesh-build/src/OpenMesh/Core/CMakeFiles/OpenMeshCore.dir/IO/writer/BaseWriter.cc.o
[ 33%] Building C object _deps/metis-build/CMakeFiles/metis.dir/libmetis/mesh.c.o
[ 33%] Building C object _deps/metis-build/CMakeFiles/metis.dir/libmetis/options.c.o
[ 33%] Building CXX object _deps/openmesh-build/src/OpenMesh/Core/CMakeFiles/OpenMeshCore.dir/IO/writer/OBJWriter.cc.o
[ 33%] Building C object _deps/metis-build/CMakeFiles/metis.dir/libmetis/srefine.c.o
[ 36%] Building C object _deps/metis-build/CMakeFiles/metis.dir/libmetis/balance.c.o
[ 36%] Building CXX object _deps/openmesh-build/src/OpenMesh/Core/CMakeFiles/OpenMeshCore.dir/IO/writer/OFFWriter.cc.o
[ 36%] Building C object _deps/metis-build/CMakeFiles/metis.dir/libmetis/debug.c.o
[ 36%] Building C object _deps/metis-build/CMakeFiles/metis.dir/libmetis/initpart.c.o
[ 39%] Building C object _deps/metis-build/CMakeFiles/metis.dir/libmetis/meshpart.c.o
[ 39%] Building C object _deps/metis-build/CMakeFiles/metis.dir/libmetis/parmetis.c.o
[ 39%] Building CXX object _deps/openmesh-build/src/OpenMesh/Core/CMakeFiles/OpenMeshCore.dir/IO/writer/OMWriter.cc.o
[ 39%] Building C object _deps/metis-build/CMakeFiles/metis.dir/libmetis/stat.c.o
[ 39%] Building C object _deps/metis-build/CMakeFiles/metis.dir/libmetis/bucketsort.c.o
[ 45%] Building C object _deps/metis-build/CMakeFiles/metis.dir/libmetis/fm.c.o
[ 45%] Building CXX object _deps/openmesh-build/src/OpenMesh/Core/CMakeFiles/OpenMeshCore.dir/IO/writer/PLYWriter.cc.o
[ 45%] Building C object _deps/metis-build/CMakeFiles/metis.dir/libmetis/kmetis.c.o
[ 45%] Building C object _deps/metis-build/CMakeFiles/metis.dir/libmetis/minconn.c.o
[ 45%] Building C object _deps/metis-build/CMakeFiles/metis.dir/libmetis/pmetis.c.o
[ 48%] Building C object _deps/metis-build/CMakeFiles/metis.dir/libmetis/timing.c.o
[ 48%] Building CXX object _deps/openmesh-build/src/OpenMesh/Core/CMakeFiles/OpenMeshCore.dir/IO/writer/STLWriter.cc.o
[ 48%] Building CXX object _deps/openmesh-build/src/OpenMesh/Core/CMakeFiles/OpenMeshCore.dir/IO/writer/VTKWriter.cc.o
[ 48%] Building C object _deps/metis-build/CMakeFiles/metis.dir/libmetis/checkgraph.c.o
[ 48%] Building C object _deps/metis-build/CMakeFiles/metis.dir/libmetis/fortran.c.o
[ 51%] Building C object _deps/metis-build/CMakeFiles/metis.dir/libmetis/kwayfm.c.o
[ 51%] Building CXX object _deps/openmesh-build/src/OpenMesh/Core/CMakeFiles/OpenMeshCore.dir/Mesh/ArrayKernel.cc.o
[ 54%] Building CXX object _deps/openmesh-build/src/OpenMesh/Core/CMakeFiles/OpenMeshCore.dir/Mesh/BaseKernel.cc.o
[ 54%] Building C object _deps/metis-build/CMakeFiles/metis.dir/libmetis/mincover.c.o
[ 54%] Building C object _deps/metis-build/CMakeFiles/metis.dir/libmetis/refine.c.o
[ 54%] Building CXX object _deps/openmesh-build/src/OpenMesh/Core/CMakeFiles/OpenMeshCore.dir/Mesh/PolyConnectivity.cc.o
[ 54%] Building C object _deps/metis-build/CMakeFiles/metis.dir/libmetis/util.c.o
[ 57%] Building C object _deps/metis-build/CMakeFiles/metis.dir/libmetis/coarsen.c.o
[ 57%] Building C object _deps/metis-build/CMakeFiles/metis.dir/libmetis/frename.c.o
[ 57%] Building C object _deps/metis-build/CMakeFiles/metis.dir/libmetis/kwayrefine.c.o
[ 57%] Building CXX object _deps/openmesh-build/src/OpenMesh/Core/CMakeFiles/OpenMeshCore.dir/Mesh/SmartHandles.cc.o
[ 60%] Building C object _deps/metis-build/CMakeFiles/metis.dir/libmetis/mmd.c.o
[ 60%] Building C object _deps/metis-build/CMakeFiles/metis.dir/libmetis/separator.c.o
[ 60%] Building C object _deps/metis-build/CMakeFiles/metis.dir/libmetis/wspace.c.o
[ 60%] Building C object _deps/metis-build/CMakeFiles/metis.dir/libmetis/compress.c.o
[ 63%] Building C object _deps/metis-build/CMakeFiles/metis.dir/libmetis/gklib.c.o
[ 66%] Building CXX object _deps/openmesh-build/src/OpenMesh/Core/CMakeFiles/OpenMeshCore.dir/Mesh/TriConnectivity.cc.o
[ 66%] Building C object _deps/metis-build/CMakeFiles/metis.dir/libmetis/mcutil.c.o
[ 66%] Building C object _deps/metis-build/CMakeFiles/metis.dir/libmetis/ometis.c.o
[ 66%] Building CXX object _deps/openmesh-build/src/OpenMesh/Core/CMakeFiles/OpenMeshCore.dir/System/omstream.cc.o
[ 66%] Building C object _deps/metis-build/CMakeFiles/metis.dir/libmetis/sfm.c.o
[ 66%] Building CXX object _deps/openmesh-build/src/OpenMesh/Core/CMakeFiles/OpenMeshCore.dir/Utils/BaseProperty.cc.o
[ 69%] Linking C static library libmetis.a
[ 69%] Building CXX object _deps/openmesh-build/src/OpenMesh/Core/CMakeFiles/OpenMeshCore.dir/Utils/Endian.cc.o
[ 72%] Building CXX object _deps/openmesh-build/src/OpenMesh/Core/CMakeFiles/OpenMeshCore.dir/Utils/RandomNumberGenerator.cc.o
[ 72%] Built target metis
[ 72%] Building CXX object CMakeFiles/RXMesh.dir/include/rxmesh/rxmesh.cpp.o
[ 72%] Building CUDA object CMakeFiles/RXMesh.dir/include/rxmesh/rxmesh_dynamic.cu.o
[ 75%] Building CUDA object CMakeFiles/RXMesh.dir/include/rxmesh/rxmesh_static.cu.o
nvcc warning : Resource usage is not shown as the final resource allocation is not done.
nvcc warning : Resource usage is not shown as the final resource allocation is not done.
[ 75%] Linking CXX shared library ../../../../../Build/lib/libOpenMeshCore.so
In file included from /root/autodl-tmp/graduation_project/build_rxmesh_dynamic_20260908_141858/source/include/rxmesh/patcher/patcher.h:10,
                 from /root/autodl-tmp/graduation_project/build_rxmesh_dynamic_20260908_141858/source/include/rxmesh/rxmesh.cpp:12:
/root/autodl-tmp/graduation_project/build_rxmesh_dynamic_20260908_141858/source/include/rxmesh/types.h:6: warning: "GLM_ENABLE_EXPERIMENTAL" redefined
    6 | #define GLM_ENABLE_EXPERIMENTAL
      | 
<command-line>: note: this is the location of the previous definition
[ 75%] Built target OpenMeshCore
[ 75%] Building CXX object _deps/openmesh-build/src/OpenMesh/Tools/CMakeFiles/OpenMeshTools.dir/Decimater/Observer.cc.o
[ 78%] Building CXX object _deps/openmesh-build/src/OpenMesh/Tools/CMakeFiles/OpenMeshTools.dir/Utils/Gnuplot.cc.o
In file included from /root/autodl-tmp/graduation_project/build_rxmesh_dynamic_20260908_141858/source/include/rxmesh/handle.h:5,
                 from /root/autodl-tmp/graduation_project/build_rxmesh_dynamic_20260908_141858/source/include/rxmesh/attribute.h:11,
                 from /root/autodl-tmp/graduation_project/build_rxmesh_dynamic_20260908_141858/source/include/rxmesh/rxmesh_static.h:9,
                 from /root/autodl-tmp/graduation_project/build_rxmesh_dynamic_20260908_141858/source/include/rxmesh/rxmesh_static.cu:1:
/root/autodl-tmp/graduation_project/build_rxmesh_dynamic_20260908_141858/source/include/rxmesh/types.h:6: warning: "GLM_ENABLE_EXPERIMENTAL" redefined
    6 | #define GLM_ENABLE_EXPERIMENTAL
      | 
<command-line>: note: this is the location of the previous definition
In file included from /root/autodl-tmp/graduation_project/build_rxmesh_dynamic_20260908_141858/source/include/rxmesh/kernels/loader.cuh:10,
                 from /root/autodl-tmp/graduation_project/build_rxmesh_dynamic_20260908_141858/source/include/rxmesh/bitmask.cuh:6,
                 from /root/autodl-tmp/graduation_project/build_rxmesh_dynamic_20260908_141858/source/include/rxmesh/rxmesh_dynamic.cu:5:
/root/autodl-tmp/graduation_project/build_rxmesh_dynamic_20260908_141858/source/include/rxmesh/types.h:6: warning: "GLM_ENABLE_EXPERIMENTAL" redefined
    6 | #define GLM_ENABLE_EXPERIMENTAL
      | 
<command-line>: note: this is the location of the previous definition
[ 78%] Building CXX object _deps/openmesh-build/src/OpenMesh/Tools/CMakeFiles/OpenMeshTools.dir/Utils/Timer.cc.o
[ 78%] Building CXX object _deps/openmesh-build/src/OpenMesh/Tools/CMakeFiles/OpenMeshTools.dir/Utils/conio.cc.o
[ 81%] Building CXX object _deps/openmesh-build/src/OpenMesh/Tools/CMakeFiles/OpenMeshTools.dir/VDPM/VFront.cc.o
In file included from /root/autodl-tmp/graduation_project/build_rxmesh_dynamic_20260908_141858/source/include/rxmesh/handle.h:5,
                 from /root/autodl-tmp/graduation_project/build_rxmesh_dynamic_20260908_141858/source/include/rxmesh/attribute.h:11,
                 from /root/autodl-tmp/graduation_project/build_rxmesh_dynamic_20260908_141858/source/include/rxmesh/rxmesh_static.h:9,
                 from /root/autodl-tmp/graduation_project/build_rxmesh_dynamic_20260908_141858/source/include/rxmesh/rxmesh_static.cu:1:
/root/autodl-tmp/graduation_project/build_rxmesh_dynamic_20260908_141858/source/include/rxmesh/types.h:6: warning: "GLM_ENABLE_EXPERIMENTAL" redefined
    6 | #define GLM_ENABLE_EXPERIMENTAL
      | 
<command-line>: note: this is the location of the previous definition
In file included from /root/autodl-tmp/graduation_project/build_rxmesh_dynamic_20260908_141858/dependencies/OpenMesh-8.1/src/OpenMesh/Tools/../../OpenMesh/Tools/VDPM/VFront.hh:57,
                 from /root/autodl-tmp/graduation_project/build_rxmesh_dynamic_20260908_141858/dependencies/OpenMesh-8.1/src/OpenMesh/Tools/VDPM/VFront.cc:53:
/root/autodl-tmp/graduation_project/build_rxmesh_dynamic_20260908_141858/dependencies/OpenMesh-8.1/src/OpenMesh/Tools/../../OpenMesh/Tools/VDPM/VHierarchyNode.hh: In member function ‘void OpenMesh::VDPM::VHierarchyNode::set_index(const OpenMesh::VDPM::VHierarchyNodeIndex&)’:
/root/autodl-tmp/graduation_project/build_rxmesh_dynamic_20260908_141858/dependencies/OpenMesh-8.1/src/OpenMesh/Tools/../../OpenMesh/Tools/VDPM/VHierarchyNode.hh:155:19: warning: implicitly-declared ‘OpenMesh::VDPM::VHierarchyNodeIndex& OpenMesh::VDPM::VHierarchyNodeIndex::operator=(const OpenMesh::VDPM::VHierarchyNodeIndex&)’ is deprecated [-Wdeprecated-copy]
  155 |   { node_index_ = _node_index; }
      |                   ^~~~~~~~~~~
In file included from /root/autodl-tmp/graduation_project/build_rxmesh_dynamic_20260908_141858/dependencies/OpenMesh-8.1/src/OpenMesh/Tools/../../OpenMesh/Tools/VDPM/VHierarchyNode.hh:61,
                 from /root/autodl-tmp/graduation_project/build_rxmesh_dynamic_20260908_141858/dependencies/OpenMesh-8.1/src/OpenMesh/Tools/../../OpenMesh/Tools/VDPM/VFront.hh:57,
                 from /root/autodl-tmp/graduation_project/build_rxmesh_dynamic_20260908_141858/dependencies/OpenMesh-8.1/src/OpenMesh/Tools/VDPM/VFront.cc:53:
/root/autodl-tmp/graduation_project/build_rxmesh_dynamic_20260908_141858/dependencies/OpenMesh-8.1/src/OpenMesh/Tools/../../OpenMesh/Tools/VDPM/VHierarchyNodeIndex.hh:90:3: note: because ‘OpenMesh::VDPM::VHierarchyNodeIndex’ has user-provided ‘OpenMesh::VDPM::VHierarchyNodeIndex::VHierarchyNodeIndex(const OpenMesh::VDPM::VHierarchyNodeIndex&)’
   90 |   VHierarchyNodeIndex(const VHierarchyNodeIndex &_other)
      |   ^~~~~~~~~~~~~~~~~~~
In file included from /root/autodl-tmp/graduation_project/build_rxmesh_dynamic_20260908_141858/dependencies/OpenMesh-8.1/src/OpenMesh/Tools/../../OpenMesh/Tools/VDPM/VFront.hh:57,
                 from /root/autodl-tmp/graduation_project/build_rxmesh_dynamic_20260908_141858/dependencies/OpenMesh-8.1/src/OpenMesh/Tools/VDPM/VFront.cc:53:
/root/autodl-tmp/graduation_project/build_rxmesh_dynamic_20260908_141858/dependencies/OpenMesh-8.1/src/OpenMesh/Tools/../../OpenMesh/Tools/VDPM/VHierarchyNode.hh: In member function ‘void OpenMesh::VDPM::VHierarchyNode::set_fund_lcut(const OpenMesh::VDPM::VHierarchyNodeIndex&)’:
/root/autodl-tmp/graduation_project/build_rxmesh_dynamic_20260908_141858/dependencies/OpenMesh-8.1/src/OpenMesh/Tools/../../OpenMesh/Tools/VDPM/VHierarchyNode.hh:158:31: warning: implicitly-declared ‘OpenMesh::VDPM::VHierarchyNodeIndex& OpenMesh::VDPM::VHierarchyNodeIndex::operator=(const OpenMesh::VDPM::VHierarchyNodeIndex&)’ is deprecated [-Wdeprecated-copy]
  158 |   { fund_cut_node_index_[0] = _node_index; }
      |                               ^~~~~~~~~~~
In file included from /root/autodl-tmp/graduation_project/build_rxmesh_dynamic_20260908_141858/dependencies/OpenMesh-8.1/src/OpenMesh/Tools/../../OpenMesh/Tools/VDPM/VHierarchyNode.hh:61,
                 from /root/autodl-tmp/graduation_project/build_rxmesh_dynamic_20260908_141858/dependencies/OpenMesh-8.1/src/OpenMesh/Tools/../../OpenMesh/Tools/VDPM/VFront.hh:57,
                 from /root/autodl-tmp/graduation_project/build_rxmesh_dynamic_20260908_141858/dependencies/OpenMesh-8.1/src/OpenMesh/Tools/VDPM/VFront.cc:53:
/root/autodl-tmp/graduation_project/build_rxmesh_dynamic_20260908_141858/dependencies/OpenMesh-8.1/src/OpenMesh/Tools/../../OpenMesh/Tools/VDPM/VHierarchyNodeIndex.hh:90:3: note: because ‘OpenMesh::VDPM::VHierarchyNodeIndex’ has user-provided ‘OpenMesh::VDPM::VHierarchyNodeIndex::VHierarchyNodeIndex(const OpenMesh::VDPM::VHierarchyNodeIndex&)’
   90 |   VHierarchyNodeIndex(const VHierarchyNodeIndex &_other)
      |   ^~~~~~~~~~~~~~~~~~~
In file included from /root/autodl-tmp/graduation_project/build_rxmesh_dynamic_20260908_141858/dependencies/OpenMesh-8.1/src/OpenMesh/Tools/../../OpenMesh/Tools/VDPM/VFront.hh:57,
                 from /root/autodl-tmp/graduation_project/build_rxmesh_dynamic_20260908_141858/dependencies/OpenMesh-8.1/src/OpenMesh/Tools/VDPM/VFront.cc:53:
/root/autodl-tmp/graduation_project/build_rxmesh_dynamic_20260908_141858/dependencies/OpenMesh-8.1/src/OpenMesh/Tools/../../OpenMesh/Tools/VDPM/VHierarchyNode.hh: In member function ‘void OpenMesh::VDPM::VHierarchyNode::set_fund_rcut(const OpenMesh::VDPM::VHierarchyNodeIndex&)’:
/root/autodl-tmp/graduation_project/build_rxmesh_dynamic_20260908_141858/dependencies/OpenMesh-8.1/src/OpenMesh/Tools/../../OpenMesh/Tools/VDPM/VHierarchyNode.hh:161:31: warning: implicitly-declared ‘OpenMesh::VDPM::VHierarchyNodeIndex& OpenMesh::VDPM::VHierarchyNodeIndex::operator=(const OpenMesh::VDPM::VHierarchyNodeIndex&)’ is deprecated [-Wdeprecated-copy]
  161 |   { fund_cut_node_index_[1] = _node_index; }
      |                               ^~~~~~~~~~~
In file included from /root/autodl-tmp/graduation_project/build_rxmesh_dynamic_20260908_141858/dependencies/OpenMesh-8.1/src/OpenMesh/Tools/../../OpenMesh/Tools/VDPM/VHierarchyNode.hh:61,
                 from /root/autodl-tmp/graduation_project/build_rxmesh_dynamic_20260908_141858/dependencies/OpenMesh-8.1/src/OpenMesh/Tools/../../OpenMesh/Tools/VDPM/VFront.hh:57,
                 from /root/autodl-tmp/graduation_project/build_rxmesh_dynamic_20260908_141858/dependencies/OpenMesh-8.1/src/OpenMesh/Tools/VDPM/VFront.cc:53:
/root/autodl-tmp/graduation_project/build_rxmesh_dynamic_20260908_141858/dependencies/OpenMesh-8.1/src/OpenMesh/Tools/../../OpenMesh/Tools/VDPM/VHierarchyNodeIndex.hh:90:3: note: because ‘OpenMesh::VDPM::VHierarchyNodeIndex’ has user-provided ‘OpenMesh::VDPM::VHierarchyNodeIndex::VHierarchyNodeIndex(const OpenMesh::VDPM::VHierarchyNodeIndex&)’
   90 |   VHierarchyNodeIndex(const VHierarchyNodeIndex &_other)
      |   ^~~~~~~~~~~~~~~~~~~
In file included from /root/autodl-tmp/graduation_project/build_rxmesh_dynamic_20260908_141858/source/include/rxmesh/kernels/loader.cuh:10,
                 from /root/autodl-tmp/graduation_project/build_rxmesh_dynamic_20260908_141858/source/include/rxmesh/bitmask.cuh:6,
                 from /root/autodl-tmp/graduation_project/build_rxmesh_dynamic_20260908_141858/source/include/rxmesh/rxmesh_dynamic.cu:5:
/root/autodl-tmp/graduation_project/build_rxmesh_dynamic_20260908_141858/source/include/rxmesh/types.h:6: warning: "GLM_ENABLE_EXPERIMENTAL" redefined
    6 | #define GLM_ENABLE_EXPERIMENTAL
      | 
<command-line>: note: this is the location of the previous definition
[ 81%] Building CXX object _deps/openmesh-build/src/OpenMesh/Tools/CMakeFiles/OpenMeshTools.dir/VDPM/VHierarchy.cc.o
In file included from /root/autodl-tmp/graduation_project/build_rxmesh_dynamic_20260908_141858/dependencies/OpenMesh-8.1/src/OpenMesh/Tools/../../OpenMesh/Tools/VDPM/VHierarchy.hh:57,
                 from /root/autodl-tmp/graduation_project/build_rxmesh_dynamic_20260908_141858/dependencies/OpenMesh-8.1/src/OpenMesh/Tools/VDPM/VHierarchy.cc:53:
/root/autodl-tmp/graduation_project/build_rxmesh_dynamic_20260908_141858/dependencies/OpenMesh-8.1/src/OpenMesh/Tools/../../OpenMesh/Tools/VDPM/VHierarchyNode.hh: In member function ‘void OpenMesh::VDPM::VHierarchyNode::set_index(const OpenMesh::VDPM::VHierarchyNodeIndex&)’:
/root/autodl-tmp/graduation_project/build_rxmesh_dynamic_20260908_141858/dependencies/OpenMesh-8.1/src/OpenMesh/Tools/../../OpenMesh/Tools/VDPM/VHierarchyNode.hh:155:19: warning: implicitly-declared ‘OpenMesh::VDPM::VHierarchyNodeIndex& OpenMesh::VDPM::VHierarchyNodeIndex::operator=(const OpenMesh::VDPM::VHierarchyNodeIndex&)’ is deprecated [-Wdeprecated-copy]
  155 |   { node_index_ = _node_index; }
      |                   ^~~~~~~~~~~
In file included from /root/autodl-tmp/graduation_project/build_rxmesh_dynamic_20260908_141858/dependencies/OpenMesh-8.1/src/OpenMesh/Tools/../../OpenMesh/Tools/VDPM/VHierarchyNode.hh:61,
                 from /root/autodl-tmp/graduation_project/build_rxmesh_dynamic_20260908_141858/dependencies/OpenMesh-8.1/src/OpenMesh/Tools/../../OpenMesh/Tools/VDPM/VHierarchy.hh:57,
                 from /root/autodl-tmp/graduation_project/build_rxmesh_dynamic_20260908_141858/dependencies/OpenMesh-8.1/src/OpenMesh/Tools/VDPM/VHierarchy.cc:53:
/root/autodl-tmp/graduation_project/build_rxmesh_dynamic_20260908_141858/dependencies/OpenMesh-8.1/src/OpenMesh/Tools/../../OpenMesh/Tools/VDPM/VHierarchyNodeIndex.hh:90:3: note: because ‘OpenMesh::VDPM::VHierarchyNodeIndex’ has user-provided ‘OpenMesh::VDPM::VHierarchyNodeIndex::VHierarchyNodeIndex(const OpenMesh::VDPM::VHierarchyNodeIndex&)’
   90 |   VHierarchyNodeIndex(const VHierarchyNodeIndex &_other)
      |   ^~~~~~~~~~~~~~~~~~~
In file included from /root/autodl-tmp/graduation_project/build_rxmesh_dynamic_20260908_141858/dependencies/OpenMesh-8.1/src/OpenMesh/Tools/../../OpenMesh/Tools/VDPM/VHierarchy.hh:57,
                 from /root/autodl-tmp/graduation_project/build_rxmesh_dynamic_20260908_141858/dependencies/OpenMesh-8.1/src/OpenMesh/Tools/VDPM/VHierarchy.cc:53:
/root/autodl-tmp/graduation_project/build_rxmesh_dynamic_20260908_141858/dependencies/OpenMesh-8.1/src/OpenMesh/Tools/../../OpenMesh/Tools/VDPM/VHierarchyNode.hh: In member function ‘void OpenMesh::VDPM::VHierarchyNode::set_fund_lcut(const OpenMesh::VDPM::VHierarchyNodeIndex&)’:
/root/autodl-tmp/graduation_project/build_rxmesh_dynamic_20260908_141858/dependencies/OpenMesh-8.1/src/OpenMesh/Tools/../../OpenMesh/Tools/VDPM/VHierarchyNode.hh:158:31: warning: implicitly-declared ‘OpenMesh::VDPM::VHierarchyNodeIndex& OpenMesh::VDPM::VHierarchyNodeIndex::operator=(const OpenMesh::VDPM::VHierarchyNodeIndex&)’ is deprecated [-Wdeprecated-copy]
  158 |   { fund_cut_node_index_[0] = _node_index; }
      |                               ^~~~~~~~~~~
In file included from /root/autodl-tmp/graduation_project/build_rxmesh_dynamic_20260908_141858/dependencies/OpenMesh-8.1/src/OpenMesh/Tools/../../OpenMesh/Tools/VDPM/VHierarchyNode.hh:61,
                 from /root/autodl-tmp/graduation_project/build_rxmesh_dynamic_20260908_141858/dependencies/OpenMesh-8.1/src/OpenMesh/Tools/../../OpenMesh/Tools/VDPM/VHierarchy.hh:57,
                 from /root/autodl-tmp/graduation_project/build_rxmesh_dynamic_20260908_141858/dependencies/OpenMesh-8.1/src/OpenMesh/Tools/VDPM/VHierarchy.cc:53:
/root/autodl-tmp/graduation_project/build_rxmesh_dynamic_20260908_141858/dependencies/OpenMesh-8.1/src/OpenMesh/Tools/../../OpenMesh/Tools/VDPM/VHierarchyNodeIndex.hh:90:3: note: because ‘OpenMesh::VDPM::VHierarchyNodeIndex’ has user-provided ‘OpenMesh::VDPM::VHierarchyNodeIndex::VHierarchyNodeIndex(const OpenMesh::VDPM::VHierarchyNodeIndex&)’
   90 |   VHierarchyNodeIndex(const VHierarchyNodeIndex &_other)
      |   ^~~~~~~~~~~~~~~~~~~
In file included from /root/autodl-tmp/graduation_project/build_rxmesh_dynamic_20260908_141858/dependencies/OpenMesh-8.1/src/OpenMesh/Tools/../../OpenMesh/Tools/VDPM/VHierarchy.hh:57,
                 from /root/autodl-tmp/graduation_project/build_rxmesh_dynamic_20260908_141858/dependencies/OpenMesh-8.1/src/OpenMesh/Tools/VDPM/VHierarchy.cc:53:
/root/autodl-tmp/graduation_project/build_rxmesh_dynamic_20260908_141858/dependencies/OpenMesh-8.1/src/OpenMesh/Tools/../../OpenMesh/Tools/VDPM/VHierarchyNode.hh: In member function ‘void OpenMesh::VDPM::VHierarchyNode::set_fund_rcut(const OpenMesh::VDPM::VHierarchyNodeIndex&)’:
/root/autodl-tmp/graduation_project/build_rxmesh_dynamic_20260908_141858/dependencies/OpenMesh-8.1/src/OpenMesh/Tools/../../OpenMesh/Tools/VDPM/VHierarchyNode.hh:161:31: warning: implicitly-declared ‘OpenMesh::VDPM::VHierarchyNodeIndex& OpenMesh::VDPM::VHierarchyNodeIndex::operator=(const OpenMesh::VDPM::VHierarchyNodeIndex&)’ is deprecated [-Wdeprecated-copy]
  161 |   { fund_cut_node_index_[1] = _node_index; }
      |                               ^~~~~~~~~~~
In file included from /root/autodl-tmp/graduation_project/build_rxmesh_dynamic_20260908_141858/dependencies/OpenMesh-8.1/src/OpenMesh/Tools/../../OpenMesh/Tools/VDPM/VHierarchyNode.hh:61,
                 from /root/autodl-tmp/graduation_project/build_rxmesh_dynamic_20260908_141858/dependencies/OpenMesh-8.1/src/OpenMesh/Tools/../../OpenMesh/Tools/VDPM/VHierarchy.hh:57,
                 from /root/autodl-tmp/graduation_project/build_rxmesh_dynamic_20260908_141858/dependencies/OpenMesh-8.1/src/OpenMesh/Tools/VDPM/VHierarchy.cc:53:
/root/autodl-tmp/graduation_project/build_rxmesh_dynamic_20260908_141858/dependencies/OpenMesh-8.1/src/OpenMesh/Tools/../../OpenMesh/Tools/VDPM/VHierarchyNodeIndex.hh:90:3: note: because ‘OpenMesh::VDPM::VHierarchyNodeIndex’ has user-provided ‘OpenMesh::VDPM::VHierarchyNodeIndex::VHierarchyNodeIndex(const OpenMesh::VDPM::VHierarchyNodeIndex&)’
   90 |   VHierarchyNodeIndex(const VHierarchyNodeIndex &_other)
      |   ^~~~~~~~~~~~~~~~~~~
[ 81%] Building CXX object _deps/openmesh-build/src/OpenMesh/Tools/CMakeFiles/OpenMeshTools.dir/VDPM/VHierarchyNodeIndex.cc.o
[ 81%] Building CXX object _deps/openmesh-build/src/OpenMesh/Tools/CMakeFiles/OpenMeshTools.dir/VDPM/VHierarchyWindow.cc.o
In file included from /root/autodl-tmp/graduation_project/build_rxmesh_dynamic_20260908_141858/dependencies/OpenMesh-8.1/src/OpenMesh/Tools/../../OpenMesh/Tools/VDPM/VHierarchy.hh:57,
                 from /root/autodl-tmp/graduation_project/build_rxmesh_dynamic_20260908_141858/dependencies/OpenMesh-8.1/src/OpenMesh/Tools/../../OpenMesh/Tools/VDPM/VHierarchyWindow.hh:56,
                 from /root/autodl-tmp/graduation_project/build_rxmesh_dynamic_20260908_141858/dependencies/OpenMesh-8.1/src/OpenMesh/Tools/VDPM/VHierarchyWindow.cc:53:
/root/autodl-tmp/graduation_project/build_rxmesh_dynamic_20260908_141858/dependencies/OpenMesh-8.1/src/OpenMesh/Tools/../../OpenMesh/Tools/VDPM/VHierarchyNode.hh: In member function ‘void OpenMesh::VDPM::VHierarchyNode::set_index(const OpenMesh::VDPM::VHierarchyNodeIndex&)’:
/root/autodl-tmp/graduation_project/build_rxmesh_dynamic_20260908_141858/dependencies/OpenMesh-8.1/src/OpenMesh/Tools/../../OpenMesh/Tools/VDPM/VHierarchyNode.hh:155:19: warning: implicitly-declared ‘OpenMesh::VDPM::VHierarchyNodeIndex& OpenMesh::VDPM::VHierarchyNodeIndex::operator=(const OpenMesh::VDPM::VHierarchyNodeIndex&)’ is deprecated [-Wdeprecated-copy]
  155 |   { node_index_ = _node_index; }
      |                   ^~~~~~~~~~~
In file included from /root/autodl-tmp/graduation_project/build_rxmesh_dynamic_20260908_141858/dependencies/OpenMesh-8.1/src/OpenMesh/Tools/../../OpenMesh/Tools/VDPM/VHierarchyNode.hh:61,
                 from /root/autodl-tmp/graduation_project/build_rxmesh_dynamic_20260908_141858/dependencies/OpenMesh-8.1/src/OpenMesh/Tools/../../OpenMesh/Tools/VDPM/VHierarchy.hh:57,
                 from /root/autodl-tmp/graduation_project/build_rxmesh_dynamic_20260908_141858/dependencies/OpenMesh-8.1/src/OpenMesh/Tools/../../OpenMesh/Tools/VDPM/VHierarchyWindow.hh:56,
                 from /root/autodl-tmp/graduation_project/build_rxmesh_dynamic_20260908_141858/dependencies/OpenMesh-8.1/src/OpenMesh/Tools/VDPM/VHierarchyWindow.cc:53:
/root/autodl-tmp/graduation_project/build_rxmesh_dynamic_20260908_141858/dependencies/OpenMesh-8.1/src/OpenMesh/Tools/../../OpenMesh/Tools/VDPM/VHierarchyNodeIndex.hh:90:3: note: because ‘OpenMesh::VDPM::VHierarchyNodeIndex’ has user-provided ‘OpenMesh::VDPM::VHierarchyNodeIndex::VHierarchyNodeIndex(const OpenMesh::VDPM::VHierarchyNodeIndex&)’
   90 |   VHierarchyNodeIndex(const VHierarchyNodeIndex &_other)
      |   ^~~~~~~~~~~~~~~~~~~
In file included from /root/autodl-tmp/graduation_project/build_rxmesh_dynamic_20260908_141858/dependencies/OpenMesh-8.1/src/OpenMesh/Tools/../../OpenMesh/Tools/VDPM/VHierarchy.hh:57,
                 from /root/autodl-tmp/graduation_project/build_rxmesh_dynamic_20260908_141858/dependencies/OpenMesh-8.1/src/OpenMesh/Tools/../../OpenMesh/Tools/VDPM/VHierarchyWindow.hh:56,
                 from /root/autodl-tmp/graduation_project/build_rxmesh_dynamic_20260908_141858/dependencies/OpenMesh-8.1/src/OpenMesh/Tools/VDPM/VHierarchyWindow.cc:53:
/root/autodl-tmp/graduation_project/build_rxmesh_dynamic_20260908_141858/dependencies/OpenMesh-8.1/src/OpenMesh/Tools/../../OpenMesh/Tools/VDPM/VHierarchyNode.hh: In member function ‘void OpenMesh::VDPM::VHierarchyNode::set_fund_lcut(const OpenMesh::VDPM::VHierarchyNodeIndex&)’:
/root/autodl-tmp/graduation_project/build_rxmesh_dynamic_20260908_141858/dependencies/OpenMesh-8.1/src/OpenMesh/Tools/../../OpenMesh/Tools/VDPM/VHierarchyNode.hh:158:31: warning: implicitly-declared ‘OpenMesh::VDPM::VHierarchyNodeIndex& OpenMesh::VDPM::VHierarchyNodeIndex::operator=(const OpenMesh::VDPM::VHierarchyNodeIndex&)’ is deprecated [-Wdeprecated-copy]
  158 |   { fund_cut_node_index_[0] = _node_index; }
      |                               ^~~~~~~~~~~
In file included from /root/autodl-tmp/graduation_project/build_rxmesh_dynamic_20260908_141858/dependencies/OpenMesh-8.1/src/OpenMesh/Tools/../../OpenMesh/Tools/VDPM/VHierarchyNode.hh:61,
                 from /root/autodl-tmp/graduation_project/build_rxmesh_dynamic_20260908_141858/dependencies/OpenMesh-8.1/src/OpenMesh/Tools/../../OpenMesh/Tools/VDPM/VHierarchy.hh:57,
                 from /root/autodl-tmp/graduation_project/build_rxmesh_dynamic_20260908_141858/dependencies/OpenMesh-8.1/src/OpenMesh/Tools/../../OpenMesh/Tools/VDPM/VHierarchyWindow.hh:56,
                 from /root/autodl-tmp/graduation_project/build_rxmesh_dynamic_20260908_141858/dependencies/OpenMesh-8.1/src/OpenMesh/Tools/VDPM/VHierarchyWindow.cc:53:
/root/autodl-tmp/graduation_project/build_rxmesh_dynamic_20260908_141858/dependencies/OpenMesh-8.1/src/OpenMesh/Tools/../../OpenMesh/Tools/VDPM/VHierarchyNodeIndex.hh:90:3: note: because ‘OpenMesh::VDPM::VHierarchyNodeIndex’ has user-provided ‘OpenMesh::VDPM::VHierarchyNodeIndex::VHierarchyNodeIndex(const OpenMesh::VDPM::VHierarchyNodeIndex&)’
   90 |   VHierarchyNodeIndex(const VHierarchyNodeIndex &_other)
      |   ^~~~~~~~~~~~~~~~~~~
In file included from /root/autodl-tmp/graduation_project/build_rxmesh_dynamic_20260908_141858/dependencies/OpenMesh-8.1/src/OpenMesh/Tools/../../OpenMesh/Tools/VDPM/VHierarchy.hh:57,
                 from /root/autodl-tmp/graduation_project/build_rxmesh_dynamic_20260908_141858/dependencies/OpenMesh-8.1/src/OpenMesh/Tools/../../OpenMesh/Tools/VDPM/VHierarchyWindow.hh:56,
                 from /root/autodl-tmp/graduation_project/build_rxmesh_dynamic_20260908_141858/dependencies/OpenMesh-8.1/src/OpenMesh/Tools/VDPM/VHierarchyWindow.cc:53:
/root/autodl-tmp/graduation_project/build_rxmesh_dynamic_20260908_141858/dependencies/OpenMesh-8.1/src/OpenMesh/Tools/../../OpenMesh/Tools/VDPM/VHierarchyNode.hh: In member function ‘void OpenMesh::VDPM::VHierarchyNode::set_fund_rcut(const OpenMesh::VDPM::VHierarchyNodeIndex&)’:
/root/autodl-tmp/graduation_project/build_rxmesh_dynamic_20260908_141858/dependencies/OpenMesh-8.1/src/OpenMesh/Tools/../../OpenMesh/Tools/VDPM/VHierarchyNode.hh:161:31: warning: implicitly-declared ‘OpenMesh::VDPM::VHierarchyNodeIndex& OpenMesh::VDPM::VHierarchyNodeIndex::operator=(const OpenMesh::VDPM::VHierarchyNodeIndex&)’ is deprecated [-Wdeprecated-copy]
  161 |   { fund_cut_node_index_[1] = _node_index; }
      |                               ^~~~~~~~~~~
In file included from /root/autodl-tmp/graduation_project/build_rxmesh_dynamic_20260908_141858/dependencies/OpenMesh-8.1/src/OpenMesh/Tools/../../OpenMesh/Tools/VDPM/VHierarchyNode.hh:61,
                 from /root/autodl-tmp/graduation_project/build_rxmesh_dynamic_20260908_141858/dependencies/OpenMesh-8.1/src/OpenMesh/Tools/../../OpenMesh/Tools/VDPM/VHierarchy.hh:57,
                 from /root/autodl-tmp/graduation_project/build_rxmesh_dynamic_20260908_141858/dependencies/OpenMesh-8.1/src/OpenMesh/Tools/../../OpenMesh/Tools/VDPM/VHierarchyWindow.hh:56,
                 from /root/autodl-tmp/graduation_project/build_rxmesh_dynamic_20260908_141858/dependencies/OpenMesh-8.1/src/OpenMesh/Tools/VDPM/VHierarchyWindow.cc:53:
/root/autodl-tmp/graduation_project/build_rxmesh_dynamic_20260908_141858/dependencies/OpenMesh-8.1/src/OpenMesh/Tools/../../OpenMesh/Tools/VDPM/VHierarchyNodeIndex.hh:90:3: note: because ‘OpenMesh::VDPM::VHierarchyNodeIndex’ has user-provided ‘OpenMesh::VDPM::VHierarchyNodeIndex::VHierarchyNodeIndex(const OpenMesh::VDPM::VHierarchyNodeIndex&)’
   90 |   VHierarchyNodeIndex(const VHierarchyNodeIndex &_other)
      |   ^~~~~~~~~~~~~~~~~~~
[ 84%] Building CXX object _deps/openmesh-build/src/OpenMesh/Tools/CMakeFiles/OpenMeshTools.dir/VDPM/ViewingParameters.cc.o
In file included from /root/autodl-tmp/graduation_project/build_rxmesh_dynamic_20260908_141858/source/include/rxmesh/rxmesh.cpp:15:
/root/autodl-tmp/graduation_project/build_rxmesh_dynamic_20260908_141858/source/include/rxmesh/rxmesh.h: In constructor ‘rxmesh::RXMesh::RXMesh(uint32_t)’:
/root/autodl-tmp/graduation_project/build_rxmesh_dynamic_20260908_141858/source/include/rxmesh/rxmesh.h:783:14: warning: ‘rxmesh::RXMesh::m_num_colors’ will be initialized after [-Wreorder]
  783 |     uint32_t m_num_colors;
      |              ^~~~~~~~~~~~
/root/autodl-tmp/graduation_project/build_rxmesh_dynamic_20260908_141858/source/include/rxmesh/rxmesh.h:741:35: warning:   ‘rxmesh::VertexHandle* rxmesh::RXMesh::m_h_v_handles’ [-Wreorder]
  741 |     VertexHandle *m_d_v_handles, *m_h_v_handles;
      |                                   ^~~~~~~~~~~~~
/root/autodl-tmp/graduation_project/build_rxmesh_dynamic_20260908_141858/source/include/rxmesh/rxmesh.cpp:20:1: warning:   when initialized here [-Wreorder]
   20 | RXMesh::RXMesh(uint32_t patch_size)
      | ^~~~~~
In file included from /root/autodl-tmp/graduation_project/build_rxmesh_dynamic_20260908_141858/source/include/rxmesh/rxmesh.cpp:15:
/root/autodl-tmp/graduation_project/build_rxmesh_dynamic_20260908_141858/source/include/rxmesh/rxmesh.h:744:35: warning: ‘rxmesh::RXMesh::m_h_t_handles’ will be initialized after [-Wreorder]
  744 |     TetHandle *   m_d_t_handles, *m_h_t_handles;
      |                                   ^~~~~~~~~~~~~
/root/autodl-tmp/graduation_project/build_rxmesh_dynamic_20260908_141858/source/include/rxmesh/rxmesh.h:741:19: warning:   ‘rxmesh::VertexHandle* rxmesh::RXMesh::m_d_v_handles’ [-Wreorder]
  741 |     VertexHandle *m_d_v_handles, *m_h_v_handles;
      |                   ^~~~~~~~~~~~~
/root/autodl-tmp/graduation_project/build_rxmesh_dynamic_20260908_141858/source/include/rxmesh/rxmesh.cpp:20:1: warning:   when initialized here [-Wreorder]
   20 | RXMesh::RXMesh(uint32_t patch_size)
      | ^~~~~~
/root/autodl-tmp/graduation_project/build_rxmesh_dynamic_20260908_141858/source/include/rxmesh/rxmesh.cpp: In member function ‘void rxmesh::RXMesh::create_handles()’:
/root/autodl-tmp/graduation_project/build_rxmesh_dynamic_20260908_141858/source/include/rxmesh/rxmesh.cpp:595:23: warning: comparison of integer expressions of different signedness: ‘int’ and ‘uint32_t’ {aka ‘unsigned int’} [-Wsign-compare]
  595 |     for (int p = 0; p < get_num_patches(); ++p) {
      |                     ~~^~~~~~~~~~~~~~~~~~~
[ 84%] Linking CXX shared library ../../../../../Build/lib/libOpenMeshTools.so
[ 84%] Built target OpenMeshTools
[ 84%] Building CUDA object CMakeFiles/RXMesh.dir/include/rxmesh/query.cu.o
nvcc warning : Resource usage is not shown as the final resource allocation is not done.
In file included from /root/autodl-tmp/graduation_project/build_rxmesh_dynamic_20260908_141858/source/include/rxmesh/handle.h:5,
                 from /root/autodl-tmp/graduation_project/build_rxmesh_dynamic_20260908_141858/source/include/rxmesh/patch_info.h:5,
                 from /root/autodl-tmp/graduation_project/build_rxmesh_dynamic_20260908_141858/source/include/rxmesh/context.h:4,
                 from /root/autodl-tmp/graduation_project/build_rxmesh_dynamic_20260908_141858/source/include/rxmesh/query.h:6,
                 from /root/autodl-tmp/graduation_project/build_rxmesh_dynamic_20260908_141858/source/include/rxmesh/query.cu:1:
/root/autodl-tmp/graduation_project/build_rxmesh_dynamic_20260908_141858/source/include/rxmesh/types.h:6: warning: "GLM_ENABLE_EXPERIMENTAL" redefined
    6 | #define GLM_ENABLE_EXPERIMENTAL
      | 
<command-line>: note: this is the location of the previous definition
In file included from /root/autodl-tmp/graduation_project/build_rxmesh_dynamic_20260908_141858/source/include/rxmesh/handle.h:5,
                 from /root/autodl-tmp/graduation_project/build_rxmesh_dynamic_20260908_141858/source/include/rxmesh/patch_info.h:5,
                 from /root/autodl-tmp/graduation_project/build_rxmesh_dynamic_20260908_141858/source/include/rxmesh/context.h:4,
                 from /root/autodl-tmp/graduation_project/build_rxmesh_dynamic_20260908_141858/source/include/rxmesh/query.h:6,
                 from /root/autodl-tmp/graduation_project/build_rxmesh_dynamic_20260908_141858/source/include/rxmesh/query.cu:1:
/root/autodl-tmp/graduation_project/build_rxmesh_dynamic_20260908_141858/source/include/rxmesh/types.h:6: warning: "GLM_ENABLE_EXPERIMENTAL" redefined
    6 | #define GLM_ENABLE_EXPERIMENTAL
      | 
<command-line>: note: this is the location of the previous definition
[ 87%] Building CUDA object CMakeFiles/RXMesh.dir/include/rxmesh/attribute.cu.o
nvcc warning : Resource usage is not shown as the final resource allocation is not done.
In file included from /root/autodl-tmp/graduation_project/build_rxmesh_dynamic_20260908_141858/source/include/rxmesh/handle.h:5,
                 from /root/autodl-tmp/graduation_project/build_rxmesh_dynamic_20260908_141858/source/include/rxmesh/attribute.h:11,
                 from /root/autodl-tmp/graduation_project/build_rxmesh_dynamic_20260908_141858/source/include/rxmesh/rxmesh_static.h:9,
                 from /root/autodl-tmp/graduation_project/build_rxmesh_dynamic_20260908_141858/source/include/rxmesh/attribute.cu:6:
/root/autodl-tmp/graduation_project/build_rxmesh_dynamic_20260908_141858/source/include/rxmesh/types.h:6: warning: "GLM_ENABLE_EXPERIMENTAL" redefined
    6 | #define GLM_ENABLE_EXPERIMENTAL
      | 
<command-line>: note: this is the location of the previous definition
In file included from /root/autodl-tmp/graduation_project/build_rxmesh_dynamic_20260908_141858/source/include/rxmesh/handle.h:5,
                 from /root/autodl-tmp/graduation_project/build_rxmesh_dynamic_20260908_141858/source/include/rxmesh/attribute.h:11,
                 from /root/autodl-tmp/graduation_project/build_rxmesh_dynamic_20260908_141858/source/include/rxmesh/rxmesh_static.h:9,
                 from /root/autodl-tmp/graduation_project/build_rxmesh_dynamic_20260908_141858/source/include/rxmesh/attribute.cu:6:
/root/autodl-tmp/graduation_project/build_rxmesh_dynamic_20260908_141858/source/include/rxmesh/types.h:6: warning: "GLM_ENABLE_EXPERIMENTAL" redefined
    6 | #define GLM_ENABLE_EXPERIMENTAL
      | 
<command-line>: note: this is the location of the previous definition
/root/autodl-tmp/graduation_project/build_rxmesh_dynamic_20260908_141858/source/include/rxmesh/query.cu(115): warning #20037-D: a __device__ function("rxmesh::Query<blockThreads>::prologue [with blockThreads=128U, op=rxmesh::Op::V]") redeclared without __device__, hence treated as a __host__ __device__ function
  template void Query<128>::prologue<Op::V>( cooperative_groups::thread_block&, ShmemAllocator&, const bool, const bool); template void Query<128>::prologue<Op::E>( cooperative_groups::thread_block&, ShmemAllocator&, const bool, const bool); template void Query<128>::prologue<Op::F>( cooperative_groups::thread_block&, ShmemAllocator&, const bool, const bool); template void Query<128>::prologue<Op::VV>( cooperative_groups::thread_block&, ShmemAllocator&, const bool, const bool); template void Query<128>::prologue<Op::VE>( cooperative_groups::thread_block&, ShmemAllocator&, const bool, const bool); template void Query<128>::prologue<Op::VF>( cooperative_groups::thread_block&, ShmemAllocator&, const bool, const bool); template void Query<128>::prologue<Op::FV>( cooperative_groups::thread_block&, ShmemAllocator&, const bool, const bool); template void Query<128>::prologue<Op::FE>( cooperative_groups::thread_block&, ShmemAllocator&, const bool, const bool); template void Query<128>::prologue<Op::FF>( cooperative_groups::thread_block&, ShmemAllocator&, const bool, const bool); template void Query<128>::prologue<Op::EV>( cooperative_groups::thread_block&, ShmemAllocator&, const bool, const bool); template void Query<128>::prologue<Op::EE>( cooperative_groups::thread_block&, ShmemAllocator&, const bool, const bool); template void Query<128>::prologue<Op::EF>( cooperative_groups::thread_block&, ShmemAllocator&, const bool, const bool); template void Query<128>::prologue<Op::EVDiamond>( cooperative_groups::thread_block&, ShmemAllocator&, const bool, const bool); template void Query<128>::prologue<Op::VT>( cooperative_groups::thread_block&, ShmemAllocator&, const bool, const bool); template void Query<128>::prologue<Op::ET>( cooperative_groups::thread_block&, ShmemAllocator&, const bool, const bool); template void Query<128>::prologue<Op::FT>( cooperative_groups::thread_block&, ShmemAllocator&, const bool, const bool); template void Query<128>::prologue<Op::TV>( cooperative_groups::thread_block&, ShmemAllocator&, const bool, const bool); template void Query<128>::prologue<Op::TE>( cooperative_groups::thread_block&, ShmemAllocator&, const bool, const bool); template void Query<128>::prologue<Op::TF>( cooperative_groups::thread_block&, ShmemAllocator&, const bool, const bool);
                            ^

Remark: The warnings can be suppressed with "-diag-suppress <warning-number>"

/root/autodl-tmp/graduation_project/build_rxmesh_dynamic_20260908_141858/source/include/rxmesh/query.cu(115): warning #20037-D: a __device__ function("rxmesh::Query<blockThreads>::prologue [with blockThreads=128U, op=rxmesh::Op::E]") redeclared without __device__, hence treated as a __host__ __device__ function
  template void Query<128>::prologue<Op::V>( cooperative_groups::thread_block&, ShmemAllocator&, const bool, const bool); template void Query<128>::prologue<Op::E>( cooperative_groups::thread_block&, ShmemAllocator&, const bool, const bool); template void Query<128>::prologue<Op::F>( cooperative_groups::thread_block&, ShmemAllocator&, const bool, const bool); template void Query<128>::prologue<Op::VV>( cooperative_groups::thread_block&, ShmemAllocator&, const bool, const bool); template void Query<128>::prologue<Op::VE>( cooperative_groups::thread_block&, ShmemAllocator&, const bool, const bool); template void Query<128>::prologue<Op::VF>( cooperative_groups::thread_block&, ShmemAllocator&, const bool, const bool); template void Query<128>::prologue<Op::FV>( cooperative_groups::thread_block&, ShmemAllocator&, const bool, const bool); template void Query<128>::prologue<Op::FE>( cooperative_groups::thread_block&, ShmemAllocator&, const bool, const bool); template void Query<128>::prologue<Op::FF>( cooperative_groups::thread_block&, ShmemAllocator&, const bool, const bool); template void Query<128>::prologue<Op::EV>( cooperative_groups::thread_block&, ShmemAllocator&, const bool, const bool); template void Query<128>::prologue<Op::EE>( cooperative_groups::thread_block&, ShmemAllocator&, const bool, const bool); template void Query<128>::prologue<Op::EF>( cooperative_groups::thread_block&, ShmemAllocator&, const bool, const bool); template void Query<128>::prologue<Op::EVDiamond>( cooperative_groups::thread_block&, ShmemAllocator&, const bool, const bool); template void Query<128>::prologue<Op::VT>( cooperative_groups::thread_block&, ShmemAllocator&, const bool, const bool); template void Query<128>::prologue<Op::ET>( cooperative_groups::thread_block&, ShmemAllocator&, const bool, const bool); template void Query<128>::prologue<Op::FT>( cooperative_groups::thread_block&, ShmemAllocator&, const bool, const bool); template void Query<128>::prologue<Op::TV>( cooperative_groups::thread_block&, ShmemAllocator&, const bool, const bool); template void Query<128>::prologue<Op::TE>( cooperative_groups::thread_block&, ShmemAllocator&, const bool, const bool); template void Query<128>::prologue<Op::TF>( cooperative_groups::thread_block&, ShmemAllocator&, const bool, const bool);
                                                                                                                                                    ^

/root/autodl-tmp/graduation_project/build_rxmesh_dynamic_20260908_141858/source/include/rxmesh/query.cu(115): warning #20037-D: a __device__ function("rxmesh::Query<blockThreads>::prologue [with blockThreads=128U, op=rxmesh::Op::F]") redeclared without __device__, hence treated as a __host__ __device__ function
  template void Query<128>::prologue<Op::V>( cooperative_groups::thread_block&, ShmemAllocator&, const bool, const bool); template void Query<128>::prologue<Op::E>( cooperative_groups::thread_block&, ShmemAllocator&, const bool, const bool); template void Query<128>::prologue<Op::F>( cooperative_groups::thread_block&, ShmemAllocator&, const bool, const bool); template void Query<128>::prologue<Op::VV>( cooperative_groups::thread_block&, ShmemAllocator&, const bool, const bool); template void Query<128>::prologue<Op::VE>( cooperative_groups::thread_block&, ShmemAllocator&, const bool, const bool); template void Query<128>::prologue<Op::VF>( cooperative_groups::thread_block&, ShmemAllocator&, const bool, const bool); template void Query<128>::prologue<Op::FV>( cooperative_groups::thread_block&, ShmemAllocator&, const bool, const bool); template void Query<128>::prologue<Op::FE>( cooperative_groups::thread_block&, ShmemAllocator&, const bool, const bool); template void Query<128>::prologue<Op::FF>( cooperative_groups::thread_block&, ShmemAllocator&, const bool, const bool); template void Query<128>::prologue<Op::EV>( cooperative_groups::thread_block&, ShmemAllocator&, const bool, const bool); template void Query<128>::prologue<Op::EE>( cooperative_groups::thread_block&, ShmemAllocator&, const bool, const bool); template void Query<128>::prologue<Op::EF>( cooperative_groups::thread_block&, ShmemAllocator&, const bool, const bool); template void Query<128>::prologue<Op::EVDiamond>( cooperative_groups::thread_block&, ShmemAllocator&, const bool, const bool); template void Query<128>::prologue<Op::VT>( cooperative_groups::thread_block&, ShmemAllocator&, const bool, const bool); template void Query<128>::prologue<Op::ET>( cooperative_groups::thread_block&, ShmemAllocator&, const bool, const bool); template void Query<128>::prologue<Op::FT>( cooperative_groups::thread_block&, ShmemAllocator&, const bool, const bool); template void Query<128>::prologue<Op::TV>( cooperative_groups::thread_block&, ShmemAllocator&, const bool, const bool); template void Query<128>::prologue<Op::TE>( cooperative_groups::thread_block&, ShmemAllocator&, const bool, const bool); template void Query<128>::prologue<Op::TF>( cooperative_groups::thread_block&, ShmemAllocator&, const bool, const bool);
                                                                                                                                                                                                                                                                            ^

/root/autodl-tmp/graduation_project/build_rxmesh_dynamic_20260908_141858/source/include/rxmesh/query.cu(115): warning #20037-D: a __device__ function("rxmesh::Query<blockThreads>::prologue [with blockThreads=128U, op=rxmesh::Op::VV]") redeclared without __device__, hence treated as a __host__ __device__ function
  template void Query<128>::prologue<Op::V>( cooperative_groups::thread_block&, ShmemAllocator&, const bool, const bool); template void Query<128>::prologue<Op::E>( cooperative_groups::thread_block&, ShmemAllocator&, const bool, const bool); template void Query<128>::prologue<Op::F>( cooperative_groups::thread_block&, ShmemAllocator&, const bool, const bool); template void Query<128>::prologue<Op::VV>( cooperative_groups::thread_block&, ShmemAllocator&, const bool, const bool); template void Query<128>::prologue<Op::VE>( cooperative_groups::thread_block&, ShmemAllocator&, const bool, const bool); template void Query<128>::prologue<Op::VF>( cooperative_groups::thread_block&, ShmemAllocator&, const bool, const bool); template void Query<128>::prologue<Op::FV>( cooperative_groups::thread_block&, ShmemAllocator&, const bool, const bool); template void Query<128>::prologue<Op::FE>( cooperative_groups::thread_block&, ShmemAllocator&, const bool, const bool); template void Query<128>::prologue<Op::FF>( cooperative_groups::thread_block&, ShmemAllocator&, const bool, const bool); template void Query<128>::prologue<Op::EV>( cooperative_groups::thread_block&, ShmemAllocator&, const bool, const bool); template void Query<128>::prologue<Op::EE>( cooperative_groups::thread_block&, ShmemAllocator&, const bool, const bool); template void Query<128>::prologue<Op::EF>( cooperative_groups::thread_block&, ShmemAllocator&, const bool, const bool); template void Query<128>::prologue<Op::EVDiamond>( cooperative_groups::thread_block&, ShmemAllocator&, const bool, const bool); template void Query<128>::prologue<Op::VT>( cooperative_groups::thread_block&, ShmemAllocator&, const bool, const bool); template void Query<128>::prologue<Op::ET>( cooperative_groups::thread_block&, ShmemAllocator&, const bool, const bool); template void Query<128>::prologue<Op::FT>( cooperative_groups::thread_block&, ShmemAllocator&, const bool, const bool); template void Query<128>::prologue<Op::TV>( cooperative_groups::thread_block&, ShmemAllocator&, const bool, const bool); template void Query<128>::prologue<Op::TE>( cooperative_groups::thread_block&, ShmemAllocator&, const bool, const bool); template void Query<128>::prologue<Op::TF>( cooperative_groups::thread_block&, ShmemAllocator&, const bool, const bool);
                                                                                                                                                                                                                                                                                                                                                                                                    ^

/root/autodl-tmp/graduation_project/build_rxmesh_dynamic_20260908_141858/source/include/rxmesh/query.cu(115): warning #20037-D: a __device__ function("rxmesh::Query<blockThreads>::prologue [with blockThreads=128U, op=rxmesh::Op::VE]") redeclared without __device__, hence treated as a __host__ __device__ function
  template void Query<128>::prologue<Op::V>( cooperative_groups::thread_block&, ShmemAllocator&, const bool, const bool); template void Query<128>::prologue<Op::E>( cooperative_groups::thread_block&, ShmemAllocator&, const bool, const bool); template void Query<128>::prologue<Op::F>( cooperative_groups::thread_block&, ShmemAllocator&, const bool, const bool); template void Query<128>::prologue<Op::VV>( cooperative_groups::thread_block&, ShmemAllocator&, const bool, const bool); template void Query<128>::prologue<Op::VE>( cooperative_groups::thread_block&, ShmemAllocator&, const bool, const bool); template void Query<128>::prologue<Op::VF>( cooperative_groups::thread_block&, ShmemAllocator&, const bool, const bool); template void Query<128>::prologue<Op::FV>( cooperative_groups::thread_block&, ShmemAllocator&, const bool, const bool); template void Query<128>::prologue<Op::FE>( cooperative_groups::thread_block&, ShmemAllocator&, const bool, const bool); template void Query<128>::prologue<Op::FF>( cooperative_groups::thread_block&, ShmemAllocator&, const bool, const bool); template void Query<128>::prologue<Op::EV>( cooperative_groups::thread_block&, ShmemAllocator&, const bool, const bool); template void Query<128>::prologue<Op::EE>( cooperative_groups::thread_block&, ShmemAllocator&, const bool, const bool); template void Query<128>::prologue<Op::EF>( cooperative_groups::thread_block&, ShmemAllocator&, const bool, const bool); template void Query<128>::prologue<Op::EVDiamond>( cooperative_groups::thread_block&, ShmemAllocator&, const bool, const bool); template void Query<128>::prologue<Op::VT>( cooperative_groups::thread_block&, ShmemAllocator&, const bool, const bool); template void Query<128>::prologue<Op::ET>( cooperative_groups::thread_block&, ShmemAllocator&, const bool, const bool); template void Query<128>::prologue<Op::FT>( cooperative_groups::thread_block&, ShmemAllocator&, const bool, const bool); template void Query<128>::prologue<Op::TV>( cooperative_groups::thread_block&, ShmemAllocator&, const bool, const bool); template void Query<128>::prologue<Op::TE>( cooperative_groups::thread_block&, ShmemAllocator&, const bool, const bool); template void Query<128>::prologue<Op::TF>( cooperative_groups::thread_block&, ShmemAllocator&, const bool, const bool);
                                                                                                                                                                                                                                                                                                                                                                                                                                                                                                                             ^

/root/autodl-tmp/graduation_project/build_rxmesh_dynamic_20260908_141858/source/include/rxmesh/query.cu(115): warning #20037-D: a __device__ function("rxmesh::Query<blockThreads>::prologue [with blockThreads=128U, op=rxmesh::Op::VF]") redeclared without __device__, hence treated as a __host__ __device__ function
  template void Query<128>::prologue<Op::V>( cooperative_groups::thread_block&, ShmemAllocator&, const bool, const bool); template void Query<128>::prologue<Op::E>( cooperative_groups::thread_block&, ShmemAllocator&, const bool, const bool); template void Query<128>::prologue<Op::F>( cooperative_groups::thread_block&, ShmemAllocator&, const bool, const bool); template void Query<128>::prologue<Op::VV>( cooperative_groups::thread_block&, ShmemAllocator&, const bool, const bool); template void Query<128>::prologue<Op::VE>( cooperative_groups::thread_block&, ShmemAllocator&, const bool, const bool); template void Query<128>::prologue<Op::VF>( cooperative_groups::thread_block&, ShmemAllocator&, const bool, const bool); template void Query<128>::prologue<Op::FV>( cooperative_groups::thread_block&, ShmemAllocator&, const bool, const bool); template void Query<128>::prologue<Op::FE>( cooperative_groups::thread_block&, ShmemAllocator&, const bool, const bool); template void Query<128>::prologue<Op::FF>( cooperative_groups::thread_block&, ShmemAllocator&, const bool, const bool); template void Query<128>::prologue<Op::EV>( cooperative_groups::thread_block&, ShmemAllocator&, const bool, const bool); template void Query<128>::prologue<Op::EE>( cooperative_groups::thread_block&, ShmemAllocator&, const bool, const bool); template void Query<128>::prologue<Op::EF>( cooperative_groups::thread_block&, ShmemAllocator&, const bool, const bool); template void Query<128>::prologue<Op::EVDiamond>( cooperative_groups::thread_block&, ShmemAllocator&, const bool, const bool); template void Query<128>::prologue<Op::VT>( cooperative_groups::thread_block&, ShmemAllocator&, const bool, const bool); template void Query<128>::prologue<Op::ET>( cooperative_groups::thread_block&, ShmemAllocator&, const bool, const bool); template void Query<128>::prologue<Op::FT>( cooperative_groups::thread_block&, ShmemAllocator&, const bool, const bool); template void Query<128>::prologue<Op::TV>( cooperative_groups::thread_block&, ShmemAllocator&, const bool, const bool); template void Query<128>::prologue<Op::TE>( cooperative_groups::thread_block&, ShmemAllocator&, const bool, const bool); template void Query<128>::prologue<Op::TF>( cooperative_groups::thread_block&, ShmemAllocator&, const bool, const bool);
                                                                                                                                                                                                                                                                                                                                                                                                                                                                                                                                                                                                                                                      ^

/root/autodl-tmp/graduation_project/build_rxmesh_dynamic_20260908_141858/source/include/rxmesh/query.cu(115): warning #20037-D: a __device__ function("rxmesh::Query<blockThreads>::prologue [with blockThreads=128U, op=rxmesh::Op::FV]") redeclared without __device__, hence treated as a __host__ __device__ function
  template void Query<128>::prologue<Op::V>( cooperative_groups::thread_block&, ShmemAllocator&, const bool, const bool); template void Query<128>::prologue<Op::E>( cooperative_groups::thread_block&, ShmemAllocator&, const bool, const bool); template void Query<128>::prologue<Op::F>( cooperative_groups::thread_block&, ShmemAllocator&, const bool, const bool); template void Query<128>::prologue<Op::VV>( cooperative_groups::thread_block&, ShmemAllocator&, const bool, const bool); template void Query<128>::prologue<Op::VE>( cooperative_groups::thread_block&, ShmemAllocator&, const bool, const bool); template void Query<128>::prologue<Op::VF>( cooperative_groups::thread_block&, ShmemAllocator&, const bool, const bool); template void Query<128>::prologue<Op::FV>( cooperative_groups::thread_block&, ShmemAllocator&, const bool, const bool); template void Query<128>::prologue<Op::FE>( cooperative_groups::thread_block&, ShmemAllocator&, const bool, const bool); template void Query<128>::prologue<Op::FF>( cooperative_groups::thread_block&, ShmemAllocator&, const bool, const bool); template void Query<128>::prologue<Op::EV>( cooperative_groups::thread_block&, ShmemAllocator&, const bool, const bool); template void Query<128>::prologue<Op::EE>( cooperative_groups::thread_block&, ShmemAllocator&, const bool, const bool); template void Query<128>::prologue<Op::EF>( cooperative_groups::thread_block&, ShmemAllocator&, const bool, const bool); template void Query<128>::prologue<Op::EVDiamond>( cooperative_groups::thread_block&, ShmemAllocator&, const bool, const bool); template void Query<128>::prologue<Op::VT>( cooperative_groups::thread_block&, ShmemAllocator&, const bool, const bool); template void Query<128>::prologue<Op::ET>( cooperative_groups::thread_block&, ShmemAllocator&, const bool, const bool); template void Query<128>::prologue<Op::FT>( cooperative_groups::thread_block&, ShmemAllocator&, const bool, const bool); template void Query<128>::prologue<Op::TV>( cooperative_groups::thread_block&, ShmemAllocator&, const bool, const bool); template void Query<128>::prologue<Op::TE>( cooperative_groups::thread_block&, ShmemAllocator&, const bool, const bool); template void Query<128>::prologue<Op::TF>( cooperative_groups::thread_block&, ShmemAllocator&, const bool, const bool);
                                                                                                                                                                                                                                                                                                                                                                                                                                                                                                                                                                                                                                                                                                                                                                               ^

/root/autodl-tmp/graduation_project/build_rxmesh_dynamic_20260908_141858/source/include/rxmesh/query.cu(115): warning #20037-D: a __device__ function("rxmesh::Query<blockThreads>::prologue [with blockThreads=128U, op=rxmesh::Op::FE]") redeclared without __device__, hence treated as a __host__ __device__ function
  template void Query<128>::prologue<Op::V>( cooperative_groups::thread_block&, ShmemAllocator&, const bool, const bool); template void Query<128>::prologue<Op::E>( cooperative_groups::thread_block&, ShmemAllocator&, const bool, const bool); template void Query<128>::prologue<Op::F>( cooperative_groups::thread_block&, ShmemAllocator&, const bool, const bool); template void Query<128>::prologue<Op::VV>( cooperative_groups::thread_block&, ShmemAllocator&, const bool, const bool); template void Query<128>::prologue<Op::VE>( cooperative_groups::thread_block&, ShmemAllocator&, const bool, const bool); template void Query<128>::prologue<Op::VF>( cooperative_groups::thread_block&, ShmemAllocator&, const bool, const bool); template void Query<128>::prologue<Op::FV>( cooperative_groups::thread_block&, ShmemAllocator&, const bool, const bool); template void Query<128>::prologue<Op::FE>( cooperative_groups::thread_block&, ShmemAllocator&, const bool, const bool); template void Query<128>::prologue<Op::FF>( cooperative_groups::thread_block&, ShmemAllocator&, const bool, const bool); template void Query<128>::prologue<Op::EV>( cooperative_groups::thread_block&, ShmemAllocator&, const bool, const bool); template void Query<128>::prologue<Op::EE>( cooperative_groups::thread_block&, ShmemAllocator&, const bool, const bool); template void Query<128>::prologue<Op::EF>( cooperative_groups::thread_block&, ShmemAllocator&, const bool, const bool); template void Query<128>::prologue<Op::EVDiamond>( cooperative_groups::thread_block&, ShmemAllocator&, const bool, const bool); template void Query<128>::prologue<Op::VT>( cooperative_groups::thread_block&, ShmemAllocator&, const bool, const bool); template void Query<128>::prologue<Op::ET>( cooperative_groups::thread_block&, ShmemAllocator&, const bool, const bool); template void Query<128>::prologue<Op::FT>( cooperative_groups::thread_block&, ShmemAllocator&, const bool, const bool); template void Query<128>::prologue<Op::TV>( cooperative_groups::thread_block&, ShmemAllocator&, const bool, const bool); template void Query<128>::prologue<Op::TE>( cooperative_groups::thread_block&, ShmemAllocator&, const bool, const bool); template void Query<128>::prologue<Op::TF>( cooperative_groups::thread_block&, ShmemAllocator&, const bool, const bool);
                                                                                                                                                                                                                                                                                                                                                                                                                                                                                                                                                                                                                                                                                                                                                                                                                                                                                                        ^

/root/autodl-tmp/graduation_project/build_rxmesh_dynamic_20260908_141858/source/include/rxmesh/query.cu(115): warning #20037-D: a __device__ function("rxmesh::Query<blockThreads>::prologue [with blockThreads=128U, op=rxmesh::Op::FF]") redeclared without __device__, hence treated as a __host__ __device__ function
  template void Query<128>::prologue<Op::V>( cooperative_groups::thread_block&, ShmemAllocator&, const bool, const bool); template void Query<128>::prologue<Op::E>( cooperative_groups::thread_block&, ShmemAllocator&, const bool, const bool); template void Query<128>::prologue<Op::F>( cooperative_groups::thread_block&, ShmemAllocator&, const bool, const bool); template void Query<128>::prologue<Op::VV>( cooperative_groups::thread_block&, ShmemAllocator&, const bool, const bool); template void Query<128>::prologue<Op::VE>( cooperative_groups::thread_block&, ShmemAllocator&, const bool, const bool); template void Query<128>::prologue<Op::VF>( cooperative_groups::thread_block&, ShmemAllocator&, const bool, const bool); template void Query<128>::prologue<Op::FV>( cooperative_groups::thread_block&, ShmemAllocator&, const bool, const bool); template void Query<128>::prologue<Op::FE>( cooperative_groups::thread_block&, ShmemAllocator&, const bool, const bool); template void Query<128>::prologue<Op::FF>( cooperative_groups::thread_block&, ShmemAllocator&, const bool, const bool); template void Query<128>::prologue<Op::EV>( cooperative_groups::thread_block&, ShmemAllocator&, const bool, const bool); template void Query<128>::prologue<Op::EE>( cooperative_groups::thread_block&, ShmemAllocator&, const bool, const bool); template void Query<128>::prologue<Op::EF>( cooperative_groups::thread_block&, ShmemAllocator&, const bool, const bool); template void Query<128>::prologue<Op::EVDiamond>( cooperative_groups::thread_block&, ShmemAllocator&, const bool, const bool); template void Query<128>::prologue<Op::VT>( cooperative_groups::thread_block&, ShmemAllocator&, const bool, const bool); template void Query<128>::prologue<Op::ET>( cooperative_groups::thread_block&, ShmemAllocator&, const bool, const bool); template void Query<128>::prologue<Op::FT>( cooperative_groups::thread_block&, ShmemAllocator&, const bool, const bool); template void Query<128>::prologue<Op::TV>( cooperative_groups::thread_block&, ShmemAllocator&, const bool, const bool); template void Query<128>::prologue<Op::TE>( cooperative_groups::thread_block&, ShmemAllocator&, const bool, const bool); template void Query<128>::prologue<Op::TF>( cooperative_groups::thread_block&, ShmemAllocator&, const bool, const bool);
                                                                                                                                                                                                                                                                                                                                                                                                                                                                                                                                                                                                                                                                                                                                                                                                                                                                                                                                                                                                                                 ^

/root/autodl-tmp/graduation_project/build_rxmesh_dynamic_20260908_141858/source/include/rxmesh/query.cu(115): warning #20037-D: a __device__ function("rxmesh::Query<blockThreads>::prologue [with blockThreads=128U, op=rxmesh::Op::EV]") redeclared without __device__, hence treated as a __host__ __device__ function
  template void Query<128>::prologue<Op::V>( cooperative_groups::thread_block&, ShmemAllocator&, const bool, const bool); template void Query<128>::prologue<Op::E>( cooperative_groups::thread_block&, ShmemAllocator&, const bool, const bool); template void Query<128>::prologue<Op::F>( cooperative_groups::thread_block&, ShmemAllocator&, const bool, const bool); template void Query<128>::prologue<Op::VV>( cooperative_groups::thread_block&, ShmemAllocator&, const bool, const bool); template void Query<128>::prologue<Op::VE>( cooperative_groups::thread_block&, ShmemAllocator&, const bool, const bool); template void Query<128>::prologue<Op::VF>( cooperative_groups::thread_block&, ShmemAllocator&, const bool, const bool); template void Query<128>::prologue<Op::FV>( cooperative_groups::thread_block&, ShmemAllocator&, const bool, const bool); template void Query<128>::prologue<Op::FE>( cooperative_groups::thread_block&, ShmemAllocator&, const bool, const bool); template void Query<128>::prologue<Op::FF>( cooperative_groups::thread_block&, ShmemAllocator&, const bool, const bool); template void Query<128>::prologue<Op::EV>( cooperative_groups::thread_block&, ShmemAllocator&, const bool, const bool); template void Query<128>::prologue<Op::EE>( cooperative_groups::thread_block&, ShmemAllocator&, const bool, const bool); template void Query<128>::prologue<Op::EF>( cooperative_groups::thread_block&, ShmemAllocator&, const bool, const bool); template void Query<128>::prologue<Op::EVDiamond>( cooperative_groups::thread_block&, ShmemAllocator&, const bool, const bool); template void Query<128>::prologue<Op::VT>( cooperative_groups::thread_block&, ShmemAllocator&, const bool, const bool); template void Query<128>::prologue<Op::ET>( cooperative_groups::thread_block&, ShmemAllocator&, const bool, const bool); template void Query<128>::prologue<Op::FT>( cooperative_groups::thread_block&, ShmemAllocator&, const bool, const bool); template void Query<128>::prologue<Op::TV>( cooperative_groups::thread_block&, ShmemAllocator&, const bool, const bool); template void Query<128>::prologue<Op::TE>( cooperative_groups::thread_block&, ShmemAllocator&, const bool, const bool); template void Query<128>::prologue<Op::TF>( cooperative_groups::thread_block&, ShmemAllocator&, const bool, const bool);
                                                                                                                                                                                                                                                                                                                                                                                                                                                                                                                                                                                                                                                                                                                                                                                                                                                                                                                                                                                                                                                                                                                                                          ^

/root/autodl-tmp/graduation_project/build_rxmesh_dynamic_20260908_141858/source/include/rxmesh/query.cu(115): warning #20037-D: a __device__ function("rxmesh::Query<blockThreads>::prologue [with blockThreads=128U, op=rxmesh::Op::EE]") redeclared without __device__, hence treated as a __host__ __device__ function
  template void Query<128>::prologue<Op::V>( cooperative_groups::thread_block&, ShmemAllocator&, const bool, const bool); template void Query<128>::prologue<Op::E>( cooperative_groups::thread_block&, ShmemAllocator&, const bool, const bool); template void Query<128>::prologue<Op::F>( cooperative_groups::thread_block&, ShmemAllocator&, const bool, const bool); template void Query<128>::prologue<Op::VV>( cooperative_groups::thread_block&, ShmemAllocator&, const bool, const bool); template void Query<128>::prologue<Op::VE>( cooperative_groups::thread_block&, ShmemAllocator&, const bool, const bool); template void Query<128>::prologue<Op::VF>( cooperative_groups::thread_block&, ShmemAllocator&, const bool, const bool); template void Query<128>::prologue<Op::FV>( cooperative_groups::thread_block&, ShmemAllocator&, const bool, const bool); template void Query<128>::prologue<Op::FE>( cooperative_groups::thread_block&, ShmemAllocator&, const bool, const bool); template void Query<128>::prologue<Op::FF>( cooperative_groups::thread_block&, ShmemAllocator&, const bool, const bool); template void Query<128>::prologue<Op::EV>( cooperative_groups::thread_block&, ShmemAllocator&, const bool, const bool); template void Query<128>::prologue<Op::EE>( cooperative_groups::thread_block&, ShmemAllocator&, const bool, const bool); template void Query<128>::prologue<Op::EF>( cooperative_groups::thread_block&, ShmemAllocator&, const bool, const bool); template void Query<128>::prologue<Op::EVDiamond>( cooperative_groups::thread_block&, ShmemAllocator&, const bool, const bool); template void Query<128>::prologue<Op::VT>( cooperative_groups::thread_block&, ShmemAllocator&, const bool, const bool); template void Query<128>::prologue<Op::ET>( cooperative_groups::thread_block&, ShmemAllocator&, const bool, const bool); template void Query<128>::prologue<Op::FT>( cooperative_groups::thread_block&, ShmemAllocator&, const bool, const bool); template void Query<128>::prologue<Op::TV>( cooperative_groups::thread_block&, ShmemAllocator&, const bool, const bool); template void Query<128>::prologue<Op::TE>( cooperative_groups::thread_block&, ShmemAllocator&, const bool, const bool); template void Query<128>::prologue<Op::TF>( cooperative_groups::thread_block&, ShmemAllocator&, const bool, const bool);
                                                                                                                                                                                                                                                                                                                                                                                                                                                                                                                                                                                                                                                                                                                                                                                                                                                                                                                                                                                                                                                                                                                                                                                                                                                                                   ^

/root/autodl-tmp/graduation_project/build_rxmesh_dynamic_20260908_141858/source/include/rxmesh/query.cu(115): warning #20037-D: a __device__ function("rxmesh::Query<blockThreads>::prologue [with blockThreads=128U, op=rxmesh::Op::EF]") redeclared without __device__, hence treated as a __host__ __device__ function
  template void Query<128>::prologue<Op::V>( cooperative_groups::thread_block&, ShmemAllocator&, const bool, const bool); template void Query<128>::prologue<Op::E>( cooperative_groups::thread_block&, ShmemAllocator&, const bool, const bool); template void Query<128>::prologue<Op::F>( cooperative_groups::thread_block&, ShmemAllocator&, const bool, const bool); template void Query<128>::prologue<Op::VV>( cooperative_groups::thread_block&, ShmemAllocator&, const bool, const bool); template void Query<128>::prologue<Op::VE>( cooperative_groups::thread_block&, ShmemAllocator&, const bool, const bool); template void Query<128>::prologue<Op::VF>( cooperative_groups::thread_block&, ShmemAllocator&, const bool, const bool); template void Query<128>::prologue<Op::FV>( cooperative_groups::thread_block&, ShmemAllocator&, const bool, const bool); template void Query<128>::prologue<Op::FE>( cooperative_groups::thread_block&, ShmemAllocator&, const bool, const bool); template void Query<128>::prologue<Op::FF>( cooperative_groups::thread_block&, ShmemAllocator&, const bool, const bool); template void Query<128>::prologue<Op::EV>( cooperative_groups::thread_block&, ShmemAllocator&, const bool, const bool); template void Query<128>::prologue<Op::EE>( cooperative_groups::thread_block&, ShmemAllocator&, const bool, const bool); template void Query<128>::prologue<Op::EF>( cooperative_groups::thread_block&, ShmemAllocator&, const bool, const bool); template void Query<128>::prologue<Op::EVDiamond>( cooperative_groups::thread_block&, ShmemAllocator&, const bool, const bool); template void Query<128>::prologue<Op::VT>( cooperative_groups::thread_block&, ShmemAllocator&, const bool, const bool); template void Query<128>::prologue<Op::ET>( cooperative_groups::thread_block&, ShmemAllocator&, const bool, const bool); template void Query<128>::prologue<Op::FT>( cooperative_groups::thread_block&, ShmemAllocator&, const bool, const bool); template void Query<128>::prologue<Op::TV>( cooperative_groups::thread_block&, ShmemAllocator&, const bool, const bool); template void Query<128>::prologue<Op::TE>( cooperative_groups::thread_block&, ShmemAllocator&, const bool, const bool); template void Query<128>::prologue<Op::TF>( cooperative_groups::thread_block&, ShmemAllocator&, const bool, const bool);
                                                                                                                                                                                                                                                                                                                                                                                                                                                                                                                                                                                                                                                                                                                                                                                                                                                                                                                                                                                                                                                                                                                                                                                                                                                                                                                                                                                                            ^

/root/autodl-tmp/graduation_project/build_rxmesh_dynamic_20260908_141858/source/include/rxmesh/query.cu(115): warning #20037-D: a __device__ function("rxmesh::Query<blockThreads>::prologue [with blockThreads=128U, op=rxmesh::Op::EVDiamond]") redeclared without __device__, hence treated as a __host__ __device__ function
  template void Query<128>::prologue<Op::V>( cooperative_groups::thread_block&, ShmemAllocator&, const bool, const bool); template void Query<128>::prologue<Op::E>( cooperative_groups::thread_block&, ShmemAllocator&, const bool, const bool); template void Query<128>::prologue<Op::F>( cooperative_groups::thread_block&, ShmemAllocator&, const bool, const bool); template void Query<128>::prologue<Op::VV>( cooperative_groups::thread_block&, ShmemAllocator&, const bool, const bool); template void Query<128>::prologue<Op::VE>( cooperative_groups::thread_block&, ShmemAllocator&, const bool, const bool); template void Query<128>::prologue<Op::VF>( cooperative_groups::thread_block&, ShmemAllocator&, const bool, const bool); template void Query<128>::prologue<Op::FV>( cooperative_groups::thread_block&, ShmemAllocator&, const bool, const bool); template void Query<128>::prologue<Op::FE>( cooperative_groups::thread_block&, ShmemAllocator&, const bool, const bool); template void Query<128>::prologue<Op::FF>( cooperative_groups::thread_block&, ShmemAllocator&, const bool, const bool); template void Query<128>::prologue<Op::EV>( cooperative_groups::thread_block&, ShmemAllocator&, const bool, const bool); template void Query<128>::prologue<Op::EE>( cooperative_groups::thread_block&, ShmemAllocator&, const bool, const bool); template void Query<128>::prologue<Op::EF>( cooperative_groups::thread_block&, ShmemAllocator&, const bool, const bool); template void Query<128>::prologue<Op::EVDiamond>( cooperative_groups::thread_block&, ShmemAllocator&, const bool, const bool); template void Query<128>::prologue<Op::VT>( cooperative_groups::thread_block&, ShmemAllocator&, const bool, const bool); template void Query<128>::prologue<Op::ET>( cooperative_groups::thread_block&, ShmemAllocator&, const bool, const bool); template void Query<128>::prologue<Op::FT>( cooperative_groups::thread_block&, ShmemAllocator&, const bool, const bool); template void Query<128>::prologue<Op::TV>( cooperative_groups::thread_block&, ShmemAllocator&, const bool, const bool); template void Query<128>::prologue<Op::TE>( cooperative_groups::thread_block&, ShmemAllocator&, const bool, const bool); template void Query<128>::prologue<Op::TF>( cooperative_groups::thread_block&, ShmemAllocator&, const bool, const bool);
                                                                                                                                                                                                                                                                                                                                                                                                                                                                                                                                                                                                                                                                                                                                                                                                                                                                                                                                                                                                                                                                                                                                                                                                                                                                                                                                                                                                                                                                                                                                     ^

/root/autodl-tmp/graduation_project/build_rxmesh_dynamic_20260908_141858/source/include/rxmesh/query.cu(115): warning #20037-D: a __device__ function("rxmesh::Query<blockThreads>::prologue [with blockThreads=128U, op=rxmesh::Op::VT]") redeclared without __device__, hence treated as a __host__ __device__ function
  template void Query<128>::prologue<Op::V>( cooperative_groups::thread_block&, ShmemAllocator&, const bool, const bool); template void Query<128>::prologue<Op::E>( cooperative_groups::thread_block&, ShmemAllocator&, const bool, const bool); template void Query<128>::prologue<Op::F>( cooperative_groups::thread_block&, ShmemAllocator&, const bool, const bool); template void Query<128>::prologue<Op::VV>( cooperative_groups::thread_block&, ShmemAllocator&, const bool, const bool); template void Query<128>::prologue<Op::VE>( cooperative_groups::thread_block&, ShmemAllocator&, const bool, const bool); template void Query<128>::prologue<Op::VF>( cooperative_groups::thread_block&, ShmemAllocator&, const bool, const bool); template void Query<128>::prologue<Op::FV>( cooperative_groups::thread_block&, ShmemAllocator&, const bool, const bool); template void Query<128>::prologue<Op::FE>( cooperative_groups::thread_block&, ShmemAllocator&, const bool, const bool); template void Query<128>::prologue<Op::FF>( cooperative_groups::thread_block&, ShmemAllocator&, const bool, const bool); template void Query<128>::prologue<Op::EV>( cooperative_groups::thread_block&, ShmemAllocator&, const bool, const bool); template void Query<128>::prologue<Op::EE>( cooperative_groups::thread_block&, ShmemAllocator&, const bool, const bool); template void Query<128>::prologue<Op::EF>( cooperative_groups::thread_block&, ShmemAllocator&, const bool, const bool); template void Query<128>::prologue<Op::EVDiamond>( cooperative_groups::thread_block&, ShmemAllocator&, const bool, const bool); template void Query<128>::prologue<Op::VT>( cooperative_groups::thread_block&, ShmemAllocator&, const bool, const bool); template void Query<128>::prologue<Op::ET>( cooperative_groups::thread_block&, ShmemAllocator&, const bool, const bool); template void Query<128>::prologue<Op::FT>( cooperative_groups::thread_block&, ShmemAllocator&, const bool, const bool); template void Query<128>::prologue<Op::TV>( cooperative_groups::thread_block&, ShmemAllocator&, const bool, const bool); template void Query<128>::prologue<Op::TE>( cooperative_groups::thread_block&, ShmemAllocator&, const bool, const bool); template void Query<128>::prologue<Op::TF>( cooperative_groups::thread_block&, ShmemAllocator&, const bool, const bool);
                                                                                                                                                                                                                                                                                                                                                                                                                                                                                                                                                                                                                                                                                                                                                                                                                                                                                                                                                                                                                                                                                                                                                                                                                                                                                                                                                                                                                                                                                                                                                                                                                                                                     ^

/root/autodl-tmp/graduation_project/build_rxmesh_dynamic_20260908_141858/source/include/rxmesh/query.cu(115): warning #20037-D: a __device__ function("rxmesh::Query<blockThreads>::prologue [with blockThreads=128U, op=rxmesh::Op::ET]") redeclared without __device__, hence treated as a __host__ __device__ function
  template void Query<128>::prologue<Op::V>( cooperative_groups::thread_block&, ShmemAllocator&, const bool, const bool); template void Query<128>::prologue<Op::E>( cooperative_groups::thread_block&, ShmemAllocator&, const bool, const bool); template void Query<128>::prologue<Op::F>( cooperative_groups::thread_block&, ShmemAllocator&, const bool, const bool); template void Query<128>::prologue<Op::VV>( cooperative_groups::thread_block&, ShmemAllocator&, const bool, const bool); template void Query<128>::prologue<Op::VE>( cooperative_groups::thread_block&, ShmemAllocator&, const bool, const bool); template void Query<128>::prologue<Op::VF>( cooperative_groups::thread_block&, ShmemAllocator&, const bool, const bool); template void Query<128>::prologue<Op::FV>( cooperative_groups::thread_block&, ShmemAllocator&, const bool, const bool); template void Query<128>::prologue<Op::FE>( cooperative_groups::thread_block&, ShmemAllocator&, const bool, const bool); template void Query<128>::prologue<Op::FF>( cooperative_groups::thread_block&, ShmemAllocator&, const bool, const bool); template void Query<128>::prologue<Op::EV>( cooperative_groups::thread_block&, ShmemAllocator&, const bool, const bool); template void Query<128>::prologue<Op::EE>( cooperative_groups::thread_block&, ShmemAllocator&, const bool, const bool); template void Query<128>::prologue<Op::EF>( cooperative_groups::thread_block&, ShmemAllocator&, const bool, const bool); template void Query<128>::prologue<Op::EVDiamond>( cooperative_groups::thread_block&, ShmemAllocator&, const bool, const bool); template void Query<128>::prologue<Op::VT>( cooperative_groups::thread_block&, ShmemAllocator&, const bool, const bool); template void Query<128>::prologue<Op::ET>( cooperative_groups::thread_block&, ShmemAllocator&, const bool, const bool); template void Query<128>::prologue<Op::FT>( cooperative_groups::thread_block&, ShmemAllocator&, const bool, const bool); template void Query<128>::prologue<Op::TV>( cooperative_groups::thread_block&, ShmemAllocator&, const bool, const bool); template void Query<128>::prologue<Op::TE>( cooperative_groups::thread_block&, ShmemAllocator&, const bool, const bool); template void Query<128>::prologue<Op::TF>( cooperative_groups::thread_block&, ShmemAllocator&, const bool, const bool);
                                                                                                                                                                                                                                                                                                                                                                                                                                                                                                                                                                                                                                                                                                                                                                                                                                                                                                                                                                                                                                                                                                                                                                                                                                                                                                                                                                                                                                                                                                                                                                                                                                                                                                                                                                                              ^

/root/autodl-tmp/graduation_project/build_rxmesh_dynamic_20260908_141858/source/include/rxmesh/query.cu(115): warning #20037-D: a __device__ function("rxmesh::Query<blockThreads>::prologue [with blockThreads=128U, op=rxmesh::Op::FT]") redeclared without __device__, hence treated as a __host__ __device__ function
  template void Query<128>::prologue<Op::V>( cooperative_groups::thread_block&, ShmemAllocator&, const bool, const bool); template void Query<128>::prologue<Op::E>( cooperative_groups::thread_block&, ShmemAllocator&, const bool, const bool); template void Query<128>::prologue<Op::F>( cooperative_groups::thread_block&, ShmemAllocator&, const bool, const bool); template void Query<128>::prologue<Op::VV>( cooperative_groups::thread_block&, ShmemAllocator&, const bool, const bool); template void Query<128>::prologue<Op::VE>( cooperative_groups::thread_block&, ShmemAllocator&, const bool, const bool); template void Query<128>::prologue<Op::VF>( cooperative_groups::thread_block&, ShmemAllocator&, const bool, const bool); template void Query<128>::prologue<Op::FV>( cooperative_groups::thread_block&, ShmemAllocator&, const bool, const bool); template void Query<128>::prologue<Op::FE>( cooperative_groups::thread_block&, ShmemAllocator&, const bool, const bool); template void Query<128>::prologue<Op::FF>( cooperative_groups::thread_block&, ShmemAllocator&, const bool, const bool); template void Query<128>::prologue<Op::EV>( cooperative_groups::thread_block&, ShmemAllocator&, const bool, const bool); template void Query<128>::prologue<Op::EE>( cooperative_groups::thread_block&, ShmemAllocator&, const bool, const bool); template void Query<128>::prologue<Op::EF>( cooperative_groups::thread_block&, ShmemAllocator&, const bool, const bool); template void Query<128>::prologue<Op::EVDiamond>( cooperative_groups::thread_block&, ShmemAllocator&, const bool, const bool); template void Query<128>::prologue<Op::VT>( cooperative_groups::thread_block&, ShmemAllocator&, const bool, const bool); template void Query<128>::prologue<Op::ET>( cooperative_groups::thread_block&, ShmemAllocator&, const bool, const bool); template void Query<128>::prologue<Op::FT>( cooperative_groups::thread_block&, ShmemAllocator&, const bool, const bool); template void Query<128>::prologue<Op::TV>( cooperative_groups::thread_block&, ShmemAllocator&, const bool, const bool); template void Query<128>::prologue<Op::TE>( cooperative_groups::thread_block&, ShmemAllocator&, const bool, const bool); template void Query<128>::prologue<Op::TF>( cooperative_groups::thread_block&, ShmemAllocator&, const bool, const bool);
                                                                                                                                                                                                                                                                                                                                                                                                                                                                                                                                                                                                                                                                                                                                                                                                                                                                                                                                                                                                                                                                                                                                                                                                                                                                                                                                                                                                                                                                                                                                                                                                                                                                                                                                                                                                                                                                                                                       ^

/root/autodl-tmp/graduation_project/build_rxmesh_dynamic_20260908_141858/source/include/rxmesh/query.cu(115): warning #20037-D: a __device__ function("rxmesh::Query<blockThreads>::prologue [with blockThreads=128U, op=rxmesh::Op::TV]") redeclared without __device__, hence treated as a __host__ __device__ function
  template void Query<128>::prologue<Op::V>( cooperative_groups::thread_block&, ShmemAllocator&, const bool, const bool); template void Query<128>::prologue<Op::E>( cooperative_groups::thread_block&, ShmemAllocator&, const bool, const bool); template void Query<128>::prologue<Op::F>( cooperative_groups::thread_block&, ShmemAllocator&, const bool, const bool); template void Query<128>::prologue<Op::VV>( cooperative_groups::thread_block&, ShmemAllocator&, const bool, const bool); template void Query<128>::prologue<Op::VE>( cooperative_groups::thread_block&, ShmemAllocator&, const bool, const bool); template void Query<128>::prologue<Op::VF>( cooperative_groups::thread_block&, ShmemAllocator&, const bool, const bool); template void Query<128>::prologue<Op::FV>( cooperative_groups::thread_block&, ShmemAllocator&, const bool, const bool); template void Query<128>::prologue<Op::FE>( cooperative_groups::thread_block&, ShmemAllocator&, const bool, const bool); template void Query<128>::prologue<Op::FF>( cooperative_groups::thread_block&, ShmemAllocator&, const bool, const bool); template void Query<128>::prologue<Op::EV>( cooperative_groups::thread_block&, ShmemAllocator&, const bool, const bool); template void Query<128>::prologue<Op::EE>( cooperative_groups::thread_block&, ShmemAllocator&, const bool, const bool); template void Query<128>::prologue<Op::EF>( cooperative_groups::thread_block&, ShmemAllocator&, const bool, const bool); template void Query<128>::prologue<Op::EVDiamond>( cooperative_groups::thread_block&, ShmemAllocator&, const bool, const bool); template void Query<128>::prologue<Op::VT>( cooperative_groups::thread_block&, ShmemAllocator&, const bool, const bool); template void Query<128>::prologue<Op::ET>( cooperative_groups::thread_block&, ShmemAllocator&, const bool, const bool); template void Query<128>::prologue<Op::FT>( cooperative_groups::thread_block&, ShmemAllocator&, const bool, const bool); template void Query<128>::prologue<Op::TV>( cooperative_groups::thread_block&, ShmemAllocator&, const bool, const bool); template void Query<128>::prologue<Op::TE>( cooperative_groups::thread_block&, ShmemAllocator&, const bool, const bool); template void Query<128>::prologue<Op::TF>( cooperative_groups::thread_block&, ShmemAllocator&, const bool, const bool);
                                                                                                                                                                                                                                                                                                                                                                                                                                                                                                                                                                                                                                                                                                                                                                                                                                                                                                                                                                                                                                                                                                                                                                                                                                                                                                                                                                                                                                                                                                                                                                                                                                                                                                                                                                                                                                                                                                                                                                                                                                                ^

/root/autodl-tmp/graduation_project/build_rxmesh_dynamic_20260908_141858/source/include/rxmesh/query.cu(115): warning #20037-D: a __device__ function("rxmesh::Query<blockThreads>::prologue [with blockThreads=128U, op=rxmesh::Op::TE]") redeclared without __device__, hence treated as a __host__ __device__ function
  template void Query<128>::prologue<Op::V>( cooperative_groups::thread_block&, ShmemAllocator&, const bool, const bool); template void Query<128>::prologue<Op::E>( cooperative_groups::thread_block&, ShmemAllocator&, const bool, const bool); template void Query<128>::prologue<Op::F>( cooperative_groups::thread_block&, ShmemAllocator&, const bool, const bool); template void Query<128>::prologue<Op::VV>( cooperative_groups::thread_block&, ShmemAllocator&, const bool, const bool); template void Query<128>::prologue<Op::VE>( cooperative_groups::thread_block&, ShmemAllocator&, const bool, const bool); template void Query<128>::prologue<Op::VF>( cooperative_groups::thread_block&, ShmemAllocator&, const bool, const bool); template void Query<128>::prologue<Op::FV>( cooperative_groups::thread_block&, ShmemAllocator&, const bool, const bool); template void Query<128>::prologue<Op::FE>( cooperative_groups::thread_block&, ShmemAllocator&, const bool, const bool); template void Query<128>::prologue<Op::FF>( cooperative_groups::thread_block&, ShmemAllocator&, const bool, const bool); template void Query<128>::prologue<Op::EV>( cooperative_groups::thread_block&, ShmemAllocator&, const bool, const bool); template void Query<128>::prologue<Op::EE>( cooperative_groups::thread_block&, ShmemAllocator&, const bool, const bool); template void Query<128>::prologue<Op::EF>( cooperative_groups::thread_block&, ShmemAllocator&, const bool, const bool); template void Query<128>::prologue<Op::EVDiamond>( cooperative_groups::thread_block&, ShmemAllocator&, const bool, const bool); template void Query<128>::prologue<Op::VT>( cooperative_groups::thread_block&, ShmemAllocator&, const bool, const bool); template void Query<128>::prologue<Op::ET>( cooperative_groups::thread_block&, ShmemAllocator&, const bool, const bool); template void Query<128>::prologue<Op::FT>( cooperative_groups::thread_block&, ShmemAllocator&, const bool, const bool); template void Query<128>::prologue<Op::TV>( cooperative_groups::thread_block&, ShmemAllocator&, const bool, const bool); template void Query<128>::prologue<Op::TE>( cooperative_groups::thread_block&, ShmemAllocator&, const bool, const bool); template void Query<128>::prologue<Op::TF>( cooperative_groups::thread_block&, ShmemAllocator&, const bool, const bool);
                                                                                                                                                                                                                                                                                                                                                                                                                                                                                                                                                                                                                                                                                                                                                                                                                                                                                                                                                                                                                                                                                                                                                                                                                                                                                                                                                                                                                                                                                                                                                                                                                                                                                                                                                                                                                                                                                                                                                                                                                                                                                                                                                                         ^

/root/autodl-tmp/graduation_project/build_rxmesh_dynamic_20260908_141858/source/include/rxmesh/query.cu(115): warning #20037-D: a __device__ function("rxmesh::Query<blockThreads>::prologue [with blockThreads=128U, op=rxmesh::Op::TF]") redeclared without __device__, hence treated as a __host__ __device__ function
  template void Query<128>::prologue<Op::V>( cooperative_groups::thread_block&, ShmemAllocator&, const bool, const bool); template void Query<128>::prologue<Op::E>( cooperative_groups::thread_block&, ShmemAllocator&, const bool, const bool); template void Query<128>::prologue<Op::F>( cooperative_groups::thread_block&, ShmemAllocator&, const bool, const bool); template void Query<128>::prologue<Op::VV>( cooperative_groups::thread_block&, ShmemAllocator&, const bool, const bool); template void Query<128>::prologue<Op::VE>( cooperative_groups::thread_block&, ShmemAllocator&, const bool, const bool); template void Query<128>::prologue<Op::VF>( cooperative_groups::thread_block&, ShmemAllocator&, const bool, const bool); template void Query<128>::prologue<Op::FV>( cooperative_groups::thread_block&, ShmemAllocator&, const bool, const bool); template void Query<128>::prologue<Op::FE>( cooperative_groups::thread_block&, ShmemAllocator&, const bool, const bool); template void Query<128>::prologue<Op::FF>( cooperative_groups::thread_block&, ShmemAllocator&, const bool, const bool); template void Query<128>::prologue<Op::EV>( cooperative_groups::thread_block&, ShmemAllocator&, const bool, const bool); template void Query<128>::prologue<Op::EE>( cooperative_groups::thread_block&, ShmemAllocator&, const bool, const bool); template void Query<128>::prologue<Op::EF>( cooperative_groups::thread_block&, ShmemAllocator&, const bool, const bool); template void Query<128>::prologue<Op::EVDiamond>( cooperative_groups::thread_block&, ShmemAllocator&, const bool, const bool); template void Query<128>::prologue<Op::VT>( cooperative_groups::thread_block&, ShmemAllocator&, const bool, const bool); template void Query<128>::prologue<Op::ET>( cooperative_groups::thread_block&, ShmemAllocator&, const bool, const bool); template void Query<128>::prologue<Op::FT>( cooperative_groups::thread_block&, ShmemAllocator&, const bool, const bool); template void Query<128>::prologue<Op::TV>( cooperative_groups::thread_block&, ShmemAllocator&, const bool, const bool); template void Query<128>::prologue<Op::TE>( cooperative_groups::thread_block&, ShmemAllocator&, const bool, const bool); template void Query<128>::prologue<Op::TF>( cooperative_groups::thread_block&, ShmemAllocator&, const bool, const bool);
                                                                                                                                                                                                                                                                                                                                                                                                                                                                                                                                                                                                                                                                                                                                                                                                                                                                                                                                                                                                                                                                                                                                                                                                                                                                                                                                                                                                                                                                                                                                                                                                                                                                                                                                                                                                                                                                                                                                                                                                                                                                                                                                                                                                                                                                                                  ^

/root/autodl-tmp/graduation_project/build_rxmesh_dynamic_20260908_141858/source/include/rxmesh/query.cu(116): warning #20037-D: a __device__ function("rxmesh::Query<blockThreads>::prologue [with blockThreads=256U, op=rxmesh::Op::V]") redeclared without __device__, hence treated as a __host__ __device__ function
  template void Query<256>::prologue<Op::V>( cooperative_groups::thread_block&, ShmemAllocator&, const bool, const bool); template void Query<256>::prologue<Op::E>( cooperative_groups::thread_block&, ShmemAllocator&, const bool, const bool); template void Query<256>::prologue<Op::F>( cooperative_groups::thread_block&, ShmemAllocator&, const bool, const bool); template void Query<256>::prologue<Op::VV>( cooperative_groups::thread_block&, ShmemAllocator&, const bool, const bool); template void Query<256>::prologue<Op::VE>( cooperative_groups::thread_block&, ShmemAllocator&, const bool, const bool); template void Query<256>::prologue<Op::VF>( cooperative_groups::thread_block&, ShmemAllocator&, const bool, const bool); template void Query<256>::prologue<Op::FV>( cooperative_groups::thread_block&, ShmemAllocator&, const bool, const bool); template void Query<256>::prologue<Op::FE>( cooperative_groups::thread_block&, ShmemAllocator&, const bool, const bool); template void Query<256>::prologue<Op::FF>( cooperative_groups::thread_block&, ShmemAllocator&, const bool, const bool); template void Query<256>::prologue<Op::EV>( cooperative_groups::thread_block&, ShmemAllocator&, const bool, const bool); template void Query<256>::prologue<Op::EE>( cooperative_groups::thread_block&, ShmemAllocator&, const bool, const bool); template void Query<256>::prologue<Op::EF>( cooperative_groups::thread_block&, ShmemAllocator&, const bool, const bool); template void Query<256>::prologue<Op::EVDiamond>( cooperative_groups::thread_block&, ShmemAllocator&, const bool, const bool); template void Query<256>::prologue<Op::VT>( cooperative_groups::thread_block&, ShmemAllocator&, const bool, const bool); template void Query<256>::prologue<Op::ET>( cooperative_groups::thread_block&, ShmemAllocator&, const bool, const bool); template void Query<256>::prologue<Op::FT>( cooperative_groups::thread_block&, ShmemAllocator&, const bool, const bool); template void Query<256>::prologue<Op::TV>( cooperative_groups::thread_block&, ShmemAllocator&, const bool, const bool); template void Query<256>::prologue<Op::TE>( cooperative_groups::thread_block&, ShmemAllocator&, const bool, const bool); template void Query<256>::prologue<Op::TF>( cooperative_groups::thread_block&, ShmemAllocator&, const bool, const bool);
                            ^

/root/autodl-tmp/graduation_project/build_rxmesh_dynamic_20260908_141858/source/include/rxmesh/query.cu(116): warning #20037-D: a __device__ function("rxmesh::Query<blockThreads>::prologue [with blockThreads=256U, op=rxmesh::Op::E]") redeclared without __device__, hence treated as a __host__ __device__ function
  template void Query<256>::prologue<Op::V>( cooperative_groups::thread_block&, ShmemAllocator&, const bool, const bool); template void Query<256>::prologue<Op::E>( cooperative_groups::thread_block&, ShmemAllocator&, const bool, const bool); template void Query<256>::prologue<Op::F>( cooperative_groups::thread_block&, ShmemAllocator&, const bool, const bool); template void Query<256>::prologue<Op::VV>( cooperative_groups::thread_block&, ShmemAllocator&, const bool, const bool); template void Query<256>::prologue<Op::VE>( cooperative_groups::thread_block&, ShmemAllocator&, const bool, const bool); template void Query<256>::prologue<Op::VF>( cooperative_groups::thread_block&, ShmemAllocator&, const bool, const bool); template void Query<256>::prologue<Op::FV>( cooperative_groups::thread_block&, ShmemAllocator&, const bool, const bool); template void Query<256>::prologue<Op::FE>( cooperative_groups::thread_block&, ShmemAllocator&, const bool, const bool); template void Query<256>::prologue<Op::FF>( cooperative_groups::thread_block&, ShmemAllocator&, const bool, const bool); template void Query<256>::prologue<Op::EV>( cooperative_groups::thread_block&, ShmemAllocator&, const bool, const bool); template void Query<256>::prologue<Op::EE>( cooperative_groups::thread_block&, ShmemAllocator&, const bool, const bool); template void Query<256>::prologue<Op::EF>( cooperative_groups::thread_block&, ShmemAllocator&, const bool, const bool); template void Query<256>::prologue<Op::EVDiamond>( cooperative_groups::thread_block&, ShmemAllocator&, const bool, const bool); template void Query<256>::prologue<Op::VT>( cooperative_groups::thread_block&, ShmemAllocator&, const bool, const bool); template void Query<256>::prologue<Op::ET>( cooperative_groups::thread_block&, ShmemAllocator&, const bool, const bool); template void Query<256>::prologue<Op::FT>( cooperative_groups::thread_block&, ShmemAllocator&, const bool, const bool); template void Query<256>::prologue<Op::TV>( cooperative_groups::thread_block&, ShmemAllocator&, const bool, const bool); template void Query<256>::prologue<Op::TE>( cooperative_groups::thread_block&, ShmemAllocator&, const bool, const bool); template void Query<256>::prologue<Op::TF>( cooperative_groups::thread_block&, ShmemAllocator&, const bool, const bool);
                                                                                                                                                    ^

/root/autodl-tmp/graduation_project/build_rxmesh_dynamic_20260908_141858/source/include/rxmesh/query.cu(116): warning #20037-D: a __device__ function("rxmesh::Query<blockThreads>::prologue [with blockThreads=256U, op=rxmesh::Op::F]") redeclared without __device__, hence treated as a __host__ __device__ function
  template void Query<256>::prologue<Op::V>( cooperative_groups::thread_block&, ShmemAllocator&, const bool, const bool); template void Query<256>::prologue<Op::E>( cooperative_groups::thread_block&, ShmemAllocator&, const bool, const bool); template void Query<256>::prologue<Op::F>( cooperative_groups::thread_block&, ShmemAllocator&, const bool, const bool); template void Query<256>::prologue<Op::VV>( cooperative_groups::thread_block&, ShmemAllocator&, const bool, const bool); template void Query<256>::prologue<Op::VE>( cooperative_groups::thread_block&, ShmemAllocator&, const bool, const bool); template void Query<256>::prologue<Op::VF>( cooperative_groups::thread_block&, ShmemAllocator&, const bool, const bool); template void Query<256>::prologue<Op::FV>( cooperative_groups::thread_block&, ShmemAllocator&, const bool, const bool); template void Query<256>::prologue<Op::FE>( cooperative_groups::thread_block&, ShmemAllocator&, const bool, const bool); template void Query<256>::prologue<Op::FF>( cooperative_groups::thread_block&, ShmemAllocator&, const bool, const bool); template void Query<256>::prologue<Op::EV>( cooperative_groups::thread_block&, ShmemAllocator&, const bool, const bool); template void Query<256>::prologue<Op::EE>( cooperative_groups::thread_block&, ShmemAllocator&, const bool, const bool); template void Query<256>::prologue<Op::EF>( cooperative_groups::thread_block&, ShmemAllocator&, const bool, const bool); template void Query<256>::prologue<Op::EVDiamond>( cooperative_groups::thread_block&, ShmemAllocator&, const bool, const bool); template void Query<256>::prologue<Op::VT>( cooperative_groups::thread_block&, ShmemAllocator&, const bool, const bool); template void Query<256>::prologue<Op::ET>( cooperative_groups::thread_block&, ShmemAllocator&, const bool, const bool); template void Query<256>::prologue<Op::FT>( cooperative_groups::thread_block&, ShmemAllocator&, const bool, const bool); template void Query<256>::prologue<Op::TV>( cooperative_groups::thread_block&, ShmemAllocator&, const bool, const bool); template void Query<256>::prologue<Op::TE>( cooperative_groups::thread_block&, ShmemAllocator&, const bool, const bool); template void Query<256>::prologue<Op::TF>( cooperative_groups::thread_block&, ShmemAllocator&, const bool, const bool);
                                                                                                                                                                                                                                                                            ^

/root/autodl-tmp/graduation_project/build_rxmesh_dynamic_20260908_141858/source/include/rxmesh/query.cu(116): warning #20037-D: a __device__ function("rxmesh::Query<blockThreads>::prologue [with blockThreads=256U, op=rxmesh::Op::VV]") redeclared without __device__, hence treated as a __host__ __device__ function
  template void Query<256>::prologue<Op::V>( cooperative_groups::thread_block&, ShmemAllocator&, const bool, const bool); template void Query<256>::prologue<Op::E>( cooperative_groups::thread_block&, ShmemAllocator&, const bool, const bool); template void Query<256>::prologue<Op::F>( cooperative_groups::thread_block&, ShmemAllocator&, const bool, const bool); template void Query<256>::prologue<Op::VV>( cooperative_groups::thread_block&, ShmemAllocator&, const bool, const bool); template void Query<256>::prologue<Op::VE>( cooperative_groups::thread_block&, ShmemAllocator&, const bool, const bool); template void Query<256>::prologue<Op::VF>( cooperative_groups::thread_block&, ShmemAllocator&, const bool, const bool); template void Query<256>::prologue<Op::FV>( cooperative_groups::thread_block&, ShmemAllocator&, const bool, const bool); template void Query<256>::prologue<Op::FE>( cooperative_groups::thread_block&, ShmemAllocator&, const bool, const bool); template void Query<256>::prologue<Op::FF>( cooperative_groups::thread_block&, ShmemAllocator&, const bool, const bool); template void Query<256>::prologue<Op::EV>( cooperative_groups::thread_block&, ShmemAllocator&, const bool, const bool); template void Query<256>::prologue<Op::EE>( cooperative_groups::thread_block&, ShmemAllocator&, const bool, const bool); template void Query<256>::prologue<Op::EF>( cooperative_groups::thread_block&, ShmemAllocator&, const bool, const bool); template void Query<256>::prologue<Op::EVDiamond>( cooperative_groups::thread_block&, ShmemAllocator&, const bool, const bool); template void Query<256>::prologue<Op::VT>( cooperative_groups::thread_block&, ShmemAllocator&, const bool, const bool); template void Query<256>::prologue<Op::ET>( cooperative_groups::thread_block&, ShmemAllocator&, const bool, const bool); template void Query<256>::prologue<Op::FT>( cooperative_groups::thread_block&, ShmemAllocator&, const bool, const bool); template void Query<256>::prologue<Op::TV>( cooperative_groups::thread_block&, ShmemAllocator&, const bool, const bool); template void Query<256>::prologue<Op::TE>( cooperative_groups::thread_block&, ShmemAllocator&, const bool, const bool); template void Query<256>::prologue<Op::TF>( cooperative_groups::thread_block&, ShmemAllocator&, const bool, const bool);
                                                                                                                                                                                                                                                                                                                                                                                                    ^

/root/autodl-tmp/graduation_project/build_rxmesh_dynamic_20260908_141858/source/include/rxmesh/query.cu(116): warning #20037-D: a __device__ function("rxmesh::Query<blockThreads>::prologue [with blockThreads=256U, op=rxmesh::Op::VE]") redeclared without __device__, hence treated as a __host__ __device__ function
  template void Query<256>::prologue<Op::V>( cooperative_groups::thread_block&, ShmemAllocator&, const bool, const bool); template void Query<256>::prologue<Op::E>( cooperative_groups::thread_block&, ShmemAllocator&, const bool, const bool); template void Query<256>::prologue<Op::F>( cooperative_groups::thread_block&, ShmemAllocator&, const bool, const bool); template void Query<256>::prologue<Op::VV>( cooperative_groups::thread_block&, ShmemAllocator&, const bool, const bool); template void Query<256>::prologue<Op::VE>( cooperative_groups::thread_block&, ShmemAllocator&, const bool, const bool); template void Query<256>::prologue<Op::VF>( cooperative_groups::thread_block&, ShmemAllocator&, const bool, const bool); template void Query<256>::prologue<Op::FV>( cooperative_groups::thread_block&, ShmemAllocator&, const bool, const bool); template void Query<256>::prologue<Op::FE>( cooperative_groups::thread_block&, ShmemAllocator&, const bool, const bool); template void Query<256>::prologue<Op::FF>( cooperative_groups::thread_block&, ShmemAllocator&, const bool, const bool); template void Query<256>::prologue<Op::EV>( cooperative_groups::thread_block&, ShmemAllocator&, const bool, const bool); template void Query<256>::prologue<Op::EE>( cooperative_groups::thread_block&, ShmemAllocator&, const bool, const bool); template void Query<256>::prologue<Op::EF>( cooperative_groups::thread_block&, ShmemAllocator&, const bool, const bool); template void Query<256>::prologue<Op::EVDiamond>( cooperative_groups::thread_block&, ShmemAllocator&, const bool, const bool); template void Query<256>::prologue<Op::VT>( cooperative_groups::thread_block&, ShmemAllocator&, const bool, const bool); template void Query<256>::prologue<Op::ET>( cooperative_groups::thread_block&, ShmemAllocator&, const bool, const bool); template void Query<256>::prologue<Op::FT>( cooperative_groups::thread_block&, ShmemAllocator&, const bool, const bool); template void Query<256>::prologue<Op::TV>( cooperative_groups::thread_block&, ShmemAllocator&, const bool, const bool); template void Query<256>::prologue<Op::TE>( cooperative_groups::thread_block&, ShmemAllocator&, const bool, const bool); template void Query<256>::prologue<Op::TF>( cooperative_groups::thread_block&, ShmemAllocator&, const bool, const bool);
                                                                                                                                                                                                                                                                                                                                                                                                                                                                                                                             ^

/root/autodl-tmp/graduation_project/build_rxmesh_dynamic_20260908_141858/source/include/rxmesh/query.cu(116): warning #20037-D: a __device__ function("rxmesh::Query<blockThreads>::prologue [with blockThreads=256U, op=rxmesh::Op::VF]") redeclared without __device__, hence treated as a __host__ __device__ function
  template void Query<256>::prologue<Op::V>( cooperative_groups::thread_block&, ShmemAllocator&, const bool, const bool); template void Query<256>::prologue<Op::E>( cooperative_groups::thread_block&, ShmemAllocator&, const bool, const bool); template void Query<256>::prologue<Op::F>( cooperative_groups::thread_block&, ShmemAllocator&, const bool, const bool); template void Query<256>::prologue<Op::VV>( cooperative_groups::thread_block&, ShmemAllocator&, const bool, const bool); template void Query<256>::prologue<Op::VE>( cooperative_groups::thread_block&, ShmemAllocator&, const bool, const bool); template void Query<256>::prologue<Op::VF>( cooperative_groups::thread_block&, ShmemAllocator&, const bool, const bool); template void Query<256>::prologue<Op::FV>( cooperative_groups::thread_block&, ShmemAllocator&, const bool, const bool); template void Query<256>::prologue<Op::FE>( cooperative_groups::thread_block&, ShmemAllocator&, const bool, const bool); template void Query<256>::prologue<Op::FF>( cooperative_groups::thread_block&, ShmemAllocator&, const bool, const bool); template void Query<256>::prologue<Op::EV>( cooperative_groups::thread_block&, ShmemAllocator&, const bool, const bool); template void Query<256>::prologue<Op::EE>( cooperative_groups::thread_block&, ShmemAllocator&, const bool, const bool); template void Query<256>::prologue<Op::EF>( cooperative_groups::thread_block&, ShmemAllocator&, const bool, const bool); template void Query<256>::prologue<Op::EVDiamond>( cooperative_groups::thread_block&, ShmemAllocator&, const bool, const bool); template void Query<256>::prologue<Op::VT>( cooperative_groups::thread_block&, ShmemAllocator&, const bool, const bool); template void Query<256>::prologue<Op::ET>( cooperative_groups::thread_block&, ShmemAllocator&, const bool, const bool); template void Query<256>::prologue<Op::FT>( cooperative_groups::thread_block&, ShmemAllocator&, const bool, const bool); template void Query<256>::prologue<Op::TV>( cooperative_groups::thread_block&, ShmemAllocator&, const bool, const bool); template void Query<256>::prologue<Op::TE>( cooperative_groups::thread_block&, ShmemAllocator&, const bool, const bool); template void Query<256>::prologue<Op::TF>( cooperative_groups::thread_block&, ShmemAllocator&, const bool, const bool);
                                                                                                                                                                                                                                                                                                                                                                                                                                                                                                                                                                                                                                                      ^

/root/autodl-tmp/graduation_project/build_rxmesh_dynamic_20260908_141858/source/include/rxmesh/query.cu(116): warning #20037-D: a __device__ function("rxmesh::Query<blockThreads>::prologue [with blockThreads=256U, op=rxmesh::Op::FV]") redeclared without __device__, hence treated as a __host__ __device__ function
  template void Query<256>::prologue<Op::V>( cooperative_groups::thread_block&, ShmemAllocator&, const bool, const bool); template void Query<256>::prologue<Op::E>( cooperative_groups::thread_block&, ShmemAllocator&, const bool, const bool); template void Query<256>::prologue<Op::F>( cooperative_groups::thread_block&, ShmemAllocator&, const bool, const bool); template void Query<256>::prologue<Op::VV>( cooperative_groups::thread_block&, ShmemAllocator&, const bool, const bool); template void Query<256>::prologue<Op::VE>( cooperative_groups::thread_block&, ShmemAllocator&, const bool, const bool); template void Query<256>::prologue<Op::VF>( cooperative_groups::thread_block&, ShmemAllocator&, const bool, const bool); template void Query<256>::prologue<Op::FV>( cooperative_groups::thread_block&, ShmemAllocator&, const bool, const bool); template void Query<256>::prologue<Op::FE>( cooperative_groups::thread_block&, ShmemAllocator&, const bool, const bool); template void Query<256>::prologue<Op::FF>( cooperative_groups::thread_block&, ShmemAllocator&, const bool, const bool); template void Query<256>::prologue<Op::EV>( cooperative_groups::thread_block&, ShmemAllocator&, const bool, const bool); template void Query<256>::prologue<Op::EE>( cooperative_groups::thread_block&, ShmemAllocator&, const bool, const bool); template void Query<256>::prologue<Op::EF>( cooperative_groups::thread_block&, ShmemAllocator&, const bool, const bool); template void Query<256>::prologue<Op::EVDiamond>( cooperative_groups::thread_block&, ShmemAllocator&, const bool, const bool); template void Query<256>::prologue<Op::VT>( cooperative_groups::thread_block&, ShmemAllocator&, const bool, const bool); template void Query<256>::prologue<Op::ET>( cooperative_groups::thread_block&, ShmemAllocator&, const bool, const bool); template void Query<256>::prologue<Op::FT>( cooperative_groups::thread_block&, ShmemAllocator&, const bool, const bool); template void Query<256>::prologue<Op::TV>( cooperative_groups::thread_block&, ShmemAllocator&, const bool, const bool); template void Query<256>::prologue<Op::TE>( cooperative_groups::thread_block&, ShmemAllocator&, const bool, const bool); template void Query<256>::prologue<Op::TF>( cooperative_groups::thread_block&, ShmemAllocator&, const bool, const bool);
                                                                                                                                                                                                                                                                                                                                                                                                                                                                                                                                                                                                                                                                                                                                                                               ^

/root/autodl-tmp/graduation_project/build_rxmesh_dynamic_20260908_141858/source/include/rxmesh/query.cu(116): warning #20037-D: a __device__ function("rxmesh::Query<blockThreads>::prologue [with blockThreads=256U, op=rxmesh::Op::FE]") redeclared without __device__, hence treated as a __host__ __device__ function
  template void Query<256>::prologue<Op::V>( cooperative_groups::thread_block&, ShmemAllocator&, const bool, const bool); template void Query<256>::prologue<Op::E>( cooperative_groups::thread_block&, ShmemAllocator&, const bool, const bool); template void Query<256>::prologue<Op::F>( cooperative_groups::thread_block&, ShmemAllocator&, const bool, const bool); template void Query<256>::prologue<Op::VV>( cooperative_groups::thread_block&, ShmemAllocator&, const bool, const bool); template void Query<256>::prologue<Op::VE>( cooperative_groups::thread_block&, ShmemAllocator&, const bool, const bool); template void Query<256>::prologue<Op::VF>( cooperative_groups::thread_block&, ShmemAllocator&, const bool, const bool); template void Query<256>::prologue<Op::FV>( cooperative_groups::thread_block&, ShmemAllocator&, const bool, const bool); template void Query<256>::prologue<Op::FE>( cooperative_groups::thread_block&, ShmemAllocator&, const bool, const bool); template void Query<256>::prologue<Op::FF>( cooperative_groups::thread_block&, ShmemAllocator&, const bool, const bool); template void Query<256>::prologue<Op::EV>( cooperative_groups::thread_block&, ShmemAllocator&, const bool, const bool); template void Query<256>::prologue<Op::EE>( cooperative_groups::thread_block&, ShmemAllocator&, const bool, const bool); template void Query<256>::prologue<Op::EF>( cooperative_groups::thread_block&, ShmemAllocator&, const bool, const bool); template void Query<256>::prologue<Op::EVDiamond>( cooperative_groups::thread_block&, ShmemAllocator&, const bool, const bool); template void Query<256>::prologue<Op::VT>( cooperative_groups::thread_block&, ShmemAllocator&, const bool, const bool); template void Query<256>::prologue<Op::ET>( cooperative_groups::thread_block&, ShmemAllocator&, const bool, const bool); template void Query<256>::prologue<Op::FT>( cooperative_groups::thread_block&, ShmemAllocator&, const bool, const bool); template void Query<256>::prologue<Op::TV>( cooperative_groups::thread_block&, ShmemAllocator&, const bool, const bool); template void Query<256>::prologue<Op::TE>( cooperative_groups::thread_block&, ShmemAllocator&, const bool, const bool); template void Query<256>::prologue<Op::TF>( cooperative_groups::thread_block&, ShmemAllocator&, const bool, const bool);
                                                                                                                                                                                                                                                                                                                                                                                                                                                                                                                                                                                                                                                                                                                                                                                                                                                                                                        ^

/root/autodl-tmp/graduation_project/build_rxmesh_dynamic_20260908_141858/source/include/rxmesh/query.cu(116): warning #20037-D: a __device__ function("rxmesh::Query<blockThreads>::prologue [with blockThreads=256U, op=rxmesh::Op::FF]") redeclared without __device__, hence treated as a __host__ __device__ function
  template void Query<256>::prologue<Op::V>( cooperative_groups::thread_block&, ShmemAllocator&, const bool, const bool); template void Query<256>::prologue<Op::E>( cooperative_groups::thread_block&, ShmemAllocator&, const bool, const bool); template void Query<256>::prologue<Op::F>( cooperative_groups::thread_block&, ShmemAllocator&, const bool, const bool); template void Query<256>::prologue<Op::VV>( cooperative_groups::thread_block&, ShmemAllocator&, const bool, const bool); template void Query<256>::prologue<Op::VE>( cooperative_groups::thread_block&, ShmemAllocator&, const bool, const bool); template void Query<256>::prologue<Op::VF>( cooperative_groups::thread_block&, ShmemAllocator&, const bool, const bool); template void Query<256>::prologue<Op::FV>( cooperative_groups::thread_block&, ShmemAllocator&, const bool, const bool); template void Query<256>::prologue<Op::FE>( cooperative_groups::thread_block&, ShmemAllocator&, const bool, const bool); template void Query<256>::prologue<Op::FF>( cooperative_groups::thread_block&, ShmemAllocator&, const bool, const bool); template void Query<256>::prologue<Op::EV>( cooperative_groups::thread_block&, ShmemAllocator&, const bool, const bool); template void Query<256>::prologue<Op::EE>( cooperative_groups::thread_block&, ShmemAllocator&, const bool, const bool); template void Query<256>::prologue<Op::EF>( cooperative_groups::thread_block&, ShmemAllocator&, const bool, const bool); template void Query<256>::prologue<Op::EVDiamond>( cooperative_groups::thread_block&, ShmemAllocator&, const bool, const bool); template void Query<256>::prologue<Op::VT>( cooperative_groups::thread_block&, ShmemAllocator&, const bool, const bool); template void Query<256>::prologue<Op::ET>( cooperative_groups::thread_block&, ShmemAllocator&, const bool, const bool); template void Query<256>::prologue<Op::FT>( cooperative_groups::thread_block&, ShmemAllocator&, const bool, const bool); template void Query<256>::prologue<Op::TV>( cooperative_groups::thread_block&, ShmemAllocator&, const bool, const bool); template void Query<256>::prologue<Op::TE>( cooperative_groups::thread_block&, ShmemAllocator&, const bool, const bool); template void Query<256>::prologue<Op::TF>( cooperative_groups::thread_block&, ShmemAllocator&, const bool, const bool);
                                                                                                                                                                                                                                                                                                                                                                                                                                                                                                                                                                                                                                                                                                                                                                                                                                                                                                                                                                                                                                 ^

/root/autodl-tmp/graduation_project/build_rxmesh_dynamic_20260908_141858/source/include/rxmesh/query.cu(116): warning #20037-D: a __device__ function("rxmesh::Query<blockThreads>::prologue [with blockThreads=256U, op=rxmesh::Op::EV]") redeclared without __device__, hence treated as a __host__ __device__ function
  template void Query<256>::prologue<Op::V>( cooperative_groups::thread_block&, ShmemAllocator&, const bool, const bool); template void Query<256>::prologue<Op::E>( cooperative_groups::thread_block&, ShmemAllocator&, const bool, const bool); template void Query<256>::prologue<Op::F>( cooperative_groups::thread_block&, ShmemAllocator&, const bool, const bool); template void Query<256>::prologue<Op::VV>( cooperative_groups::thread_block&, ShmemAllocator&, const bool, const bool); template void Query<256>::prologue<Op::VE>( cooperative_groups::thread_block&, ShmemAllocator&, const bool, const bool); template void Query<256>::prologue<Op::VF>( cooperative_groups::thread_block&, ShmemAllocator&, const bool, const bool); template void Query<256>::prologue<Op::FV>( cooperative_groups::thread_block&, ShmemAllocator&, const bool, const bool); template void Query<256>::prologue<Op::FE>( cooperative_groups::thread_block&, ShmemAllocator&, const bool, const bool); template void Query<256>::prologue<Op::FF>( cooperative_groups::thread_block&, ShmemAllocator&, const bool, const bool); template void Query<256>::prologue<Op::EV>( cooperative_groups::thread_block&, ShmemAllocator&, const bool, const bool); template void Query<256>::prologue<Op::EE>( cooperative_groups::thread_block&, ShmemAllocator&, const bool, const bool); template void Query<256>::prologue<Op::EF>( cooperative_groups::thread_block&, ShmemAllocator&, const bool, const bool); template void Query<256>::prologue<Op::EVDiamond>( cooperative_groups::thread_block&, ShmemAllocator&, const bool, const bool); template void Query<256>::prologue<Op::VT>( cooperative_groups::thread_block&, ShmemAllocator&, const bool, const bool); template void Query<256>::prologue<Op::ET>( cooperative_groups::thread_block&, ShmemAllocator&, const bool, const bool); template void Query<256>::prologue<Op::FT>( cooperative_groups::thread_block&, ShmemAllocator&, const bool, const bool); template void Query<256>::prologue<Op::TV>( cooperative_groups::thread_block&, ShmemAllocator&, const bool, const bool); template void Query<256>::prologue<Op::TE>( cooperative_groups::thread_block&, ShmemAllocator&, const bool, const bool); template void Query<256>::prologue<Op::TF>( cooperative_groups::thread_block&, ShmemAllocator&, const bool, const bool);
                                                                                                                                                                                                                                                                                                                                                                                                                                                                                                                                                                                                                                                                                                                                                                                                                                                                                                                                                                                                                                                                                                                                                          ^

/root/autodl-tmp/graduation_project/build_rxmesh_dynamic_20260908_141858/source/include/rxmesh/query.cu(116): warning #20037-D: a __device__ function("rxmesh::Query<blockThreads>::prologue [with blockThreads=256U, op=rxmesh::Op::EE]") redeclared without __device__, hence treated as a __host__ __device__ function
  template void Query<256>::prologue<Op::V>( cooperative_groups::thread_block&, ShmemAllocator&, const bool, const bool); template void Query<256>::prologue<Op::E>( cooperative_groups::thread_block&, ShmemAllocator&, const bool, const bool); template void Query<256>::prologue<Op::F>( cooperative_groups::thread_block&, ShmemAllocator&, const bool, const bool); template void Query<256>::prologue<Op::VV>( cooperative_groups::thread_block&, ShmemAllocator&, const bool, const bool); template void Query<256>::prologue<Op::VE>( cooperative_groups::thread_block&, ShmemAllocator&, const bool, const bool); template void Query<256>::prologue<Op::VF>( cooperative_groups::thread_block&, ShmemAllocator&, const bool, const bool); template void Query<256>::prologue<Op::FV>( cooperative_groups::thread_block&, ShmemAllocator&, const bool, const bool); template void Query<256>::prologue<Op::FE>( cooperative_groups::thread_block&, ShmemAllocator&, const bool, const bool); template void Query<256>::prologue<Op::FF>( cooperative_groups::thread_block&, ShmemAllocator&, const bool, const bool); template void Query<256>::prologue<Op::EV>( cooperative_groups::thread_block&, ShmemAllocator&, const bool, const bool); template void Query<256>::prologue<Op::EE>( cooperative_groups::thread_block&, ShmemAllocator&, const bool, const bool); template void Query<256>::prologue<Op::EF>( cooperative_groups::thread_block&, ShmemAllocator&, const bool, const bool); template void Query<256>::prologue<Op::EVDiamond>( cooperative_groups::thread_block&, ShmemAllocator&, const bool, const bool); template void Query<256>::prologue<Op::VT>( cooperative_groups::thread_block&, ShmemAllocator&, const bool, const bool); template void Query<256>::prologue<Op::ET>( cooperative_groups::thread_block&, ShmemAllocator&, const bool, const bool); template void Query<256>::prologue<Op::FT>( cooperative_groups::thread_block&, ShmemAllocator&, const bool, const bool); template void Query<256>::prologue<Op::TV>( cooperative_groups::thread_block&, ShmemAllocator&, const bool, const bool); template void Query<256>::prologue<Op::TE>( cooperative_groups::thread_block&, ShmemAllocator&, const bool, const bool); template void Query<256>::prologue<Op::TF>( cooperative_groups::thread_block&, ShmemAllocator&, const bool, const bool);
                                                                                                                                                                                                                                                                                                                                                                                                                                                                                                                                                                                                                                                                                                                                                                                                                                                                                                                                                                                                                                                                                                                                                                                                                                                                                   ^

/root/autodl-tmp/graduation_project/build_rxmesh_dynamic_20260908_141858/source/include/rxmesh/query.cu(116): warning #20037-D: a __device__ function("rxmesh::Query<blockThreads>::prologue [with blockThreads=256U, op=rxmesh::Op::EF]") redeclared without __device__, hence treated as a __host__ __device__ function
  template void Query<256>::prologue<Op::V>( cooperative_groups::thread_block&, ShmemAllocator&, const bool, const bool); template void Query<256>::prologue<Op::E>( cooperative_groups::thread_block&, ShmemAllocator&, const bool, const bool); template void Query<256>::prologue<Op::F>( cooperative_groups::thread_block&, ShmemAllocator&, const bool, const bool); template void Query<256>::prologue<Op::VV>( cooperative_groups::thread_block&, ShmemAllocator&, const bool, const bool); template void Query<256>::prologue<Op::VE>( cooperative_groups::thread_block&, ShmemAllocator&, const bool, const bool); template void Query<256>::prologue<Op::VF>( cooperative_groups::thread_block&, ShmemAllocator&, const bool, const bool); template void Query<256>::prologue<Op::FV>( cooperative_groups::thread_block&, ShmemAllocator&, const bool, const bool); template void Query<256>::prologue<Op::FE>( cooperative_groups::thread_block&, ShmemAllocator&, const bool, const bool); template void Query<256>::prologue<Op::FF>( cooperative_groups::thread_block&, ShmemAllocator&, const bool, const bool); template void Query<256>::prologue<Op::EV>( cooperative_groups::thread_block&, ShmemAllocator&, const bool, const bool); template void Query<256>::prologue<Op::EE>( cooperative_groups::thread_block&, ShmemAllocator&, const bool, const bool); template void Query<256>::prologue<Op::EF>( cooperative_groups::thread_block&, ShmemAllocator&, const bool, const bool); template void Query<256>::prologue<Op::EVDiamond>( cooperative_groups::thread_block&, ShmemAllocator&, const bool, const bool); template void Query<256>::prologue<Op::VT>( cooperative_groups::thread_block&, ShmemAllocator&, const bool, const bool); template void Query<256>::prologue<Op::ET>( cooperative_groups::thread_block&, ShmemAllocator&, const bool, const bool); template void Query<256>::prologue<Op::FT>( cooperative_groups::thread_block&, ShmemAllocator&, const bool, const bool); template void Query<256>::prologue<Op::TV>( cooperative_groups::thread_block&, ShmemAllocator&, const bool, const bool); template void Query<256>::prologue<Op::TE>( cooperative_groups::thread_block&, ShmemAllocator&, const bool, const bool); template void Query<256>::prologue<Op::TF>( cooperative_groups::thread_block&, ShmemAllocator&, const bool, const bool);
                                                                                                                                                                                                                                                                                                                                                                                                                                                                                                                                                                                                                                                                                                                                                                                                                                                                                                                                                                                                                                                                                                                                                                                                                                                                                                                                                                                                            ^

/root/autodl-tmp/graduation_project/build_rxmesh_dynamic_20260908_141858/source/include/rxmesh/query.cu(116): warning #20037-D: a __device__ function("rxmesh::Query<blockThreads>::prologue [with blockThreads=256U, op=rxmesh::Op::EVDiamond]") redeclared without __device__, hence treated as a __host__ __device__ function
  template void Query<256>::prologue<Op::V>( cooperative_groups::thread_block&, ShmemAllocator&, const bool, const bool); template void Query<256>::prologue<Op::E>( cooperative_groups::thread_block&, ShmemAllocator&, const bool, const bool); template void Query<256>::prologue<Op::F>( cooperative_groups::thread_block&, ShmemAllocator&, const bool, const bool); template void Query<256>::prologue<Op::VV>( cooperative_groups::thread_block&, ShmemAllocator&, const bool, const bool); template void Query<256>::prologue<Op::VE>( cooperative_groups::thread_block&, ShmemAllocator&, const bool, const bool); template void Query<256>::prologue<Op::VF>( cooperative_groups::thread_block&, ShmemAllocator&, const bool, const bool); template void Query<256>::prologue<Op::FV>( cooperative_groups::thread_block&, ShmemAllocator&, const bool, const bool); template void Query<256>::prologue<Op::FE>( cooperative_groups::thread_block&, ShmemAllocator&, const bool, const bool); template void Query<256>::prologue<Op::FF>( cooperative_groups::thread_block&, ShmemAllocator&, const bool, const bool); template void Query<256>::prologue<Op::EV>( cooperative_groups::thread_block&, ShmemAllocator&, const bool, const bool); template void Query<256>::prologue<Op::EE>( cooperative_groups::thread_block&, ShmemAllocator&, const bool, const bool); template void Query<256>::prologue<Op::EF>( cooperative_groups::thread_block&, ShmemAllocator&, const bool, const bool); template void Query<256>::prologue<Op::EVDiamond>( cooperative_groups::thread_block&, ShmemAllocator&, const bool, const bool); template void Query<256>::prologue<Op::VT>( cooperative_groups::thread_block&, ShmemAllocator&, const bool, const bool); template void Query<256>::prologue<Op::ET>( cooperative_groups::thread_block&, ShmemAllocator&, const bool, const bool); template void Query<256>::prologue<Op::FT>( cooperative_groups::thread_block&, ShmemAllocator&, const bool, const bool); template void Query<256>::prologue<Op::TV>( cooperative_groups::thread_block&, ShmemAllocator&, const bool, const bool); template void Query<256>::prologue<Op::TE>( cooperative_groups::thread_block&, ShmemAllocator&, const bool, const bool); template void Query<256>::prologue<Op::TF>( cooperative_groups::thread_block&, ShmemAllocator&, const bool, const bool);
                                                                                                                                                                                                                                                                                                                                                                                                                                                                                                                                                                                                                                                                                                                                                                                                                                                                                                                                                                                                                                                                                                                                                                                                                                                                                                                                                                                                                                                                                                                                     ^

/root/autodl-tmp/graduation_project/build_rxmesh_dynamic_20260908_141858/source/include/rxmesh/query.cu(116): warning #20037-D: a __device__ function("rxmesh::Query<blockThreads>::prologue [with blockThreads=256U, op=rxmesh::Op::VT]") redeclared without __device__, hence treated as a __host__ __device__ function
  template void Query<256>::prologue<Op::V>( cooperative_groups::thread_block&, ShmemAllocator&, const bool, const bool); template void Query<256>::prologue<Op::E>( cooperative_groups::thread_block&, ShmemAllocator&, const bool, const bool); template void Query<256>::prologue<Op::F>( cooperative_groups::thread_block&, ShmemAllocator&, const bool, const bool); template void Query<256>::prologue<Op::VV>( cooperative_groups::thread_block&, ShmemAllocator&, const bool, const bool); template void Query<256>::prologue<Op::VE>( cooperative_groups::thread_block&, ShmemAllocator&, const bool, const bool); template void Query<256>::prologue<Op::VF>( cooperative_groups::thread_block&, ShmemAllocator&, const bool, const bool); template void Query<256>::prologue<Op::FV>( cooperative_groups::thread_block&, ShmemAllocator&, const bool, const bool); template void Query<256>::prologue<Op::FE>( cooperative_groups::thread_block&, ShmemAllocator&, const bool, const bool); template void Query<256>::prologue<Op::FF>( cooperative_groups::thread_block&, ShmemAllocator&, const bool, const bool); template void Query<256>::prologue<Op::EV>( cooperative_groups::thread_block&, ShmemAllocator&, const bool, const bool); template void Query<256>::prologue<Op::EE>( cooperative_groups::thread_block&, ShmemAllocator&, const bool, const bool); template void Query<256>::prologue<Op::EF>( cooperative_groups::thread_block&, ShmemAllocator&, const bool, const bool); template void Query<256>::prologue<Op::EVDiamond>( cooperative_groups::thread_block&, ShmemAllocator&, const bool, const bool); template void Query<256>::prologue<Op::VT>( cooperative_groups::thread_block&, ShmemAllocator&, const bool, const bool); template void Query<256>::prologue<Op::ET>( cooperative_groups::thread_block&, ShmemAllocator&, const bool, const bool); template void Query<256>::prologue<Op::FT>( cooperative_groups::thread_block&, ShmemAllocator&, const bool, const bool); template void Query<256>::prologue<Op::TV>( cooperative_groups::thread_block&, ShmemAllocator&, const bool, const bool); template void Query<256>::prologue<Op::TE>( cooperative_groups::thread_block&, ShmemAllocator&, const bool, const bool); template void Query<256>::prologue<Op::TF>( cooperative_groups::thread_block&, ShmemAllocator&, const bool, const bool);
                                                                                                                                                                                                                                                                                                                                                                                                                                                                                                                                                                                                                                                                                                                                                                                                                                                                                                                                                                                                                                                                                                                                                                                                                                                                                                                                                                                                                                                                                                                                                                                                                                                                     ^

/root/autodl-tmp/graduation_project/build_rxmesh_dynamic_20260908_141858/source/include/rxmesh/query.cu(116): warning #20037-D: a __device__ function("rxmesh::Query<blockThreads>::prologue [with blockThreads=256U, op=rxmesh::Op::ET]") redeclared without __device__, hence treated as a __host__ __device__ function
  template void Query<256>::prologue<Op::V>( cooperative_groups::thread_block&, ShmemAllocator&, const bool, const bool); template void Query<256>::prologue<Op::E>( cooperative_groups::thread_block&, ShmemAllocator&, const bool, const bool); template void Query<256>::prologue<Op::F>( cooperative_groups::thread_block&, ShmemAllocator&, const bool, const bool); template void Query<256>::prologue<Op::VV>( cooperative_groups::thread_block&, ShmemAllocator&, const bool, const bool); template void Query<256>::prologue<Op::VE>( cooperative_groups::thread_block&, ShmemAllocator&, const bool, const bool); template void Query<256>::prologue<Op::VF>( cooperative_groups::thread_block&, ShmemAllocator&, const bool, const bool); template void Query<256>::prologue<Op::FV>( cooperative_groups::thread_block&, ShmemAllocator&, const bool, const bool); template void Query<256>::prologue<Op::FE>( cooperative_groups::thread_block&, ShmemAllocator&, const bool, const bool); template void Query<256>::prologue<Op::FF>( cooperative_groups::thread_block&, ShmemAllocator&, const bool, const bool); template void Query<256>::prologue<Op::EV>( cooperative_groups::thread_block&, ShmemAllocator&, const bool, const bool); template void Query<256>::prologue<Op::EE>( cooperative_groups::thread_block&, ShmemAllocator&, const bool, const bool); template void Query<256>::prologue<Op::EF>( cooperative_groups::thread_block&, ShmemAllocator&, const bool, const bool); template void Query<256>::prologue<Op::EVDiamond>( cooperative_groups::thread_block&, ShmemAllocator&, const bool, const bool); template void Query<256>::prologue<Op::VT>( cooperative_groups::thread_block&, ShmemAllocator&, const bool, const bool); template void Query<256>::prologue<Op::ET>( cooperative_groups::thread_block&, ShmemAllocator&, const bool, const bool); template void Query<256>::prologue<Op::FT>( cooperative_groups::thread_block&, ShmemAllocator&, const bool, const bool); template void Query<256>::prologue<Op::TV>( cooperative_groups::thread_block&, ShmemAllocator&, const bool, const bool); template void Query<256>::prologue<Op::TE>( cooperative_groups::thread_block&, ShmemAllocator&, const bool, const bool); template void Query<256>::prologue<Op::TF>( cooperative_groups::thread_block&, ShmemAllocator&, const bool, const bool);
                                                                                                                                                                                                                                                                                                                                                                                                                                                                                                                                                                                                                                                                                                                                                                                                                                                                                                                                                                                                                                                                                                                                                                                                                                                                                                                                                                                                                                                                                                                                                                                                                                                                                                                                                                                              ^

/root/autodl-tmp/graduation_project/build_rxmesh_dynamic_20260908_141858/source/include/rxmesh/query.cu(116): warning #20037-D: a __device__ function("rxmesh::Query<blockThreads>::prologue [with blockThreads=256U, op=rxmesh::Op::FT]") redeclared without __device__, hence treated as a __host__ __device__ function
  template void Query<256>::prologue<Op::V>( cooperative_groups::thread_block&, ShmemAllocator&, const bool, const bool); template void Query<256>::prologue<Op::E>( cooperative_groups::thread_block&, ShmemAllocator&, const bool, const bool); template void Query<256>::prologue<Op::F>( cooperative_groups::thread_block&, ShmemAllocator&, const bool, const bool); template void Query<256>::prologue<Op::VV>( cooperative_groups::thread_block&, ShmemAllocator&, const bool, const bool); template void Query<256>::prologue<Op::VE>( cooperative_groups::thread_block&, ShmemAllocator&, const bool, const bool); template void Query<256>::prologue<Op::VF>( cooperative_groups::thread_block&, ShmemAllocator&, const bool, const bool); template void Query<256>::prologue<Op::FV>( cooperative_groups::thread_block&, ShmemAllocator&, const bool, const bool); template void Query<256>::prologue<Op::FE>( cooperative_groups::thread_block&, ShmemAllocator&, const bool, const bool); template void Query<256>::prologue<Op::FF>( cooperative_groups::thread_block&, ShmemAllocator&, const bool, const bool); template void Query<256>::prologue<Op::EV>( cooperative_groups::thread_block&, ShmemAllocator&, const bool, const bool); template void Query<256>::prologue<Op::EE>( cooperative_groups::thread_block&, ShmemAllocator&, const bool, const bool); template void Query<256>::prologue<Op::EF>( cooperative_groups::thread_block&, ShmemAllocator&, const bool, const bool); template void Query<256>::prologue<Op::EVDiamond>( cooperative_groups::thread_block&, ShmemAllocator&, const bool, const bool); template void Query<256>::prologue<Op::VT>( cooperative_groups::thread_block&, ShmemAllocator&, const bool, const bool); template void Query<256>::prologue<Op::ET>( cooperative_groups::thread_block&, ShmemAllocator&, const bool, const bool); template void Query<256>::prologue<Op::FT>( cooperative_groups::thread_block&, ShmemAllocator&, const bool, const bool); template void Query<256>::prologue<Op::TV>( cooperative_groups::thread_block&, ShmemAllocator&, const bool, const bool); template void Query<256>::prologue<Op::TE>( cooperative_groups::thread_block&, ShmemAllocator&, const bool, const bool); template void Query<256>::prologue<Op::TF>( cooperative_groups::thread_block&, ShmemAllocator&, const bool, const bool);
                                                                                                                                                                                                                                                                                                                                                                                                                                                                                                                                                                                                                                                                                                                                                                                                                                                                                                                                                                                                                                                                                                                                                                                                                                                                                                                                                                                                                                                                                                                                                                                                                                                                                                                                                                                                                                                                                                                       ^

/root/autodl-tmp/graduation_project/build_rxmesh_dynamic_20260908_141858/source/include/rxmesh/query.cu(116): warning #20037-D: a __device__ function("rxmesh::Query<blockThreads>::prologue [with blockThreads=256U, op=rxmesh::Op::TV]") redeclared without __device__, hence treated as a __host__ __device__ function
  template void Query<256>::prologue<Op::V>( cooperative_groups::thread_block&, ShmemAllocator&, const bool, const bool); template void Query<256>::prologue<Op::E>( cooperative_groups::thread_block&, ShmemAllocator&, const bool, const bool); template void Query<256>::prologue<Op::F>( cooperative_groups::thread_block&, ShmemAllocator&, const bool, const bool); template void Query<256>::prologue<Op::VV>( cooperative_groups::thread_block&, ShmemAllocator&, const bool, const bool); template void Query<256>::prologue<Op::VE>( cooperative_groups::thread_block&, ShmemAllocator&, const bool, const bool); template void Query<256>::prologue<Op::VF>( cooperative_groups::thread_block&, ShmemAllocator&, const bool, const bool); template void Query<256>::prologue<Op::FV>( cooperative_groups::thread_block&, ShmemAllocator&, const bool, const bool); template void Query<256>::prologue<Op::FE>( cooperative_groups::thread_block&, ShmemAllocator&, const bool, const bool); template void Query<256>::prologue<Op::FF>( cooperative_groups::thread_block&, ShmemAllocator&, const bool, const bool); template void Query<256>::prologue<Op::EV>( cooperative_groups::thread_block&, ShmemAllocator&, const bool, const bool); template void Query<256>::prologue<Op::EE>( cooperative_groups::thread_block&, ShmemAllocator&, const bool, const bool); template void Query<256>::prologue<Op::EF>( cooperative_groups::thread_block&, ShmemAllocator&, const bool, const bool); template void Query<256>::prologue<Op::EVDiamond>( cooperative_groups::thread_block&, ShmemAllocator&, const bool, const bool); template void Query<256>::prologue<Op::VT>( cooperative_groups::thread_block&, ShmemAllocator&, const bool, const bool); template void Query<256>::prologue<Op::ET>( cooperative_groups::thread_block&, ShmemAllocator&, const bool, const bool); template void Query<256>::prologue<Op::FT>( cooperative_groups::thread_block&, ShmemAllocator&, const bool, const bool); template void Query<256>::prologue<Op::TV>( cooperative_groups::thread_block&, ShmemAllocator&, const bool, const bool); template void Query<256>::prologue<Op::TE>( cooperative_groups::thread_block&, ShmemAllocator&, const bool, const bool); template void Query<256>::prologue<Op::TF>( cooperative_groups::thread_block&, ShmemAllocator&, const bool, const bool);
                                                                                                                                                                                                                                                                                                                                                                                                                                                                                                                                                                                                                                                                                                                                                                                                                                                                                                                                                                                                                                                                                                                                                                                                                                                                                                                                                                                                                                                                                                                                                                                                                                                                                                                                                                                                                                                                                                                                                                                                                                                ^

/root/autodl-tmp/graduation_project/build_rxmesh_dynamic_20260908_141858/source/include/rxmesh/query.cu(116): warning #20037-D: a __device__ function("rxmesh::Query<blockThreads>::prologue [with blockThreads=256U, op=rxmesh::Op::TE]") redeclared without __device__, hence treated as a __host__ __device__ function
  template void Query<256>::prologue<Op::V>( cooperative_groups::thread_block&, ShmemAllocator&, const bool, const bool); template void Query<256>::prologue<Op::E>( cooperative_groups::thread_block&, ShmemAllocator&, const bool, const bool); template void Query<256>::prologue<Op::F>( cooperative_groups::thread_block&, ShmemAllocator&, const bool, const bool); template void Query<256>::prologue<Op::VV>( cooperative_groups::thread_block&, ShmemAllocator&, const bool, const bool); template void Query<256>::prologue<Op::VE>( cooperative_groups::thread_block&, ShmemAllocator&, const bool, const bool); template void Query<256>::prologue<Op::VF>( cooperative_groups::thread_block&, ShmemAllocator&, const bool, const bool); template void Query<256>::prologue<Op::FV>( cooperative_groups::thread_block&, ShmemAllocator&, const bool, const bool); template void Query<256>::prologue<Op::FE>( cooperative_groups::thread_block&, ShmemAllocator&, const bool, const bool); template void Query<256>::prologue<Op::FF>( cooperative_groups::thread_block&, ShmemAllocator&, const bool, const bool); template void Query<256>::prologue<Op::EV>( cooperative_groups::thread_block&, ShmemAllocator&, const bool, const bool); template void Query<256>::prologue<Op::EE>( cooperative_groups::thread_block&, ShmemAllocator&, const bool, const bool); template void Query<256>::prologue<Op::EF>( cooperative_groups::thread_block&, ShmemAllocator&, const bool, const bool); template void Query<256>::prologue<Op::EVDiamond>( cooperative_groups::thread_block&, ShmemAllocator&, const bool, const bool); template void Query<256>::prologue<Op::VT>( cooperative_groups::thread_block&, ShmemAllocator&, const bool, const bool); template void Query<256>::prologue<Op::ET>( cooperative_groups::thread_block&, ShmemAllocator&, const bool, const bool); template void Query<256>::prologue<Op::FT>( cooperative_groups::thread_block&, ShmemAllocator&, const bool, const bool); template void Query<256>::prologue<Op::TV>( cooperative_groups::thread_block&, ShmemAllocator&, const bool, const bool); template void Query<256>::prologue<Op::TE>( cooperative_groups::thread_block&, ShmemAllocator&, const bool, const bool); template void Query<256>::prologue<Op::TF>( cooperative_groups::thread_block&, ShmemAllocator&, const bool, const bool);
                                                                                                                                                                                                                                                                                                                                                                                                                                                                                                                                                                                                                                                                                                                                                                                                                                                                                                                                                                                                                                                                                                                                                                                                                                                                                                                                                                                                                                                                                                                                                                                                                                                                                                                                                                                                                                                                                                                                                                                                                                                                                                                                                                         ^

/root/autodl-tmp/graduation_project/build_rxmesh_dynamic_20260908_141858/source/include/rxmesh/query.cu(116): warning #20037-D: a __device__ function("rxmesh::Query<blockThreads>::prologue [with blockThreads=256U, op=rxmesh::Op::TF]") redeclared without __device__, hence treated as a __host__ __device__ function
  template void Query<256>::prologue<Op::V>( cooperative_groups::thread_block&, ShmemAllocator&, const bool, const bool); template void Query<256>::prologue<Op::E>( cooperative_groups::thread_block&, ShmemAllocator&, const bool, const bool); template void Query<256>::prologue<Op::F>( cooperative_groups::thread_block&, ShmemAllocator&, const bool, const bool); template void Query<256>::prologue<Op::VV>( cooperative_groups::thread_block&, ShmemAllocator&, const bool, const bool); template void Query<256>::prologue<Op::VE>( cooperative_groups::thread_block&, ShmemAllocator&, const bool, const bool); template void Query<256>::prologue<Op::VF>( cooperative_groups::thread_block&, ShmemAllocator&, const bool, const bool); template void Query<256>::prologue<Op::FV>( cooperative_groups::thread_block&, ShmemAllocator&, const bool, const bool); template void Query<256>::prologue<Op::FE>( cooperative_groups::thread_block&, ShmemAllocator&, const bool, const bool); template void Query<256>::prologue<Op::FF>( cooperative_groups::thread_block&, ShmemAllocator&, const bool, const bool); template void Query<256>::prologue<Op::EV>( cooperative_groups::thread_block&, ShmemAllocator&, const bool, const bool); template void Query<256>::prologue<Op::EE>( cooperative_groups::thread_block&, ShmemAllocator&, const bool, const bool); template void Query<256>::prologue<Op::EF>( cooperative_groups::thread_block&, ShmemAllocator&, const bool, const bool); template void Query<256>::prologue<Op::EVDiamond>( cooperative_groups::thread_block&, ShmemAllocator&, const bool, const bool); template void Query<256>::prologue<Op::VT>( cooperative_groups::thread_block&, ShmemAllocator&, const bool, const bool); template void Query<256>::prologue<Op::ET>( cooperative_groups::thread_block&, ShmemAllocator&, const bool, const bool); template void Query<256>::prologue<Op::FT>( cooperative_groups::thread_block&, ShmemAllocator&, const bool, const bool); template void Query<256>::prologue<Op::TV>( cooperative_groups::thread_block&, ShmemAllocator&, const bool, const bool); template void Query<256>::prologue<Op::TE>( cooperative_groups::thread_block&, ShmemAllocator&, const bool, const bool); template void Query<256>::prologue<Op::TF>( cooperative_groups::thread_block&, ShmemAllocator&, const bool, const bool);
                                                                                                                                                                                                                                                                                                                                                                                                                                                                                                                                                                                                                                                                                                                                                                                                                                                                                                                                                                                                                                                                                                                                                                                                                                                                                                                                                                                                                                                                                                                                                                                                                                                                                                                                                                                                                                                                                                                                                                                                                                                                                                                                                                                                                                                                                                  ^

/root/autodl-tmp/graduation_project/build_rxmesh_dynamic_20260908_141858/source/include/rxmesh/query.cu(117): warning #20037-D: a __device__ function("rxmesh::Query<blockThreads>::prologue [with blockThreads=384U, op=rxmesh::Op::V]") redeclared without __device__, hence treated as a __host__ __device__ function
  template void Query<384>::prologue<Op::V>( cooperative_groups::thread_block&, ShmemAllocator&, const bool, const bool); template void Query<384>::prologue<Op::E>( cooperative_groups::thread_block&, ShmemAllocator&, const bool, const bool); template void Query<384>::prologue<Op::F>( cooperative_groups::thread_block&, ShmemAllocator&, const bool, const bool); template void Query<384>::prologue<Op::VV>( cooperative_groups::thread_block&, ShmemAllocator&, const bool, const bool); template void Query<384>::prologue<Op::VE>( cooperative_groups::thread_block&, ShmemAllocator&, const bool, const bool); template void Query<384>::prologue<Op::VF>( cooperative_groups::thread_block&, ShmemAllocator&, const bool, const bool); template void Query<384>::prologue<Op::FV>( cooperative_groups::thread_block&, ShmemAllocator&, const bool, const bool); template void Query<384>::prologue<Op::FE>( cooperative_groups::thread_block&, ShmemAllocator&, const bool, const bool); template void Query<384>::prologue<Op::FF>( cooperative_groups::thread_block&, ShmemAllocator&, const bool, const bool); template void Query<384>::prologue<Op::EV>( cooperative_groups::thread_block&, ShmemAllocator&, const bool, const bool); template void Query<384>::prologue<Op::EE>( cooperative_groups::thread_block&, ShmemAllocator&, const bool, const bool); template void Query<384>::prologue<Op::EF>( cooperative_groups::thread_block&, ShmemAllocator&, const bool, const bool); template void Query<384>::prologue<Op::EVDiamond>( cooperative_groups::thread_block&, ShmemAllocator&, const bool, const bool); template void Query<384>::prologue<Op::VT>( cooperative_groups::thread_block&, ShmemAllocator&, const bool, const bool); template void Query<384>::prologue<Op::ET>( cooperative_groups::thread_block&, ShmemAllocator&, const bool, const bool); template void Query<384>::prologue<Op::FT>( cooperative_groups::thread_block&, ShmemAllocator&, const bool, const bool); template void Query<384>::prologue<Op::TV>( cooperative_groups::thread_block&, ShmemAllocator&, const bool, const bool); template void Query<384>::prologue<Op::TE>( cooperative_groups::thread_block&, ShmemAllocator&, const bool, const bool); template void Query<384>::prologue<Op::TF>( cooperative_groups::thread_block&, ShmemAllocator&, const bool, const bool);
                            ^

/root/autodl-tmp/graduation_project/build_rxmesh_dynamic_20260908_141858/source/include/rxmesh/query.cu(117): warning #20037-D: a __device__ function("rxmesh::Query<blockThreads>::prologue [with blockThreads=384U, op=rxmesh::Op::E]") redeclared without __device__, hence treated as a __host__ __device__ function
  template void Query<384>::prologue<Op::V>( cooperative_groups::thread_block&, ShmemAllocator&, const bool, const bool); template void Query<384>::prologue<Op::E>( cooperative_groups::thread_block&, ShmemAllocator&, const bool, const bool); template void Query<384>::prologue<Op::F>( cooperative_groups::thread_block&, ShmemAllocator&, const bool, const bool); template void Query<384>::prologue<Op::VV>( cooperative_groups::thread_block&, ShmemAllocator&, const bool, const bool); template void Query<384>::prologue<Op::VE>( cooperative_groups::thread_block&, ShmemAllocator&, const bool, const bool); template void Query<384>::prologue<Op::VF>( cooperative_groups::thread_block&, ShmemAllocator&, const bool, const bool); template void Query<384>::prologue<Op::FV>( cooperative_groups::thread_block&, ShmemAllocator&, const bool, const bool); template void Query<384>::prologue<Op::FE>( cooperative_groups::thread_block&, ShmemAllocator&, const bool, const bool); template void Query<384>::prologue<Op::FF>( cooperative_groups::thread_block&, ShmemAllocator&, const bool, const bool); template void Query<384>::prologue<Op::EV>( cooperative_groups::thread_block&, ShmemAllocator&, const bool, const bool); template void Query<384>::prologue<Op::EE>( cooperative_groups::thread_block&, ShmemAllocator&, const bool, const bool); template void Query<384>::prologue<Op::EF>( cooperative_groups::thread_block&, ShmemAllocator&, const bool, const bool); template void Query<384>::prologue<Op::EVDiamond>( cooperative_groups::thread_block&, ShmemAllocator&, const bool, const bool); template void Query<384>::prologue<Op::VT>( cooperative_groups::thread_block&, ShmemAllocator&, const bool, const bool); template void Query<384>::prologue<Op::ET>( cooperative_groups::thread_block&, ShmemAllocator&, const bool, const bool); template void Query<384>::prologue<Op::FT>( cooperative_groups::thread_block&, ShmemAllocator&, const bool, const bool); template void Query<384>::prologue<Op::TV>( cooperative_groups::thread_block&, ShmemAllocator&, const bool, const bool); template void Query<384>::prologue<Op::TE>( cooperative_groups::thread_block&, ShmemAllocator&, const bool, const bool); template void Query<384>::prologue<Op::TF>( cooperative_groups::thread_block&, ShmemAllocator&, const bool, const bool);
                                                                                                                                                    ^

/root/autodl-tmp/graduation_project/build_rxmesh_dynamic_20260908_141858/source/include/rxmesh/query.cu(117): warning #20037-D: a __device__ function("rxmesh::Query<blockThreads>::prologue [with blockThreads=384U, op=rxmesh::Op::F]") redeclared without __device__, hence treated as a __host__ __device__ function
  template void Query<384>::prologue<Op::V>( cooperative_groups::thread_block&, ShmemAllocator&, const bool, const bool); template void Query<384>::prologue<Op::E>( cooperative_groups::thread_block&, ShmemAllocator&, const bool, const bool); template void Query<384>::prologue<Op::F>( cooperative_groups::thread_block&, ShmemAllocator&, const bool, const bool); template void Query<384>::prologue<Op::VV>( cooperative_groups::thread_block&, ShmemAllocator&, const bool, const bool); template void Query<384>::prologue<Op::VE>( cooperative_groups::thread_block&, ShmemAllocator&, const bool, const bool); template void Query<384>::prologue<Op::VF>( cooperative_groups::thread_block&, ShmemAllocator&, const bool, const bool); template void Query<384>::prologue<Op::FV>( cooperative_groups::thread_block&, ShmemAllocator&, const bool, const bool); template void Query<384>::prologue<Op::FE>( cooperative_groups::thread_block&, ShmemAllocator&, const bool, const bool); template void Query<384>::prologue<Op::FF>( cooperative_groups::thread_block&, ShmemAllocator&, const bool, const bool); template void Query<384>::prologue<Op::EV>( cooperative_groups::thread_block&, ShmemAllocator&, const bool, const bool); template void Query<384>::prologue<Op::EE>( cooperative_groups::thread_block&, ShmemAllocator&, const bool, const bool); template void Query<384>::prologue<Op::EF>( cooperative_groups::thread_block&, ShmemAllocator&, const bool, const bool); template void Query<384>::prologue<Op::EVDiamond>( cooperative_groups::thread_block&, ShmemAllocator&, const bool, const bool); template void Query<384>::prologue<Op::VT>( cooperative_groups::thread_block&, ShmemAllocator&, const bool, const bool); template void Query<384>::prologue<Op::ET>( cooperative_groups::thread_block&, ShmemAllocator&, const bool, const bool); template void Query<384>::prologue<Op::FT>( cooperative_groups::thread_block&, ShmemAllocator&, const bool, const bool); template void Query<384>::prologue<Op::TV>( cooperative_groups::thread_block&, ShmemAllocator&, const bool, const bool); template void Query<384>::prologue<Op::TE>( cooperative_groups::thread_block&, ShmemAllocator&, const bool, const bool); template void Query<384>::prologue<Op::TF>( cooperative_groups::thread_block&, ShmemAllocator&, const bool, const bool);
                                                                                                                                                                                                                                                                            ^

/root/autodl-tmp/graduation_project/build_rxmesh_dynamic_20260908_141858/source/include/rxmesh/query.cu(117): warning #20037-D: a __device__ function("rxmesh::Query<blockThreads>::prologue [with blockThreads=384U, op=rxmesh::Op::VV]") redeclared without __device__, hence treated as a __host__ __device__ function
  template void Query<384>::prologue<Op::V>( cooperative_groups::thread_block&, ShmemAllocator&, const bool, const bool); template void Query<384>::prologue<Op::E>( cooperative_groups::thread_block&, ShmemAllocator&, const bool, const bool); template void Query<384>::prologue<Op::F>( cooperative_groups::thread_block&, ShmemAllocator&, const bool, const bool); template void Query<384>::prologue<Op::VV>( cooperative_groups::thread_block&, ShmemAllocator&, const bool, const bool); template void Query<384>::prologue<Op::VE>( cooperative_groups::thread_block&, ShmemAllocator&, const bool, const bool); template void Query<384>::prologue<Op::VF>( cooperative_groups::thread_block&, ShmemAllocator&, const bool, const bool); template void Query<384>::prologue<Op::FV>( cooperative_groups::thread_block&, ShmemAllocator&, const bool, const bool); template void Query<384>::prologue<Op::FE>( cooperative_groups::thread_block&, ShmemAllocator&, const bool, const bool); template void Query<384>::prologue<Op::FF>( cooperative_groups::thread_block&, ShmemAllocator&, const bool, const bool); template void Query<384>::prologue<Op::EV>( cooperative_groups::thread_block&, ShmemAllocator&, const bool, const bool); template void Query<384>::prologue<Op::EE>( cooperative_groups::thread_block&, ShmemAllocator&, const bool, const bool); template void Query<384>::prologue<Op::EF>( cooperative_groups::thread_block&, ShmemAllocator&, const bool, const bool); template void Query<384>::prologue<Op::EVDiamond>( cooperative_groups::thread_block&, ShmemAllocator&, const bool, const bool); template void Query<384>::prologue<Op::VT>( cooperative_groups::thread_block&, ShmemAllocator&, const bool, const bool); template void Query<384>::prologue<Op::ET>( cooperative_groups::thread_block&, ShmemAllocator&, const bool, const bool); template void Query<384>::prologue<Op::FT>( cooperative_groups::thread_block&, ShmemAllocator&, const bool, const bool); template void Query<384>::prologue<Op::TV>( cooperative_groups::thread_block&, ShmemAllocator&, const bool, const bool); template void Query<384>::prologue<Op::TE>( cooperative_groups::thread_block&, ShmemAllocator&, const bool, const bool); template void Query<384>::prologue<Op::TF>( cooperative_groups::thread_block&, ShmemAllocator&, const bool, const bool);
                                                                                                                                                                                                                                                                                                                                                                                                    ^

/root/autodl-tmp/graduation_project/build_rxmesh_dynamic_20260908_141858/source/include/rxmesh/query.cu(117): warning #20037-D: a __device__ function("rxmesh::Query<blockThreads>::prologue [with blockThreads=384U, op=rxmesh::Op::VE]") redeclared without __device__, hence treated as a __host__ __device__ function
  template void Query<384>::prologue<Op::V>( cooperative_groups::thread_block&, ShmemAllocator&, const bool, const bool); template void Query<384>::prologue<Op::E>( cooperative_groups::thread_block&, ShmemAllocator&, const bool, const bool); template void Query<384>::prologue<Op::F>( cooperative_groups::thread_block&, ShmemAllocator&, const bool, const bool); template void Query<384>::prologue<Op::VV>( cooperative_groups::thread_block&, ShmemAllocator&, const bool, const bool); template void Query<384>::prologue<Op::VE>( cooperative_groups::thread_block&, ShmemAllocator&, const bool, const bool); template void Query<384>::prologue<Op::VF>( cooperative_groups::thread_block&, ShmemAllocator&, const bool, const bool); template void Query<384>::prologue<Op::FV>( cooperative_groups::thread_block&, ShmemAllocator&, const bool, const bool); template void Query<384>::prologue<Op::FE>( cooperative_groups::thread_block&, ShmemAllocator&, const bool, const bool); template void Query<384>::prologue<Op::FF>( cooperative_groups::thread_block&, ShmemAllocator&, const bool, const bool); template void Query<384>::prologue<Op::EV>( cooperative_groups::thread_block&, ShmemAllocator&, const bool, const bool); template void Query<384>::prologue<Op::EE>( cooperative_groups::thread_block&, ShmemAllocator&, const bool, const bool); template void Query<384>::prologue<Op::EF>( cooperative_groups::thread_block&, ShmemAllocator&, const bool, const bool); template void Query<384>::prologue<Op::EVDiamond>( cooperative_groups::thread_block&, ShmemAllocator&, const bool, const bool); template void Query<384>::prologue<Op::VT>( cooperative_groups::thread_block&, ShmemAllocator&, const bool, const bool); template void Query<384>::prologue<Op::ET>( cooperative_groups::thread_block&, ShmemAllocator&, const bool, const bool); template void Query<384>::prologue<Op::FT>( cooperative_groups::thread_block&, ShmemAllocator&, const bool, const bool); template void Query<384>::prologue<Op::TV>( cooperative_groups::thread_block&, ShmemAllocator&, const bool, const bool); template void Query<384>::prologue<Op::TE>( cooperative_groups::thread_block&, ShmemAllocator&, const bool, const bool); template void Query<384>::prologue<Op::TF>( cooperative_groups::thread_block&, ShmemAllocator&, const bool, const bool);
                                                                                                                                                                                                                                                                                                                                                                                                                                                                                                                             ^

/root/autodl-tmp/graduation_project/build_rxmesh_dynamic_20260908_141858/source/include/rxmesh/query.cu(117): warning #20037-D: a __device__ function("rxmesh::Query<blockThreads>::prologue [with blockThreads=384U, op=rxmesh::Op::VF]") redeclared without __device__, hence treated as a __host__ __device__ function
  template void Query<384>::prologue<Op::V>( cooperative_groups::thread_block&, ShmemAllocator&, const bool, const bool); template void Query<384>::prologue<Op::E>( cooperative_groups::thread_block&, ShmemAllocator&, const bool, const bool); template void Query<384>::prologue<Op::F>( cooperative_groups::thread_block&, ShmemAllocator&, const bool, const bool); template void Query<384>::prologue<Op::VV>( cooperative_groups::thread_block&, ShmemAllocator&, const bool, const bool); template void Query<384>::prologue<Op::VE>( cooperative_groups::thread_block&, ShmemAllocator&, const bool, const bool); template void Query<384>::prologue<Op::VF>( cooperative_groups::thread_block&, ShmemAllocator&, const bool, const bool); template void Query<384>::prologue<Op::FV>( cooperative_groups::thread_block&, ShmemAllocator&, const bool, const bool); template void Query<384>::prologue<Op::FE>( cooperative_groups::thread_block&, ShmemAllocator&, const bool, const bool); template void Query<384>::prologue<Op::FF>( cooperative_groups::thread_block&, ShmemAllocator&, const bool, const bool); template void Query<384>::prologue<Op::EV>( cooperative_groups::thread_block&, ShmemAllocator&, const bool, const bool); template void Query<384>::prologue<Op::EE>( cooperative_groups::thread_block&, ShmemAllocator&, const bool, const bool); template void Query<384>::prologue<Op::EF>( cooperative_groups::thread_block&, ShmemAllocator&, const bool, const bool); template void Query<384>::prologue<Op::EVDiamond>( cooperative_groups::thread_block&, ShmemAllocator&, const bool, const bool); template void Query<384>::prologue<Op::VT>( cooperative_groups::thread_block&, ShmemAllocator&, const bool, const bool); template void Query<384>::prologue<Op::ET>( cooperative_groups::thread_block&, ShmemAllocator&, const bool, const bool); template void Query<384>::prologue<Op::FT>( cooperative_groups::thread_block&, ShmemAllocator&, const bool, const bool); template void Query<384>::prologue<Op::TV>( cooperative_groups::thread_block&, ShmemAllocator&, const bool, const bool); template void Query<384>::prologue<Op::TE>( cooperative_groups::thread_block&, ShmemAllocator&, const bool, const bool); template void Query<384>::prologue<Op::TF>( cooperative_groups::thread_block&, ShmemAllocator&, const bool, const bool);
                                                                                                                                                                                                                                                                                                                                                                                                                                                                                                                                                                                                                                                      ^

/root/autodl-tmp/graduation_project/build_rxmesh_dynamic_20260908_141858/source/include/rxmesh/query.cu(117): warning #20037-D: a __device__ function("rxmesh::Query<blockThreads>::prologue [with blockThreads=384U, op=rxmesh::Op::FV]") redeclared without __device__, hence treated as a __host__ __device__ function
  template void Query<384>::prologue<Op::V>( cooperative_groups::thread_block&, ShmemAllocator&, const bool, const bool); template void Query<384>::prologue<Op::E>( cooperative_groups::thread_block&, ShmemAllocator&, const bool, const bool); template void Query<384>::prologue<Op::F>( cooperative_groups::thread_block&, ShmemAllocator&, const bool, const bool); template void Query<384>::prologue<Op::VV>( cooperative_groups::thread_block&, ShmemAllocator&, const bool, const bool); template void Query<384>::prologue<Op::VE>( cooperative_groups::thread_block&, ShmemAllocator&, const bool, const bool); template void Query<384>::prologue<Op::VF>( cooperative_groups::thread_block&, ShmemAllocator&, const bool, const bool); template void Query<384>::prologue<Op::FV>( cooperative_groups::thread_block&, ShmemAllocator&, const bool, const bool); template void Query<384>::prologue<Op::FE>( cooperative_groups::thread_block&, ShmemAllocator&, const bool, const bool); template void Query<384>::prologue<Op::FF>( cooperative_groups::thread_block&, ShmemAllocator&, const bool, const bool); template void Query<384>::prologue<Op::EV>( cooperative_groups::thread_block&, ShmemAllocator&, const bool, const bool); template void Query<384>::prologue<Op::EE>( cooperative_groups::thread_block&, ShmemAllocator&, const bool, const bool); template void Query<384>::prologue<Op::EF>( cooperative_groups::thread_block&, ShmemAllocator&, const bool, const bool); template void Query<384>::prologue<Op::EVDiamond>( cooperative_groups::thread_block&, ShmemAllocator&, const bool, const bool); template void Query<384>::prologue<Op::VT>( cooperative_groups::thread_block&, ShmemAllocator&, const bool, const bool); template void Query<384>::prologue<Op::ET>( cooperative_groups::thread_block&, ShmemAllocator&, const bool, const bool); template void Query<384>::prologue<Op::FT>( cooperative_groups::thread_block&, ShmemAllocator&, const bool, const bool); template void Query<384>::prologue<Op::TV>( cooperative_groups::thread_block&, ShmemAllocator&, const bool, const bool); template void Query<384>::prologue<Op::TE>( cooperative_groups::thread_block&, ShmemAllocator&, const bool, const bool); template void Query<384>::prologue<Op::TF>( cooperative_groups::thread_block&, ShmemAllocator&, const bool, const bool);
                                                                                                                                                                                                                                                                                                                                                                                                                                                                                                                                                                                                                                                                                                                                                                               ^

/root/autodl-tmp/graduation_project/build_rxmesh_dynamic_20260908_141858/source/include/rxmesh/query.cu(117): warning #20037-D: a __device__ function("rxmesh::Query<blockThreads>::prologue [with blockThreads=384U, op=rxmesh::Op::FE]") redeclared without __device__, hence treated as a __host__ __device__ function
  template void Query<384>::prologue<Op::V>( cooperative_groups::thread_block&, ShmemAllocator&, const bool, const bool); template void Query<384>::prologue<Op::E>( cooperative_groups::thread_block&, ShmemAllocator&, const bool, const bool); template void Query<384>::prologue<Op::F>( cooperative_groups::thread_block&, ShmemAllocator&, const bool, const bool); template void Query<384>::prologue<Op::VV>( cooperative_groups::thread_block&, ShmemAllocator&, const bool, const bool); template void Query<384>::prologue<Op::VE>( cooperative_groups::thread_block&, ShmemAllocator&, const bool, const bool); template void Query<384>::prologue<Op::VF>( cooperative_groups::thread_block&, ShmemAllocator&, const bool, const bool); template void Query<384>::prologue<Op::FV>( cooperative_groups::thread_block&, ShmemAllocator&, const bool, const bool); template void Query<384>::prologue<Op::FE>( cooperative_groups::thread_block&, ShmemAllocator&, const bool, const bool); template void Query<384>::prologue<Op::FF>( cooperative_groups::thread_block&, ShmemAllocator&, const bool, const bool); template void Query<384>::prologue<Op::EV>( cooperative_groups::thread_block&, ShmemAllocator&, const bool, const bool); template void Query<384>::prologue<Op::EE>( cooperative_groups::thread_block&, ShmemAllocator&, const bool, const bool); template void Query<384>::prologue<Op::EF>( cooperative_groups::thread_block&, ShmemAllocator&, const bool, const bool); template void Query<384>::prologue<Op::EVDiamond>( cooperative_groups::thread_block&, ShmemAllocator&, const bool, const bool); template void Query<384>::prologue<Op::VT>( cooperative_groups::thread_block&, ShmemAllocator&, const bool, const bool); template void Query<384>::prologue<Op::ET>( cooperative_groups::thread_block&, ShmemAllocator&, const bool, const bool); template void Query<384>::prologue<Op::FT>( cooperative_groups::thread_block&, ShmemAllocator&, const bool, const bool); template void Query<384>::prologue<Op::TV>( cooperative_groups::thread_block&, ShmemAllocator&, const bool, const bool); template void Query<384>::prologue<Op::TE>( cooperative_groups::thread_block&, ShmemAllocator&, const bool, const bool); template void Query<384>::prologue<Op::TF>( cooperative_groups::thread_block&, ShmemAllocator&, const bool, const bool);
                                                                                                                                                                                                                                                                                                                                                                                                                                                                                                                                                                                                                                                                                                                                                                                                                                                                                                        ^

/root/autodl-tmp/graduation_project/build_rxmesh_dynamic_20260908_141858/source/include/rxmesh/query.cu(117): warning #20037-D: a __device__ function("rxmesh::Query<blockThreads>::prologue [with blockThreads=384U, op=rxmesh::Op::FF]") redeclared without __device__, hence treated as a __host__ __device__ function
  template void Query<384>::prologue<Op::V>( cooperative_groups::thread_block&, ShmemAllocator&, const bool, const bool); template void Query<384>::prologue<Op::E>( cooperative_groups::thread_block&, ShmemAllocator&, const bool, const bool); template void Query<384>::prologue<Op::F>( cooperative_groups::thread_block&, ShmemAllocator&, const bool, const bool); template void Query<384>::prologue<Op::VV>( cooperative_groups::thread_block&, ShmemAllocator&, const bool, const bool); template void Query<384>::prologue<Op::VE>( cooperative_groups::thread_block&, ShmemAllocator&, const bool, const bool); template void Query<384>::prologue<Op::VF>( cooperative_groups::thread_block&, ShmemAllocator&, const bool, const bool); template void Query<384>::prologue<Op::FV>( cooperative_groups::thread_block&, ShmemAllocator&, const bool, const bool); template void Query<384>::prologue<Op::FE>( cooperative_groups::thread_block&, ShmemAllocator&, const bool, const bool); template void Query<384>::prologue<Op::FF>( cooperative_groups::thread_block&, ShmemAllocator&, const bool, const bool); template void Query<384>::prologue<Op::EV>( cooperative_groups::thread_block&, ShmemAllocator&, const bool, const bool); template void Query<384>::prologue<Op::EE>( cooperative_groups::thread_block&, ShmemAllocator&, const bool, const bool); template void Query<384>::prologue<Op::EF>( cooperative_groups::thread_block&, ShmemAllocator&, const bool, const bool); template void Query<384>::prologue<Op::EVDiamond>( cooperative_groups::thread_block&, ShmemAllocator&, const bool, const bool); template void Query<384>::prologue<Op::VT>( cooperative_groups::thread_block&, ShmemAllocator&, const bool, const bool); template void Query<384>::prologue<Op::ET>( cooperative_groups::thread_block&, ShmemAllocator&, const bool, const bool); template void Query<384>::prologue<Op::FT>( cooperative_groups::thread_block&, ShmemAllocator&, const bool, const bool); template void Query<384>::prologue<Op::TV>( cooperative_groups::thread_block&, ShmemAllocator&, const bool, const bool); template void Query<384>::prologue<Op::TE>( cooperative_groups::thread_block&, ShmemAllocator&, const bool, const bool); template void Query<384>::prologue<Op::TF>( cooperative_groups::thread_block&, ShmemAllocator&, const bool, const bool);
                                                                                                                                                                                                                                                                                                                                                                                                                                                                                                                                                                                                                                                                                                                                                                                                                                                                                                                                                                                                                                 ^

/root/autodl-tmp/graduation_project/build_rxmesh_dynamic_20260908_141858/source/include/rxmesh/query.cu(117): warning #20037-D: a __device__ function("rxmesh::Query<blockThreads>::prologue [with blockThreads=384U, op=rxmesh::Op::EV]") redeclared without __device__, hence treated as a __host__ __device__ function
  template void Query<384>::prologue<Op::V>( cooperative_groups::thread_block&, ShmemAllocator&, const bool, const bool); template void Query<384>::prologue<Op::E>( cooperative_groups::thread_block&, ShmemAllocator&, const bool, const bool); template void Query<384>::prologue<Op::F>( cooperative_groups::thread_block&, ShmemAllocator&, const bool, const bool); template void Query<384>::prologue<Op::VV>( cooperative_groups::thread_block&, ShmemAllocator&, const bool, const bool); template void Query<384>::prologue<Op::VE>( cooperative_groups::thread_block&, ShmemAllocator&, const bool, const bool); template void Query<384>::prologue<Op::VF>( cooperative_groups::thread_block&, ShmemAllocator&, const bool, const bool); template void Query<384>::prologue<Op::FV>( cooperative_groups::thread_block&, ShmemAllocator&, const bool, const bool); template void Query<384>::prologue<Op::FE>( cooperative_groups::thread_block&, ShmemAllocator&, const bool, const bool); template void Query<384>::prologue<Op::FF>( cooperative_groups::thread_block&, ShmemAllocator&, const bool, const bool); template void Query<384>::prologue<Op::EV>( cooperative_groups::thread_block&, ShmemAllocator&, const bool, const bool); template void Query<384>::prologue<Op::EE>( cooperative_groups::thread_block&, ShmemAllocator&, const bool, const bool); template void Query<384>::prologue<Op::EF>( cooperative_groups::thread_block&, ShmemAllocator&, const bool, const bool); template void Query<384>::prologue<Op::EVDiamond>( cooperative_groups::thread_block&, ShmemAllocator&, const bool, const bool); template void Query<384>::prologue<Op::VT>( cooperative_groups::thread_block&, ShmemAllocator&, const bool, const bool); template void Query<384>::prologue<Op::ET>( cooperative_groups::thread_block&, ShmemAllocator&, const bool, const bool); template void Query<384>::prologue<Op::FT>( cooperative_groups::thread_block&, ShmemAllocator&, const bool, const bool); template void Query<384>::prologue<Op::TV>( cooperative_groups::thread_block&, ShmemAllocator&, const bool, const bool); template void Query<384>::prologue<Op::TE>( cooperative_groups::thread_block&, ShmemAllocator&, const bool, const bool); template void Query<384>::prologue<Op::TF>( cooperative_groups::thread_block&, ShmemAllocator&, const bool, const bool);
                                                                                                                                                                                                                                                                                                                                                                                                                                                                                                                                                                                                                                                                                                                                                                                                                                                                                                                                                                                                                                                                                                                                                          ^

/root/autodl-tmp/graduation_project/build_rxmesh_dynamic_20260908_141858/source/include/rxmesh/query.cu(117): warning #20037-D: a __device__ function("rxmesh::Query<blockThreads>::prologue [with blockThreads=384U, op=rxmesh::Op::EE]") redeclared without __device__, hence treated as a __host__ __device__ function
  template void Query<384>::prologue<Op::V>( cooperative_groups::thread_block&, ShmemAllocator&, const bool, const bool); template void Query<384>::prologue<Op::E>( cooperative_groups::thread_block&, ShmemAllocator&, const bool, const bool); template void Query<384>::prologue<Op::F>( cooperative_groups::thread_block&, ShmemAllocator&, const bool, const bool); template void Query<384>::prologue<Op::VV>( cooperative_groups::thread_block&, ShmemAllocator&, const bool, const bool); template void Query<384>::prologue<Op::VE>( cooperative_groups::thread_block&, ShmemAllocator&, const bool, const bool); template void Query<384>::prologue<Op::VF>( cooperative_groups::thread_block&, ShmemAllocator&, const bool, const bool); template void Query<384>::prologue<Op::FV>( cooperative_groups::thread_block&, ShmemAllocator&, const bool, const bool); template void Query<384>::prologue<Op::FE>( cooperative_groups::thread_block&, ShmemAllocator&, const bool, const bool); template void Query<384>::prologue<Op::FF>( cooperative_groups::thread_block&, ShmemAllocator&, const bool, const bool); template void Query<384>::prologue<Op::EV>( cooperative_groups::thread_block&, ShmemAllocator&, const bool, const bool); template void Query<384>::prologue<Op::EE>( cooperative_groups::thread_block&, ShmemAllocator&, const bool, const bool); template void Query<384>::prologue<Op::EF>( cooperative_groups::thread_block&, ShmemAllocator&, const bool, const bool); template void Query<384>::prologue<Op::EVDiamond>( cooperative_groups::thread_block&, ShmemAllocator&, const bool, const bool); template void Query<384>::prologue<Op::VT>( cooperative_groups::thread_block&, ShmemAllocator&, const bool, const bool); template void Query<384>::prologue<Op::ET>( cooperative_groups::thread_block&, ShmemAllocator&, const bool, const bool); template void Query<384>::prologue<Op::FT>( cooperative_groups::thread_block&, ShmemAllocator&, const bool, const bool); template void Query<384>::prologue<Op::TV>( cooperative_groups::thread_block&, ShmemAllocator&, const bool, const bool); template void Query<384>::prologue<Op::TE>( cooperative_groups::thread_block&, ShmemAllocator&, const bool, const bool); template void Query<384>::prologue<Op::TF>( cooperative_groups::thread_block&, ShmemAllocator&, const bool, const bool);
                                                                                                                                                                                                                                                                                                                                                                                                                                                                                                                                                                                                                                                                                                                                                                                                                                                                                                                                                                                                                                                                                                                                                                                                                                                                                   ^

/root/autodl-tmp/graduation_project/build_rxmesh_dynamic_20260908_141858/source/include/rxmesh/query.cu(117): warning #20037-D: a __device__ function("rxmesh::Query<blockThreads>::prologue [with blockThreads=384U, op=rxmesh::Op::EF]") redeclared without __device__, hence treated as a __host__ __device__ function
  template void Query<384>::prologue<Op::V>( cooperative_groups::thread_block&, ShmemAllocator&, const bool, const bool); template void Query<384>::prologue<Op::E>( cooperative_groups::thread_block&, ShmemAllocator&, const bool, const bool); template void Query<384>::prologue<Op::F>( cooperative_groups::thread_block&, ShmemAllocator&, const bool, const bool); template void Query<384>::prologue<Op::VV>( cooperative_groups::thread_block&, ShmemAllocator&, const bool, const bool); template void Query<384>::prologue<Op::VE>( cooperative_groups::thread_block&, ShmemAllocator&, const bool, const bool); template void Query<384>::prologue<Op::VF>( cooperative_groups::thread_block&, ShmemAllocator&, const bool, const bool); template void Query<384>::prologue<Op::FV>( cooperative_groups::thread_block&, ShmemAllocator&, const bool, const bool); template void Query<384>::prologue<Op::FE>( cooperative_groups::thread_block&, ShmemAllocator&, const bool, const bool); template void Query<384>::prologue<Op::FF>( cooperative_groups::thread_block&, ShmemAllocator&, const bool, const bool); template void Query<384>::prologue<Op::EV>( cooperative_groups::thread_block&, ShmemAllocator&, const bool, const bool); template void Query<384>::prologue<Op::EE>( cooperative_groups::thread_block&, ShmemAllocator&, const bool, const bool); template void Query<384>::prologue<Op::EF>( cooperative_groups::thread_block&, ShmemAllocator&, const bool, const bool); template void Query<384>::prologue<Op::EVDiamond>( cooperative_groups::thread_block&, ShmemAllocator&, const bool, const bool); template void Query<384>::prologue<Op::VT>( cooperative_groups::thread_block&, ShmemAllocator&, const bool, const bool); template void Query<384>::prologue<Op::ET>( cooperative_groups::thread_block&, ShmemAllocator&, const bool, const bool); template void Query<384>::prologue<Op::FT>( cooperative_groups::thread_block&, ShmemAllocator&, const bool, const bool); template void Query<384>::prologue<Op::TV>( cooperative_groups::thread_block&, ShmemAllocator&, const bool, const bool); template void Query<384>::prologue<Op::TE>( cooperative_groups::thread_block&, ShmemAllocator&, const bool, const bool); template void Query<384>::prologue<Op::TF>( cooperative_groups::thread_block&, ShmemAllocator&, const bool, const bool);
                                                                                                                                                                                                                                                                                                                                                                                                                                                                                                                                                                                                                                                                                                                                                                                                                                                                                                                                                                                                                                                                                                                                                                                                                                                                                                                                                                                                            ^

/root/autodl-tmp/graduation_project/build_rxmesh_dynamic_20260908_141858/source/include/rxmesh/query.cu(117): warning #20037-D: a __device__ function("rxmesh::Query<blockThreads>::prologue [with blockThreads=384U, op=rxmesh::Op::EVDiamond]") redeclared without __device__, hence treated as a __host__ __device__ function
  template void Query<384>::prologue<Op::V>( cooperative_groups::thread_block&, ShmemAllocator&, const bool, const bool); template void Query<384>::prologue<Op::E>( cooperative_groups::thread_block&, ShmemAllocator&, const bool, const bool); template void Query<384>::prologue<Op::F>( cooperative_groups::thread_block&, ShmemAllocator&, const bool, const bool); template void Query<384>::prologue<Op::VV>( cooperative_groups::thread_block&, ShmemAllocator&, const bool, const bool); template void Query<384>::prologue<Op::VE>( cooperative_groups::thread_block&, ShmemAllocator&, const bool, const bool); template void Query<384>::prologue<Op::VF>( cooperative_groups::thread_block&, ShmemAllocator&, const bool, const bool); template void Query<384>::prologue<Op::FV>( cooperative_groups::thread_block&, ShmemAllocator&, const bool, const bool); template void Query<384>::prologue<Op::FE>( cooperative_groups::thread_block&, ShmemAllocator&, const bool, const bool); template void Query<384>::prologue<Op::FF>( cooperative_groups::thread_block&, ShmemAllocator&, const bool, const bool); template void Query<384>::prologue<Op::EV>( cooperative_groups::thread_block&, ShmemAllocator&, const bool, const bool); template void Query<384>::prologue<Op::EE>( cooperative_groups::thread_block&, ShmemAllocator&, const bool, const bool); template void Query<384>::prologue<Op::EF>( cooperative_groups::thread_block&, ShmemAllocator&, const bool, const bool); template void Query<384>::prologue<Op::EVDiamond>( cooperative_groups::thread_block&, ShmemAllocator&, const bool, const bool); template void Query<384>::prologue<Op::VT>( cooperative_groups::thread_block&, ShmemAllocator&, const bool, const bool); template void Query<384>::prologue<Op::ET>( cooperative_groups::thread_block&, ShmemAllocator&, const bool, const bool); template void Query<384>::prologue<Op::FT>( cooperative_groups::thread_block&, ShmemAllocator&, const bool, const bool); template void Query<384>::prologue<Op::TV>( cooperative_groups::thread_block&, ShmemAllocator&, const bool, const bool); template void Query<384>::prologue<Op::TE>( cooperative_groups::thread_block&, ShmemAllocator&, const bool, const bool); template void Query<384>::prologue<Op::TF>( cooperative_groups::thread_block&, ShmemAllocator&, const bool, const bool);
                                                                                                                                                                                                                                                                                                                                                                                                                                                                                                                                                                                                                                                                                                                                                                                                                                                                                                                                                                                                                                                                                                                                                                                                                                                                                                                                                                                                                                                                                                                                     ^

/root/autodl-tmp/graduation_project/build_rxmesh_dynamic_20260908_141858/source/include/rxmesh/query.cu(117): warning #20037-D: a __device__ function("rxmesh::Query<blockThreads>::prologue [with blockThreads=384U, op=rxmesh::Op::VT]") redeclared without __device__, hence treated as a __host__ __device__ function
  template void Query<384>::prologue<Op::V>( cooperative_groups::thread_block&, ShmemAllocator&, const bool, const bool); template void Query<384>::prologue<Op::E>( cooperative_groups::thread_block&, ShmemAllocator&, const bool, const bool); template void Query<384>::prologue<Op::F>( cooperative_groups::thread_block&, ShmemAllocator&, const bool, const bool); template void Query<384>::prologue<Op::VV>( cooperative_groups::thread_block&, ShmemAllocator&, const bool, const bool); template void Query<384>::prologue<Op::VE>( cooperative_groups::thread_block&, ShmemAllocator&, const bool, const bool); template void Query<384>::prologue<Op::VF>( cooperative_groups::thread_block&, ShmemAllocator&, const bool, const bool); template void Query<384>::prologue<Op::FV>( cooperative_groups::thread_block&, ShmemAllocator&, const bool, const bool); template void Query<384>::prologue<Op::FE>( cooperative_groups::thread_block&, ShmemAllocator&, const bool, const bool); template void Query<384>::prologue<Op::FF>( cooperative_groups::thread_block&, ShmemAllocator&, const bool, const bool); template void Query<384>::prologue<Op::EV>( cooperative_groups::thread_block&, ShmemAllocator&, const bool, const bool); template void Query<384>::prologue<Op::EE>( cooperative_groups::thread_block&, ShmemAllocator&, const bool, const bool); template void Query<384>::prologue<Op::EF>( cooperative_groups::thread_block&, ShmemAllocator&, const bool, const bool); template void Query<384>::prologue<Op::EVDiamond>( cooperative_groups::thread_block&, ShmemAllocator&, const bool, const bool); template void Query<384>::prologue<Op::VT>( cooperative_groups::thread_block&, ShmemAllocator&, const bool, const bool); template void Query<384>::prologue<Op::ET>( cooperative_groups::thread_block&, ShmemAllocator&, const bool, const bool); template void Query<384>::prologue<Op::FT>( cooperative_groups::thread_block&, ShmemAllocator&, const bool, const bool); template void Query<384>::prologue<Op::TV>( cooperative_groups::thread_block&, ShmemAllocator&, const bool, const bool); template void Query<384>::prologue<Op::TE>( cooperative_groups::thread_block&, ShmemAllocator&, const bool, const bool); template void Query<384>::prologue<Op::TF>( cooperative_groups::thread_block&, ShmemAllocator&, const bool, const bool);
                                                                                                                                                                                                                                                                                                                                                                                                                                                                                                                                                                                                                                                                                                                                                                                                                                                                                                                                                                                                                                                                                                                                                                                                                                                                                                                                                                                                                                                                                                                                                                                                                                                                     ^

/root/autodl-tmp/graduation_project/build_rxmesh_dynamic_20260908_141858/source/include/rxmesh/query.cu(117): warning #20037-D: a __device__ function("rxmesh::Query<blockThreads>::prologue [with blockThreads=384U, op=rxmesh::Op::ET]") redeclared without __device__, hence treated as a __host__ __device__ function
  template void Query<384>::prologue<Op::V>( cooperative_groups::thread_block&, ShmemAllocator&, const bool, const bool); template void Query<384>::prologue<Op::E>( cooperative_groups::thread_block&, ShmemAllocator&, const bool, const bool); template void Query<384>::prologue<Op::F>( cooperative_groups::thread_block&, ShmemAllocator&, const bool, const bool); template void Query<384>::prologue<Op::VV>( cooperative_groups::thread_block&, ShmemAllocator&, const bool, const bool); template void Query<384>::prologue<Op::VE>( cooperative_groups::thread_block&, ShmemAllocator&, const bool, const bool); template void Query<384>::prologue<Op::VF>( cooperative_groups::thread_block&, ShmemAllocator&, const bool, const bool); template void Query<384>::prologue<Op::FV>( cooperative_groups::thread_block&, ShmemAllocator&, const bool, const bool); template void Query<384>::prologue<Op::FE>( cooperative_groups::thread_block&, ShmemAllocator&, const bool, const bool); template void Query<384>::prologue<Op::FF>( cooperative_groups::thread_block&, ShmemAllocator&, const bool, const bool); template void Query<384>::prologue<Op::EV>( cooperative_groups::thread_block&, ShmemAllocator&, const bool, const bool); template void Query<384>::prologue<Op::EE>( cooperative_groups::thread_block&, ShmemAllocator&, const bool, const bool); template void Query<384>::prologue<Op::EF>( cooperative_groups::thread_block&, ShmemAllocator&, const bool, const bool); template void Query<384>::prologue<Op::EVDiamond>( cooperative_groups::thread_block&, ShmemAllocator&, const bool, const bool); template void Query<384>::prologue<Op::VT>( cooperative_groups::thread_block&, ShmemAllocator&, const bool, const bool); template void Query<384>::prologue<Op::ET>( cooperative_groups::thread_block&, ShmemAllocator&, const bool, const bool); template void Query<384>::prologue<Op::FT>( cooperative_groups::thread_block&, ShmemAllocator&, const bool, const bool); template void Query<384>::prologue<Op::TV>( cooperative_groups::thread_block&, ShmemAllocator&, const bool, const bool); template void Query<384>::prologue<Op::TE>( cooperative_groups::thread_block&, ShmemAllocator&, const bool, const bool); template void Query<384>::prologue<Op::TF>( cooperative_groups::thread_block&, ShmemAllocator&, const bool, const bool);
                                                                                                                                                                                                                                                                                                                                                                                                                                                                                                                                                                                                                                                                                                                                                                                                                                                                                                                                                                                                                                                                                                                                                                                                                                                                                                                                                                                                                                                                                                                                                                                                                                                                                                                                                                                              ^

/root/autodl-tmp/graduation_project/build_rxmesh_dynamic_20260908_141858/source/include/rxmesh/query.cu(117): warning #20037-D: a __device__ function("rxmesh::Query<blockThreads>::prologue [with blockThreads=384U, op=rxmesh::Op::FT]") redeclared without __device__, hence treated as a __host__ __device__ function
  template void Query<384>::prologue<Op::V>( cooperative_groups::thread_block&, ShmemAllocator&, const bool, const bool); template void Query<384>::prologue<Op::E>( cooperative_groups::thread_block&, ShmemAllocator&, const bool, const bool); template void Query<384>::prologue<Op::F>( cooperative_groups::thread_block&, ShmemAllocator&, const bool, const bool); template void Query<384>::prologue<Op::VV>( cooperative_groups::thread_block&, ShmemAllocator&, const bool, const bool); template void Query<384>::prologue<Op::VE>( cooperative_groups::thread_block&, ShmemAllocator&, const bool, const bool); template void Query<384>::prologue<Op::VF>( cooperative_groups::thread_block&, ShmemAllocator&, const bool, const bool); template void Query<384>::prologue<Op::FV>( cooperative_groups::thread_block&, ShmemAllocator&, const bool, const bool); template void Query<384>::prologue<Op::FE>( cooperative_groups::thread_block&, ShmemAllocator&, const bool, const bool); template void Query<384>::prologue<Op::FF>( cooperative_groups::thread_block&, ShmemAllocator&, const bool, const bool); template void Query<384>::prologue<Op::EV>( cooperative_groups::thread_block&, ShmemAllocator&, const bool, const bool); template void Query<384>::prologue<Op::EE>( cooperative_groups::thread_block&, ShmemAllocator&, const bool, const bool); template void Query<384>::prologue<Op::EF>( cooperative_groups::thread_block&, ShmemAllocator&, const bool, const bool); template void Query<384>::prologue<Op::EVDiamond>( cooperative_groups::thread_block&, ShmemAllocator&, const bool, const bool); template void Query<384>::prologue<Op::VT>( cooperative_groups::thread_block&, ShmemAllocator&, const bool, const bool); template void Query<384>::prologue<Op::ET>( cooperative_groups::thread_block&, ShmemAllocator&, const bool, const bool); template void Query<384>::prologue<Op::FT>( cooperative_groups::thread_block&, ShmemAllocator&, const bool, const bool); template void Query<384>::prologue<Op::TV>( cooperative_groups::thread_block&, ShmemAllocator&, const bool, const bool); template void Query<384>::prologue<Op::TE>( cooperative_groups::thread_block&, ShmemAllocator&, const bool, const bool); template void Query<384>::prologue<Op::TF>( cooperative_groups::thread_block&, ShmemAllocator&, const bool, const bool);
                                                                                                                                                                                                                                                                                                                                                                                                                                                                                                                                                                                                                                                                                                                                                                                                                                                                                                                                                                                                                                                                                                                                                                                                                                                                                                                                                                                                                                                                                                                                                                                                                                                                                                                                                                                                                                                                                                                       ^

/root/autodl-tmp/graduation_project/build_rxmesh_dynamic_20260908_141858/source/include/rxmesh/query.cu(117): warning #20037-D: a __device__ function("rxmesh::Query<blockThreads>::prologue [with blockThreads=384U, op=rxmesh::Op::TV]") redeclared without __device__, hence treated as a __host__ __device__ function
  template void Query<384>::prologue<Op::V>( cooperative_groups::thread_block&, ShmemAllocator&, const bool, const bool); template void Query<384>::prologue<Op::E>( cooperative_groups::thread_block&, ShmemAllocator&, const bool, const bool); template void Query<384>::prologue<Op::F>( cooperative_groups::thread_block&, ShmemAllocator&, const bool, const bool); template void Query<384>::prologue<Op::VV>( cooperative_groups::thread_block&, ShmemAllocator&, const bool, const bool); template void Query<384>::prologue<Op::VE>( cooperative_groups::thread_block&, ShmemAllocator&, const bool, const bool); template void Query<384>::prologue<Op::VF>( cooperative_groups::thread_block&, ShmemAllocator&, const bool, const bool); template void Query<384>::prologue<Op::FV>( cooperative_groups::thread_block&, ShmemAllocator&, const bool, const bool); template void Query<384>::prologue<Op::FE>( cooperative_groups::thread_block&, ShmemAllocator&, const bool, const bool); template void Query<384>::prologue<Op::FF>( cooperative_groups::thread_block&, ShmemAllocator&, const bool, const bool); template void Query<384>::prologue<Op::EV>( cooperative_groups::thread_block&, ShmemAllocator&, const bool, const bool); template void Query<384>::prologue<Op::EE>( cooperative_groups::thread_block&, ShmemAllocator&, const bool, const bool); template void Query<384>::prologue<Op::EF>( cooperative_groups::thread_block&, ShmemAllocator&, const bool, const bool); template void Query<384>::prologue<Op::EVDiamond>( cooperative_groups::thread_block&, ShmemAllocator&, const bool, const bool); template void Query<384>::prologue<Op::VT>( cooperative_groups::thread_block&, ShmemAllocator&, const bool, const bool); template void Query<384>::prologue<Op::ET>( cooperative_groups::thread_block&, ShmemAllocator&, const bool, const bool); template void Query<384>::prologue<Op::FT>( cooperative_groups::thread_block&, ShmemAllocator&, const bool, const bool); template void Query<384>::prologue<Op::TV>( cooperative_groups::thread_block&, ShmemAllocator&, const bool, const bool); template void Query<384>::prologue<Op::TE>( cooperative_groups::thread_block&, ShmemAllocator&, const bool, const bool); template void Query<384>::prologue<Op::TF>( cooperative_groups::thread_block&, ShmemAllocator&, const bool, const bool);
                                                                                                                                                                                                                                                                                                                                                                                                                                                                                                                                                                                                                                                                                                                                                                                                                                                                                                                                                                                                                                                                                                                                                                                                                                                                                                                                                                                                                                                                                                                                                                                                                                                                                                                                                                                                                                                                                                                                                                                                                                                ^

/root/autodl-tmp/graduation_project/build_rxmesh_dynamic_20260908_141858/source/include/rxmesh/query.cu(117): warning #20037-D: a __device__ function("rxmesh::Query<blockThreads>::prologue [with blockThreads=384U, op=rxmesh::Op::TE]") redeclared without __device__, hence treated as a __host__ __device__ function
  template void Query<384>::prologue<Op::V>( cooperative_groups::thread_block&, ShmemAllocator&, const bool, const bool); template void Query<384>::prologue<Op::E>( cooperative_groups::thread_block&, ShmemAllocator&, const bool, const bool); template void Query<384>::prologue<Op::F>( cooperative_groups::thread_block&, ShmemAllocator&, const bool, const bool); template void Query<384>::prologue<Op::VV>( cooperative_groups::thread_block&, ShmemAllocator&, const bool, const bool); template void Query<384>::prologue<Op::VE>( cooperative_groups::thread_block&, ShmemAllocator&, const bool, const bool); template void Query<384>::prologue<Op::VF>( cooperative_groups::thread_block&, ShmemAllocator&, const bool, const bool); template void Query<384>::prologue<Op::FV>( cooperative_groups::thread_block&, ShmemAllocator&, const bool, const bool); template void Query<384>::prologue<Op::FE>( cooperative_groups::thread_block&, ShmemAllocator&, const bool, const bool); template void Query<384>::prologue<Op::FF>( cooperative_groups::thread_block&, ShmemAllocator&, const bool, const bool); template void Query<384>::prologue<Op::EV>( cooperative_groups::thread_block&, ShmemAllocator&, const bool, const bool); template void Query<384>::prologue<Op::EE>( cooperative_groups::thread_block&, ShmemAllocator&, const bool, const bool); template void Query<384>::prologue<Op::EF>( cooperative_groups::thread_block&, ShmemAllocator&, const bool, const bool); template void Query<384>::prologue<Op::EVDiamond>( cooperative_groups::thread_block&, ShmemAllocator&, const bool, const bool); template void Query<384>::prologue<Op::VT>( cooperative_groups::thread_block&, ShmemAllocator&, const bool, const bool); template void Query<384>::prologue<Op::ET>( cooperative_groups::thread_block&, ShmemAllocator&, const bool, const bool); template void Query<384>::prologue<Op::FT>( cooperative_groups::thread_block&, ShmemAllocator&, const bool, const bool); template void Query<384>::prologue<Op::TV>( cooperative_groups::thread_block&, ShmemAllocator&, const bool, const bool); template void Query<384>::prologue<Op::TE>( cooperative_groups::thread_block&, ShmemAllocator&, const bool, const bool); template void Query<384>::prologue<Op::TF>( cooperative_groups::thread_block&, ShmemAllocator&, const bool, const bool);
                                                                                                                                                                                                                                                                                                                                                                                                                                                                                                                                                                                                                                                                                                                                                                                                                                                                                                                                                                                                                                                                                                                                                                                                                                                                                                                                                                                                                                                                                                                                                                                                                                                                                                                                                                                                                                                                                                                                                                                                                                                                                                                                                                         ^

/root/autodl-tmp/graduation_project/build_rxmesh_dynamic_20260908_141858/source/include/rxmesh/query.cu(117): warning #20037-D: a __device__ function("rxmesh::Query<blockThreads>::prologue [with blockThreads=384U, op=rxmesh::Op::TF]") redeclared without __device__, hence treated as a __host__ __device__ function
  template void Query<384>::prologue<Op::V>( cooperative_groups::thread_block&, ShmemAllocator&, const bool, const bool); template void Query<384>::prologue<Op::E>( cooperative_groups::thread_block&, ShmemAllocator&, const bool, const bool); template void Query<384>::prologue<Op::F>( cooperative_groups::thread_block&, ShmemAllocator&, const bool, const bool); template void Query<384>::prologue<Op::VV>( cooperative_groups::thread_block&, ShmemAllocator&, const bool, const bool); template void Query<384>::prologue<Op::VE>( cooperative_groups::thread_block&, ShmemAllocator&, const bool, const bool); template void Query<384>::prologue<Op::VF>( cooperative_groups::thread_block&, ShmemAllocator&, const bool, const bool); template void Query<384>::prologue<Op::FV>( cooperative_groups::thread_block&, ShmemAllocator&, const bool, const bool); template void Query<384>::prologue<Op::FE>( cooperative_groups::thread_block&, ShmemAllocator&, const bool, const bool); template void Query<384>::prologue<Op::FF>( cooperative_groups::thread_block&, ShmemAllocator&, const bool, const bool); template void Query<384>::prologue<Op::EV>( cooperative_groups::thread_block&, ShmemAllocator&, const bool, const bool); template void Query<384>::prologue<Op::EE>( cooperative_groups::thread_block&, ShmemAllocator&, const bool, const bool); template void Query<384>::prologue<Op::EF>( cooperative_groups::thread_block&, ShmemAllocator&, const bool, const bool); template void Query<384>::prologue<Op::EVDiamond>( cooperative_groups::thread_block&, ShmemAllocator&, const bool, const bool); template void Query<384>::prologue<Op::VT>( cooperative_groups::thread_block&, ShmemAllocator&, const bool, const bool); template void Query<384>::prologue<Op::ET>( cooperative_groups::thread_block&, ShmemAllocator&, const bool, const bool); template void Query<384>::prologue<Op::FT>( cooperative_groups::thread_block&, ShmemAllocator&, const bool, const bool); template void Query<384>::prologue<Op::TV>( cooperative_groups::thread_block&, ShmemAllocator&, const bool, const bool); template void Query<384>::prologue<Op::TE>( cooperative_groups::thread_block&, ShmemAllocator&, const bool, const bool); template void Query<384>::prologue<Op::TF>( cooperative_groups::thread_block&, ShmemAllocator&, const bool, const bool);
                                                                                                                                                                                                                                                                                                                                                                                                                                                                                                                                                                                                                                                                                                                                                                                                                                                                                                                                                                                                                                                                                                                                                                                                                                                                                                                                                                                                                                                                                                                                                                                                                                                                                                                                                                                                                                                                                                                                                                                                                                                                                                                                                                                                                                                                                                  ^

/root/autodl-tmp/graduation_project/build_rxmesh_dynamic_20260908_141858/source/include/rxmesh/query.cu(118): warning #20037-D: a __device__ function("rxmesh::Query<blockThreads>::prologue [with blockThreads=512U, op=rxmesh::Op::V]") redeclared without __device__, hence treated as a __host__ __device__ function
  template void Query<512>::prologue<Op::V>( cooperative_groups::thread_block&, ShmemAllocator&, const bool, const bool); template void Query<512>::prologue<Op::E>( cooperative_groups::thread_block&, ShmemAllocator&, const bool, const bool); template void Query<512>::prologue<Op::F>( cooperative_groups::thread_block&, ShmemAllocator&, const bool, const bool); template void Query<512>::prologue<Op::VV>( cooperative_groups::thread_block&, ShmemAllocator&, const bool, const bool); template void Query<512>::prologue<Op::VE>( cooperative_groups::thread_block&, ShmemAllocator&, const bool, const bool); template void Query<512>::prologue<Op::VF>( cooperative_groups::thread_block&, ShmemAllocator&, const bool, const bool); template void Query<512>::prologue<Op::FV>( cooperative_groups::thread_block&, ShmemAllocator&, const bool, const bool); template void Query<512>::prologue<Op::FE>( cooperative_groups::thread_block&, ShmemAllocator&, const bool, const bool); template void Query<512>::prologue<Op::FF>( cooperative_groups::thread_block&, ShmemAllocator&, const bool, const bool); template void Query<512>::prologue<Op::EV>( cooperative_groups::thread_block&, ShmemAllocator&, const bool, const bool); template void Query<512>::prologue<Op::EE>( cooperative_groups::thread_block&, ShmemAllocator&, const bool, const bool); template void Query<512>::prologue<Op::EF>( cooperative_groups::thread_block&, ShmemAllocator&, const bool, const bool); template void Query<512>::prologue<Op::EVDiamond>( cooperative_groups::thread_block&, ShmemAllocator&, const bool, const bool); template void Query<512>::prologue<Op::VT>( cooperative_groups::thread_block&, ShmemAllocator&, const bool, const bool); template void Query<512>::prologue<Op::ET>( cooperative_groups::thread_block&, ShmemAllocator&, const bool, const bool); template void Query<512>::prologue<Op::FT>( cooperative_groups::thread_block&, ShmemAllocator&, const bool, const bool); template void Query<512>::prologue<Op::TV>( cooperative_groups::thread_block&, ShmemAllocator&, const bool, const bool); template void Query<512>::prologue<Op::TE>( cooperative_groups::thread_block&, ShmemAllocator&, const bool, const bool); template void Query<512>::prologue<Op::TF>( cooperative_groups::thread_block&, ShmemAllocator&, const bool, const bool);
                            ^

/root/autodl-tmp/graduation_project/build_rxmesh_dynamic_20260908_141858/source/include/rxmesh/query.cu(118): warning #20037-D: a __device__ function("rxmesh::Query<blockThreads>::prologue [with blockThreads=512U, op=rxmesh::Op::E]") redeclared without __device__, hence treated as a __host__ __device__ function
  template void Query<512>::prologue<Op::V>( cooperative_groups::thread_block&, ShmemAllocator&, const bool, const bool); template void Query<512>::prologue<Op::E>( cooperative_groups::thread_block&, ShmemAllocator&, const bool, const bool); template void Query<512>::prologue<Op::F>( cooperative_groups::thread_block&, ShmemAllocator&, const bool, const bool); template void Query<512>::prologue<Op::VV>( cooperative_groups::thread_block&, ShmemAllocator&, const bool, const bool); template void Query<512>::prologue<Op::VE>( cooperative_groups::thread_block&, ShmemAllocator&, const bool, const bool); template void Query<512>::prologue<Op::VF>( cooperative_groups::thread_block&, ShmemAllocator&, const bool, const bool); template void Query<512>::prologue<Op::FV>( cooperative_groups::thread_block&, ShmemAllocator&, const bool, const bool); template void Query<512>::prologue<Op::FE>( cooperative_groups::thread_block&, ShmemAllocator&, const bool, const bool); template void Query<512>::prologue<Op::FF>( cooperative_groups::thread_block&, ShmemAllocator&, const bool, const bool); template void Query<512>::prologue<Op::EV>( cooperative_groups::thread_block&, ShmemAllocator&, const bool, const bool); template void Query<512>::prologue<Op::EE>( cooperative_groups::thread_block&, ShmemAllocator&, const bool, const bool); template void Query<512>::prologue<Op::EF>( cooperative_groups::thread_block&, ShmemAllocator&, const bool, const bool); template void Query<512>::prologue<Op::EVDiamond>( cooperative_groups::thread_block&, ShmemAllocator&, const bool, const bool); template void Query<512>::prologue<Op::VT>( cooperative_groups::thread_block&, ShmemAllocator&, const bool, const bool); template void Query<512>::prologue<Op::ET>( cooperative_groups::thread_block&, ShmemAllocator&, const bool, const bool); template void Query<512>::prologue<Op::FT>( cooperative_groups::thread_block&, ShmemAllocator&, const bool, const bool); template void Query<512>::prologue<Op::TV>( cooperative_groups::thread_block&, ShmemAllocator&, const bool, const bool); template void Query<512>::prologue<Op::TE>( cooperative_groups::thread_block&, ShmemAllocator&, const bool, const bool); template void Query<512>::prologue<Op::TF>( cooperative_groups::thread_block&, ShmemAllocator&, const bool, const bool);
                                                                                                                                                    ^

/root/autodl-tmp/graduation_project/build_rxmesh_dynamic_20260908_141858/source/include/rxmesh/query.cu(118): warning #20037-D: a __device__ function("rxmesh::Query<blockThreads>::prologue [with blockThreads=512U, op=rxmesh::Op::F]") redeclared without __device__, hence treated as a __host__ __device__ function
  template void Query<512>::prologue<Op::V>( cooperative_groups::thread_block&, ShmemAllocator&, const bool, const bool); template void Query<512>::prologue<Op::E>( cooperative_groups::thread_block&, ShmemAllocator&, const bool, const bool); template void Query<512>::prologue<Op::F>( cooperative_groups::thread_block&, ShmemAllocator&, const bool, const bool); template void Query<512>::prologue<Op::VV>( cooperative_groups::thread_block&, ShmemAllocator&, const bool, const bool); template void Query<512>::prologue<Op::VE>( cooperative_groups::thread_block&, ShmemAllocator&, const bool, const bool); template void Query<512>::prologue<Op::VF>( cooperative_groups::thread_block&, ShmemAllocator&, const bool, const bool); template void Query<512>::prologue<Op::FV>( cooperative_groups::thread_block&, ShmemAllocator&, const bool, const bool); template void Query<512>::prologue<Op::FE>( cooperative_groups::thread_block&, ShmemAllocator&, const bool, const bool); template void Query<512>::prologue<Op::FF>( cooperative_groups::thread_block&, ShmemAllocator&, const bool, const bool); template void Query<512>::prologue<Op::EV>( cooperative_groups::thread_block&, ShmemAllocator&, const bool, const bool); template void Query<512>::prologue<Op::EE>( cooperative_groups::thread_block&, ShmemAllocator&, const bool, const bool); template void Query<512>::prologue<Op::EF>( cooperative_groups::thread_block&, ShmemAllocator&, const bool, const bool); template void Query<512>::prologue<Op::EVDiamond>( cooperative_groups::thread_block&, ShmemAllocator&, const bool, const bool); template void Query<512>::prologue<Op::VT>( cooperative_groups::thread_block&, ShmemAllocator&, const bool, const bool); template void Query<512>::prologue<Op::ET>( cooperative_groups::thread_block&, ShmemAllocator&, const bool, const bool); template void Query<512>::prologue<Op::FT>( cooperative_groups::thread_block&, ShmemAllocator&, const bool, const bool); template void Query<512>::prologue<Op::TV>( cooperative_groups::thread_block&, ShmemAllocator&, const bool, const bool); template void Query<512>::prologue<Op::TE>( cooperative_groups::thread_block&, ShmemAllocator&, const bool, const bool); template void Query<512>::prologue<Op::TF>( cooperative_groups::thread_block&, ShmemAllocator&, const bool, const bool);
                                                                                                                                                                                                                                                                            ^

/root/autodl-tmp/graduation_project/build_rxmesh_dynamic_20260908_141858/source/include/rxmesh/query.cu(118): warning #20037-D: a __device__ function("rxmesh::Query<blockThreads>::prologue [with blockThreads=512U, op=rxmesh::Op::VV]") redeclared without __device__, hence treated as a __host__ __device__ function
  template void Query<512>::prologue<Op::V>( cooperative_groups::thread_block&, ShmemAllocator&, const bool, const bool); template void Query<512>::prologue<Op::E>( cooperative_groups::thread_block&, ShmemAllocator&, const bool, const bool); template void Query<512>::prologue<Op::F>( cooperative_groups::thread_block&, ShmemAllocator&, const bool, const bool); template void Query<512>::prologue<Op::VV>( cooperative_groups::thread_block&, ShmemAllocator&, const bool, const bool); template void Query<512>::prologue<Op::VE>( cooperative_groups::thread_block&, ShmemAllocator&, const bool, const bool); template void Query<512>::prologue<Op::VF>( cooperative_groups::thread_block&, ShmemAllocator&, const bool, const bool); template void Query<512>::prologue<Op::FV>( cooperative_groups::thread_block&, ShmemAllocator&, const bool, const bool); template void Query<512>::prologue<Op::FE>( cooperative_groups::thread_block&, ShmemAllocator&, const bool, const bool); template void Query<512>::prologue<Op::FF>( cooperative_groups::thread_block&, ShmemAllocator&, const bool, const bool); template void Query<512>::prologue<Op::EV>( cooperative_groups::thread_block&, ShmemAllocator&, const bool, const bool); template void Query<512>::prologue<Op::EE>( cooperative_groups::thread_block&, ShmemAllocator&, const bool, const bool); template void Query<512>::prologue<Op::EF>( cooperative_groups::thread_block&, ShmemAllocator&, const bool, const bool); template void Query<512>::prologue<Op::EVDiamond>( cooperative_groups::thread_block&, ShmemAllocator&, const bool, const bool); template void Query<512>::prologue<Op::VT>( cooperative_groups::thread_block&, ShmemAllocator&, const bool, const bool); template void Query<512>::prologue<Op::ET>( cooperative_groups::thread_block&, ShmemAllocator&, const bool, const bool); template void Query<512>::prologue<Op::FT>( cooperative_groups::thread_block&, ShmemAllocator&, const bool, const bool); template void Query<512>::prologue<Op::TV>( cooperative_groups::thread_block&, ShmemAllocator&, const bool, const bool); template void Query<512>::prologue<Op::TE>( cooperative_groups::thread_block&, ShmemAllocator&, const bool, const bool); template void Query<512>::prologue<Op::TF>( cooperative_groups::thread_block&, ShmemAllocator&, const bool, const bool);
                                                                                                                                                                                                                                                                                                                                                                                                    ^

/root/autodl-tmp/graduation_project/build_rxmesh_dynamic_20260908_141858/source/include/rxmesh/query.cu(118): warning #20037-D: a __device__ function("rxmesh::Query<blockThreads>::prologue [with blockThreads=512U, op=rxmesh::Op::VE]") redeclared without __device__, hence treated as a __host__ __device__ function
  template void Query<512>::prologue<Op::V>( cooperative_groups::thread_block&, ShmemAllocator&, const bool, const bool); template void Query<512>::prologue<Op::E>( cooperative_groups::thread_block&, ShmemAllocator&, const bool, const bool); template void Query<512>::prologue<Op::F>( cooperative_groups::thread_block&, ShmemAllocator&, const bool, const bool); template void Query<512>::prologue<Op::VV>( cooperative_groups::thread_block&, ShmemAllocator&, const bool, const bool); template void Query<512>::prologue<Op::VE>( cooperative_groups::thread_block&, ShmemAllocator&, const bool, const bool); template void Query<512>::prologue<Op::VF>( cooperative_groups::thread_block&, ShmemAllocator&, const bool, const bool); template void Query<512>::prologue<Op::FV>( cooperative_groups::thread_block&, ShmemAllocator&, const bool, const bool); template void Query<512>::prologue<Op::FE>( cooperative_groups::thread_block&, ShmemAllocator&, const bool, const bool); template void Query<512>::prologue<Op::FF>( cooperative_groups::thread_block&, ShmemAllocator&, const bool, const bool); template void Query<512>::prologue<Op::EV>( cooperative_groups::thread_block&, ShmemAllocator&, const bool, const bool); template void Query<512>::prologue<Op::EE>( cooperative_groups::thread_block&, ShmemAllocator&, const bool, const bool); template void Query<512>::prologue<Op::EF>( cooperative_groups::thread_block&, ShmemAllocator&, const bool, const bool); template void Query<512>::prologue<Op::EVDiamond>( cooperative_groups::thread_block&, ShmemAllocator&, const bool, const bool); template void Query<512>::prologue<Op::VT>( cooperative_groups::thread_block&, ShmemAllocator&, const bool, const bool); template void Query<512>::prologue<Op::ET>( cooperative_groups::thread_block&, ShmemAllocator&, const bool, const bool); template void Query<512>::prologue<Op::FT>( cooperative_groups::thread_block&, ShmemAllocator&, const bool, const bool); template void Query<512>::prologue<Op::TV>( cooperative_groups::thread_block&, ShmemAllocator&, const bool, const bool); template void Query<512>::prologue<Op::TE>( cooperative_groups::thread_block&, ShmemAllocator&, const bool, const bool); template void Query<512>::prologue<Op::TF>( cooperative_groups::thread_block&, ShmemAllocator&, const bool, const bool);
                                                                                                                                                                                                                                                                                                                                                                                                                                                                                                                             ^

/root/autodl-tmp/graduation_project/build_rxmesh_dynamic_20260908_141858/source/include/rxmesh/query.cu(118): warning #20037-D: a __device__ function("rxmesh::Query<blockThreads>::prologue [with blockThreads=512U, op=rxmesh::Op::VF]") redeclared without __device__, hence treated as a __host__ __device__ function
  template void Query<512>::prologue<Op::V>( cooperative_groups::thread_block&, ShmemAllocator&, const bool, const bool); template void Query<512>::prologue<Op::E>( cooperative_groups::thread_block&, ShmemAllocator&, const bool, const bool); template void Query<512>::prologue<Op::F>( cooperative_groups::thread_block&, ShmemAllocator&, const bool, const bool); template void Query<512>::prologue<Op::VV>( cooperative_groups::thread_block&, ShmemAllocator&, const bool, const bool); template void Query<512>::prologue<Op::VE>( cooperative_groups::thread_block&, ShmemAllocator&, const bool, const bool); template void Query<512>::prologue<Op::VF>( cooperative_groups::thread_block&, ShmemAllocator&, const bool, const bool); template void Query<512>::prologue<Op::FV>( cooperative_groups::thread_block&, ShmemAllocator&, const bool, const bool); template void Query<512>::prologue<Op::FE>( cooperative_groups::thread_block&, ShmemAllocator&, const bool, const bool); template void Query<512>::prologue<Op::FF>( cooperative_groups::thread_block&, ShmemAllocator&, const bool, const bool); template void Query<512>::prologue<Op::EV>( cooperative_groups::thread_block&, ShmemAllocator&, const bool, const bool); template void Query<512>::prologue<Op::EE>( cooperative_groups::thread_block&, ShmemAllocator&, const bool, const bool); template void Query<512>::prologue<Op::EF>( cooperative_groups::thread_block&, ShmemAllocator&, const bool, const bool); template void Query<512>::prologue<Op::EVDiamond>( cooperative_groups::thread_block&, ShmemAllocator&, const bool, const bool); template void Query<512>::prologue<Op::VT>( cooperative_groups::thread_block&, ShmemAllocator&, const bool, const bool); template void Query<512>::prologue<Op::ET>( cooperative_groups::thread_block&, ShmemAllocator&, const bool, const bool); template void Query<512>::prologue<Op::FT>( cooperative_groups::thread_block&, ShmemAllocator&, const bool, const bool); template void Query<512>::prologue<Op::TV>( cooperative_groups::thread_block&, ShmemAllocator&, const bool, const bool); template void Query<512>::prologue<Op::TE>( cooperative_groups::thread_block&, ShmemAllocator&, const bool, const bool); template void Query<512>::prologue<Op::TF>( cooperative_groups::thread_block&, ShmemAllocator&, const bool, const bool);
                                                                                                                                                                                                                                                                                                                                                                                                                                                                                                                                                                                                                                                      ^

/root/autodl-tmp/graduation_project/build_rxmesh_dynamic_20260908_141858/source/include/rxmesh/query.cu(118): warning #20037-D: a __device__ function("rxmesh::Query<blockThreads>::prologue [with blockThreads=512U, op=rxmesh::Op::FV]") redeclared without __device__, hence treated as a __host__ __device__ function
  template void Query<512>::prologue<Op::V>( cooperative_groups::thread_block&, ShmemAllocator&, const bool, const bool); template void Query<512>::prologue<Op::E>( cooperative_groups::thread_block&, ShmemAllocator&, const bool, const bool); template void Query<512>::prologue<Op::F>( cooperative_groups::thread_block&, ShmemAllocator&, const bool, const bool); template void Query<512>::prologue<Op::VV>( cooperative_groups::thread_block&, ShmemAllocator&, const bool, const bool); template void Query<512>::prologue<Op::VE>( cooperative_groups::thread_block&, ShmemAllocator&, const bool, const bool); template void Query<512>::prologue<Op::VF>( cooperative_groups::thread_block&, ShmemAllocator&, const bool, const bool); template void Query<512>::prologue<Op::FV>( cooperative_groups::thread_block&, ShmemAllocator&, const bool, const bool); template void Query<512>::prologue<Op::FE>( cooperative_groups::thread_block&, ShmemAllocator&, const bool, const bool); template void Query<512>::prologue<Op::FF>( cooperative_groups::thread_block&, ShmemAllocator&, const bool, const bool); template void Query<512>::prologue<Op::EV>( cooperative_groups::thread_block&, ShmemAllocator&, const bool, const bool); template void Query<512>::prologue<Op::EE>( cooperative_groups::thread_block&, ShmemAllocator&, const bool, const bool); template void Query<512>::prologue<Op::EF>( cooperative_groups::thread_block&, ShmemAllocator&, const bool, const bool); template void Query<512>::prologue<Op::EVDiamond>( cooperative_groups::thread_block&, ShmemAllocator&, const bool, const bool); template void Query<512>::prologue<Op::VT>( cooperative_groups::thread_block&, ShmemAllocator&, const bool, const bool); template void Query<512>::prologue<Op::ET>( cooperative_groups::thread_block&, ShmemAllocator&, const bool, const bool); template void Query<512>::prologue<Op::FT>( cooperative_groups::thread_block&, ShmemAllocator&, const bool, const bool); template void Query<512>::prologue<Op::TV>( cooperative_groups::thread_block&, ShmemAllocator&, const bool, const bool); template void Query<512>::prologue<Op::TE>( cooperative_groups::thread_block&, ShmemAllocator&, const bool, const bool); template void Query<512>::prologue<Op::TF>( cooperative_groups::thread_block&, ShmemAllocator&, const bool, const bool);
                                                                                                                                                                                                                                                                                                                                                                                                                                                                                                                                                                                                                                                                                                                                                                               ^

/root/autodl-tmp/graduation_project/build_rxmesh_dynamic_20260908_141858/source/include/rxmesh/query.cu(118): warning #20037-D: a __device__ function("rxmesh::Query<blockThreads>::prologue [with blockThreads=512U, op=rxmesh::Op::FE]") redeclared without __device__, hence treated as a __host__ __device__ function
  template void Query<512>::prologue<Op::V>( cooperative_groups::thread_block&, ShmemAllocator&, const bool, const bool); template void Query<512>::prologue<Op::E>( cooperative_groups::thread_block&, ShmemAllocator&, const bool, const bool); template void Query<512>::prologue<Op::F>( cooperative_groups::thread_block&, ShmemAllocator&, const bool, const bool); template void Query<512>::prologue<Op::VV>( cooperative_groups::thread_block&, ShmemAllocator&, const bool, const bool); template void Query<512>::prologue<Op::VE>( cooperative_groups::thread_block&, ShmemAllocator&, const bool, const bool); template void Query<512>::prologue<Op::VF>( cooperative_groups::thread_block&, ShmemAllocator&, const bool, const bool); template void Query<512>::prologue<Op::FV>( cooperative_groups::thread_block&, ShmemAllocator&, const bool, const bool); template void Query<512>::prologue<Op::FE>( cooperative_groups::thread_block&, ShmemAllocator&, const bool, const bool); template void Query<512>::prologue<Op::FF>( cooperative_groups::thread_block&, ShmemAllocator&, const bool, const bool); template void Query<512>::prologue<Op::EV>( cooperative_groups::thread_block&, ShmemAllocator&, const bool, const bool); template void Query<512>::prologue<Op::EE>( cooperative_groups::thread_block&, ShmemAllocator&, const bool, const bool); template void Query<512>::prologue<Op::EF>( cooperative_groups::thread_block&, ShmemAllocator&, const bool, const bool); template void Query<512>::prologue<Op::EVDiamond>( cooperative_groups::thread_block&, ShmemAllocator&, const bool, const bool); template void Query<512>::prologue<Op::VT>( cooperative_groups::thread_block&, ShmemAllocator&, const bool, const bool); template void Query<512>::prologue<Op::ET>( cooperative_groups::thread_block&, ShmemAllocator&, const bool, const bool); template void Query<512>::prologue<Op::FT>( cooperative_groups::thread_block&, ShmemAllocator&, const bool, const bool); template void Query<512>::prologue<Op::TV>( cooperative_groups::thread_block&, ShmemAllocator&, const bool, const bool); template void Query<512>::prologue<Op::TE>( cooperative_groups::thread_block&, ShmemAllocator&, const bool, const bool); template void Query<512>::prologue<Op::TF>( cooperative_groups::thread_block&, ShmemAllocator&, const bool, const bool);
                                                                                                                                                                                                                                                                                                                                                                                                                                                                                                                                                                                                                                                                                                                                                                                                                                                                                                        ^

/root/autodl-tmp/graduation_project/build_rxmesh_dynamic_20260908_141858/source/include/rxmesh/query.cu(118): warning #20037-D: a __device__ function("rxmesh::Query<blockThreads>::prologue [with blockThreads=512U, op=rxmesh::Op::FF]") redeclared without __device__, hence treated as a __host__ __device__ function
  template void Query<512>::prologue<Op::V>( cooperative_groups::thread_block&, ShmemAllocator&, const bool, const bool); template void Query<512>::prologue<Op::E>( cooperative_groups::thread_block&, ShmemAllocator&, const bool, const bool); template void Query<512>::prologue<Op::F>( cooperative_groups::thread_block&, ShmemAllocator&, const bool, const bool); template void Query<512>::prologue<Op::VV>( cooperative_groups::thread_block&, ShmemAllocator&, const bool, const bool); template void Query<512>::prologue<Op::VE>( cooperative_groups::thread_block&, ShmemAllocator&, const bool, const bool); template void Query<512>::prologue<Op::VF>( cooperative_groups::thread_block&, ShmemAllocator&, const bool, const bool); template void Query<512>::prologue<Op::FV>( cooperative_groups::thread_block&, ShmemAllocator&, const bool, const bool); template void Query<512>::prologue<Op::FE>( cooperative_groups::thread_block&, ShmemAllocator&, const bool, const bool); template void Query<512>::prologue<Op::FF>( cooperative_groups::thread_block&, ShmemAllocator&, const bool, const bool); template void Query<512>::prologue<Op::EV>( cooperative_groups::thread_block&, ShmemAllocator&, const bool, const bool); template void Query<512>::prologue<Op::EE>( cooperative_groups::thread_block&, ShmemAllocator&, const bool, const bool); template void Query<512>::prologue<Op::EF>( cooperative_groups::thread_block&, ShmemAllocator&, const bool, const bool); template void Query<512>::prologue<Op::EVDiamond>( cooperative_groups::thread_block&, ShmemAllocator&, const bool, const bool); template void Query<512>::prologue<Op::VT>( cooperative_groups::thread_block&, ShmemAllocator&, const bool, const bool); template void Query<512>::prologue<Op::ET>( cooperative_groups::thread_block&, ShmemAllocator&, const bool, const bool); template void Query<512>::prologue<Op::FT>( cooperative_groups::thread_block&, ShmemAllocator&, const bool, const bool); template void Query<512>::prologue<Op::TV>( cooperative_groups::thread_block&, ShmemAllocator&, const bool, const bool); template void Query<512>::prologue<Op::TE>( cooperative_groups::thread_block&, ShmemAllocator&, const bool, const bool); template void Query<512>::prologue<Op::TF>( cooperative_groups::thread_block&, ShmemAllocator&, const bool, const bool);
                                                                                                                                                                                                                                                                                                                                                                                                                                                                                                                                                                                                                                                                                                                                                                                                                                                                                                                                                                                                                                 ^

/root/autodl-tmp/graduation_project/build_rxmesh_dynamic_20260908_141858/source/include/rxmesh/query.cu(118): warning #20037-D: a __device__ function("rxmesh::Query<blockThreads>::prologue [with blockThreads=512U, op=rxmesh::Op::EV]") redeclared without __device__, hence treated as a __host__ __device__ function
  template void Query<512>::prologue<Op::V>( cooperative_groups::thread_block&, ShmemAllocator&, const bool, const bool); template void Query<512>::prologue<Op::E>( cooperative_groups::thread_block&, ShmemAllocator&, const bool, const bool); template void Query<512>::prologue<Op::F>( cooperative_groups::thread_block&, ShmemAllocator&, const bool, const bool); template void Query<512>::prologue<Op::VV>( cooperative_groups::thread_block&, ShmemAllocator&, const bool, const bool); template void Query<512>::prologue<Op::VE>( cooperative_groups::thread_block&, ShmemAllocator&, const bool, const bool); template void Query<512>::prologue<Op::VF>( cooperative_groups::thread_block&, ShmemAllocator&, const bool, const bool); template void Query<512>::prologue<Op::FV>( cooperative_groups::thread_block&, ShmemAllocator&, const bool, const bool); template void Query<512>::prologue<Op::FE>( cooperative_groups::thread_block&, ShmemAllocator&, const bool, const bool); template void Query<512>::prologue<Op::FF>( cooperative_groups::thread_block&, ShmemAllocator&, const bool, const bool); template void Query<512>::prologue<Op::EV>( cooperative_groups::thread_block&, ShmemAllocator&, const bool, const bool); template void Query<512>::prologue<Op::EE>( cooperative_groups::thread_block&, ShmemAllocator&, const bool, const bool); template void Query<512>::prologue<Op::EF>( cooperative_groups::thread_block&, ShmemAllocator&, const bool, const bool); template void Query<512>::prologue<Op::EVDiamond>( cooperative_groups::thread_block&, ShmemAllocator&, const bool, const bool); template void Query<512>::prologue<Op::VT>( cooperative_groups::thread_block&, ShmemAllocator&, const bool, const bool); template void Query<512>::prologue<Op::ET>( cooperative_groups::thread_block&, ShmemAllocator&, const bool, const bool); template void Query<512>::prologue<Op::FT>( cooperative_groups::thread_block&, ShmemAllocator&, const bool, const bool); template void Query<512>::prologue<Op::TV>( cooperative_groups::thread_block&, ShmemAllocator&, const bool, const bool); template void Query<512>::prologue<Op::TE>( cooperative_groups::thread_block&, ShmemAllocator&, const bool, const bool); template void Query<512>::prologue<Op::TF>( cooperative_groups::thread_block&, ShmemAllocator&, const bool, const bool);
                                                                                                                                                                                                                                                                                                                                                                                                                                                                                                                                                                                                                                                                                                                                                                                                                                                                                                                                                                                                                                                                                                                                                          ^

/root/autodl-tmp/graduation_project/build_rxmesh_dynamic_20260908_141858/source/include/rxmesh/query.cu(118): warning #20037-D: a __device__ function("rxmesh::Query<blockThreads>::prologue [with blockThreads=512U, op=rxmesh::Op::EE]") redeclared without __device__, hence treated as a __host__ __device__ function
  template void Query<512>::prologue<Op::V>( cooperative_groups::thread_block&, ShmemAllocator&, const bool, const bool); template void Query<512>::prologue<Op::E>( cooperative_groups::thread_block&, ShmemAllocator&, const bool, const bool); template void Query<512>::prologue<Op::F>( cooperative_groups::thread_block&, ShmemAllocator&, const bool, const bool); template void Query<512>::prologue<Op::VV>( cooperative_groups::thread_block&, ShmemAllocator&, const bool, const bool); template void Query<512>::prologue<Op::VE>( cooperative_groups::thread_block&, ShmemAllocator&, const bool, const bool); template void Query<512>::prologue<Op::VF>( cooperative_groups::thread_block&, ShmemAllocator&, const bool, const bool); template void Query<512>::prologue<Op::FV>( cooperative_groups::thread_block&, ShmemAllocator&, const bool, const bool); template void Query<512>::prologue<Op::FE>( cooperative_groups::thread_block&, ShmemAllocator&, const bool, const bool); template void Query<512>::prologue<Op::FF>( cooperative_groups::thread_block&, ShmemAllocator&, const bool, const bool); template void Query<512>::prologue<Op::EV>( cooperative_groups::thread_block&, ShmemAllocator&, const bool, const bool); template void Query<512>::prologue<Op::EE>( cooperative_groups::thread_block&, ShmemAllocator&, const bool, const bool); template void Query<512>::prologue<Op::EF>( cooperative_groups::thread_block&, ShmemAllocator&, const bool, const bool); template void Query<512>::prologue<Op::EVDiamond>( cooperative_groups::thread_block&, ShmemAllocator&, const bool, const bool); template void Query<512>::prologue<Op::VT>( cooperative_groups::thread_block&, ShmemAllocator&, const bool, const bool); template void Query<512>::prologue<Op::ET>( cooperative_groups::thread_block&, ShmemAllocator&, const bool, const bool); template void Query<512>::prologue<Op::FT>( cooperative_groups::thread_block&, ShmemAllocator&, const bool, const bool); template void Query<512>::prologue<Op::TV>( cooperative_groups::thread_block&, ShmemAllocator&, const bool, const bool); template void Query<512>::prologue<Op::TE>( cooperative_groups::thread_block&, ShmemAllocator&, const bool, const bool); template void Query<512>::prologue<Op::TF>( cooperative_groups::thread_block&, ShmemAllocator&, const bool, const bool);
                                                                                                                                                                                                                                                                                                                                                                                                                                                                                                                                                                                                                                                                                                                                                                                                                                                                                                                                                                                                                                                                                                                                                                                                                                                                                   ^

/root/autodl-tmp/graduation_project/build_rxmesh_dynamic_20260908_141858/source/include/rxmesh/query.cu(118): warning #20037-D: a __device__ function("rxmesh::Query<blockThreads>::prologue [with blockThreads=512U, op=rxmesh::Op::EF]") redeclared without __device__, hence treated as a __host__ __device__ function
  template void Query<512>::prologue<Op::V>( cooperative_groups::thread_block&, ShmemAllocator&, const bool, const bool); template void Query<512>::prologue<Op::E>( cooperative_groups::thread_block&, ShmemAllocator&, const bool, const bool); template void Query<512>::prologue<Op::F>( cooperative_groups::thread_block&, ShmemAllocator&, const bool, const bool); template void Query<512>::prologue<Op::VV>( cooperative_groups::thread_block&, ShmemAllocator&, const bool, const bool); template void Query<512>::prologue<Op::VE>( cooperative_groups::thread_block&, ShmemAllocator&, const bool, const bool); template void Query<512>::prologue<Op::VF>( cooperative_groups::thread_block&, ShmemAllocator&, const bool, const bool); template void Query<512>::prologue<Op::FV>( cooperative_groups::thread_block&, ShmemAllocator&, const bool, const bool); template void Query<512>::prologue<Op::FE>( cooperative_groups::thread_block&, ShmemAllocator&, const bool, const bool); template void Query<512>::prologue<Op::FF>( cooperative_groups::thread_block&, ShmemAllocator&, const bool, const bool); template void Query<512>::prologue<Op::EV>( cooperative_groups::thread_block&, ShmemAllocator&, const bool, const bool); template void Query<512>::prologue<Op::EE>( cooperative_groups::thread_block&, ShmemAllocator&, const bool, const bool); template void Query<512>::prologue<Op::EF>( cooperative_groups::thread_block&, ShmemAllocator&, const bool, const bool); template void Query<512>::prologue<Op::EVDiamond>( cooperative_groups::thread_block&, ShmemAllocator&, const bool, const bool); template void Query<512>::prologue<Op::VT>( cooperative_groups::thread_block&, ShmemAllocator&, const bool, const bool); template void Query<512>::prologue<Op::ET>( cooperative_groups::thread_block&, ShmemAllocator&, const bool, const bool); template void Query<512>::prologue<Op::FT>( cooperative_groups::thread_block&, ShmemAllocator&, const bool, const bool); template void Query<512>::prologue<Op::TV>( cooperative_groups::thread_block&, ShmemAllocator&, const bool, const bool); template void Query<512>::prologue<Op::TE>( cooperative_groups::thread_block&, ShmemAllocator&, const bool, const bool); template void Query<512>::prologue<Op::TF>( cooperative_groups::thread_block&, ShmemAllocator&, const bool, const bool);
                                                                                                                                                                                                                                                                                                                                                                                                                                                                                                                                                                                                                                                                                                                                                                                                                                                                                                                                                                                                                                                                                                                                                                                                                                                                                                                                                                                                            ^

/root/autodl-tmp/graduation_project/build_rxmesh_dynamic_20260908_141858/source/include/rxmesh/query.cu(118): warning #20037-D: a __device__ function("rxmesh::Query<blockThreads>::prologue [with blockThreads=512U, op=rxmesh::Op::EVDiamond]") redeclared without __device__, hence treated as a __host__ __device__ function
  template void Query<512>::prologue<Op::V>( cooperative_groups::thread_block&, ShmemAllocator&, const bool, const bool); template void Query<512>::prologue<Op::E>( cooperative_groups::thread_block&, ShmemAllocator&, const bool, const bool); template void Query<512>::prologue<Op::F>( cooperative_groups::thread_block&, ShmemAllocator&, const bool, const bool); template void Query<512>::prologue<Op::VV>( cooperative_groups::thread_block&, ShmemAllocator&, const bool, const bool); template void Query<512>::prologue<Op::VE>( cooperative_groups::thread_block&, ShmemAllocator&, const bool, const bool); template void Query<512>::prologue<Op::VF>( cooperative_groups::thread_block&, ShmemAllocator&, const bool, const bool); template void Query<512>::prologue<Op::FV>( cooperative_groups::thread_block&, ShmemAllocator&, const bool, const bool); template void Query<512>::prologue<Op::FE>( cooperative_groups::thread_block&, ShmemAllocator&, const bool, const bool); template void Query<512>::prologue<Op::FF>( cooperative_groups::thread_block&, ShmemAllocator&, const bool, const bool); template void Query<512>::prologue<Op::EV>( cooperative_groups::thread_block&, ShmemAllocator&, const bool, const bool); template void Query<512>::prologue<Op::EE>( cooperative_groups::thread_block&, ShmemAllocator&, const bool, const bool); template void Query<512>::prologue<Op::EF>( cooperative_groups::thread_block&, ShmemAllocator&, const bool, const bool); template void Query<512>::prologue<Op::EVDiamond>( cooperative_groups::thread_block&, ShmemAllocator&, const bool, const bool); template void Query<512>::prologue<Op::VT>( cooperative_groups::thread_block&, ShmemAllocator&, const bool, const bool); template void Query<512>::prologue<Op::ET>( cooperative_groups::thread_block&, ShmemAllocator&, const bool, const bool); template void Query<512>::prologue<Op::FT>( cooperative_groups::thread_block&, ShmemAllocator&, const bool, const bool); template void Query<512>::prologue<Op::TV>( cooperative_groups::thread_block&, ShmemAllocator&, const bool, const bool); template void Query<512>::prologue<Op::TE>( cooperative_groups::thread_block&, ShmemAllocator&, const bool, const bool); template void Query<512>::prologue<Op::TF>( cooperative_groups::thread_block&, ShmemAllocator&, const bool, const bool);
                                                                                                                                                                                                                                                                                                                                                                                                                                                                                                                                                                                                                                                                                                                                                                                                                                                                                                                                                                                                                                                                                                                                                                                                                                                                                                                                                                                                                                                                                                                                     ^

/root/autodl-tmp/graduation_project/build_rxmesh_dynamic_20260908_141858/source/include/rxmesh/query.cu(118): warning #20037-D: a __device__ function("rxmesh::Query<blockThreads>::prologue [with blockThreads=512U, op=rxmesh::Op::VT]") redeclared without __device__, hence treated as a __host__ __device__ function
  template void Query<512>::prologue<Op::V>( cooperative_groups::thread_block&, ShmemAllocator&, const bool, const bool); template void Query<512>::prologue<Op::E>( cooperative_groups::thread_block&, ShmemAllocator&, const bool, const bool); template void Query<512>::prologue<Op::F>( cooperative_groups::thread_block&, ShmemAllocator&, const bool, const bool); template void Query<512>::prologue<Op::VV>( cooperative_groups::thread_block&, ShmemAllocator&, const bool, const bool); template void Query<512>::prologue<Op::VE>( cooperative_groups::thread_block&, ShmemAllocator&, const bool, const bool); template void Query<512>::prologue<Op::VF>( cooperative_groups::thread_block&, ShmemAllocator&, const bool, const bool); template void Query<512>::prologue<Op::FV>( cooperative_groups::thread_block&, ShmemAllocator&, const bool, const bool); template void Query<512>::prologue<Op::FE>( cooperative_groups::thread_block&, ShmemAllocator&, const bool, const bool); template void Query<512>::prologue<Op::FF>( cooperative_groups::thread_block&, ShmemAllocator&, const bool, const bool); template void Query<512>::prologue<Op::EV>( cooperative_groups::thread_block&, ShmemAllocator&, const bool, const bool); template void Query<512>::prologue<Op::EE>( cooperative_groups::thread_block&, ShmemAllocator&, const bool, const bool); template void Query<512>::prologue<Op::EF>( cooperative_groups::thread_block&, ShmemAllocator&, const bool, const bool); template void Query<512>::prologue<Op::EVDiamond>( cooperative_groups::thread_block&, ShmemAllocator&, const bool, const bool); template void Query<512>::prologue<Op::VT>( cooperative_groups::thread_block&, ShmemAllocator&, const bool, const bool); template void Query<512>::prologue<Op::ET>( cooperative_groups::thread_block&, ShmemAllocator&, const bool, const bool); template void Query<512>::prologue<Op::FT>( cooperative_groups::thread_block&, ShmemAllocator&, const bool, const bool); template void Query<512>::prologue<Op::TV>( cooperative_groups::thread_block&, ShmemAllocator&, const bool, const bool); template void Query<512>::prologue<Op::TE>( cooperative_groups::thread_block&, ShmemAllocator&, const bool, const bool); template void Query<512>::prologue<Op::TF>( cooperative_groups::thread_block&, ShmemAllocator&, const bool, const bool);
                                                                                                                                                                                                                                                                                                                                                                                                                                                                                                                                                                                                                                                                                                                                                                                                                                                                                                                                                                                                                                                                                                                                                                                                                                                                                                                                                                                                                                                                                                                                                                                                                                                                     ^

/root/autodl-tmp/graduation_project/build_rxmesh_dynamic_20260908_141858/source/include/rxmesh/query.cu(118): warning #20037-D: a __device__ function("rxmesh::Query<blockThreads>::prologue [with blockThreads=512U, op=rxmesh::Op::ET]") redeclared without __device__, hence treated as a __host__ __device__ function
  template void Query<512>::prologue<Op::V>( cooperative_groups::thread_block&, ShmemAllocator&, const bool, const bool); template void Query<512>::prologue<Op::E>( cooperative_groups::thread_block&, ShmemAllocator&, const bool, const bool); template void Query<512>::prologue<Op::F>( cooperative_groups::thread_block&, ShmemAllocator&, const bool, const bool); template void Query<512>::prologue<Op::VV>( cooperative_groups::thread_block&, ShmemAllocator&, const bool, const bool); template void Query<512>::prologue<Op::VE>( cooperative_groups::thread_block&, ShmemAllocator&, const bool, const bool); template void Query<512>::prologue<Op::VF>( cooperative_groups::thread_block&, ShmemAllocator&, const bool, const bool); template void Query<512>::prologue<Op::FV>( cooperative_groups::thread_block&, ShmemAllocator&, const bool, const bool); template void Query<512>::prologue<Op::FE>( cooperative_groups::thread_block&, ShmemAllocator&, const bool, const bool); template void Query<512>::prologue<Op::FF>( cooperative_groups::thread_block&, ShmemAllocator&, const bool, const bool); template void Query<512>::prologue<Op::EV>( cooperative_groups::thread_block&, ShmemAllocator&, const bool, const bool); template void Query<512>::prologue<Op::EE>( cooperative_groups::thread_block&, ShmemAllocator&, const bool, const bool); template void Query<512>::prologue<Op::EF>( cooperative_groups::thread_block&, ShmemAllocator&, const bool, const bool); template void Query<512>::prologue<Op::EVDiamond>( cooperative_groups::thread_block&, ShmemAllocator&, const bool, const bool); template void Query<512>::prologue<Op::VT>( cooperative_groups::thread_block&, ShmemAllocator&, const bool, const bool); template void Query<512>::prologue<Op::ET>( cooperative_groups::thread_block&, ShmemAllocator&, const bool, const bool); template void Query<512>::prologue<Op::FT>( cooperative_groups::thread_block&, ShmemAllocator&, const bool, const bool); template void Query<512>::prologue<Op::TV>( cooperative_groups::thread_block&, ShmemAllocator&, const bool, const bool); template void Query<512>::prologue<Op::TE>( cooperative_groups::thread_block&, ShmemAllocator&, const bool, const bool); template void Query<512>::prologue<Op::TF>( cooperative_groups::thread_block&, ShmemAllocator&, const bool, const bool);
                                                                                                                                                                                                                                                                                                                                                                                                                                                                                                                                                                                                                                                                                                                                                                                                                                                                                                                                                                                                                                                                                                                                                                                                                                                                                                                                                                                                                                                                                                                                                                                                                                                                                                                                                                                              ^

/root/autodl-tmp/graduation_project/build_rxmesh_dynamic_20260908_141858/source/include/rxmesh/query.cu(118): warning #20037-D: a __device__ function("rxmesh::Query<blockThreads>::prologue [with blockThreads=512U, op=rxmesh::Op::FT]") redeclared without __device__, hence treated as a __host__ __device__ function
  template void Query<512>::prologue<Op::V>( cooperative_groups::thread_block&, ShmemAllocator&, const bool, const bool); template void Query<512>::prologue<Op::E>( cooperative_groups::thread_block&, ShmemAllocator&, const bool, const bool); template void Query<512>::prologue<Op::F>( cooperative_groups::thread_block&, ShmemAllocator&, const bool, const bool); template void Query<512>::prologue<Op::VV>( cooperative_groups::thread_block&, ShmemAllocator&, const bool, const bool); template void Query<512>::prologue<Op::VE>( cooperative_groups::thread_block&, ShmemAllocator&, const bool, const bool); template void Query<512>::prologue<Op::VF>( cooperative_groups::thread_block&, ShmemAllocator&, const bool, const bool); template void Query<512>::prologue<Op::FV>( cooperative_groups::thread_block&, ShmemAllocator&, const bool, const bool); template void Query<512>::prologue<Op::FE>( cooperative_groups::thread_block&, ShmemAllocator&, const bool, const bool); template void Query<512>::prologue<Op::FF>( cooperative_groups::thread_block&, ShmemAllocator&, const bool, const bool); template void Query<512>::prologue<Op::EV>( cooperative_groups::thread_block&, ShmemAllocator&, const bool, const bool); template void Query<512>::prologue<Op::EE>( cooperative_groups::thread_block&, ShmemAllocator&, const bool, const bool); template void Query<512>::prologue<Op::EF>( cooperative_groups::thread_block&, ShmemAllocator&, const bool, const bool); template void Query<512>::prologue<Op::EVDiamond>( cooperative_groups::thread_block&, ShmemAllocator&, const bool, const bool); template void Query<512>::prologue<Op::VT>( cooperative_groups::thread_block&, ShmemAllocator&, const bool, const bool); template void Query<512>::prologue<Op::ET>( cooperative_groups::thread_block&, ShmemAllocator&, const bool, const bool); template void Query<512>::prologue<Op::FT>( cooperative_groups::thread_block&, ShmemAllocator&, const bool, const bool); template void Query<512>::prologue<Op::TV>( cooperative_groups::thread_block&, ShmemAllocator&, const bool, const bool); template void Query<512>::prologue<Op::TE>( cooperative_groups::thread_block&, ShmemAllocator&, const bool, const bool); template void Query<512>::prologue<Op::TF>( cooperative_groups::thread_block&, ShmemAllocator&, const bool, const bool);
                                                                                                                                                                                                                                                                                                                                                                                                                                                                                                                                                                                                                                                                                                                                                                                                                                                                                                                                                                                                                                                                                                                                                                                                                                                                                                                                                                                                                                                                                                                                                                                                                                                                                                                                                                                                                                                                                                                       ^

/root/autodl-tmp/graduation_project/build_rxmesh_dynamic_20260908_141858/source/include/rxmesh/query.cu(118): warning #20037-D: a __device__ function("rxmesh::Query<blockThreads>::prologue [with blockThreads=512U, op=rxmesh::Op::TV]") redeclared without __device__, hence treated as a __host__ __device__ function
  template void Query<512>::prologue<Op::V>( cooperative_groups::thread_block&, ShmemAllocator&, const bool, const bool); template void Query<512>::prologue<Op::E>( cooperative_groups::thread_block&, ShmemAllocator&, const bool, const bool); template void Query<512>::prologue<Op::F>( cooperative_groups::thread_block&, ShmemAllocator&, const bool, const bool); template void Query<512>::prologue<Op::VV>( cooperative_groups::thread_block&, ShmemAllocator&, const bool, const bool); template void Query<512>::prologue<Op::VE>( cooperative_groups::thread_block&, ShmemAllocator&, const bool, const bool); template void Query<512>::prologue<Op::VF>( cooperative_groups::thread_block&, ShmemAllocator&, const bool, const bool); template void Query<512>::prologue<Op::FV>( cooperative_groups::thread_block&, ShmemAllocator&, const bool, const bool); template void Query<512>::prologue<Op::FE>( cooperative_groups::thread_block&, ShmemAllocator&, const bool, const bool); template void Query<512>::prologue<Op::FF>( cooperative_groups::thread_block&, ShmemAllocator&, const bool, const bool); template void Query<512>::prologue<Op::EV>( cooperative_groups::thread_block&, ShmemAllocator&, const bool, const bool); template void Query<512>::prologue<Op::EE>( cooperative_groups::thread_block&, ShmemAllocator&, const bool, const bool); template void Query<512>::prologue<Op::EF>( cooperative_groups::thread_block&, ShmemAllocator&, const bool, const bool); template void Query<512>::prologue<Op::EVDiamond>( cooperative_groups::thread_block&, ShmemAllocator&, const bool, const bool); template void Query<512>::prologue<Op::VT>( cooperative_groups::thread_block&, ShmemAllocator&, const bool, const bool); template void Query<512>::prologue<Op::ET>( cooperative_groups::thread_block&, ShmemAllocator&, const bool, const bool); template void Query<512>::prologue<Op::FT>( cooperative_groups::thread_block&, ShmemAllocator&, const bool, const bool); template void Query<512>::prologue<Op::TV>( cooperative_groups::thread_block&, ShmemAllocator&, const bool, const bool); template void Query<512>::prologue<Op::TE>( cooperative_groups::thread_block&, ShmemAllocator&, const bool, const bool); template void Query<512>::prologue<Op::TF>( cooperative_groups::thread_block&, ShmemAllocator&, const bool, const bool);
                                                                                                                                                                                                                                                                                                                                                                                                                                                                                                                                                                                                                                                                                                                                                                                                                                                                                                                                                                                                                                                                                                                                                                                                                                                                                                                                                                                                                                                                                                                                                                                                                                                                                                                                                                                                                                                                                                                                                                                                                                                ^

/root/autodl-tmp/graduation_project/build_rxmesh_dynamic_20260908_141858/source/include/rxmesh/query.cu(118): warning #20037-D: a __device__ function("rxmesh::Query<blockThreads>::prologue [with blockThreads=512U, op=rxmesh::Op::TE]") redeclared without __device__, hence treated as a __host__ __device__ function
  template void Query<512>::prologue<Op::V>( cooperative_groups::thread_block&, ShmemAllocator&, const bool, const bool); template void Query<512>::prologue<Op::E>( cooperative_groups::thread_block&, ShmemAllocator&, const bool, const bool); template void Query<512>::prologue<Op::F>( cooperative_groups::thread_block&, ShmemAllocator&, const bool, const bool); template void Query<512>::prologue<Op::VV>( cooperative_groups::thread_block&, ShmemAllocator&, const bool, const bool); template void Query<512>::prologue<Op::VE>( cooperative_groups::thread_block&, ShmemAllocator&, const bool, const bool); template void Query<512>::prologue<Op::VF>( cooperative_groups::thread_block&, ShmemAllocator&, const bool, const bool); template void Query<512>::prologue<Op::FV>( cooperative_groups::thread_block&, ShmemAllocator&, const bool, const bool); template void Query<512>::prologue<Op::FE>( cooperative_groups::thread_block&, ShmemAllocator&, const bool, const bool); template void Query<512>::prologue<Op::FF>( cooperative_groups::thread_block&, ShmemAllocator&, const bool, const bool); template void Query<512>::prologue<Op::EV>( cooperative_groups::thread_block&, ShmemAllocator&, const bool, const bool); template void Query<512>::prologue<Op::EE>( cooperative_groups::thread_block&, ShmemAllocator&, const bool, const bool); template void Query<512>::prologue<Op::EF>( cooperative_groups::thread_block&, ShmemAllocator&, const bool, const bool); template void Query<512>::prologue<Op::EVDiamond>( cooperative_groups::thread_block&, ShmemAllocator&, const bool, const bool); template void Query<512>::prologue<Op::VT>( cooperative_groups::thread_block&, ShmemAllocator&, const bool, const bool); template void Query<512>::prologue<Op::ET>( cooperative_groups::thread_block&, ShmemAllocator&, const bool, const bool); template void Query<512>::prologue<Op::FT>( cooperative_groups::thread_block&, ShmemAllocator&, const bool, const bool); template void Query<512>::prologue<Op::TV>( cooperative_groups::thread_block&, ShmemAllocator&, const bool, const bool); template void Query<512>::prologue<Op::TE>( cooperative_groups::thread_block&, ShmemAllocator&, const bool, const bool); template void Query<512>::prologue<Op::TF>( cooperative_groups::thread_block&, ShmemAllocator&, const bool, const bool);
                                                                                                                                                                                                                                                                                                                                                                                                                                                                                                                                                                                                                                                                                                                                                                                                                                                                                                                                                                                                                                                                                                                                                                                                                                                                                                                                                                                                                                                                                                                                                                                                                                                                                                                                                                                                                                                                                                                                                                                                                                                                                                                                                                         ^

/root/autodl-tmp/graduation_project/build_rxmesh_dynamic_20260908_141858/source/include/rxmesh/query.cu(118): warning #20037-D: a __device__ function("rxmesh::Query<blockThreads>::prologue [with blockThreads=512U, op=rxmesh::Op::TF]") redeclared without __device__, hence treated as a __host__ __device__ function
  template void Query<512>::prologue<Op::V>( cooperative_groups::thread_block&, ShmemAllocator&, const bool, const bool); template void Query<512>::prologue<Op::E>( cooperative_groups::thread_block&, ShmemAllocator&, const bool, const bool); template void Query<512>::prologue<Op::F>( cooperative_groups::thread_block&, ShmemAllocator&, const bool, const bool); template void Query<512>::prologue<Op::VV>( cooperative_groups::thread_block&, ShmemAllocator&, const bool, const bool); template void Query<512>::prologue<Op::VE>( cooperative_groups::thread_block&, ShmemAllocator&, const bool, const bool); template void Query<512>::prologue<Op::VF>( cooperative_groups::thread_block&, ShmemAllocator&, const bool, const bool); template void Query<512>::prologue<Op::FV>( cooperative_groups::thread_block&, ShmemAllocator&, const bool, const bool); template void Query<512>::prologue<Op::FE>( cooperative_groups::thread_block&, ShmemAllocator&, const bool, const bool); template void Query<512>::prologue<Op::FF>( cooperative_groups::thread_block&, ShmemAllocator&, const bool, const bool); template void Query<512>::prologue<Op::EV>( cooperative_groups::thread_block&, ShmemAllocator&, const bool, const bool); template void Query<512>::prologue<Op::EE>( cooperative_groups::thread_block&, ShmemAllocator&, const bool, const bool); template void Query<512>::prologue<Op::EF>( cooperative_groups::thread_block&, ShmemAllocator&, const bool, const bool); template void Query<512>::prologue<Op::EVDiamond>( cooperative_groups::thread_block&, ShmemAllocator&, const bool, const bool); template void Query<512>::prologue<Op::VT>( cooperative_groups::thread_block&, ShmemAllocator&, const bool, const bool); template void Query<512>::prologue<Op::ET>( cooperative_groups::thread_block&, ShmemAllocator&, const bool, const bool); template void Query<512>::prologue<Op::FT>( cooperative_groups::thread_block&, ShmemAllocator&, const bool, const bool); template void Query<512>::prologue<Op::TV>( cooperative_groups::thread_block&, ShmemAllocator&, const bool, const bool); template void Query<512>::prologue<Op::TE>( cooperative_groups::thread_block&, ShmemAllocator&, const bool, const bool); template void Query<512>::prologue<Op::TF>( cooperative_groups::thread_block&, ShmemAllocator&, const bool, const bool);
                                                                                                                                                                                                                                                                                                                                                                                                                                                                                                                                                                                                                                                                                                                                                                                                                                                                                                                                                                                                                                                                                                                                                                                                                                                                                                                                                                                                                                                                                                                                                                                                                                                                                                                                                                                                                                                                                                                                                                                                                                                                                                                                                                                                                                                                                                  ^

/root/autodl-tmp/graduation_project/build_rxmesh_dynamic_20260908_141858/source/include/rxmesh/query.cu(119): warning #20037-D: a __device__ function("rxmesh::Query<blockThreads>::prologue [with blockThreads=768U, op=rxmesh::Op::V]") redeclared without __device__, hence treated as a __host__ __device__ function
  template void Query<768>::prologue<Op::V>( cooperative_groups::thread_block&, ShmemAllocator&, const bool, const bool); template void Query<768>::prologue<Op::E>( cooperative_groups::thread_block&, ShmemAllocator&, const bool, const bool); template void Query<768>::prologue<Op::F>( cooperative_groups::thread_block&, ShmemAllocator&, const bool, const bool); template void Query<768>::prologue<Op::VV>( cooperative_groups::thread_block&, ShmemAllocator&, const bool, const bool); template void Query<768>::prologue<Op::VE>( cooperative_groups::thread_block&, ShmemAllocator&, const bool, const bool); template void Query<768>::prologue<Op::VF>( cooperative_groups::thread_block&, ShmemAllocator&, const bool, const bool); template void Query<768>::prologue<Op::FV>( cooperative_groups::thread_block&, ShmemAllocator&, const bool, const bool); template void Query<768>::prologue<Op::FE>( cooperative_groups::thread_block&, ShmemAllocator&, const bool, const bool); template void Query<768>::prologue<Op::FF>( cooperative_groups::thread_block&, ShmemAllocator&, const bool, const bool); template void Query<768>::prologue<Op::EV>( cooperative_groups::thread_block&, ShmemAllocator&, const bool, const bool); template void Query<768>::prologue<Op::EE>( cooperative_groups::thread_block&, ShmemAllocator&, const bool, const bool); template void Query<768>::prologue<Op::EF>( cooperative_groups::thread_block&, ShmemAllocator&, const bool, const bool); template void Query<768>::prologue<Op::EVDiamond>( cooperative_groups::thread_block&, ShmemAllocator&, const bool, const bool); template void Query<768>::prologue<Op::VT>( cooperative_groups::thread_block&, ShmemAllocator&, const bool, const bool); template void Query<768>::prologue<Op::ET>( cooperative_groups::thread_block&, ShmemAllocator&, const bool, const bool); template void Query<768>::prologue<Op::FT>( cooperative_groups::thread_block&, ShmemAllocator&, const bool, const bool); template void Query<768>::prologue<Op::TV>( cooperative_groups::thread_block&, ShmemAllocator&, const bool, const bool); template void Query<768>::prologue<Op::TE>( cooperative_groups::thread_block&, ShmemAllocator&, const bool, const bool); template void Query<768>::prologue<Op::TF>( cooperative_groups::thread_block&, ShmemAllocator&, const bool, const bool);
                            ^

/root/autodl-tmp/graduation_project/build_rxmesh_dynamic_20260908_141858/source/include/rxmesh/query.cu(119): warning #20037-D: a __device__ function("rxmesh::Query<blockThreads>::prologue [with blockThreads=768U, op=rxmesh::Op::E]") redeclared without __device__, hence treated as a __host__ __device__ function
  template void Query<768>::prologue<Op::V>( cooperative_groups::thread_block&, ShmemAllocator&, const bool, const bool); template void Query<768>::prologue<Op::E>( cooperative_groups::thread_block&, ShmemAllocator&, const bool, const bool); template void Query<768>::prologue<Op::F>( cooperative_groups::thread_block&, ShmemAllocator&, const bool, const bool); template void Query<768>::prologue<Op::VV>( cooperative_groups::thread_block&, ShmemAllocator&, const bool, const bool); template void Query<768>::prologue<Op::VE>( cooperative_groups::thread_block&, ShmemAllocator&, const bool, const bool); template void Query<768>::prologue<Op::VF>( cooperative_groups::thread_block&, ShmemAllocator&, const bool, const bool); template void Query<768>::prologue<Op::FV>( cooperative_groups::thread_block&, ShmemAllocator&, const bool, const bool); template void Query<768>::prologue<Op::FE>( cooperative_groups::thread_block&, ShmemAllocator&, const bool, const bool); template void Query<768>::prologue<Op::FF>( cooperative_groups::thread_block&, ShmemAllocator&, const bool, const bool); template void Query<768>::prologue<Op::EV>( cooperative_groups::thread_block&, ShmemAllocator&, const bool, const bool); template void Query<768>::prologue<Op::EE>( cooperative_groups::thread_block&, ShmemAllocator&, const bool, const bool); template void Query<768>::prologue<Op::EF>( cooperative_groups::thread_block&, ShmemAllocator&, const bool, const bool); template void Query<768>::prologue<Op::EVDiamond>( cooperative_groups::thread_block&, ShmemAllocator&, const bool, const bool); template void Query<768>::prologue<Op::VT>( cooperative_groups::thread_block&, ShmemAllocator&, const bool, const bool); template void Query<768>::prologue<Op::ET>( cooperative_groups::thread_block&, ShmemAllocator&, const bool, const bool); template void Query<768>::prologue<Op::FT>( cooperative_groups::thread_block&, ShmemAllocator&, const bool, const bool); template void Query<768>::prologue<Op::TV>( cooperative_groups::thread_block&, ShmemAllocator&, const bool, const bool); template void Query<768>::prologue<Op::TE>( cooperative_groups::thread_block&, ShmemAllocator&, const bool, const bool); template void Query<768>::prologue<Op::TF>( cooperative_groups::thread_block&, ShmemAllocator&, const bool, const bool);
                                                                                                                                                    ^

/root/autodl-tmp/graduation_project/build_rxmesh_dynamic_20260908_141858/source/include/rxmesh/query.cu(119): warning #20037-D: a __device__ function("rxmesh::Query<blockThreads>::prologue [with blockThreads=768U, op=rxmesh::Op::F]") redeclared without __device__, hence treated as a __host__ __device__ function
  template void Query<768>::prologue<Op::V>( cooperative_groups::thread_block&, ShmemAllocator&, const bool, const bool); template void Query<768>::prologue<Op::E>( cooperative_groups::thread_block&, ShmemAllocator&, const bool, const bool); template void Query<768>::prologue<Op::F>( cooperative_groups::thread_block&, ShmemAllocator&, const bool, const bool); template void Query<768>::prologue<Op::VV>( cooperative_groups::thread_block&, ShmemAllocator&, const bool, const bool); template void Query<768>::prologue<Op::VE>( cooperative_groups::thread_block&, ShmemAllocator&, const bool, const bool); template void Query<768>::prologue<Op::VF>( cooperative_groups::thread_block&, ShmemAllocator&, const bool, const bool); template void Query<768>::prologue<Op::FV>( cooperative_groups::thread_block&, ShmemAllocator&, const bool, const bool); template void Query<768>::prologue<Op::FE>( cooperative_groups::thread_block&, ShmemAllocator&, const bool, const bool); template void Query<768>::prologue<Op::FF>( cooperative_groups::thread_block&, ShmemAllocator&, const bool, const bool); template void Query<768>::prologue<Op::EV>( cooperative_groups::thread_block&, ShmemAllocator&, const bool, const bool); template void Query<768>::prologue<Op::EE>( cooperative_groups::thread_block&, ShmemAllocator&, const bool, const bool); template void Query<768>::prologue<Op::EF>( cooperative_groups::thread_block&, ShmemAllocator&, const bool, const bool); template void Query<768>::prologue<Op::EVDiamond>( cooperative_groups::thread_block&, ShmemAllocator&, const bool, const bool); template void Query<768>::prologue<Op::VT>( cooperative_groups::thread_block&, ShmemAllocator&, const bool, const bool); template void Query<768>::prologue<Op::ET>( cooperative_groups::thread_block&, ShmemAllocator&, const bool, const bool); template void Query<768>::prologue<Op::FT>( cooperative_groups::thread_block&, ShmemAllocator&, const bool, const bool); template void Query<768>::prologue<Op::TV>( cooperative_groups::thread_block&, ShmemAllocator&, const bool, const bool); template void Query<768>::prologue<Op::TE>( cooperative_groups::thread_block&, ShmemAllocator&, const bool, const bool); template void Query<768>::prologue<Op::TF>( cooperative_groups::thread_block&, ShmemAllocator&, const bool, const bool);
                                                                                                                                                                                                                                                                            ^

/root/autodl-tmp/graduation_project/build_rxmesh_dynamic_20260908_141858/source/include/rxmesh/query.cu(119): warning #20037-D: a __device__ function("rxmesh::Query<blockThreads>::prologue [with blockThreads=768U, op=rxmesh::Op::VV]") redeclared without __device__, hence treated as a __host__ __device__ function
  template void Query<768>::prologue<Op::V>( cooperative_groups::thread_block&, ShmemAllocator&, const bool, const bool); template void Query<768>::prologue<Op::E>( cooperative_groups::thread_block&, ShmemAllocator&, const bool, const bool); template void Query<768>::prologue<Op::F>( cooperative_groups::thread_block&, ShmemAllocator&, const bool, const bool); template void Query<768>::prologue<Op::VV>( cooperative_groups::thread_block&, ShmemAllocator&, const bool, const bool); template void Query<768>::prologue<Op::VE>( cooperative_groups::thread_block&, ShmemAllocator&, const bool, const bool); template void Query<768>::prologue<Op::VF>( cooperative_groups::thread_block&, ShmemAllocator&, const bool, const bool); template void Query<768>::prologue<Op::FV>( cooperative_groups::thread_block&, ShmemAllocator&, const bool, const bool); template void Query<768>::prologue<Op::FE>( cooperative_groups::thread_block&, ShmemAllocator&, const bool, const bool); template void Query<768>::prologue<Op::FF>( cooperative_groups::thread_block&, ShmemAllocator&, const bool, const bool); template void Query<768>::prologue<Op::EV>( cooperative_groups::thread_block&, ShmemAllocator&, const bool, const bool); template void Query<768>::prologue<Op::EE>( cooperative_groups::thread_block&, ShmemAllocator&, const bool, const bool); template void Query<768>::prologue<Op::EF>( cooperative_groups::thread_block&, ShmemAllocator&, const bool, const bool); template void Query<768>::prologue<Op::EVDiamond>( cooperative_groups::thread_block&, ShmemAllocator&, const bool, const bool); template void Query<768>::prologue<Op::VT>( cooperative_groups::thread_block&, ShmemAllocator&, const bool, const bool); template void Query<768>::prologue<Op::ET>( cooperative_groups::thread_block&, ShmemAllocator&, const bool, const bool); template void Query<768>::prologue<Op::FT>( cooperative_groups::thread_block&, ShmemAllocator&, const bool, const bool); template void Query<768>::prologue<Op::TV>( cooperative_groups::thread_block&, ShmemAllocator&, const bool, const bool); template void Query<768>::prologue<Op::TE>( cooperative_groups::thread_block&, ShmemAllocator&, const bool, const bool); template void Query<768>::prologue<Op::TF>( cooperative_groups::thread_block&, ShmemAllocator&, const bool, const bool);
                                                                                                                                                                                                                                                                                                                                                                                                    ^

/root/autodl-tmp/graduation_project/build_rxmesh_dynamic_20260908_141858/source/include/rxmesh/query.cu(119): warning #20037-D: a __device__ function("rxmesh::Query<blockThreads>::prologue [with blockThreads=768U, op=rxmesh::Op::VE]") redeclared without __device__, hence treated as a __host__ __device__ function
  template void Query<768>::prologue<Op::V>( cooperative_groups::thread_block&, ShmemAllocator&, const bool, const bool); template void Query<768>::prologue<Op::E>( cooperative_groups::thread_block&, ShmemAllocator&, const bool, const bool); template void Query<768>::prologue<Op::F>( cooperative_groups::thread_block&, ShmemAllocator&, const bool, const bool); template void Query<768>::prologue<Op::VV>( cooperative_groups::thread_block&, ShmemAllocator&, const bool, const bool); template void Query<768>::prologue<Op::VE>( cooperative_groups::thread_block&, ShmemAllocator&, const bool, const bool); template void Query<768>::prologue<Op::VF>( cooperative_groups::thread_block&, ShmemAllocator&, const bool, const bool); template void Query<768>::prologue<Op::FV>( cooperative_groups::thread_block&, ShmemAllocator&, const bool, const bool); template void Query<768>::prologue<Op::FE>( cooperative_groups::thread_block&, ShmemAllocator&, const bool, const bool); template void Query<768>::prologue<Op::FF>( cooperative_groups::thread_block&, ShmemAllocator&, const bool, const bool); template void Query<768>::prologue<Op::EV>( cooperative_groups::thread_block&, ShmemAllocator&, const bool, const bool); template void Query<768>::prologue<Op::EE>( cooperative_groups::thread_block&, ShmemAllocator&, const bool, const bool); template void Query<768>::prologue<Op::EF>( cooperative_groups::thread_block&, ShmemAllocator&, const bool, const bool); template void Query<768>::prologue<Op::EVDiamond>( cooperative_groups::thread_block&, ShmemAllocator&, const bool, const bool); template void Query<768>::prologue<Op::VT>( cooperative_groups::thread_block&, ShmemAllocator&, const bool, const bool); template void Query<768>::prologue<Op::ET>( cooperative_groups::thread_block&, ShmemAllocator&, const bool, const bool); template void Query<768>::prologue<Op::FT>( cooperative_groups::thread_block&, ShmemAllocator&, const bool, const bool); template void Query<768>::prologue<Op::TV>( cooperative_groups::thread_block&, ShmemAllocator&, const bool, const bool); template void Query<768>::prologue<Op::TE>( cooperative_groups::thread_block&, ShmemAllocator&, const bool, const bool); template void Query<768>::prologue<Op::TF>( cooperative_groups::thread_block&, ShmemAllocator&, const bool, const bool);
                                                                                                                                                                                                                                                                                                                                                                                                                                                                                                                             ^

/root/autodl-tmp/graduation_project/build_rxmesh_dynamic_20260908_141858/source/include/rxmesh/query.cu(119): warning #20037-D: a __device__ function("rxmesh::Query<blockThreads>::prologue [with blockThreads=768U, op=rxmesh::Op::VF]") redeclared without __device__, hence treated as a __host__ __device__ function
  template void Query<768>::prologue<Op::V>( cooperative_groups::thread_block&, ShmemAllocator&, const bool, const bool); template void Query<768>::prologue<Op::E>( cooperative_groups::thread_block&, ShmemAllocator&, const bool, const bool); template void Query<768>::prologue<Op::F>( cooperative_groups::thread_block&, ShmemAllocator&, const bool, const bool); template void Query<768>::prologue<Op::VV>( cooperative_groups::thread_block&, ShmemAllocator&, const bool, const bool); template void Query<768>::prologue<Op::VE>( cooperative_groups::thread_block&, ShmemAllocator&, const bool, const bool); template void Query<768>::prologue<Op::VF>( cooperative_groups::thread_block&, ShmemAllocator&, const bool, const bool); template void Query<768>::prologue<Op::FV>( cooperative_groups::thread_block&, ShmemAllocator&, const bool, const bool); template void Query<768>::prologue<Op::FE>( cooperative_groups::thread_block&, ShmemAllocator&, const bool, const bool); template void Query<768>::prologue<Op::FF>( cooperative_groups::thread_block&, ShmemAllocator&, const bool, const bool); template void Query<768>::prologue<Op::EV>( cooperative_groups::thread_block&, ShmemAllocator&, const bool, const bool); template void Query<768>::prologue<Op::EE>( cooperative_groups::thread_block&, ShmemAllocator&, const bool, const bool); template void Query<768>::prologue<Op::EF>( cooperative_groups::thread_block&, ShmemAllocator&, const bool, const bool); template void Query<768>::prologue<Op::EVDiamond>( cooperative_groups::thread_block&, ShmemAllocator&, const bool, const bool); template void Query<768>::prologue<Op::VT>( cooperative_groups::thread_block&, ShmemAllocator&, const bool, const bool); template void Query<768>::prologue<Op::ET>( cooperative_groups::thread_block&, ShmemAllocator&, const bool, const bool); template void Query<768>::prologue<Op::FT>( cooperative_groups::thread_block&, ShmemAllocator&, const bool, const bool); template void Query<768>::prologue<Op::TV>( cooperative_groups::thread_block&, ShmemAllocator&, const bool, const bool); template void Query<768>::prologue<Op::TE>( cooperative_groups::thread_block&, ShmemAllocator&, const bool, const bool); template void Query<768>::prologue<Op::TF>( cooperative_groups::thread_block&, ShmemAllocator&, const bool, const bool);
                                                                                                                                                                                                                                                                                                                                                                                                                                                                                                                                                                                                                                                      ^

/root/autodl-tmp/graduation_project/build_rxmesh_dynamic_20260908_141858/source/include/rxmesh/query.cu(119): warning #20037-D: a __device__ function("rxmesh::Query<blockThreads>::prologue [with blockThreads=768U, op=rxmesh::Op::FV]") redeclared without __device__, hence treated as a __host__ __device__ function
  template void Query<768>::prologue<Op::V>( cooperative_groups::thread_block&, ShmemAllocator&, const bool, const bool); template void Query<768>::prologue<Op::E>( cooperative_groups::thread_block&, ShmemAllocator&, const bool, const bool); template void Query<768>::prologue<Op::F>( cooperative_groups::thread_block&, ShmemAllocator&, const bool, const bool); template void Query<768>::prologue<Op::VV>( cooperative_groups::thread_block&, ShmemAllocator&, const bool, const bool); template void Query<768>::prologue<Op::VE>( cooperative_groups::thread_block&, ShmemAllocator&, const bool, const bool); template void Query<768>::prologue<Op::VF>( cooperative_groups::thread_block&, ShmemAllocator&, const bool, const bool); template void Query<768>::prologue<Op::FV>( cooperative_groups::thread_block&, ShmemAllocator&, const bool, const bool); template void Query<768>::prologue<Op::FE>( cooperative_groups::thread_block&, ShmemAllocator&, const bool, const bool); template void Query<768>::prologue<Op::FF>( cooperative_groups::thread_block&, ShmemAllocator&, const bool, const bool); template void Query<768>::prologue<Op::EV>( cooperative_groups::thread_block&, ShmemAllocator&, const bool, const bool); template void Query<768>::prologue<Op::EE>( cooperative_groups::thread_block&, ShmemAllocator&, const bool, const bool); template void Query<768>::prologue<Op::EF>( cooperative_groups::thread_block&, ShmemAllocator&, const bool, const bool); template void Query<768>::prologue<Op::EVDiamond>( cooperative_groups::thread_block&, ShmemAllocator&, const bool, const bool); template void Query<768>::prologue<Op::VT>( cooperative_groups::thread_block&, ShmemAllocator&, const bool, const bool); template void Query<768>::prologue<Op::ET>( cooperative_groups::thread_block&, ShmemAllocator&, const bool, const bool); template void Query<768>::prologue<Op::FT>( cooperative_groups::thread_block&, ShmemAllocator&, const bool, const bool); template void Query<768>::prologue<Op::TV>( cooperative_groups::thread_block&, ShmemAllocator&, const bool, const bool); template void Query<768>::prologue<Op::TE>( cooperative_groups::thread_block&, ShmemAllocator&, const bool, const bool); template void Query<768>::prologue<Op::TF>( cooperative_groups::thread_block&, ShmemAllocator&, const bool, const bool);
                                                                                                                                                                                                                                                                                                                                                                                                                                                                                                                                                                                                                                                                                                                                                                               ^

/root/autodl-tmp/graduation_project/build_rxmesh_dynamic_20260908_141858/source/include/rxmesh/query.cu(119): warning #20037-D: a __device__ function("rxmesh::Query<blockThreads>::prologue [with blockThreads=768U, op=rxmesh::Op::FE]") redeclared without __device__, hence treated as a __host__ __device__ function
  template void Query<768>::prologue<Op::V>( cooperative_groups::thread_block&, ShmemAllocator&, const bool, const bool); template void Query<768>::prologue<Op::E>( cooperative_groups::thread_block&, ShmemAllocator&, const bool, const bool); template void Query<768>::prologue<Op::F>( cooperative_groups::thread_block&, ShmemAllocator&, const bool, const bool); template void Query<768>::prologue<Op::VV>( cooperative_groups::thread_block&, ShmemAllocator&, const bool, const bool); template void Query<768>::prologue<Op::VE>( cooperative_groups::thread_block&, ShmemAllocator&, const bool, const bool); template void Query<768>::prologue<Op::VF>( cooperative_groups::thread_block&, ShmemAllocator&, const bool, const bool); template void Query<768>::prologue<Op::FV>( cooperative_groups::thread_block&, ShmemAllocator&, const bool, const bool); template void Query<768>::prologue<Op::FE>( cooperative_groups::thread_block&, ShmemAllocator&, const bool, const bool); template void Query<768>::prologue<Op::FF>( cooperative_groups::thread_block&, ShmemAllocator&, const bool, const bool); template void Query<768>::prologue<Op::EV>( cooperative_groups::thread_block&, ShmemAllocator&, const bool, const bool); template void Query<768>::prologue<Op::EE>( cooperative_groups::thread_block&, ShmemAllocator&, const bool, const bool); template void Query<768>::prologue<Op::EF>( cooperative_groups::thread_block&, ShmemAllocator&, const bool, const bool); template void Query<768>::prologue<Op::EVDiamond>( cooperative_groups::thread_block&, ShmemAllocator&, const bool, const bool); template void Query<768>::prologue<Op::VT>( cooperative_groups::thread_block&, ShmemAllocator&, const bool, const bool); template void Query<768>::prologue<Op::ET>( cooperative_groups::thread_block&, ShmemAllocator&, const bool, const bool); template void Query<768>::prologue<Op::FT>( cooperative_groups::thread_block&, ShmemAllocator&, const bool, const bool); template void Query<768>::prologue<Op::TV>( cooperative_groups::thread_block&, ShmemAllocator&, const bool, const bool); template void Query<768>::prologue<Op::TE>( cooperative_groups::thread_block&, ShmemAllocator&, const bool, const bool); template void Query<768>::prologue<Op::TF>( cooperative_groups::thread_block&, ShmemAllocator&, const bool, const bool);
                                                                                                                                                                                                                                                                                                                                                                                                                                                                                                                                                                                                                                                                                                                                                                                                                                                                                                        ^

/root/autodl-tmp/graduation_project/build_rxmesh_dynamic_20260908_141858/source/include/rxmesh/query.cu(119): warning #20037-D: a __device__ function("rxmesh::Query<blockThreads>::prologue [with blockThreads=768U, op=rxmesh::Op::FF]") redeclared without __device__, hence treated as a __host__ __device__ function
  template void Query<768>::prologue<Op::V>( cooperative_groups::thread_block&, ShmemAllocator&, const bool, const bool); template void Query<768>::prologue<Op::E>( cooperative_groups::thread_block&, ShmemAllocator&, const bool, const bool); template void Query<768>::prologue<Op::F>( cooperative_groups::thread_block&, ShmemAllocator&, const bool, const bool); template void Query<768>::prologue<Op::VV>( cooperative_groups::thread_block&, ShmemAllocator&, const bool, const bool); template void Query<768>::prologue<Op::VE>( cooperative_groups::thread_block&, ShmemAllocator&, const bool, const bool); template void Query<768>::prologue<Op::VF>( cooperative_groups::thread_block&, ShmemAllocator&, const bool, const bool); template void Query<768>::prologue<Op::FV>( cooperative_groups::thread_block&, ShmemAllocator&, const bool, const bool); template void Query<768>::prologue<Op::FE>( cooperative_groups::thread_block&, ShmemAllocator&, const bool, const bool); template void Query<768>::prologue<Op::FF>( cooperative_groups::thread_block&, ShmemAllocator&, const bool, const bool); template void Query<768>::prologue<Op::EV>( cooperative_groups::thread_block&, ShmemAllocator&, const bool, const bool); template void Query<768>::prologue<Op::EE>( cooperative_groups::thread_block&, ShmemAllocator&, const bool, const bool); template void Query<768>::prologue<Op::EF>( cooperative_groups::thread_block&, ShmemAllocator&, const bool, const bool); template void Query<768>::prologue<Op::EVDiamond>( cooperative_groups::thread_block&, ShmemAllocator&, const bool, const bool); template void Query<768>::prologue<Op::VT>( cooperative_groups::thread_block&, ShmemAllocator&, const bool, const bool); template void Query<768>::prologue<Op::ET>( cooperative_groups::thread_block&, ShmemAllocator&, const bool, const bool); template void Query<768>::prologue<Op::FT>( cooperative_groups::thread_block&, ShmemAllocator&, const bool, const bool); template void Query<768>::prologue<Op::TV>( cooperative_groups::thread_block&, ShmemAllocator&, const bool, const bool); template void Query<768>::prologue<Op::TE>( cooperative_groups::thread_block&, ShmemAllocator&, const bool, const bool); template void Query<768>::prologue<Op::TF>( cooperative_groups::thread_block&, ShmemAllocator&, const bool, const bool);
                                                                                                                                                                                                                                                                                                                                                                                                                                                                                                                                                                                                                                                                                                                                                                                                                                                                                                                                                                                                                                 ^

/root/autodl-tmp/graduation_project/build_rxmesh_dynamic_20260908_141858/source/include/rxmesh/query.cu(119): warning #20037-D: a __device__ function("rxmesh::Query<blockThreads>::prologue [with blockThreads=768U, op=rxmesh::Op::EV]") redeclared without __device__, hence treated as a __host__ __device__ function
  template void Query<768>::prologue<Op::V>( cooperative_groups::thread_block&, ShmemAllocator&, const bool, const bool); template void Query<768>::prologue<Op::E>( cooperative_groups::thread_block&, ShmemAllocator&, const bool, const bool); template void Query<768>::prologue<Op::F>( cooperative_groups::thread_block&, ShmemAllocator&, const bool, const bool); template void Query<768>::prologue<Op::VV>( cooperative_groups::thread_block&, ShmemAllocator&, const bool, const bool); template void Query<768>::prologue<Op::VE>( cooperative_groups::thread_block&, ShmemAllocator&, const bool, const bool); template void Query<768>::prologue<Op::VF>( cooperative_groups::thread_block&, ShmemAllocator&, const bool, const bool); template void Query<768>::prologue<Op::FV>( cooperative_groups::thread_block&, ShmemAllocator&, const bool, const bool); template void Query<768>::prologue<Op::FE>( cooperative_groups::thread_block&, ShmemAllocator&, const bool, const bool); template void Query<768>::prologue<Op::FF>( cooperative_groups::thread_block&, ShmemAllocator&, const bool, const bool); template void Query<768>::prologue<Op::EV>( cooperative_groups::thread_block&, ShmemAllocator&, const bool, const bool); template void Query<768>::prologue<Op::EE>( cooperative_groups::thread_block&, ShmemAllocator&, const bool, const bool); template void Query<768>::prologue<Op::EF>( cooperative_groups::thread_block&, ShmemAllocator&, const bool, const bool); template void Query<768>::prologue<Op::EVDiamond>( cooperative_groups::thread_block&, ShmemAllocator&, const bool, const bool); template void Query<768>::prologue<Op::VT>( cooperative_groups::thread_block&, ShmemAllocator&, const bool, const bool); template void Query<768>::prologue<Op::ET>( cooperative_groups::thread_block&, ShmemAllocator&, const bool, const bool); template void Query<768>::prologue<Op::FT>( cooperative_groups::thread_block&, ShmemAllocator&, const bool, const bool); template void Query<768>::prologue<Op::TV>( cooperative_groups::thread_block&, ShmemAllocator&, const bool, const bool); template void Query<768>::prologue<Op::TE>( cooperative_groups::thread_block&, ShmemAllocator&, const bool, const bool); template void Query<768>::prologue<Op::TF>( cooperative_groups::thread_block&, ShmemAllocator&, const bool, const bool);
                                                                                                                                                                                                                                                                                                                                                                                                                                                                                                                                                                                                                                                                                                                                                                                                                                                                                                                                                                                                                                                                                                                                                          ^

/root/autodl-tmp/graduation_project/build_rxmesh_dynamic_20260908_141858/source/include/rxmesh/query.cu(119): warning #20037-D: a __device__ function("rxmesh::Query<blockThreads>::prologue [with blockThreads=768U, op=rxmesh::Op::EE]") redeclared without __device__, hence treated as a __host__ __device__ function
  template void Query<768>::prologue<Op::V>( cooperative_groups::thread_block&, ShmemAllocator&, const bool, const bool); template void Query<768>::prologue<Op::E>( cooperative_groups::thread_block&, ShmemAllocator&, const bool, const bool); template void Query<768>::prologue<Op::F>( cooperative_groups::thread_block&, ShmemAllocator&, const bool, const bool); template void Query<768>::prologue<Op::VV>( cooperative_groups::thread_block&, ShmemAllocator&, const bool, const bool); template void Query<768>::prologue<Op::VE>( cooperative_groups::thread_block&, ShmemAllocator&, const bool, const bool); template void Query<768>::prologue<Op::VF>( cooperative_groups::thread_block&, ShmemAllocator&, const bool, const bool); template void Query<768>::prologue<Op::FV>( cooperative_groups::thread_block&, ShmemAllocator&, const bool, const bool); template void Query<768>::prologue<Op::FE>( cooperative_groups::thread_block&, ShmemAllocator&, const bool, const bool); template void Query<768>::prologue<Op::FF>( cooperative_groups::thread_block&, ShmemAllocator&, const bool, const bool); template void Query<768>::prologue<Op::EV>( cooperative_groups::thread_block&, ShmemAllocator&, const bool, const bool); template void Query<768>::prologue<Op::EE>( cooperative_groups::thread_block&, ShmemAllocator&, const bool, const bool); template void Query<768>::prologue<Op::EF>( cooperative_groups::thread_block&, ShmemAllocator&, const bool, const bool); template void Query<768>::prologue<Op::EVDiamond>( cooperative_groups::thread_block&, ShmemAllocator&, const bool, const bool); template void Query<768>::prologue<Op::VT>( cooperative_groups::thread_block&, ShmemAllocator&, const bool, const bool); template void Query<768>::prologue<Op::ET>( cooperative_groups::thread_block&, ShmemAllocator&, const bool, const bool); template void Query<768>::prologue<Op::FT>( cooperative_groups::thread_block&, ShmemAllocator&, const bool, const bool); template void Query<768>::prologue<Op::TV>( cooperative_groups::thread_block&, ShmemAllocator&, const bool, const bool); template void Query<768>::prologue<Op::TE>( cooperative_groups::thread_block&, ShmemAllocator&, const bool, const bool); template void Query<768>::prologue<Op::TF>( cooperative_groups::thread_block&, ShmemAllocator&, const bool, const bool);
                                                                                                                                                                                                                                                                                                                                                                                                                                                                                                                                                                                                                                                                                                                                                                                                                                                                                                                                                                                                                                                                                                                                                                                                                                                                                   ^

/root/autodl-tmp/graduation_project/build_rxmesh_dynamic_20260908_141858/source/include/rxmesh/query.cu(119): warning #20037-D: a __device__ function("rxmesh::Query<blockThreads>::prologue [with blockThreads=768U, op=rxmesh::Op::EF]") redeclared without __device__, hence treated as a __host__ __device__ function
  template void Query<768>::prologue<Op::V>( cooperative_groups::thread_block&, ShmemAllocator&, const bool, const bool); template void Query<768>::prologue<Op::E>( cooperative_groups::thread_block&, ShmemAllocator&, const bool, const bool); template void Query<768>::prologue<Op::F>( cooperative_groups::thread_block&, ShmemAllocator&, const bool, const bool); template void Query<768>::prologue<Op::VV>( cooperative_groups::thread_block&, ShmemAllocator&, const bool, const bool); template void Query<768>::prologue<Op::VE>( cooperative_groups::thread_block&, ShmemAllocator&, const bool, const bool); template void Query<768>::prologue<Op::VF>( cooperative_groups::thread_block&, ShmemAllocator&, const bool, const bool); template void Query<768>::prologue<Op::FV>( cooperative_groups::thread_block&, ShmemAllocator&, const bool, const bool); template void Query<768>::prologue<Op::FE>( cooperative_groups::thread_block&, ShmemAllocator&, const bool, const bool); template void Query<768>::prologue<Op::FF>( cooperative_groups::thread_block&, ShmemAllocator&, const bool, const bool); template void Query<768>::prologue<Op::EV>( cooperative_groups::thread_block&, ShmemAllocator&, const bool, const bool); template void Query<768>::prologue<Op::EE>( cooperative_groups::thread_block&, ShmemAllocator&, const bool, const bool); template void Query<768>::prologue<Op::EF>( cooperative_groups::thread_block&, ShmemAllocator&, const bool, const bool); template void Query<768>::prologue<Op::EVDiamond>( cooperative_groups::thread_block&, ShmemAllocator&, const bool, const bool); template void Query<768>::prologue<Op::VT>( cooperative_groups::thread_block&, ShmemAllocator&, const bool, const bool); template void Query<768>::prologue<Op::ET>( cooperative_groups::thread_block&, ShmemAllocator&, const bool, const bool); template void Query<768>::prologue<Op::FT>( cooperative_groups::thread_block&, ShmemAllocator&, const bool, const bool); template void Query<768>::prologue<Op::TV>( cooperative_groups::thread_block&, ShmemAllocator&, const bool, const bool); template void Query<768>::prologue<Op::TE>( cooperative_groups::thread_block&, ShmemAllocator&, const bool, const bool); template void Query<768>::prologue<Op::TF>( cooperative_groups::thread_block&, ShmemAllocator&, const bool, const bool);
                                                                                                                                                                                                                                                                                                                                                                                                                                                                                                                                                                                                                                                                                                                                                                                                                                                                                                                                                                                                                                                                                                                                                                                                                                                                                                                                                                                                            ^

/root/autodl-tmp/graduation_project/build_rxmesh_dynamic_20260908_141858/source/include/rxmesh/query.cu(119): warning #20037-D: a __device__ function("rxmesh::Query<blockThreads>::prologue [with blockThreads=768U, op=rxmesh::Op::EVDiamond]") redeclared without __device__, hence treated as a __host__ __device__ function
  template void Query<768>::prologue<Op::V>( cooperative_groups::thread_block&, ShmemAllocator&, const bool, const bool); template void Query<768>::prologue<Op::E>( cooperative_groups::thread_block&, ShmemAllocator&, const bool, const bool); template void Query<768>::prologue<Op::F>( cooperative_groups::thread_block&, ShmemAllocator&, const bool, const bool); template void Query<768>::prologue<Op::VV>( cooperative_groups::thread_block&, ShmemAllocator&, const bool, const bool); template void Query<768>::prologue<Op::VE>( cooperative_groups::thread_block&, ShmemAllocator&, const bool, const bool); template void Query<768>::prologue<Op::VF>( cooperative_groups::thread_block&, ShmemAllocator&, const bool, const bool); template void Query<768>::prologue<Op::FV>( cooperative_groups::thread_block&, ShmemAllocator&, const bool, const bool); template void Query<768>::prologue<Op::FE>( cooperative_groups::thread_block&, ShmemAllocator&, const bool, const bool); template void Query<768>::prologue<Op::FF>( cooperative_groups::thread_block&, ShmemAllocator&, const bool, const bool); template void Query<768>::prologue<Op::EV>( cooperative_groups::thread_block&, ShmemAllocator&, const bool, const bool); template void Query<768>::prologue<Op::EE>( cooperative_groups::thread_block&, ShmemAllocator&, const bool, const bool); template void Query<768>::prologue<Op::EF>( cooperative_groups::thread_block&, ShmemAllocator&, const bool, const bool); template void Query<768>::prologue<Op::EVDiamond>( cooperative_groups::thread_block&, ShmemAllocator&, const bool, const bool); template void Query<768>::prologue<Op::VT>( cooperative_groups::thread_block&, ShmemAllocator&, const bool, const bool); template void Query<768>::prologue<Op::ET>( cooperative_groups::thread_block&, ShmemAllocator&, const bool, const bool); template void Query<768>::prologue<Op::FT>( cooperative_groups::thread_block&, ShmemAllocator&, const bool, const bool); template void Query<768>::prologue<Op::TV>( cooperative_groups::thread_block&, ShmemAllocator&, const bool, const bool); template void Query<768>::prologue<Op::TE>( cooperative_groups::thread_block&, ShmemAllocator&, const bool, const bool); template void Query<768>::prologue<Op::TF>( cooperative_groups::thread_block&, ShmemAllocator&, const bool, const bool);
                                                                                                                                                                                                                                                                                                                                                                                                                                                                                                                                                                                                                                                                                                                                                                                                                                                                                                                                                                                                                                                                                                                                                                                                                                                                                                                                                                                                                                                                                                                                     ^

/root/autodl-tmp/graduation_project/build_rxmesh_dynamic_20260908_141858/source/include/rxmesh/query.cu(119): warning #20037-D: a __device__ function("rxmesh::Query<blockThreads>::prologue [with blockThreads=768U, op=rxmesh::Op::VT]") redeclared without __device__, hence treated as a __host__ __device__ function
  template void Query<768>::prologue<Op::V>( cooperative_groups::thread_block&, ShmemAllocator&, const bool, const bool); template void Query<768>::prologue<Op::E>( cooperative_groups::thread_block&, ShmemAllocator&, const bool, const bool); template void Query<768>::prologue<Op::F>( cooperative_groups::thread_block&, ShmemAllocator&, const bool, const bool); template void Query<768>::prologue<Op::VV>( cooperative_groups::thread_block&, ShmemAllocator&, const bool, const bool); template void Query<768>::prologue<Op::VE>( cooperative_groups::thread_block&, ShmemAllocator&, const bool, const bool); template void Query<768>::prologue<Op::VF>( cooperative_groups::thread_block&, ShmemAllocator&, const bool, const bool); template void Query<768>::prologue<Op::FV>( cooperative_groups::thread_block&, ShmemAllocator&, const bool, const bool); template void Query<768>::prologue<Op::FE>( cooperative_groups::thread_block&, ShmemAllocator&, const bool, const bool); template void Query<768>::prologue<Op::FF>( cooperative_groups::thread_block&, ShmemAllocator&, const bool, const bool); template void Query<768>::prologue<Op::EV>( cooperative_groups::thread_block&, ShmemAllocator&, const bool, const bool); template void Query<768>::prologue<Op::EE>( cooperative_groups::thread_block&, ShmemAllocator&, const bool, const bool); template void Query<768>::prologue<Op::EF>( cooperative_groups::thread_block&, ShmemAllocator&, const bool, const bool); template void Query<768>::prologue<Op::EVDiamond>( cooperative_groups::thread_block&, ShmemAllocator&, const bool, const bool); template void Query<768>::prologue<Op::VT>( cooperative_groups::thread_block&, ShmemAllocator&, const bool, const bool); template void Query<768>::prologue<Op::ET>( cooperative_groups::thread_block&, ShmemAllocator&, const bool, const bool); template void Query<768>::prologue<Op::FT>( cooperative_groups::thread_block&, ShmemAllocator&, const bool, const bool); template void Query<768>::prologue<Op::TV>( cooperative_groups::thread_block&, ShmemAllocator&, const bool, const bool); template void Query<768>::prologue<Op::TE>( cooperative_groups::thread_block&, ShmemAllocator&, const bool, const bool); template void Query<768>::prologue<Op::TF>( cooperative_groups::thread_block&, ShmemAllocator&, const bool, const bool);
                                                                                                                                                                                                                                                                                                                                                                                                                                                                                                                                                                                                                                                                                                                                                                                                                                                                                                                                                                                                                                                                                                                                                                                                                                                                                                                                                                                                                                                                                                                                                                                                                                                                     ^

/root/autodl-tmp/graduation_project/build_rxmesh_dynamic_20260908_141858/source/include/rxmesh/query.cu(119): warning #20037-D: a __device__ function("rxmesh::Query<blockThreads>::prologue [with blockThreads=768U, op=rxmesh::Op::ET]") redeclared without __device__, hence treated as a __host__ __device__ function
  template void Query<768>::prologue<Op::V>( cooperative_groups::thread_block&, ShmemAllocator&, const bool, const bool); template void Query<768>::prologue<Op::E>( cooperative_groups::thread_block&, ShmemAllocator&, const bool, const bool); template void Query<768>::prologue<Op::F>( cooperative_groups::thread_block&, ShmemAllocator&, const bool, const bool); template void Query<768>::prologue<Op::VV>( cooperative_groups::thread_block&, ShmemAllocator&, const bool, const bool); template void Query<768>::prologue<Op::VE>( cooperative_groups::thread_block&, ShmemAllocator&, const bool, const bool); template void Query<768>::prologue<Op::VF>( cooperative_groups::thread_block&, ShmemAllocator&, const bool, const bool); template void Query<768>::prologue<Op::FV>( cooperative_groups::thread_block&, ShmemAllocator&, const bool, const bool); template void Query<768>::prologue<Op::FE>( cooperative_groups::thread_block&, ShmemAllocator&, const bool, const bool); template void Query<768>::prologue<Op::FF>( cooperative_groups::thread_block&, ShmemAllocator&, const bool, const bool); template void Query<768>::prologue<Op::EV>( cooperative_groups::thread_block&, ShmemAllocator&, const bool, const bool); template void Query<768>::prologue<Op::EE>( cooperative_groups::thread_block&, ShmemAllocator&, const bool, const bool); template void Query<768>::prologue<Op::EF>( cooperative_groups::thread_block&, ShmemAllocator&, const bool, const bool); template void Query<768>::prologue<Op::EVDiamond>( cooperative_groups::thread_block&, ShmemAllocator&, const bool, const bool); template void Query<768>::prologue<Op::VT>( cooperative_groups::thread_block&, ShmemAllocator&, const bool, const bool); template void Query<768>::prologue<Op::ET>( cooperative_groups::thread_block&, ShmemAllocator&, const bool, const bool); template void Query<768>::prologue<Op::FT>( cooperative_groups::thread_block&, ShmemAllocator&, const bool, const bool); template void Query<768>::prologue<Op::TV>( cooperative_groups::thread_block&, ShmemAllocator&, const bool, const bool); template void Query<768>::prologue<Op::TE>( cooperative_groups::thread_block&, ShmemAllocator&, const bool, const bool); template void Query<768>::prologue<Op::TF>( cooperative_groups::thread_block&, ShmemAllocator&, const bool, const bool);
                                                                                                                                                                                                                                                                                                                                                                                                                                                                                                                                                                                                                                                                                                                                                                                                                                                                                                                                                                                                                                                                                                                                                                                                                                                                                                                                                                                                                                                                                                                                                                                                                                                                                                                                                                                              ^

/root/autodl-tmp/graduation_project/build_rxmesh_dynamic_20260908_141858/source/include/rxmesh/query.cu(119): warning #20037-D: a __device__ function("rxmesh::Query<blockThreads>::prologue [with blockThreads=768U, op=rxmesh::Op::FT]") redeclared without __device__, hence treated as a __host__ __device__ function
  template void Query<768>::prologue<Op::V>( cooperative_groups::thread_block&, ShmemAllocator&, const bool, const bool); template void Query<768>::prologue<Op::E>( cooperative_groups::thread_block&, ShmemAllocator&, const bool, const bool); template void Query<768>::prologue<Op::F>( cooperative_groups::thread_block&, ShmemAllocator&, const bool, const bool); template void Query<768>::prologue<Op::VV>( cooperative_groups::thread_block&, ShmemAllocator&, const bool, const bool); template void Query<768>::prologue<Op::VE>( cooperative_groups::thread_block&, ShmemAllocator&, const bool, const bool); template void Query<768>::prologue<Op::VF>( cooperative_groups::thread_block&, ShmemAllocator&, const bool, const bool); template void Query<768>::prologue<Op::FV>( cooperative_groups::thread_block&, ShmemAllocator&, const bool, const bool); template void Query<768>::prologue<Op::FE>( cooperative_groups::thread_block&, ShmemAllocator&, const bool, const bool); template void Query<768>::prologue<Op::FF>( cooperative_groups::thread_block&, ShmemAllocator&, const bool, const bool); template void Query<768>::prologue<Op::EV>( cooperative_groups::thread_block&, ShmemAllocator&, const bool, const bool); template void Query<768>::prologue<Op::EE>( cooperative_groups::thread_block&, ShmemAllocator&, const bool, const bool); template void Query<768>::prologue<Op::EF>( cooperative_groups::thread_block&, ShmemAllocator&, const bool, const bool); template void Query<768>::prologue<Op::EVDiamond>( cooperative_groups::thread_block&, ShmemAllocator&, const bool, const bool); template void Query<768>::prologue<Op::VT>( cooperative_groups::thread_block&, ShmemAllocator&, const bool, const bool); template void Query<768>::prologue<Op::ET>( cooperative_groups::thread_block&, ShmemAllocator&, const bool, const bool); template void Query<768>::prologue<Op::FT>( cooperative_groups::thread_block&, ShmemAllocator&, const bool, const bool); template void Query<768>::prologue<Op::TV>( cooperative_groups::thread_block&, ShmemAllocator&, const bool, const bool); template void Query<768>::prologue<Op::TE>( cooperative_groups::thread_block&, ShmemAllocator&, const bool, const bool); template void Query<768>::prologue<Op::TF>( cooperative_groups::thread_block&, ShmemAllocator&, const bool, const bool);
                                                                                                                                                                                                                                                                                                                                                                                                                                                                                                                                                                                                                                                                                                                                                                                                                                                                                                                                                                                                                                                                                                                                                                                                                                                                                                                                                                                                                                                                                                                                                                                                                                                                                                                                                                                                                                                                                                                       ^

/root/autodl-tmp/graduation_project/build_rxmesh_dynamic_20260908_141858/source/include/rxmesh/query.cu(119): warning #20037-D: a __device__ function("rxmesh::Query<blockThreads>::prologue [with blockThreads=768U, op=rxmesh::Op::TV]") redeclared without __device__, hence treated as a __host__ __device__ function
  template void Query<768>::prologue<Op::V>( cooperative_groups::thread_block&, ShmemAllocator&, const bool, const bool); template void Query<768>::prologue<Op::E>( cooperative_groups::thread_block&, ShmemAllocator&, const bool, const bool); template void Query<768>::prologue<Op::F>( cooperative_groups::thread_block&, ShmemAllocator&, const bool, const bool); template void Query<768>::prologue<Op::VV>( cooperative_groups::thread_block&, ShmemAllocator&, const bool, const bool); template void Query<768>::prologue<Op::VE>( cooperative_groups::thread_block&, ShmemAllocator&, const bool, const bool); template void Query<768>::prologue<Op::VF>( cooperative_groups::thread_block&, ShmemAllocator&, const bool, const bool); template void Query<768>::prologue<Op::FV>( cooperative_groups::thread_block&, ShmemAllocator&, const bool, const bool); template void Query<768>::prologue<Op::FE>( cooperative_groups::thread_block&, ShmemAllocator&, const bool, const bool); template void Query<768>::prologue<Op::FF>( cooperative_groups::thread_block&, ShmemAllocator&, const bool, const bool); template void Query<768>::prologue<Op::EV>( cooperative_groups::thread_block&, ShmemAllocator&, const bool, const bool); template void Query<768>::prologue<Op::EE>( cooperative_groups::thread_block&, ShmemAllocator&, const bool, const bool); template void Query<768>::prologue<Op::EF>( cooperative_groups::thread_block&, ShmemAllocator&, const bool, const bool); template void Query<768>::prologue<Op::EVDiamond>( cooperative_groups::thread_block&, ShmemAllocator&, const bool, const bool); template void Query<768>::prologue<Op::VT>( cooperative_groups::thread_block&, ShmemAllocator&, const bool, const bool); template void Query<768>::prologue<Op::ET>( cooperative_groups::thread_block&, ShmemAllocator&, const bool, const bool); template void Query<768>::prologue<Op::FT>( cooperative_groups::thread_block&, ShmemAllocator&, const bool, const bool); template void Query<768>::prologue<Op::TV>( cooperative_groups::thread_block&, ShmemAllocator&, const bool, const bool); template void Query<768>::prologue<Op::TE>( cooperative_groups::thread_block&, ShmemAllocator&, const bool, const bool); template void Query<768>::prologue<Op::TF>( cooperative_groups::thread_block&, ShmemAllocator&, const bool, const bool);
                                                                                                                                                                                                                                                                                                                                                                                                                                                                                                                                                                                                                                                                                                                                                                                                                                                                                                                                                                                                                                                                                                                                                                                                                                                                                                                                                                                                                                                                                                                                                                                                                                                                                                                                                                                                                                                                                                                                                                                                                                                ^

/root/autodl-tmp/graduation_project/build_rxmesh_dynamic_20260908_141858/source/include/rxmesh/query.cu(119): warning #20037-D: a __device__ function("rxmesh::Query<blockThreads>::prologue [with blockThreads=768U, op=rxmesh::Op::TE]") redeclared without __device__, hence treated as a __host__ __device__ function
  template void Query<768>::prologue<Op::V>( cooperative_groups::thread_block&, ShmemAllocator&, const bool, const bool); template void Query<768>::prologue<Op::E>( cooperative_groups::thread_block&, ShmemAllocator&, const bool, const bool); template void Query<768>::prologue<Op::F>( cooperative_groups::thread_block&, ShmemAllocator&, const bool, const bool); template void Query<768>::prologue<Op::VV>( cooperative_groups::thread_block&, ShmemAllocator&, const bool, const bool); template void Query<768>::prologue<Op::VE>( cooperative_groups::thread_block&, ShmemAllocator&, const bool, const bool); template void Query<768>::prologue<Op::VF>( cooperative_groups::thread_block&, ShmemAllocator&, const bool, const bool); template void Query<768>::prologue<Op::FV>( cooperative_groups::thread_block&, ShmemAllocator&, const bool, const bool); template void Query<768>::prologue<Op::FE>( cooperative_groups::thread_block&, ShmemAllocator&, const bool, const bool); template void Query<768>::prologue<Op::FF>( cooperative_groups::thread_block&, ShmemAllocator&, const bool, const bool); template void Query<768>::prologue<Op::EV>( cooperative_groups::thread_block&, ShmemAllocator&, const bool, const bool); template void Query<768>::prologue<Op::EE>( cooperative_groups::thread_block&, ShmemAllocator&, const bool, const bool); template void Query<768>::prologue<Op::EF>( cooperative_groups::thread_block&, ShmemAllocator&, const bool, const bool); template void Query<768>::prologue<Op::EVDiamond>( cooperative_groups::thread_block&, ShmemAllocator&, const bool, const bool); template void Query<768>::prologue<Op::VT>( cooperative_groups::thread_block&, ShmemAllocator&, const bool, const bool); template void Query<768>::prologue<Op::ET>( cooperative_groups::thread_block&, ShmemAllocator&, const bool, const bool); template void Query<768>::prologue<Op::FT>( cooperative_groups::thread_block&, ShmemAllocator&, const bool, const bool); template void Query<768>::prologue<Op::TV>( cooperative_groups::thread_block&, ShmemAllocator&, const bool, const bool); template void Query<768>::prologue<Op::TE>( cooperative_groups::thread_block&, ShmemAllocator&, const bool, const bool); template void Query<768>::prologue<Op::TF>( cooperative_groups::thread_block&, ShmemAllocator&, const bool, const bool);
                                                                                                                                                                                                                                                                                                                                                                                                                                                                                                                                                                                                                                                                                                                                                                                                                                                                                                                                                                                                                                                                                                                                                                                                                                                                                                                                                                                                                                                                                                                                                                                                                                                                                                                                                                                                                                                                                                                                                                                                                                                                                                                                                                         ^

/root/autodl-tmp/graduation_project/build_rxmesh_dynamic_20260908_141858/source/include/rxmesh/query.cu(119): warning #20037-D: a __device__ function("rxmesh::Query<blockThreads>::prologue [with blockThreads=768U, op=rxmesh::Op::TF]") redeclared without __device__, hence treated as a __host__ __device__ function
  template void Query<768>::prologue<Op::V>( cooperative_groups::thread_block&, ShmemAllocator&, const bool, const bool); template void Query<768>::prologue<Op::E>( cooperative_groups::thread_block&, ShmemAllocator&, const bool, const bool); template void Query<768>::prologue<Op::F>( cooperative_groups::thread_block&, ShmemAllocator&, const bool, const bool); template void Query<768>::prologue<Op::VV>( cooperative_groups::thread_block&, ShmemAllocator&, const bool, const bool); template void Query<768>::prologue<Op::VE>( cooperative_groups::thread_block&, ShmemAllocator&, const bool, const bool); template void Query<768>::prologue<Op::VF>( cooperative_groups::thread_block&, ShmemAllocator&, const bool, const bool); template void Query<768>::prologue<Op::FV>( cooperative_groups::thread_block&, ShmemAllocator&, const bool, const bool); template void Query<768>::prologue<Op::FE>( cooperative_groups::thread_block&, ShmemAllocator&, const bool, const bool); template void Query<768>::prologue<Op::FF>( cooperative_groups::thread_block&, ShmemAllocator&, const bool, const bool); template void Query<768>::prologue<Op::EV>( cooperative_groups::thread_block&, ShmemAllocator&, const bool, const bool); template void Query<768>::prologue<Op::EE>( cooperative_groups::thread_block&, ShmemAllocator&, const bool, const bool); template void Query<768>::prologue<Op::EF>( cooperative_groups::thread_block&, ShmemAllocator&, const bool, const bool); template void Query<768>::prologue<Op::EVDiamond>( cooperative_groups::thread_block&, ShmemAllocator&, const bool, const bool); template void Query<768>::prologue<Op::VT>( cooperative_groups::thread_block&, ShmemAllocator&, const bool, const bool); template void Query<768>::prologue<Op::ET>( cooperative_groups::thread_block&, ShmemAllocator&, const bool, const bool); template void Query<768>::prologue<Op::FT>( cooperative_groups::thread_block&, ShmemAllocator&, const bool, const bool); template void Query<768>::prologue<Op::TV>( cooperative_groups::thread_block&, ShmemAllocator&, const bool, const bool); template void Query<768>::prologue<Op::TE>( cooperative_groups::thread_block&, ShmemAllocator&, const bool, const bool); template void Query<768>::prologue<Op::TF>( cooperative_groups::thread_block&, ShmemAllocator&, const bool, const bool);
                                                                                                                                                                                                                                                                                                                                                                                                                                                                                                                                                                                                                                                                                                                                                                                                                                                                                                                                                                                                                                                                                                                                                                                                                                                                                                                                                                                                                                                                                                                                                                                                                                                                                                                                                                                                                                                                                                                                                                                                                                                                                                                                                                                                                                                                                                  ^

/root/autodl-tmp/graduation_project/build_rxmesh_dynamic_20260908_141858/source/include/rxmesh/query.cu(120): warning #20037-D: a __device__ function("rxmesh::Query<blockThreads>::prologue [with blockThreads=1024U, op=rxmesh::Op::V]") redeclared without __device__, hence treated as a __host__ __device__ function
  template void Query<1024>::prologue<Op::V>( cooperative_groups::thread_block&, ShmemAllocator&, const bool, const bool); template void Query<1024>::prologue<Op::E>( cooperative_groups::thread_block&, ShmemAllocator&, const bool, const bool); template void Query<1024>::prologue<Op::F>( cooperative_groups::thread_block&, ShmemAllocator&, const bool, const bool); template void Query<1024>::prologue<Op::VV>( cooperative_groups::thread_block&, ShmemAllocator&, const bool, const bool); template void Query<1024>::prologue<Op::VE>( cooperative_groups::thread_block&, ShmemAllocator&, const bool, const bool); template void Query<1024>::prologue<Op::VF>( cooperative_groups::thread_block&, ShmemAllocator&, const bool, const bool); template void Query<1024>::prologue<Op::FV>( cooperative_groups::thread_block&, ShmemAllocator&, const bool, const bool); template void Query<1024>::prologue<Op::FE>( cooperative_groups::thread_block&, ShmemAllocator&, const bool, const bool); template void Query<1024>::prologue<Op::FF>( cooperative_groups::thread_block&, ShmemAllocator&, const bool, const bool); template void Query<1024>::prologue<Op::EV>( cooperative_groups::thread_block&, ShmemAllocator&, const bool, const bool); template void Query<1024>::prologue<Op::EE>( cooperative_groups::thread_block&, ShmemAllocator&, const bool, const bool); template void Query<1024>::prologue<Op::EF>( cooperative_groups::thread_block&, ShmemAllocator&, const bool, const bool); template void Query<1024>::prologue<Op::EVDiamond>( cooperative_groups::thread_block&, ShmemAllocator&, const bool, const bool); template void Query<1024>::prologue<Op::VT>( cooperative_groups::thread_block&, ShmemAllocator&, const bool, const bool); template void Query<1024>::prologue<Op::ET>( cooperative_groups::thread_block&, ShmemAllocator&, const bool, const bool); template void Query<1024>::prologue<Op::FT>( cooperative_groups::thread_block&, ShmemAllocator&, const bool, const bool); template void Query<1024>::prologue<Op::TV>( cooperative_groups::thread_block&, ShmemAllocator&, const bool, const bool); template void Query<1024>::prologue<Op::TE>( cooperative_groups::thread_block&, ShmemAllocator&, const bool, const bool); template void Query<1024>::prologue<Op::TF>( cooperative_groups::thread_block&, ShmemAllocator&, const bool, const bool);
                             ^

/root/autodl-tmp/graduation_project/build_rxmesh_dynamic_20260908_141858/source/include/rxmesh/query.cu(120): warning #20037-D: a __device__ function("rxmesh::Query<blockThreads>::prologue [with blockThreads=1024U, op=rxmesh::Op::E]") redeclared without __device__, hence treated as a __host__ __device__ function
  template void Query<1024>::prologue<Op::V>( cooperative_groups::thread_block&, ShmemAllocator&, const bool, const bool); template void Query<1024>::prologue<Op::E>( cooperative_groups::thread_block&, ShmemAllocator&, const bool, const bool); template void Query<1024>::prologue<Op::F>( cooperative_groups::thread_block&, ShmemAllocator&, const bool, const bool); template void Query<1024>::prologue<Op::VV>( cooperative_groups::thread_block&, ShmemAllocator&, const bool, const bool); template void Query<1024>::prologue<Op::VE>( cooperative_groups::thread_block&, ShmemAllocator&, const bool, const bool); template void Query<1024>::prologue<Op::VF>( cooperative_groups::thread_block&, ShmemAllocator&, const bool, const bool); template void Query<1024>::prologue<Op::FV>( cooperative_groups::thread_block&, ShmemAllocator&, const bool, const bool); template void Query<1024>::prologue<Op::FE>( cooperative_groups::thread_block&, ShmemAllocator&, const bool, const bool); template void Query<1024>::prologue<Op::FF>( cooperative_groups::thread_block&, ShmemAllocator&, const bool, const bool); template void Query<1024>::prologue<Op::EV>( cooperative_groups::thread_block&, ShmemAllocator&, const bool, const bool); template void Query<1024>::prologue<Op::EE>( cooperative_groups::thread_block&, ShmemAllocator&, const bool, const bool); template void Query<1024>::prologue<Op::EF>( cooperative_groups::thread_block&, ShmemAllocator&, const bool, const bool); template void Query<1024>::prologue<Op::EVDiamond>( cooperative_groups::thread_block&, ShmemAllocator&, const bool, const bool); template void Query<1024>::prologue<Op::VT>( cooperative_groups::thread_block&, ShmemAllocator&, const bool, const bool); template void Query<1024>::prologue<Op::ET>( cooperative_groups::thread_block&, ShmemAllocator&, const bool, const bool); template void Query<1024>::prologue<Op::FT>( cooperative_groups::thread_block&, ShmemAllocator&, const bool, const bool); template void Query<1024>::prologue<Op::TV>( cooperative_groups::thread_block&, ShmemAllocator&, const bool, const bool); template void Query<1024>::prologue<Op::TE>( cooperative_groups::thread_block&, ShmemAllocator&, const bool, const bool); template void Query<1024>::prologue<Op::TF>( cooperative_groups::thread_block&, ShmemAllocator&, const bool, const bool);
                                                                                                                                                      ^

/root/autodl-tmp/graduation_project/build_rxmesh_dynamic_20260908_141858/source/include/rxmesh/query.cu(120): warning #20037-D: a __device__ function("rxmesh::Query<blockThreads>::prologue [with blockThreads=1024U, op=rxmesh::Op::F]") redeclared without __device__, hence treated as a __host__ __device__ function
  template void Query<1024>::prologue<Op::V>( cooperative_groups::thread_block&, ShmemAllocator&, const bool, const bool); template void Query<1024>::prologue<Op::E>( cooperative_groups::thread_block&, ShmemAllocator&, const bool, const bool); template void Query<1024>::prologue<Op::F>( cooperative_groups::thread_block&, ShmemAllocator&, const bool, const bool); template void Query<1024>::prologue<Op::VV>( cooperative_groups::thread_block&, ShmemAllocator&, const bool, const bool); template void Query<1024>::prologue<Op::VE>( cooperative_groups::thread_block&, ShmemAllocator&, const bool, const bool); template void Query<1024>::prologue<Op::VF>( cooperative_groups::thread_block&, ShmemAllocator&, const bool, const bool); template void Query<1024>::prologue<Op::FV>( cooperative_groups::thread_block&, ShmemAllocator&, const bool, const bool); template void Query<1024>::prologue<Op::FE>( cooperative_groups::thread_block&, ShmemAllocator&, const bool, const bool); template void Query<1024>::prologue<Op::FF>( cooperative_groups::thread_block&, ShmemAllocator&, const bool, const bool); template void Query<1024>::prologue<Op::EV>( cooperative_groups::thread_block&, ShmemAllocator&, const bool, const bool); template void Query<1024>::prologue<Op::EE>( cooperative_groups::thread_block&, ShmemAllocator&, const bool, const bool); template void Query<1024>::prologue<Op::EF>( cooperative_groups::thread_block&, ShmemAllocator&, const bool, const bool); template void Query<1024>::prologue<Op::EVDiamond>( cooperative_groups::thread_block&, ShmemAllocator&, const bool, const bool); template void Query<1024>::prologue<Op::VT>( cooperative_groups::thread_block&, ShmemAllocator&, const bool, const bool); template void Query<1024>::prologue<Op::ET>( cooperative_groups::thread_block&, ShmemAllocator&, const bool, const bool); template void Query<1024>::prologue<Op::FT>( cooperative_groups::thread_block&, ShmemAllocator&, const bool, const bool); template void Query<1024>::prologue<Op::TV>( cooperative_groups::thread_block&, ShmemAllocator&, const bool, const bool); template void Query<1024>::prologue<Op::TE>( cooperative_groups::thread_block&, ShmemAllocator&, const bool, const bool); template void Query<1024>::prologue<Op::TF>( cooperative_groups::thread_block&, ShmemAllocator&, const bool, const bool);
                                                                                                                                                                                                                                                                               ^

/root/autodl-tmp/graduation_project/build_rxmesh_dynamic_20260908_141858/source/include/rxmesh/query.cu(120): warning #20037-D: a __device__ function("rxmesh::Query<blockThreads>::prologue [with blockThreads=1024U, op=rxmesh::Op::VV]") redeclared without __device__, hence treated as a __host__ __device__ function
  template void Query<1024>::prologue<Op::V>( cooperative_groups::thread_block&, ShmemAllocator&, const bool, const bool); template void Query<1024>::prologue<Op::E>( cooperative_groups::thread_block&, ShmemAllocator&, const bool, const bool); template void Query<1024>::prologue<Op::F>( cooperative_groups::thread_block&, ShmemAllocator&, const bool, const bool); template void Query<1024>::prologue<Op::VV>( cooperative_groups::thread_block&, ShmemAllocator&, const bool, const bool); template void Query<1024>::prologue<Op::VE>( cooperative_groups::thread_block&, ShmemAllocator&, const bool, const bool); template void Query<1024>::prologue<Op::VF>( cooperative_groups::thread_block&, ShmemAllocator&, const bool, const bool); template void Query<1024>::prologue<Op::FV>( cooperative_groups::thread_block&, ShmemAllocator&, const bool, const bool); template void Query<1024>::prologue<Op::FE>( cooperative_groups::thread_block&, ShmemAllocator&, const bool, const bool); template void Query<1024>::prologue<Op::FF>( cooperative_groups::thread_block&, ShmemAllocator&, const bool, const bool); template void Query<1024>::prologue<Op::EV>( cooperative_groups::thread_block&, ShmemAllocator&, const bool, const bool); template void Query<1024>::prologue<Op::EE>( cooperative_groups::thread_block&, ShmemAllocator&, const bool, const bool); template void Query<1024>::prologue<Op::EF>( cooperative_groups::thread_block&, ShmemAllocator&, const bool, const bool); template void Query<1024>::prologue<Op::EVDiamond>( cooperative_groups::thread_block&, ShmemAllocator&, const bool, const bool); template void Query<1024>::prologue<Op::VT>( cooperative_groups::thread_block&, ShmemAllocator&, const bool, const bool); template void Query<1024>::prologue<Op::ET>( cooperative_groups::thread_block&, ShmemAllocator&, const bool, const bool); template void Query<1024>::prologue<Op::FT>( cooperative_groups::thread_block&, ShmemAllocator&, const bool, const bool); template void Query<1024>::prologue<Op::TV>( cooperative_groups::thread_block&, ShmemAllocator&, const bool, const bool); template void Query<1024>::prologue<Op::TE>( cooperative_groups::thread_block&, ShmemAllocator&, const bool, const bool); template void Query<1024>::prologue<Op::TF>( cooperative_groups::thread_block&, ShmemAllocator&, const bool, const bool);
                                                                                                                                                                                                                                                                                                                                                                                                        ^

/root/autodl-tmp/graduation_project/build_rxmesh_dynamic_20260908_141858/source/include/rxmesh/query.cu(120): warning #20037-D: a __device__ function("rxmesh::Query<blockThreads>::prologue [with blockThreads=1024U, op=rxmesh::Op::VE]") redeclared without __device__, hence treated as a __host__ __device__ function
  template void Query<1024>::prologue<Op::V>( cooperative_groups::thread_block&, ShmemAllocator&, const bool, const bool); template void Query<1024>::prologue<Op::E>( cooperative_groups::thread_block&, ShmemAllocator&, const bool, const bool); template void Query<1024>::prologue<Op::F>( cooperative_groups::thread_block&, ShmemAllocator&, const bool, const bool); template void Query<1024>::prologue<Op::VV>( cooperative_groups::thread_block&, ShmemAllocator&, const bool, const bool); template void Query<1024>::prologue<Op::VE>( cooperative_groups::thread_block&, ShmemAllocator&, const bool, const bool); template void Query<1024>::prologue<Op::VF>( cooperative_groups::thread_block&, ShmemAllocator&, const bool, const bool); template void Query<1024>::prologue<Op::FV>( cooperative_groups::thread_block&, ShmemAllocator&, const bool, const bool); template void Query<1024>::prologue<Op::FE>( cooperative_groups::thread_block&, ShmemAllocator&, const bool, const bool); template void Query<1024>::prologue<Op::FF>( cooperative_groups::thread_block&, ShmemAllocator&, const bool, const bool); template void Query<1024>::prologue<Op::EV>( cooperative_groups::thread_block&, ShmemAllocator&, const bool, const bool); template void Query<1024>::prologue<Op::EE>( cooperative_groups::thread_block&, ShmemAllocator&, const bool, const bool); template void Query<1024>::prologue<Op::EF>( cooperative_groups::thread_block&, ShmemAllocator&, const bool, const bool); template void Query<1024>::prologue<Op::EVDiamond>( cooperative_groups::thread_block&, ShmemAllocator&, const bool, const bool); template void Query<1024>::prologue<Op::VT>( cooperative_groups::thread_block&, ShmemAllocator&, const bool, const bool); template void Query<1024>::prologue<Op::ET>( cooperative_groups::thread_block&, ShmemAllocator&, const bool, const bool); template void Query<1024>::prologue<Op::FT>( cooperative_groups::thread_block&, ShmemAllocator&, const bool, const bool); template void Query<1024>::prologue<Op::TV>( cooperative_groups::thread_block&, ShmemAllocator&, const bool, const bool); template void Query<1024>::prologue<Op::TE>( cooperative_groups::thread_block&, ShmemAllocator&, const bool, const bool); template void Query<1024>::prologue<Op::TF>( cooperative_groups::thread_block&, ShmemAllocator&, const bool, const bool);
                                                                                                                                                                                                                                                                                                                                                                                                                                                                                                                                  ^

/root/autodl-tmp/graduation_project/build_rxmesh_dynamic_20260908_141858/source/include/rxmesh/query.cu(120): warning #20037-D: a __device__ function("rxmesh::Query<blockThreads>::prologue [with blockThreads=1024U, op=rxmesh::Op::VF]") redeclared without __device__, hence treated as a __host__ __device__ function
  template void Query<1024>::prologue<Op::V>( cooperative_groups::thread_block&, ShmemAllocator&, const bool, const bool); template void Query<1024>::prologue<Op::E>( cooperative_groups::thread_block&, ShmemAllocator&, const bool, const bool); template void Query<1024>::prologue<Op::F>( cooperative_groups::thread_block&, ShmemAllocator&, const bool, const bool); template void Query<1024>::prologue<Op::VV>( cooperative_groups::thread_block&, ShmemAllocator&, const bool, const bool); template void Query<1024>::prologue<Op::VE>( cooperative_groups::thread_block&, ShmemAllocator&, const bool, const bool); template void Query<1024>::prologue<Op::VF>( cooperative_groups::thread_block&, ShmemAllocator&, const bool, const bool); template void Query<1024>::prologue<Op::FV>( cooperative_groups::thread_block&, ShmemAllocator&, const bool, const bool); template void Query<1024>::prologue<Op::FE>( cooperative_groups::thread_block&, ShmemAllocator&, const bool, const bool); template void Query<1024>::prologue<Op::FF>( cooperative_groups::thread_block&, ShmemAllocator&, const bool, const bool); template void Query<1024>::prologue<Op::EV>( cooperative_groups::thread_block&, ShmemAllocator&, const bool, const bool); template void Query<1024>::prologue<Op::EE>( cooperative_groups::thread_block&, ShmemAllocator&, const bool, const bool); template void Query<1024>::prologue<Op::EF>( cooperative_groups::thread_block&, ShmemAllocator&, const bool, const bool); template void Query<1024>::prologue<Op::EVDiamond>( cooperative_groups::thread_block&, ShmemAllocator&, const bool, const bool); template void Query<1024>::prologue<Op::VT>( cooperative_groups::thread_block&, ShmemAllocator&, const bool, const bool); template void Query<1024>::prologue<Op::ET>( cooperative_groups::thread_block&, ShmemAllocator&, const bool, const bool); template void Query<1024>::prologue<Op::FT>( cooperative_groups::thread_block&, ShmemAllocator&, const bool, const bool); template void Query<1024>::prologue<Op::TV>( cooperative_groups::thread_block&, ShmemAllocator&, const bool, const bool); template void Query<1024>::prologue<Op::TE>( cooperative_groups::thread_block&, ShmemAllocator&, const bool, const bool); template void Query<1024>::prologue<Op::TF>( cooperative_groups::thread_block&, ShmemAllocator&, const bool, const bool);
                                                                                                                                                                                                                                                                                                                                                                                                                                                                                                                                                                                                                                                            ^

/root/autodl-tmp/graduation_project/build_rxmesh_dynamic_20260908_141858/source/include/rxmesh/query.cu(120): warning #20037-D: a __device__ function("rxmesh::Query<blockThreads>::prologue [with blockThreads=1024U, op=rxmesh::Op::FV]") redeclared without __device__, hence treated as a __host__ __device__ function
  template void Query<1024>::prologue<Op::V>( cooperative_groups::thread_block&, ShmemAllocator&, const bool, const bool); template void Query<1024>::prologue<Op::E>( cooperative_groups::thread_block&, ShmemAllocator&, const bool, const bool); template void Query<1024>::prologue<Op::F>( cooperative_groups::thread_block&, ShmemAllocator&, const bool, const bool); template void Query<1024>::prologue<Op::VV>( cooperative_groups::thread_block&, ShmemAllocator&, const bool, const bool); template void Query<1024>::prologue<Op::VE>( cooperative_groups::thread_block&, ShmemAllocator&, const bool, const bool); template void Query<1024>::prologue<Op::VF>( cooperative_groups::thread_block&, ShmemAllocator&, const bool, const bool); template void Query<1024>::prologue<Op::FV>( cooperative_groups::thread_block&, ShmemAllocator&, const bool, const bool); template void Query<1024>::prologue<Op::FE>( cooperative_groups::thread_block&, ShmemAllocator&, const bool, const bool); template void Query<1024>::prologue<Op::FF>( cooperative_groups::thread_block&, ShmemAllocator&, const bool, const bool); template void Query<1024>::prologue<Op::EV>( cooperative_groups::thread_block&, ShmemAllocator&, const bool, const bool); template void Query<1024>::prologue<Op::EE>( cooperative_groups::thread_block&, ShmemAllocator&, const bool, const bool); template void Query<1024>::prologue<Op::EF>( cooperative_groups::thread_block&, ShmemAllocator&, const bool, const bool); template void Query<1024>::prologue<Op::EVDiamond>( cooperative_groups::thread_block&, ShmemAllocator&, const bool, const bool); template void Query<1024>::prologue<Op::VT>( cooperative_groups::thread_block&, ShmemAllocator&, const bool, const bool); template void Query<1024>::prologue<Op::ET>( cooperative_groups::thread_block&, ShmemAllocator&, const bool, const bool); template void Query<1024>::prologue<Op::FT>( cooperative_groups::thread_block&, ShmemAllocator&, const bool, const bool); template void Query<1024>::prologue<Op::TV>( cooperative_groups::thread_block&, ShmemAllocator&, const bool, const bool); template void Query<1024>::prologue<Op::TE>( cooperative_groups::thread_block&, ShmemAllocator&, const bool, const bool); template void Query<1024>::prologue<Op::TF>( cooperative_groups::thread_block&, ShmemAllocator&, const bool, const bool);
                                                                                                                                                                                                                                                                                                                                                                                                                                                                                                                                                                                                                                                                                                                                                                                      ^

/root/autodl-tmp/graduation_project/build_rxmesh_dynamic_20260908_141858/source/include/rxmesh/query.cu(120): warning #20037-D: a __device__ function("rxmesh::Query<blockThreads>::prologue [with blockThreads=1024U, op=rxmesh::Op::FE]") redeclared without __device__, hence treated as a __host__ __device__ function
  template void Query<1024>::prologue<Op::V>( cooperative_groups::thread_block&, ShmemAllocator&, const bool, const bool); template void Query<1024>::prologue<Op::E>( cooperative_groups::thread_block&, ShmemAllocator&, const bool, const bool); template void Query<1024>::prologue<Op::F>( cooperative_groups::thread_block&, ShmemAllocator&, const bool, const bool); template void Query<1024>::prologue<Op::VV>( cooperative_groups::thread_block&, ShmemAllocator&, const bool, const bool); template void Query<1024>::prologue<Op::VE>( cooperative_groups::thread_block&, ShmemAllocator&, const bool, const bool); template void Query<1024>::prologue<Op::VF>( cooperative_groups::thread_block&, ShmemAllocator&, const bool, const bool); template void Query<1024>::prologue<Op::FV>( cooperative_groups::thread_block&, ShmemAllocator&, const bool, const bool); template void Query<1024>::prologue<Op::FE>( cooperative_groups::thread_block&, ShmemAllocator&, const bool, const bool); template void Query<1024>::prologue<Op::FF>( cooperative_groups::thread_block&, ShmemAllocator&, const bool, const bool); template void Query<1024>::prologue<Op::EV>( cooperative_groups::thread_block&, ShmemAllocator&, const bool, const bool); template void Query<1024>::prologue<Op::EE>( cooperative_groups::thread_block&, ShmemAllocator&, const bool, const bool); template void Query<1024>::prologue<Op::EF>( cooperative_groups::thread_block&, ShmemAllocator&, const bool, const bool); template void Query<1024>::prologue<Op::EVDiamond>( cooperative_groups::thread_block&, ShmemAllocator&, const bool, const bool); template void Query<1024>::prologue<Op::VT>( cooperative_groups::thread_block&, ShmemAllocator&, const bool, const bool); template void Query<1024>::prologue<Op::ET>( cooperative_groups::thread_block&, ShmemAllocator&, const bool, const bool); template void Query<1024>::prologue<Op::FT>( cooperative_groups::thread_block&, ShmemAllocator&, const bool, const bool); template void Query<1024>::prologue<Op::TV>( cooperative_groups::thread_block&, ShmemAllocator&, const bool, const bool); template void Query<1024>::prologue<Op::TE>( cooperative_groups::thread_block&, ShmemAllocator&, const bool, const bool); template void Query<1024>::prologue<Op::TF>( cooperative_groups::thread_block&, ShmemAllocator&, const bool, const bool);
                                                                                                                                                                                                                                                                                                                                                                                                                                                                                                                                                                                                                                                                                                                                                                                                                                                                                                                ^

/root/autodl-tmp/graduation_project/build_rxmesh_dynamic_20260908_141858/source/include/rxmesh/query.cu(120): warning #20037-D: a __device__ function("rxmesh::Query<blockThreads>::prologue [with blockThreads=1024U, op=rxmesh::Op::FF]") redeclared without __device__, hence treated as a __host__ __device__ function
  template void Query<1024>::prologue<Op::V>( cooperative_groups::thread_block&, ShmemAllocator&, const bool, const bool); template void Query<1024>::prologue<Op::E>( cooperative_groups::thread_block&, ShmemAllocator&, const bool, const bool); template void Query<1024>::prologue<Op::F>( cooperative_groups::thread_block&, ShmemAllocator&, const bool, const bool); template void Query<1024>::prologue<Op::VV>( cooperative_groups::thread_block&, ShmemAllocator&, const bool, const bool); template void Query<1024>::prologue<Op::VE>( cooperative_groups::thread_block&, ShmemAllocator&, const bool, const bool); template void Query<1024>::prologue<Op::VF>( cooperative_groups::thread_block&, ShmemAllocator&, const bool, const bool); template void Query<1024>::prologue<Op::FV>( cooperative_groups::thread_block&, ShmemAllocator&, const bool, const bool); template void Query<1024>::prologue<Op::FE>( cooperative_groups::thread_block&, ShmemAllocator&, const bool, const bool); template void Query<1024>::prologue<Op::FF>( cooperative_groups::thread_block&, ShmemAllocator&, const bool, const bool); template void Query<1024>::prologue<Op::EV>( cooperative_groups::thread_block&, ShmemAllocator&, const bool, const bool); template void Query<1024>::prologue<Op::EE>( cooperative_groups::thread_block&, ShmemAllocator&, const bool, const bool); template void Query<1024>::prologue<Op::EF>( cooperative_groups::thread_block&, ShmemAllocator&, const bool, const bool); template void Query<1024>::prologue<Op::EVDiamond>( cooperative_groups::thread_block&, ShmemAllocator&, const bool, const bool); template void Query<1024>::prologue<Op::VT>( cooperative_groups::thread_block&, ShmemAllocator&, const bool, const bool); template void Query<1024>::prologue<Op::ET>( cooperative_groups::thread_block&, ShmemAllocator&, const bool, const bool); template void Query<1024>::prologue<Op::FT>( cooperative_groups::thread_block&, ShmemAllocator&, const bool, const bool); template void Query<1024>::prologue<Op::TV>( cooperative_groups::thread_block&, ShmemAllocator&, const bool, const bool); template void Query<1024>::prologue<Op::TE>( cooperative_groups::thread_block&, ShmemAllocator&, const bool, const bool); template void Query<1024>::prologue<Op::TF>( cooperative_groups::thread_block&, ShmemAllocator&, const bool, const bool);
                                                                                                                                                                                                                                                                                                                                                                                                                                                                                                                                                                                                                                                                                                                                                                                                                                                                                                                                                                                                                                          ^

/root/autodl-tmp/graduation_project/build_rxmesh_dynamic_20260908_141858/source/include/rxmesh/query.cu(120): warning #20037-D: a __device__ function("rxmesh::Query<blockThreads>::prologue [with blockThreads=1024U, op=rxmesh::Op::EV]") redeclared without __device__, hence treated as a __host__ __device__ function
  template void Query<1024>::prologue<Op::V>( cooperative_groups::thread_block&, ShmemAllocator&, const bool, const bool); template void Query<1024>::prologue<Op::E>( cooperative_groups::thread_block&, ShmemAllocator&, const bool, const bool); template void Query<1024>::prologue<Op::F>( cooperative_groups::thread_block&, ShmemAllocator&, const bool, const bool); template void Query<1024>::prologue<Op::VV>( cooperative_groups::thread_block&, ShmemAllocator&, const bool, const bool); template void Query<1024>::prologue<Op::VE>( cooperative_groups::thread_block&, ShmemAllocator&, const bool, const bool); template void Query<1024>::prologue<Op::VF>( cooperative_groups::thread_block&, ShmemAllocator&, const bool, const bool); template void Query<1024>::prologue<Op::FV>( cooperative_groups::thread_block&, ShmemAllocator&, const bool, const bool); template void Query<1024>::prologue<Op::FE>( cooperative_groups::thread_block&, ShmemAllocator&, const bool, const bool); template void Query<1024>::prologue<Op::FF>( cooperative_groups::thread_block&, ShmemAllocator&, const bool, const bool); template void Query<1024>::prologue<Op::EV>( cooperative_groups::thread_block&, ShmemAllocator&, const bool, const bool); template void Query<1024>::prologue<Op::EE>( cooperative_groups::thread_block&, ShmemAllocator&, const bool, const bool); template void Query<1024>::prologue<Op::EF>( cooperative_groups::thread_block&, ShmemAllocator&, const bool, const bool); template void Query<1024>::prologue<Op::EVDiamond>( cooperative_groups::thread_block&, ShmemAllocator&, const bool, const bool); template void Query<1024>::prologue<Op::VT>( cooperative_groups::thread_block&, ShmemAllocator&, const bool, const bool); template void Query<1024>::prologue<Op::ET>( cooperative_groups::thread_block&, ShmemAllocator&, const bool, const bool); template void Query<1024>::prologue<Op::FT>( cooperative_groups::thread_block&, ShmemAllocator&, const bool, const bool); template void Query<1024>::prologue<Op::TV>( cooperative_groups::thread_block&, ShmemAllocator&, const bool, const bool); template void Query<1024>::prologue<Op::TE>( cooperative_groups::thread_block&, ShmemAllocator&, const bool, const bool); template void Query<1024>::prologue<Op::TF>( cooperative_groups::thread_block&, ShmemAllocator&, const bool, const bool);
                                                                                                                                                                                                                                                                                                                                                                                                                                                                                                                                                                                                                                                                                                                                                                                                                                                                                                                                                                                                                                                                                                                                                                    ^

/root/autodl-tmp/graduation_project/build_rxmesh_dynamic_20260908_141858/source/include/rxmesh/query.cu(120): warning #20037-D: a __device__ function("rxmesh::Query<blockThreads>::prologue [with blockThreads=1024U, op=rxmesh::Op::EE]") redeclared without __device__, hence treated as a __host__ __device__ function
  template void Query<1024>::prologue<Op::V>( cooperative_groups::thread_block&, ShmemAllocator&, const bool, const bool); template void Query<1024>::prologue<Op::E>( cooperative_groups::thread_block&, ShmemAllocator&, const bool, const bool); template void Query<1024>::prologue<Op::F>( cooperative_groups::thread_block&, ShmemAllocator&, const bool, const bool); template void Query<1024>::prologue<Op::VV>( cooperative_groups::thread_block&, ShmemAllocator&, const bool, const bool); template void Query<1024>::prologue<Op::VE>( cooperative_groups::thread_block&, ShmemAllocator&, const bool, const bool); template void Query<1024>::prologue<Op::VF>( cooperative_groups::thread_block&, ShmemAllocator&, const bool, const bool); template void Query<1024>::prologue<Op::FV>( cooperative_groups::thread_block&, ShmemAllocator&, const bool, const bool); template void Query<1024>::prologue<Op::FE>( cooperative_groups::thread_block&, ShmemAllocator&, const bool, const bool); template void Query<1024>::prologue<Op::FF>( cooperative_groups::thread_block&, ShmemAllocator&, const bool, const bool); template void Query<1024>::prologue<Op::EV>( cooperative_groups::thread_block&, ShmemAllocator&, const bool, const bool); template void Query<1024>::prologue<Op::EE>( cooperative_groups::thread_block&, ShmemAllocator&, const bool, const bool); template void Query<1024>::prologue<Op::EF>( cooperative_groups::thread_block&, ShmemAllocator&, const bool, const bool); template void Query<1024>::prologue<Op::EVDiamond>( cooperative_groups::thread_block&, ShmemAllocator&, const bool, const bool); template void Query<1024>::prologue<Op::VT>( cooperative_groups::thread_block&, ShmemAllocator&, const bool, const bool); template void Query<1024>::prologue<Op::ET>( cooperative_groups::thread_block&, ShmemAllocator&, const bool, const bool); template void Query<1024>::prologue<Op::FT>( cooperative_groups::thread_block&, ShmemAllocator&, const bool, const bool); template void Query<1024>::prologue<Op::TV>( cooperative_groups::thread_block&, ShmemAllocator&, const bool, const bool); template void Query<1024>::prologue<Op::TE>( cooperative_groups::thread_block&, ShmemAllocator&, const bool, const bool); template void Query<1024>::prologue<Op::TF>( cooperative_groups::thread_block&, ShmemAllocator&, const bool, const bool);
                                                                                                                                                                                                                                                                                                                                                                                                                                                                                                                                                                                                                                                                                                                                                                                                                                                                                                                                                                                                                                                                                                                                                                                                                                                                                              ^

/root/autodl-tmp/graduation_project/build_rxmesh_dynamic_20260908_141858/source/include/rxmesh/query.cu(120): warning #20037-D: a __device__ function("rxmesh::Query<blockThreads>::prologue [with blockThreads=1024U, op=rxmesh::Op::EF]") redeclared without __device__, hence treated as a __host__ __device__ function
  template void Query<1024>::prologue<Op::V>( cooperative_groups::thread_block&, ShmemAllocator&, const bool, const bool); template void Query<1024>::prologue<Op::E>( cooperative_groups::thread_block&, ShmemAllocator&, const bool, const bool); template void Query<1024>::prologue<Op::F>( cooperative_groups::thread_block&, ShmemAllocator&, const bool, const bool); template void Query<1024>::prologue<Op::VV>( cooperative_groups::thread_block&, ShmemAllocator&, const bool, const bool); template void Query<1024>::prologue<Op::VE>( cooperative_groups::thread_block&, ShmemAllocator&, const bool, const bool); template void Query<1024>::prologue<Op::VF>( cooperative_groups::thread_block&, ShmemAllocator&, const bool, const bool); template void Query<1024>::prologue<Op::FV>( cooperative_groups::thread_block&, ShmemAllocator&, const bool, const bool); template void Query<1024>::prologue<Op::FE>( cooperative_groups::thread_block&, ShmemAllocator&, const bool, const bool); template void Query<1024>::prologue<Op::FF>( cooperative_groups::thread_block&, ShmemAllocator&, const bool, const bool); template void Query<1024>::prologue<Op::EV>( cooperative_groups::thread_block&, ShmemAllocator&, const bool, const bool); template void Query<1024>::prologue<Op::EE>( cooperative_groups::thread_block&, ShmemAllocator&, const bool, const bool); template void Query<1024>::prologue<Op::EF>( cooperative_groups::thread_block&, ShmemAllocator&, const bool, const bool); template void Query<1024>::prologue<Op::EVDiamond>( cooperative_groups::thread_block&, ShmemAllocator&, const bool, const bool); template void Query<1024>::prologue<Op::VT>( cooperative_groups::thread_block&, ShmemAllocator&, const bool, const bool); template void Query<1024>::prologue<Op::ET>( cooperative_groups::thread_block&, ShmemAllocator&, const bool, const bool); template void Query<1024>::prologue<Op::FT>( cooperative_groups::thread_block&, ShmemAllocator&, const bool, const bool); template void Query<1024>::prologue<Op::TV>( cooperative_groups::thread_block&, ShmemAllocator&, const bool, const bool); template void Query<1024>::prologue<Op::TE>( cooperative_groups::thread_block&, ShmemAllocator&, const bool, const bool); template void Query<1024>::prologue<Op::TF>( cooperative_groups::thread_block&, ShmemAllocator&, const bool, const bool);
                                                                                                                                                                                                                                                                                                                                                                                                                                                                                                                                                                                                                                                                                                                                                                                                                                                                                                                                                                                                                                                                                                                                                                                                                                                                                                                                                                                                                        ^

/root/autodl-tmp/graduation_project/build_rxmesh_dynamic_20260908_141858/source/include/rxmesh/query.cu(120): warning #20037-D: a __device__ function("rxmesh::Query<blockThreads>::prologue [with blockThreads=1024U, op=rxmesh::Op::EVDiamond]") redeclared without __device__, hence treated as a __host__ __device__ function
  template void Query<1024>::prologue<Op::V>( cooperative_groups::thread_block&, ShmemAllocator&, const bool, const bool); template void Query<1024>::prologue<Op::E>( cooperative_groups::thread_block&, ShmemAllocator&, const bool, const bool); template void Query<1024>::prologue<Op::F>( cooperative_groups::thread_block&, ShmemAllocator&, const bool, const bool); template void Query<1024>::prologue<Op::VV>( cooperative_groups::thread_block&, ShmemAllocator&, const bool, const bool); template void Query<1024>::prologue<Op::VE>( cooperative_groups::thread_block&, ShmemAllocator&, const bool, const bool); template void Query<1024>::prologue<Op::VF>( cooperative_groups::thread_block&, ShmemAllocator&, const bool, const bool); template void Query<1024>::prologue<Op::FV>( cooperative_groups::thread_block&, ShmemAllocator&, const bool, const bool); template void Query<1024>::prologue<Op::FE>( cooperative_groups::thread_block&, ShmemAllocator&, const bool, const bool); template void Query<1024>::prologue<Op::FF>( cooperative_groups::thread_block&, ShmemAllocator&, const bool, const bool); template void Query<1024>::prologue<Op::EV>( cooperative_groups::thread_block&, ShmemAllocator&, const bool, const bool); template void Query<1024>::prologue<Op::EE>( cooperative_groups::thread_block&, ShmemAllocator&, const bool, const bool); template void Query<1024>::prologue<Op::EF>( cooperative_groups::thread_block&, ShmemAllocator&, const bool, const bool); template void Query<1024>::prologue<Op::EVDiamond>( cooperative_groups::thread_block&, ShmemAllocator&, const bool, const bool); template void Query<1024>::prologue<Op::VT>( cooperative_groups::thread_block&, ShmemAllocator&, const bool, const bool); template void Query<1024>::prologue<Op::ET>( cooperative_groups::thread_block&, ShmemAllocator&, const bool, const bool); template void Query<1024>::prologue<Op::FT>( cooperative_groups::thread_block&, ShmemAllocator&, const bool, const bool); template void Query<1024>::prologue<Op::TV>( cooperative_groups::thread_block&, ShmemAllocator&, const bool, const bool); template void Query<1024>::prologue<Op::TE>( cooperative_groups::thread_block&, ShmemAllocator&, const bool, const bool); template void Query<1024>::prologue<Op::TF>( cooperative_groups::thread_block&, ShmemAllocator&, const bool, const bool);
                                                                                                                                                                                                                                                                                                                                                                                                                                                                                                                                                                                                                                                                                                                                                                                                                                                                                                                                                                                                                                                                                                                                                                                                                                                                                                                                                                                                                                                                                                                                                  ^

/root/autodl-tmp/graduation_project/build_rxmesh_dynamic_20260908_141858/source/include/rxmesh/query.cu(120): warning #20037-D: a __device__ function("rxmesh::Query<blockThreads>::prologue [with blockThreads=1024U, op=rxmesh::Op::VT]") redeclared without __device__, hence treated as a __host__ __device__ function
  template void Query<1024>::prologue<Op::V>( cooperative_groups::thread_block&, ShmemAllocator&, const bool, const bool); template void Query<1024>::prologue<Op::E>( cooperative_groups::thread_block&, ShmemAllocator&, const bool, const bool); template void Query<1024>::prologue<Op::F>( cooperative_groups::thread_block&, ShmemAllocator&, const bool, const bool); template void Query<1024>::prologue<Op::VV>( cooperative_groups::thread_block&, ShmemAllocator&, const bool, const bool); template void Query<1024>::prologue<Op::VE>( cooperative_groups::thread_block&, ShmemAllocator&, const bool, const bool); template void Query<1024>::prologue<Op::VF>( cooperative_groups::thread_block&, ShmemAllocator&, const bool, const bool); template void Query<1024>::prologue<Op::FV>( cooperative_groups::thread_block&, ShmemAllocator&, const bool, const bool); template void Query<1024>::prologue<Op::FE>( cooperative_groups::thread_block&, ShmemAllocator&, const bool, const bool); template void Query<1024>::prologue<Op::FF>( cooperative_groups::thread_block&, ShmemAllocator&, const bool, const bool); template void Query<1024>::prologue<Op::EV>( cooperative_groups::thread_block&, ShmemAllocator&, const bool, const bool); template void Query<1024>::prologue<Op::EE>( cooperative_groups::thread_block&, ShmemAllocator&, const bool, const bool); template void Query<1024>::prologue<Op::EF>( cooperative_groups::thread_block&, ShmemAllocator&, const bool, const bool); template void Query<1024>::prologue<Op::EVDiamond>( cooperative_groups::thread_block&, ShmemAllocator&, const bool, const bool); template void Query<1024>::prologue<Op::VT>( cooperative_groups::thread_block&, ShmemAllocator&, const bool, const bool); template void Query<1024>::prologue<Op::ET>( cooperative_groups::thread_block&, ShmemAllocator&, const bool, const bool); template void Query<1024>::prologue<Op::FT>( cooperative_groups::thread_block&, ShmemAllocator&, const bool, const bool); template void Query<1024>::prologue<Op::TV>( cooperative_groups::thread_block&, ShmemAllocator&, const bool, const bool); template void Query<1024>::prologue<Op::TE>( cooperative_groups::thread_block&, ShmemAllocator&, const bool, const bool); template void Query<1024>::prologue<Op::TF>( cooperative_groups::thread_block&, ShmemAllocator&, const bool, const bool);
                                                                                                                                                                                                                                                                                                                                                                                                                                                                                                                                                                                                                                                                                                                                                                                                                                                                                                                                                                                                                                                                                                                                                                                                                                                                                                                                                                                                                                                                                                                                                                                                                                                                                   ^

/root/autodl-tmp/graduation_project/build_rxmesh_dynamic_20260908_141858/source/include/rxmesh/query.cu(120): warning #20037-D: a __device__ function("rxmesh::Query<blockThreads>::prologue [with blockThreads=1024U, op=rxmesh::Op::ET]") redeclared without __device__, hence treated as a __host__ __device__ function
  template void Query<1024>::prologue<Op::V>( cooperative_groups::thread_block&, ShmemAllocator&, const bool, const bool); template void Query<1024>::prologue<Op::E>( cooperative_groups::thread_block&, ShmemAllocator&, const bool, const bool); template void Query<1024>::prologue<Op::F>( cooperative_groups::thread_block&, ShmemAllocator&, const bool, const bool); template void Query<1024>::prologue<Op::VV>( cooperative_groups::thread_block&, ShmemAllocator&, const bool, const bool); template void Query<1024>::prologue<Op::VE>( cooperative_groups::thread_block&, ShmemAllocator&, const bool, const bool); template void Query<1024>::prologue<Op::VF>( cooperative_groups::thread_block&, ShmemAllocator&, const bool, const bool); template void Query<1024>::prologue<Op::FV>( cooperative_groups::thread_block&, ShmemAllocator&, const bool, const bool); template void Query<1024>::prologue<Op::FE>( cooperative_groups::thread_block&, ShmemAllocator&, const bool, const bool); template void Query<1024>::prologue<Op::FF>( cooperative_groups::thread_block&, ShmemAllocator&, const bool, const bool); template void Query<1024>::prologue<Op::EV>( cooperative_groups::thread_block&, ShmemAllocator&, const bool, const bool); template void Query<1024>::prologue<Op::EE>( cooperative_groups::thread_block&, ShmemAllocator&, const bool, const bool); template void Query<1024>::prologue<Op::EF>( cooperative_groups::thread_block&, ShmemAllocator&, const bool, const bool); template void Query<1024>::prologue<Op::EVDiamond>( cooperative_groups::thread_block&, ShmemAllocator&, const bool, const bool); template void Query<1024>::prologue<Op::VT>( cooperative_groups::thread_block&, ShmemAllocator&, const bool, const bool); template void Query<1024>::prologue<Op::ET>( cooperative_groups::thread_block&, ShmemAllocator&, const bool, const bool); template void Query<1024>::prologue<Op::FT>( cooperative_groups::thread_block&, ShmemAllocator&, const bool, const bool); template void Query<1024>::prologue<Op::TV>( cooperative_groups::thread_block&, ShmemAllocator&, const bool, const bool); template void Query<1024>::prologue<Op::TE>( cooperative_groups::thread_block&, ShmemAllocator&, const bool, const bool); template void Query<1024>::prologue<Op::TF>( cooperative_groups::thread_block&, ShmemAllocator&, const bool, const bool);
                                                                                                                                                                                                                                                                                                                                                                                                                                                                                                                                                                                                                                                                                                                                                                                                                                                                                                                                                                                                                                                                                                                                                                                                                                                                                                                                                                                                                                                                                                                                                                                                                                                                                                                                                                                                             ^

/root/autodl-tmp/graduation_project/build_rxmesh_dynamic_20260908_141858/source/include/rxmesh/query.cu(120): warning #20037-D: a __device__ function("rxmesh::Query<blockThreads>::prologue [with blockThreads=1024U, op=rxmesh::Op::FT]") redeclared without __device__, hence treated as a __host__ __device__ function
  template void Query<1024>::prologue<Op::V>( cooperative_groups::thread_block&, ShmemAllocator&, const bool, const bool); template void Query<1024>::prologue<Op::E>( cooperative_groups::thread_block&, ShmemAllocator&, const bool, const bool); template void Query<1024>::prologue<Op::F>( cooperative_groups::thread_block&, ShmemAllocator&, const bool, const bool); template void Query<1024>::prologue<Op::VV>( cooperative_groups::thread_block&, ShmemAllocator&, const bool, const bool); template void Query<1024>::prologue<Op::VE>( cooperative_groups::thread_block&, ShmemAllocator&, const bool, const bool); template void Query<1024>::prologue<Op::VF>( cooperative_groups::thread_block&, ShmemAllocator&, const bool, const bool); template void Query<1024>::prologue<Op::FV>( cooperative_groups::thread_block&, ShmemAllocator&, const bool, const bool); template void Query<1024>::prologue<Op::FE>( cooperative_groups::thread_block&, ShmemAllocator&, const bool, const bool); template void Query<1024>::prologue<Op::FF>( cooperative_groups::thread_block&, ShmemAllocator&, const bool, const bool); template void Query<1024>::prologue<Op::EV>( cooperative_groups::thread_block&, ShmemAllocator&, const bool, const bool); template void Query<1024>::prologue<Op::EE>( cooperative_groups::thread_block&, ShmemAllocator&, const bool, const bool); template void Query<1024>::prologue<Op::EF>( cooperative_groups::thread_block&, ShmemAllocator&, const bool, const bool); template void Query<1024>::prologue<Op::EVDiamond>( cooperative_groups::thread_block&, ShmemAllocator&, const bool, const bool); template void Query<1024>::prologue<Op::VT>( cooperative_groups::thread_block&, ShmemAllocator&, const bool, const bool); template void Query<1024>::prologue<Op::ET>( cooperative_groups::thread_block&, ShmemAllocator&, const bool, const bool); template void Query<1024>::prologue<Op::FT>( cooperative_groups::thread_block&, ShmemAllocator&, const bool, const bool); template void Query<1024>::prologue<Op::TV>( cooperative_groups::thread_block&, ShmemAllocator&, const bool, const bool); template void Query<1024>::prologue<Op::TE>( cooperative_groups::thread_block&, ShmemAllocator&, const bool, const bool); template void Query<1024>::prologue<Op::TF>( cooperative_groups::thread_block&, ShmemAllocator&, const bool, const bool);
                                                                                                                                                                                                                                                                                                                                                                                                                                                                                                                                                                                                                                                                                                                                                                                                                                                                                                                                                                                                                                                                                                                                                                                                                                                                                                                                                                                                                                                                                                                                                                                                                                                                                                                                                                                                                                                                                                                                       ^

/root/autodl-tmp/graduation_project/build_rxmesh_dynamic_20260908_141858/source/include/rxmesh/query.cu(120): warning #20037-D: a __device__ function("rxmesh::Query<blockThreads>::prologue [with blockThreads=1024U, op=rxmesh::Op::TV]") redeclared without __device__, hence treated as a __host__ __device__ function
  template void Query<1024>::prologue<Op::V>( cooperative_groups::thread_block&, ShmemAllocator&, const bool, const bool); template void Query<1024>::prologue<Op::E>( cooperative_groups::thread_block&, ShmemAllocator&, const bool, const bool); template void Query<1024>::prologue<Op::F>( cooperative_groups::thread_block&, ShmemAllocator&, const bool, const bool); template void Query<1024>::prologue<Op::VV>( cooperative_groups::thread_block&, ShmemAllocator&, const bool, const bool); template void Query<1024>::prologue<Op::VE>( cooperative_groups::thread_block&, ShmemAllocator&, const bool, const bool); template void Query<1024>::prologue<Op::VF>( cooperative_groups::thread_block&, ShmemAllocator&, const bool, const bool); template void Query<1024>::prologue<Op::FV>( cooperative_groups::thread_block&, ShmemAllocator&, const bool, const bool); template void Query<1024>::prologue<Op::FE>( cooperative_groups::thread_block&, ShmemAllocator&, const bool, const bool); template void Query<1024>::prologue<Op::FF>( cooperative_groups::thread_block&, ShmemAllocator&, const bool, const bool); template void Query<1024>::prologue<Op::EV>( cooperative_groups::thread_block&, ShmemAllocator&, const bool, const bool); template void Query<1024>::prologue<Op::EE>( cooperative_groups::thread_block&, ShmemAllocator&, const bool, const bool); template void Query<1024>::prologue<Op::EF>( cooperative_groups::thread_block&, ShmemAllocator&, const bool, const bool); template void Query<1024>::prologue<Op::EVDiamond>( cooperative_groups::thread_block&, ShmemAllocator&, const bool, const bool); template void Query<1024>::prologue<Op::VT>( cooperative_groups::thread_block&, ShmemAllocator&, const bool, const bool); template void Query<1024>::prologue<Op::ET>( cooperative_groups::thread_block&, ShmemAllocator&, const bool, const bool); template void Query<1024>::prologue<Op::FT>( cooperative_groups::thread_block&, ShmemAllocator&, const bool, const bool); template void Query<1024>::prologue<Op::TV>( cooperative_groups::thread_block&, ShmemAllocator&, const bool, const bool); template void Query<1024>::prologue<Op::TE>( cooperative_groups::thread_block&, ShmemAllocator&, const bool, const bool); template void Query<1024>::prologue<Op::TF>( cooperative_groups::thread_block&, ShmemAllocator&, const bool, const bool);
                                                                                                                                                                                                                                                                                                                                                                                                                                                                                                                                                                                                                                                                                                                                                                                                                                                                                                                                                                                                                                                                                                                                                                                                                                                                                                                                                                                                                                                                                                                                                                                                                                                                                                                                                                                                                                                                                                                                                                                                                                                                 ^

/root/autodl-tmp/graduation_project/build_rxmesh_dynamic_20260908_141858/source/include/rxmesh/query.cu(120): warning #20037-D: a __device__ function("rxmesh::Query<blockThreads>::prologue [with blockThreads=1024U, op=rxmesh::Op::TE]") redeclared without __device__, hence treated as a __host__ __device__ function
  template void Query<1024>::prologue<Op::V>( cooperative_groups::thread_block&, ShmemAllocator&, const bool, const bool); template void Query<1024>::prologue<Op::E>( cooperative_groups::thread_block&, ShmemAllocator&, const bool, const bool); template void Query<1024>::prologue<Op::F>( cooperative_groups::thread_block&, ShmemAllocator&, const bool, const bool); template void Query<1024>::prologue<Op::VV>( cooperative_groups::thread_block&, ShmemAllocator&, const bool, const bool); template void Query<1024>::prologue<Op::VE>( cooperative_groups::thread_block&, ShmemAllocator&, const bool, const bool); template void Query<1024>::prologue<Op::VF>( cooperative_groups::thread_block&, ShmemAllocator&, const bool, const bool); template void Query<1024>::prologue<Op::FV>( cooperative_groups::thread_block&, ShmemAllocator&, const bool, const bool); template void Query<1024>::prologue<Op::FE>( cooperative_groups::thread_block&, ShmemAllocator&, const bool, const bool); template void Query<1024>::prologue<Op::FF>( cooperative_groups::thread_block&, ShmemAllocator&, const bool, const bool); template void Query<1024>::prologue<Op::EV>( cooperative_groups::thread_block&, ShmemAllocator&, const bool, const bool); template void Query<1024>::prologue<Op::EE>( cooperative_groups::thread_block&, ShmemAllocator&, const bool, const bool); template void Query<1024>::prologue<Op::EF>( cooperative_groups::thread_block&, ShmemAllocator&, const bool, const bool); template void Query<1024>::prologue<Op::EVDiamond>( cooperative_groups::thread_block&, ShmemAllocator&, const bool, const bool); template void Query<1024>::prologue<Op::VT>( cooperative_groups::thread_block&, ShmemAllocator&, const bool, const bool); template void Query<1024>::prologue<Op::ET>( cooperative_groups::thread_block&, ShmemAllocator&, const bool, const bool); template void Query<1024>::prologue<Op::FT>( cooperative_groups::thread_block&, ShmemAllocator&, const bool, const bool); template void Query<1024>::prologue<Op::TV>( cooperative_groups::thread_block&, ShmemAllocator&, const bool, const bool); template void Query<1024>::prologue<Op::TE>( cooperative_groups::thread_block&, ShmemAllocator&, const bool, const bool); template void Query<1024>::prologue<Op::TF>( cooperative_groups::thread_block&, ShmemAllocator&, const bool, const bool);
                                                                                                                                                                                                                                                                                                                                                                                                                                                                                                                                                                                                                                                                                                                                                                                                                                                                                                                                                                                                                                                                                                                                                                                                                                                                                                                                                                                                                                                                                                                                                                                                                                                                                                                                                                                                                                                                                                                                                                                                                                                                                                                                                                                           ^

/root/autodl-tmp/graduation_project/build_rxmesh_dynamic_20260908_141858/source/include/rxmesh/query.cu(120): warning #20037-D: a __device__ function("rxmesh::Query<blockThreads>::prologue [with blockThreads=1024U, op=rxmesh::Op::TF]") redeclared without __device__, hence treated as a __host__ __device__ function
  template void Query<1024>::prologue<Op::V>( cooperative_groups::thread_block&, ShmemAllocator&, const bool, const bool); template void Query<1024>::prologue<Op::E>( cooperative_groups::thread_block&, ShmemAllocator&, const bool, const bool); template void Query<1024>::prologue<Op::F>( cooperative_groups::thread_block&, ShmemAllocator&, const bool, const bool); template void Query<1024>::prologue<Op::VV>( cooperative_groups::thread_block&, ShmemAllocator&, const bool, const bool); template void Query<1024>::prologue<Op::VE>( cooperative_groups::thread_block&, ShmemAllocator&, const bool, const bool); template void Query<1024>::prologue<Op::VF>( cooperative_groups::thread_block&, ShmemAllocator&, const bool, const bool); template void Query<1024>::prologue<Op::FV>( cooperative_groups::thread_block&, ShmemAllocator&, const bool, const bool); template void Query<1024>::prologue<Op::FE>( cooperative_groups::thread_block&, ShmemAllocator&, const bool, const bool); template void Query<1024>::prologue<Op::FF>( cooperative_groups::thread_block&, ShmemAllocator&, const bool, const bool); template void Query<1024>::prologue<Op::EV>( cooperative_groups::thread_block&, ShmemAllocator&, const bool, const bool); template void Query<1024>::prologue<Op::EE>( cooperative_groups::thread_block&, ShmemAllocator&, const bool, const bool); template void Query<1024>::prologue<Op::EF>( cooperative_groups::thread_block&, ShmemAllocator&, const bool, const bool); template void Query<1024>::prologue<Op::EVDiamond>( cooperative_groups::thread_block&, ShmemAllocator&, const bool, const bool); template void Query<1024>::prologue<Op::VT>( cooperative_groups::thread_block&, ShmemAllocator&, const bool, const bool); template void Query<1024>::prologue<Op::ET>( cooperative_groups::thread_block&, ShmemAllocator&, const bool, const bool); template void Query<1024>::prologue<Op::FT>( cooperative_groups::thread_block&, ShmemAllocator&, const bool, const bool); template void Query<1024>::prologue<Op::TV>( cooperative_groups::thread_block&, ShmemAllocator&, const bool, const bool); template void Query<1024>::prologue<Op::TE>( cooperative_groups::thread_block&, ShmemAllocator&, const bool, const bool); template void Query<1024>::prologue<Op::TF>( cooperative_groups::thread_block&, ShmemAllocator&, const bool, const bool);
                                                                                                                                                                                                                                                                                                                                                                                                                                                                                                                                                                                                                                                                                                                                                                                                                                                                                                                                                                                                                                                                                                                                                                                                                                                                                                                                                                                                                                                                                                                                                                                                                                                                                                                                                                                                                                                                                                                                                                                                                                                                                                                                                                                                                                                                                                                     ^

/root/autodl-tmp/graduation_project/build_rxmesh_dynamic_20260908_141858/source/include/rxmesh/query.cu(136): warning #20037-D: a __device__ function("rxmesh::Query<blockThreads>::get_iterator [with blockThreads=128U, IteratorT=rxmesh::VertexIterator]") redeclared without __device__, hence treated as a __host__ __device__ function
  template VertexIterator Query<128>::get_iterator<VertexIterator>(uint16_t) const; template EdgeIterator Query<128>::get_iterator<EdgeIterator>( uint16_t) const; template DEdgeIterator Query<128>::get_iterator<DEdgeIterator>( uint16_t) const; template FaceIterator Query<128>::get_iterator<FaceIterator>( uint16_t) const; template TetIterator Query<128>::get_iterator<TetIterator>( uint16_t) const;
                                      ^

/root/autodl-tmp/graduation_project/build_rxmesh_dynamic_20260908_141858/source/include/rxmesh/query.cu(136): warning #20037-D: a __device__ function("rxmesh::Query<blockThreads>::get_iterator [with blockThreads=128U, IteratorT=rxmesh::EdgeIterator]") redeclared without __device__, hence treated as a __host__ __device__ function
  template VertexIterator Query<128>::get_iterator<VertexIterator>(uint16_t) const; template EdgeIterator Query<128>::get_iterator<EdgeIterator>( uint16_t) const; template DEdgeIterator Query<128>::get_iterator<DEdgeIterator>( uint16_t) const; template FaceIterator Query<128>::get_iterator<FaceIterator>( uint16_t) const; template TetIterator Query<128>::get_iterator<TetIterator>( uint16_t) const;
                                                                                                                      ^

/root/autodl-tmp/graduation_project/build_rxmesh_dynamic_20260908_141858/source/include/rxmesh/query.cu(136): warning #20037-D: a __device__ function("rxmesh::Query<blockThreads>::get_iterator [with blockThreads=128U, IteratorT=rxmesh::DEdgeIterator]") redeclared without __device__, hence treated as a __host__ __device__ function
  template VertexIterator Query<128>::get_iterator<VertexIterator>(uint16_t) const; template EdgeIterator Query<128>::get_iterator<EdgeIterator>( uint16_t) const; template DEdgeIterator Query<128>::get_iterator<DEdgeIterator>( uint16_t) const; template FaceIterator Query<128>::get_iterator<FaceIterator>( uint16_t) const; template TetIterator Query<128>::get_iterator<TetIterator>( uint16_t) const;
                                                                                                                                                                                                      ^

/root/autodl-tmp/graduation_project/build_rxmesh_dynamic_20260908_141858/source/include/rxmesh/query.cu(136): warning #20037-D: a __device__ function("rxmesh::Query<blockThreads>::get_iterator [with blockThreads=128U, IteratorT=rxmesh::FaceIterator]") redeclared without __device__, hence treated as a __host__ __device__ function
  template VertexIterator Query<128>::get_iterator<VertexIterator>(uint16_t) const; template EdgeIterator Query<128>::get_iterator<EdgeIterator>( uint16_t) const; template DEdgeIterator Query<128>::get_iterator<DEdgeIterator>( uint16_t) const; template FaceIterator Query<128>::get_iterator<FaceIterator>( uint16_t) const; template TetIterator Query<128>::get_iterator<TetIterator>( uint16_t) const;
                                                                                                                                                                                                                                                                                      ^

/root/autodl-tmp/graduation_project/build_rxmesh_dynamic_20260908_141858/source/include/rxmesh/query.cu(136): warning #20037-D: a __device__ function("rxmesh::Query<blockThreads>::get_iterator [with blockThreads=128U, IteratorT=rxmesh::TetIterator]") redeclared without __device__, hence treated as a __host__ __device__ function
  template VertexIterator Query<128>::get_iterator<VertexIterator>(uint16_t) const; template EdgeIterator Query<128>::get_iterator<EdgeIterator>( uint16_t) const; template DEdgeIterator Query<128>::get_iterator<DEdgeIterator>( uint16_t) const; template FaceIterator Query<128>::get_iterator<FaceIterator>( uint16_t) const; template TetIterator Query<128>::get_iterator<TetIterator>( uint16_t) const;
                                                                                                                                                                                                                                                                                                                                                                    ^

/root/autodl-tmp/graduation_project/build_rxmesh_dynamic_20260908_141858/source/include/rxmesh/query.cu(137): warning #20037-D: a __device__ function("rxmesh::Query<blockThreads>::get_iterator [with blockThreads=256U, IteratorT=rxmesh::VertexIterator]") redeclared without __device__, hence treated as a __host__ __device__ function
  template VertexIterator Query<256>::get_iterator<VertexIterator>(uint16_t) const; template EdgeIterator Query<256>::get_iterator<EdgeIterator>( uint16_t) const; template DEdgeIterator Query<256>::get_iterator<DEdgeIterator>( uint16_t) const; template FaceIterator Query<256>::get_iterator<FaceIterator>( uint16_t) const; template TetIterator Query<256>::get_iterator<TetIterator>( uint16_t) const;
                                      ^

/root/autodl-tmp/graduation_project/build_rxmesh_dynamic_20260908_141858/source/include/rxmesh/query.cu(137): warning #20037-D: a __device__ function("rxmesh::Query<blockThreads>::get_iterator [with blockThreads=256U, IteratorT=rxmesh::EdgeIterator]") redeclared without __device__, hence treated as a __host__ __device__ function
  template VertexIterator Query<256>::get_iterator<VertexIterator>(uint16_t) const; template EdgeIterator Query<256>::get_iterator<EdgeIterator>( uint16_t) const; template DEdgeIterator Query<256>::get_iterator<DEdgeIterator>( uint16_t) const; template FaceIterator Query<256>::get_iterator<FaceIterator>( uint16_t) const; template TetIterator Query<256>::get_iterator<TetIterator>( uint16_t) const;
                                                                                                                      ^

/root/autodl-tmp/graduation_project/build_rxmesh_dynamic_20260908_141858/source/include/rxmesh/query.cu(137): warning #20037-D: a __device__ function("rxmesh::Query<blockThreads>::get_iterator [with blockThreads=256U, IteratorT=rxmesh::DEdgeIterator]") redeclared without __device__, hence treated as a __host__ __device__ function
  template VertexIterator Query<256>::get_iterator<VertexIterator>(uint16_t) const; template EdgeIterator Query<256>::get_iterator<EdgeIterator>( uint16_t) const; template DEdgeIterator Query<256>::get_iterator<DEdgeIterator>( uint16_t) const; template FaceIterator Query<256>::get_iterator<FaceIterator>( uint16_t) const; template TetIterator Query<256>::get_iterator<TetIterator>( uint16_t) const;
                                                                                                                                                                                                      ^

/root/autodl-tmp/graduation_project/build_rxmesh_dynamic_20260908_141858/source/include/rxmesh/query.cu(137): warning #20037-D: a __device__ function("rxmesh::Query<blockThreads>::get_iterator [with blockThreads=256U, IteratorT=rxmesh::FaceIterator]") redeclared without __device__, hence treated as a __host__ __device__ function
  template VertexIterator Query<256>::get_iterator<VertexIterator>(uint16_t) const; template EdgeIterator Query<256>::get_iterator<EdgeIterator>( uint16_t) const; template DEdgeIterator Query<256>::get_iterator<DEdgeIterator>( uint16_t) const; template FaceIterator Query<256>::get_iterator<FaceIterator>( uint16_t) const; template TetIterator Query<256>::get_iterator<TetIterator>( uint16_t) const;
                                                                                                                                                                                                                                                                                      ^

/root/autodl-tmp/graduation_project/build_rxmesh_dynamic_20260908_141858/source/include/rxmesh/query.cu(137): warning #20037-D: a __device__ function("rxmesh::Query<blockThreads>::get_iterator [with blockThreads=256U, IteratorT=rxmesh::TetIterator]") redeclared without __device__, hence treated as a __host__ __device__ function
  template VertexIterator Query<256>::get_iterator<VertexIterator>(uint16_t) const; template EdgeIterator Query<256>::get_iterator<EdgeIterator>( uint16_t) const; template DEdgeIterator Query<256>::get_iterator<DEdgeIterator>( uint16_t) const; template FaceIterator Query<256>::get_iterator<FaceIterator>( uint16_t) const; template TetIterator Query<256>::get_iterator<TetIterator>( uint16_t) const;
                                                                                                                                                                                                                                                                                                                                                                    ^

/root/autodl-tmp/graduation_project/build_rxmesh_dynamic_20260908_141858/source/include/rxmesh/query.cu(138): warning #20037-D: a __device__ function("rxmesh::Query<blockThreads>::get_iterator [with blockThreads=384U, IteratorT=rxmesh::VertexIterator]") redeclared without __device__, hence treated as a __host__ __device__ function
  template VertexIterator Query<384>::get_iterator<VertexIterator>(uint16_t) const; template EdgeIterator Query<384>::get_iterator<EdgeIterator>( uint16_t) const; template DEdgeIterator Query<384>::get_iterator<DEdgeIterator>( uint16_t) const; template FaceIterator Query<384>::get_iterator<FaceIterator>( uint16_t) const; template TetIterator Query<384>::get_iterator<TetIterator>( uint16_t) const;
                                      ^

/root/autodl-tmp/graduation_project/build_rxmesh_dynamic_20260908_141858/source/include/rxmesh/query.cu(138): warning #20037-D: a __device__ function("rxmesh::Query<blockThreads>::get_iterator [with blockThreads=384U, IteratorT=rxmesh::EdgeIterator]") redeclared without __device__, hence treated as a __host__ __device__ function
  template VertexIterator Query<384>::get_iterator<VertexIterator>(uint16_t) const; template EdgeIterator Query<384>::get_iterator<EdgeIterator>( uint16_t) const; template DEdgeIterator Query<384>::get_iterator<DEdgeIterator>( uint16_t) const; template FaceIterator Query<384>::get_iterator<FaceIterator>( uint16_t) const; template TetIterator Query<384>::get_iterator<TetIterator>( uint16_t) const;
                                                                                                                      ^

/root/autodl-tmp/graduation_project/build_rxmesh_dynamic_20260908_141858/source/include/rxmesh/query.cu(138): warning #20037-D: a __device__ function("rxmesh::Query<blockThreads>::get_iterator [with blockThreads=384U, IteratorT=rxmesh::DEdgeIterator]") redeclared without __device__, hence treated as a __host__ __device__ function
  template VertexIterator Query<384>::get_iterator<VertexIterator>(uint16_t) const; template EdgeIterator Query<384>::get_iterator<EdgeIterator>( uint16_t) const; template DEdgeIterator Query<384>::get_iterator<DEdgeIterator>( uint16_t) const; template FaceIterator Query<384>::get_iterator<FaceIterator>( uint16_t) const; template TetIterator Query<384>::get_iterator<TetIterator>( uint16_t) const;
                                                                                                                                                                                                      ^

/root/autodl-tmp/graduation_project/build_rxmesh_dynamic_20260908_141858/source/include/rxmesh/query.cu(138): warning #20037-D: a __device__ function("rxmesh::Query<blockThreads>::get_iterator [with blockThreads=384U, IteratorT=rxmesh::FaceIterator]") redeclared without __device__, hence treated as a __host__ __device__ function
  template VertexIterator Query<384>::get_iterator<VertexIterator>(uint16_t) const; template EdgeIterator Query<384>::get_iterator<EdgeIterator>( uint16_t) const; template DEdgeIterator Query<384>::get_iterator<DEdgeIterator>( uint16_t) const; template FaceIterator Query<384>::get_iterator<FaceIterator>( uint16_t) const; template TetIterator Query<384>::get_iterator<TetIterator>( uint16_t) const;
                                                                                                                                                                                                                                                                                      ^

/root/autodl-tmp/graduation_project/build_rxmesh_dynamic_20260908_141858/source/include/rxmesh/query.cu(138): warning #20037-D: a __device__ function("rxmesh::Query<blockThreads>::get_iterator [with blockThreads=384U, IteratorT=rxmesh::TetIterator]") redeclared without __device__, hence treated as a __host__ __device__ function
  template VertexIterator Query<384>::get_iterator<VertexIterator>(uint16_t) const; template EdgeIterator Query<384>::get_iterator<EdgeIterator>( uint16_t) const; template DEdgeIterator Query<384>::get_iterator<DEdgeIterator>( uint16_t) const; template FaceIterator Query<384>::get_iterator<FaceIterator>( uint16_t) const; template TetIterator Query<384>::get_iterator<TetIterator>( uint16_t) const;
                                                                                                                                                                                                                                                                                                                                                                    ^

/root/autodl-tmp/graduation_project/build_rxmesh_dynamic_20260908_141858/source/include/rxmesh/query.cu(139): warning #20037-D: a __device__ function("rxmesh::Query<blockThreads>::get_iterator [with blockThreads=512U, IteratorT=rxmesh::VertexIterator]") redeclared without __device__, hence treated as a __host__ __device__ function
  template VertexIterator Query<512>::get_iterator<VertexIterator>(uint16_t) const; template EdgeIterator Query<512>::get_iterator<EdgeIterator>( uint16_t) const; template DEdgeIterator Query<512>::get_iterator<DEdgeIterator>( uint16_t) const; template FaceIterator Query<512>::get_iterator<FaceIterator>( uint16_t) const; template TetIterator Query<512>::get_iterator<TetIterator>( uint16_t) const;
                                      ^

/root/autodl-tmp/graduation_project/build_rxmesh_dynamic_20260908_141858/source/include/rxmesh/query.cu(139): warning #20037-D: a __device__ function("rxmesh::Query<blockThreads>::get_iterator [with blockThreads=512U, IteratorT=rxmesh::EdgeIterator]") redeclared without __device__, hence treated as a __host__ __device__ function
  template VertexIterator Query<512>::get_iterator<VertexIterator>(uint16_t) const; template EdgeIterator Query<512>::get_iterator<EdgeIterator>( uint16_t) const; template DEdgeIterator Query<512>::get_iterator<DEdgeIterator>( uint16_t) const; template FaceIterator Query<512>::get_iterator<FaceIterator>( uint16_t) const; template TetIterator Query<512>::get_iterator<TetIterator>( uint16_t) const;
                                                                                                                      ^

/root/autodl-tmp/graduation_project/build_rxmesh_dynamic_20260908_141858/source/include/rxmesh/query.cu(139): warning #20037-D: a __device__ function("rxmesh::Query<blockThreads>::get_iterator [with blockThreads=512U, IteratorT=rxmesh::DEdgeIterator]") redeclared without __device__, hence treated as a __host__ __device__ function
  template VertexIterator Query<512>::get_iterator<VertexIterator>(uint16_t) const; template EdgeIterator Query<512>::get_iterator<EdgeIterator>( uint16_t) const; template DEdgeIterator Query<512>::get_iterator<DEdgeIterator>( uint16_t) const; template FaceIterator Query<512>::get_iterator<FaceIterator>( uint16_t) const; template TetIterator Query<512>::get_iterator<TetIterator>( uint16_t) const;
                                                                                                                                                                                                      ^

/root/autodl-tmp/graduation_project/build_rxmesh_dynamic_20260908_141858/source/include/rxmesh/query.cu(139): warning #20037-D: a __device__ function("rxmesh::Query<blockThreads>::get_iterator [with blockThreads=512U, IteratorT=rxmesh::FaceIterator]") redeclared without __device__, hence treated as a __host__ __device__ function
  template VertexIterator Query<512>::get_iterator<VertexIterator>(uint16_t) const; template EdgeIterator Query<512>::get_iterator<EdgeIterator>( uint16_t) const; template DEdgeIterator Query<512>::get_iterator<DEdgeIterator>( uint16_t) const; template FaceIterator Query<512>::get_iterator<FaceIterator>( uint16_t) const; template TetIterator Query<512>::get_iterator<TetIterator>( uint16_t) const;
                                                                                                                                                                                                                                                                                      ^

/root/autodl-tmp/graduation_project/build_rxmesh_dynamic_20260908_141858/source/include/rxmesh/query.cu(139): warning #20037-D: a __device__ function("rxmesh::Query<blockThreads>::get_iterator [with blockThreads=512U, IteratorT=rxmesh::TetIterator]") redeclared without __device__, hence treated as a __host__ __device__ function
  template VertexIterator Query<512>::get_iterator<VertexIterator>(uint16_t) const; template EdgeIterator Query<512>::get_iterator<EdgeIterator>( uint16_t) const; template DEdgeIterator Query<512>::get_iterator<DEdgeIterator>( uint16_t) const; template FaceIterator Query<512>::get_iterator<FaceIterator>( uint16_t) const; template TetIterator Query<512>::get_iterator<TetIterator>( uint16_t) const;
                                                                                                                                                                                                                                                                                                                                                                    ^

/root/autodl-tmp/graduation_project/build_rxmesh_dynamic_20260908_141858/source/include/rxmesh/query.cu(140): warning #20037-D: a __device__ function("rxmesh::Query<blockThreads>::get_iterator [with blockThreads=768U, IteratorT=rxmesh::VertexIterator]") redeclared without __device__, hence treated as a __host__ __device__ function
  template VertexIterator Query<768>::get_iterator<VertexIterator>(uint16_t) const; template EdgeIterator Query<768>::get_iterator<EdgeIterator>( uint16_t) const; template DEdgeIterator Query<768>::get_iterator<DEdgeIterator>( uint16_t) const; template FaceIterator Query<768>::get_iterator<FaceIterator>( uint16_t) const; template TetIterator Query<768>::get_iterator<TetIterator>( uint16_t) const;
                                      ^

/root/autodl-tmp/graduation_project/build_rxmesh_dynamic_20260908_141858/source/include/rxmesh/query.cu(140): warning #20037-D: a __device__ function("rxmesh::Query<blockThreads>::get_iterator [with blockThreads=768U, IteratorT=rxmesh::EdgeIterator]") redeclared without __device__, hence treated as a __host__ __device__ function
  template VertexIterator Query<768>::get_iterator<VertexIterator>(uint16_t) const; template EdgeIterator Query<768>::get_iterator<EdgeIterator>( uint16_t) const; template DEdgeIterator Query<768>::get_iterator<DEdgeIterator>( uint16_t) const; template FaceIterator Query<768>::get_iterator<FaceIterator>( uint16_t) const; template TetIterator Query<768>::get_iterator<TetIterator>( uint16_t) const;
                                                                                                                      ^

/root/autodl-tmp/graduation_project/build_rxmesh_dynamic_20260908_141858/source/include/rxmesh/query.cu(140): warning #20037-D: a __device__ function("rxmesh::Query<blockThreads>::get_iterator [with blockThreads=768U, IteratorT=rxmesh::DEdgeIterator]") redeclared without __device__, hence treated as a __host__ __device__ function
  template VertexIterator Query<768>::get_iterator<VertexIterator>(uint16_t) const; template EdgeIterator Query<768>::get_iterator<EdgeIterator>( uint16_t) const; template DEdgeIterator Query<768>::get_iterator<DEdgeIterator>( uint16_t) const; template FaceIterator Query<768>::get_iterator<FaceIterator>( uint16_t) const; template TetIterator Query<768>::get_iterator<TetIterator>( uint16_t) const;
                                                                                                                                                                                                      ^

/root/autodl-tmp/graduation_project/build_rxmesh_dynamic_20260908_141858/source/include/rxmesh/query.cu(140): warning #20037-D: a __device__ function("rxmesh::Query<blockThreads>::get_iterator [with blockThreads=768U, IteratorT=rxmesh::FaceIterator]") redeclared without __device__, hence treated as a __host__ __device__ function
  template VertexIterator Query<768>::get_iterator<VertexIterator>(uint16_t) const; template EdgeIterator Query<768>::get_iterator<EdgeIterator>( uint16_t) const; template DEdgeIterator Query<768>::get_iterator<DEdgeIterator>( uint16_t) const; template FaceIterator Query<768>::get_iterator<FaceIterator>( uint16_t) const; template TetIterator Query<768>::get_iterator<TetIterator>( uint16_t) const;
                                                                                                                                                                                                                                                                                      ^

/root/autodl-tmp/graduation_project/build_rxmesh_dynamic_20260908_141858/source/include/rxmesh/query.cu(140): warning #20037-D: a __device__ function("rxmesh::Query<blockThreads>::get_iterator [with blockThreads=768U, IteratorT=rxmesh::TetIterator]") redeclared without __device__, hence treated as a __host__ __device__ function
  template VertexIterator Query<768>::get_iterator<VertexIterator>(uint16_t) const; template EdgeIterator Query<768>::get_iterator<EdgeIterator>( uint16_t) const; template DEdgeIterator Query<768>::get_iterator<DEdgeIterator>( uint16_t) const; template FaceIterator Query<768>::get_iterator<FaceIterator>( uint16_t) const; template TetIterator Query<768>::get_iterator<TetIterator>( uint16_t) const;
                                                                                                                                                                                                                                                                                                                                                                    ^

/root/autodl-tmp/graduation_project/build_rxmesh_dynamic_20260908_141858/source/include/rxmesh/query.cu(141): warning #20037-D: a __device__ function("rxmesh::Query<blockThreads>::get_iterator [with blockThreads=1024U, IteratorT=rxmesh::VertexIterator]") redeclared without __device__, hence treated as a __host__ __device__ function
  template VertexIterator Query<1024>::get_iterator<VertexIterator>(uint16_t) const; template EdgeIterator Query<1024>::get_iterator<EdgeIterator>( uint16_t) const; template DEdgeIterator Query<1024>::get_iterator<DEdgeIterator>( uint16_t) const; template FaceIterator Query<1024>::get_iterator<FaceIterator>( uint16_t) const; template TetIterator Query<1024>::get_iterator<TetIterator>( uint16_t) const;
                                       ^

/root/autodl-tmp/graduation_project/build_rxmesh_dynamic_20260908_141858/source/include/rxmesh/query.cu(141): warning #20037-D: a __device__ function("rxmesh::Query<blockThreads>::get_iterator [with blockThreads=1024U, IteratorT=rxmesh::EdgeIterator]") redeclared without __device__, hence treated as a __host__ __device__ function
  template VertexIterator Query<1024>::get_iterator<VertexIterator>(uint16_t) const; template EdgeIterator Query<1024>::get_iterator<EdgeIterator>( uint16_t) const; template DEdgeIterator Query<1024>::get_iterator<DEdgeIterator>( uint16_t) const; template FaceIterator Query<1024>::get_iterator<FaceIterator>( uint16_t) const; template TetIterator Query<1024>::get_iterator<TetIterator>( uint16_t) const;
                                                                                                                        ^

/root/autodl-tmp/graduation_project/build_rxmesh_dynamic_20260908_141858/source/include/rxmesh/query.cu(141): warning #20037-D: a __device__ function("rxmesh::Query<blockThreads>::get_iterator [with blockThreads=1024U, IteratorT=rxmesh::DEdgeIterator]") redeclared without __device__, hence treated as a __host__ __device__ function
  template VertexIterator Query<1024>::get_iterator<VertexIterator>(uint16_t) const; template EdgeIterator Query<1024>::get_iterator<EdgeIterator>( uint16_t) const; template DEdgeIterator Query<1024>::get_iterator<DEdgeIterator>( uint16_t) const; template FaceIterator Query<1024>::get_iterator<FaceIterator>( uint16_t) const; template TetIterator Query<1024>::get_iterator<TetIterator>( uint16_t) const;
                                                                                                                                                                                                         ^

/root/autodl-tmp/graduation_project/build_rxmesh_dynamic_20260908_141858/source/include/rxmesh/query.cu(141): warning #20037-D: a __device__ function("rxmesh::Query<blockThreads>::get_iterator [with blockThreads=1024U, IteratorT=rxmesh::FaceIterator]") redeclared without __device__, hence treated as a __host__ __device__ function
  template VertexIterator Query<1024>::get_iterator<VertexIterator>(uint16_t) const; template EdgeIterator Query<1024>::get_iterator<EdgeIterator>( uint16_t) const; template DEdgeIterator Query<1024>::get_iterator<DEdgeIterator>( uint16_t) const; template FaceIterator Query<1024>::get_iterator<FaceIterator>( uint16_t) const; template TetIterator Query<1024>::get_iterator<TetIterator>( uint16_t) const;
                                                                                                                                                                                                                                                                                          ^

/root/autodl-tmp/graduation_project/build_rxmesh_dynamic_20260908_141858/source/include/rxmesh/query.cu(141): warning #20037-D: a __device__ function("rxmesh::Query<blockThreads>::get_iterator [with blockThreads=1024U, IteratorT=rxmesh::TetIterator]") redeclared without __device__, hence treated as a __host__ __device__ function
  template VertexIterator Query<1024>::get_iterator<VertexIterator>(uint16_t) const; template EdgeIterator Query<1024>::get_iterator<EdgeIterator>( uint16_t) const; template DEdgeIterator Query<1024>::get_iterator<DEdgeIterator>( uint16_t) const; template FaceIterator Query<1024>::get_iterator<FaceIterator>( uint16_t) const; template TetIterator Query<1024>::get_iterator<TetIterator>( uint16_t) const;
                                                                                                                                                                                                                                                                                                                                                                         ^

/root/autodl-tmp/graduation_project/build_rxmesh_dynamic_20260908_141858/source/include/rxmesh/attribute.h:484: warning: ignoring ‘#pragma unroll ’ [-Wunknown-pragmas]
  484 |         for (int i = 0; i < N; ++i) {
      | 
/root/autodl-tmp/graduation_project/build_rxmesh_dynamic_20260908_141858/source/include/rxmesh/attribute.h:506: warning: ignoring ‘#pragma unroll ’ [-Wunknown-pragmas]
  506 |         for (int i = 0; i < N; ++i) {
      | 
/root/autodl-tmp/graduation_project/build_rxmesh_dynamic_20260908_141858/source/include/rxmesh/attribute.h:484: warning: ignoring ‘#pragma unroll ’ [-Wunknown-pragmas]
  484 |         for (int i = 0; i < N; ++i) {
      | 
/root/autodl-tmp/graduation_project/build_rxmesh_dynamic_20260908_141858/source/include/rxmesh/attribute.h:506: warning: ignoring ‘#pragma unroll ’ [-Wunknown-pragmas]
  506 |         for (int i = 0; i < N; ++i) {
      | 
[ 87%] Building CUDA object CMakeFiles/RXMesh.dir/include/rxmesh/patch_stash.cu.o
nvcc warning : Resource usage is not shown as the final resource allocation is not done.
/root/autodl-tmp/graduation_project/build_rxmesh_dynamic_20260908_141858/source/include/rxmesh/attribute.h:484: warning: ignoring ‘#pragma unroll ’ [-Wunknown-pragmas]
  484 |         for (int i = 0; i < N; ++i) {
      | 
/root/autodl-tmp/graduation_project/build_rxmesh_dynamic_20260908_141858/source/include/rxmesh/attribute.h:506: warning: ignoring ‘#pragma unroll ’ [-Wunknown-pragmas]
  506 |         for (int i = 0; i < N; ++i) {
      | 
[ 87%] Building CUDA object CMakeFiles/RXMesh.dir/include/rxmesh/hash_functions.cu.o
nvcc warning : Resource usage is not shown as the final resource allocation is not done.
/root/autodl-tmp/graduation_project/build_rxmesh_dynamic_20260908_141858/source/include/rxmesh/attribute.cu: In instantiation of ‘void rxmesh::Attribute<T, HandleT>::copy_from(rxmesh::Attribute<T, HandleT>&, rxmesh::locationT, rxmesh::locationT, cudaStream_t) [with T = Eigen::Matrix<float, 3, 3>; HandleT = rxmesh::VertexHandle; rxmesh::locationT = unsigned int; cudaStream_t = CUstream_st*]’:
/root/autodl-tmp/graduation_project/build_rxmesh_dynamic_20260908_141858/source/include/rxmesh/attribute.cu:662:16:   required from here
/root/autodl-tmp/graduation_project/build_rxmesh_dynamic_20260908_141858/source/include/rxmesh/attribute.cu:422:12: warning: ‘void* memcpy(void*, const void*, size_t)’ writing to an object of type ‘class Eigen::Matrix<float, 3, 3>’ with no trivial copy-assignment; use copy-assignment or copy-initialization instead [-Wclass-memaccess]
  422 |         std::memcpy(m_h_data, source.m_h_data, get_total_bytes());
      |         ~~~^~~~~~~~~~~~~~~~~~~~~~~~~~~~~~~~~~~~~~~~~~~~~~
/root/autodl-tmp/graduation_project/build_rxmesh_dynamic_20260908_141858/build/_deps/eigen-src/Eigen/src/Core/Matrix.h:186:7: note: ‘class Eigen::Matrix<float, 3, 3>’ declared here
  186 | class Matrix : public PlainObjectBase<Matrix<Scalar_, Rows_, Cols_, Options_, MaxRows_, MaxCols_>> {
      |       ^~~~~~
/root/autodl-tmp/graduation_project/build_rxmesh_dynamic_20260908_141858/source/include/rxmesh/attribute.cu: In instantiation of ‘void rxmesh::Attribute<T, HandleT>::copy_from(rxmesh::Attribute<T, HandleT>&, rxmesh::locationT, rxmesh::locationT, cudaStream_t) [with T = Eigen::Matrix<float, 3, 3>; HandleT = rxmesh::EdgeHandle; rxmesh::locationT = unsigned int; cudaStream_t = CUstream_st*]’:
/root/autodl-tmp/graduation_project/build_rxmesh_dynamic_20260908_141858/source/include/rxmesh/attribute.cu:662:87:   required from here
/root/autodl-tmp/graduation_project/build_rxmesh_dynamic_20260908_141858/source/include/rxmesh/attribute.cu:422:12: warning: ‘void* memcpy(void*, const void*, size_t)’ writing to an object of type ‘class Eigen::Matrix<float, 3, 3>’ with no trivial copy-assignment; use copy-assignment or copy-initialization instead [-Wclass-memaccess]
  422 |         std::memcpy(m_h_data, source.m_h_data, get_total_bytes());
      |         ~~~^~~~~~~~~~~~~~~~~~~~~~~~~~~~~~~~~~~~~~~~~~~~~~
/root/autodl-tmp/graduation_project/build_rxmesh_dynamic_20260908_141858/build/_deps/eigen-src/Eigen/src/Core/Matrix.h:186:7: note: ‘class Eigen::Matrix<float, 3, 3>’ declared here
  186 | class Matrix : public PlainObjectBase<Matrix<Scalar_, Rows_, Cols_, Options_, MaxRows_, MaxCols_>> {
      |       ^~~~~~
/root/autodl-tmp/graduation_project/build_rxmesh_dynamic_20260908_141858/source/include/rxmesh/attribute.cu: In instantiation of ‘void rxmesh::Attribute<T, HandleT>::copy_from(rxmesh::Attribute<T, HandleT>&, rxmesh::locationT, rxmesh::locationT, cudaStream_t) [with T = Eigen::Matrix<float, 3, 3>; HandleT = rxmesh::FaceHandle; rxmesh::locationT = unsigned int; cudaStream_t = CUstream_st*]’:
/root/autodl-tmp/graduation_project/build_rxmesh_dynamic_20260908_141858/source/include/rxmesh/attribute.cu:662:156:   required from here
/root/autodl-tmp/graduation_project/build_rxmesh_dynamic_20260908_141858/source/include/rxmesh/attribute.cu:422:12: warning: ‘void* memcpy(void*, const void*, size_t)’ writing to an object of type ‘class Eigen::Matrix<float, 3, 3>’ with no trivial copy-assignment; use copy-assignment or copy-initialization instead [-Wclass-memaccess]
  422 |         std::memcpy(m_h_data, source.m_h_data, get_total_bytes());
      |         ~~~^~~~~~~~~~~~~~~~~~~~~~~~~~~~~~~~~~~~~~~~~~~~~~
/root/autodl-tmp/graduation_project/build_rxmesh_dynamic_20260908_141858/build/_deps/eigen-src/Eigen/src/Core/Matrix.h:186:7: note: ‘class Eigen::Matrix<float, 3, 3>’ declared here
  186 | class Matrix : public PlainObjectBase<Matrix<Scalar_, Rows_, Cols_, Options_, MaxRows_, MaxCols_>> {
      |       ^~~~~~
/root/autodl-tmp/graduation_project/build_rxmesh_dynamic_20260908_141858/source/include/rxmesh/attribute.cu: In instantiation of ‘void rxmesh::Attribute<T, HandleT>::copy_from(rxmesh::Attribute<T, HandleT>&, rxmesh::locationT, rxmesh::locationT, cudaStream_t) [with T = Eigen::Matrix<float, 3, 3>; HandleT = rxmesh::TetHandle; rxmesh::locationT = unsigned int; cudaStream_t = CUstream_st*]’:
/root/autodl-tmp/graduation_project/build_rxmesh_dynamic_20260908_141858/source/include/rxmesh/attribute.cu:662:225:   required from here
/root/autodl-tmp/graduation_project/build_rxmesh_dynamic_20260908_141858/source/include/rxmesh/attribute.cu:422:12: warning: ‘void* memcpy(void*, const void*, size_t)’ writing to an object of type ‘class Eigen::Matrix<float, 3, 3>’ with no trivial copy-assignment; use copy-assignment or copy-initialization instead [-Wclass-memaccess]
  422 |         std::memcpy(m_h_data, source.m_h_data, get_total_bytes());
      |         ~~~^~~~~~~~~~~~~~~~~~~~~~~~~~~~~~~~~~~~~~~~~~~~~~
/root/autodl-tmp/graduation_project/build_rxmesh_dynamic_20260908_141858/build/_deps/eigen-src/Eigen/src/Core/Matrix.h:186:7: note: ‘class Eigen::Matrix<float, 3, 3>’ declared here
  186 | class Matrix : public PlainObjectBase<Matrix<Scalar_, Rows_, Cols_, Options_, MaxRows_, MaxCols_>> {
      |       ^~~~~~
/root/autodl-tmp/graduation_project/build_rxmesh_dynamic_20260908_141858/source/include/rxmesh/attribute.cu: In instantiation of ‘void rxmesh::Attribute<T, HandleT>::copy_from(rxmesh::Attribute<T, HandleT>&, rxmesh::locationT, rxmesh::locationT, cudaStream_t) [with T = Eigen::Matrix<float, 2, 2>; HandleT = rxmesh::VertexHandle; rxmesh::locationT = unsigned int; cudaStream_t = CUstream_st*]’:
/root/autodl-tmp/graduation_project/build_rxmesh_dynamic_20260908_141858/source/include/rxmesh/attribute.cu:663:16:   required from here
/root/autodl-tmp/graduation_project/build_rxmesh_dynamic_20260908_141858/source/include/rxmesh/attribute.cu:422:12: warning: ‘void* memcpy(void*, const void*, size_t)’ writing to an object of type ‘class Eigen::Matrix<float, 2, 2>’ with no trivial copy-assignment; use copy-assignment or copy-initialization instead [-Wclass-memaccess]
  422 |         std::memcpy(m_h_data, source.m_h_data, get_total_bytes());
      |         ~~~^~~~~~~~~~~~~~~~~~~~~~~~~~~~~~~~~~~~~~~~~~~~~~
/root/autodl-tmp/graduation_project/build_rxmesh_dynamic_20260908_141858/build/_deps/eigen-src/Eigen/src/Core/Matrix.h:186:7: note: ‘class Eigen::Matrix<float, 2, 2>’ declared here
  186 | class Matrix : public PlainObjectBase<Matrix<Scalar_, Rows_, Cols_, Options_, MaxRows_, MaxCols_>> {
      |       ^~~~~~
/root/autodl-tmp/graduation_project/build_rxmesh_dynamic_20260908_141858/source/include/rxmesh/attribute.cu: In instantiation of ‘void rxmesh::Attribute<T, HandleT>::copy_from(rxmesh::Attribute<T, HandleT>&, rxmesh::locationT, rxmesh::locationT, cudaStream_t) [with T = Eigen::Matrix<float, 2, 2>; HandleT = rxmesh::EdgeHandle; rxmesh::locationT = unsigned int; cudaStream_t = CUstream_st*]’:
/root/autodl-tmp/graduation_project/build_rxmesh_dynamic_20260908_141858/source/include/rxmesh/attribute.cu:663:87:   required from here
/root/autodl-tmp/graduation_project/build_rxmesh_dynamic_20260908_141858/source/include/rxmesh/attribute.cu:422:12: warning: ‘void* memcpy(void*, const void*, size_t)’ writing to an object of type ‘class Eigen::Matrix<float, 2, 2>’ with no trivial copy-assignment; use copy-assignment or copy-initialization instead [-Wclass-memaccess]
  422 |         std::memcpy(m_h_data, source.m_h_data, get_total_bytes());
      |         ~~~^~~~~~~~~~~~~~~~~~~~~~~~~~~~~~~~~~~~~~~~~~~~~~
/root/autodl-tmp/graduation_project/build_rxmesh_dynamic_20260908_141858/build/_deps/eigen-src/Eigen/src/Core/Matrix.h:186:7: note: ‘class Eigen::Matrix<float, 2, 2>’ declared here
  186 | class Matrix : public PlainObjectBase<Matrix<Scalar_, Rows_, Cols_, Options_, MaxRows_, MaxCols_>> {
      |       ^~~~~~
/root/autodl-tmp/graduation_project/build_rxmesh_dynamic_20260908_141858/source/include/rxmesh/attribute.cu: In instantiation of ‘void rxmesh::Attribute<T, HandleT>::copy_from(rxmesh::Attribute<T, HandleT>&, rxmesh::locationT, rxmesh::locationT, cudaStream_t) [with T = Eigen::Matrix<float, 2, 2>; HandleT = rxmesh::FaceHandle; rxmesh::locationT = unsigned int; cudaStream_t = CUstream_st*]’:
/root/autodl-tmp/graduation_project/build_rxmesh_dynamic_20260908_141858/source/include/rxmesh/attribute.cu:663:156:   required from here
/root/autodl-tmp/graduation_project/build_rxmesh_dynamic_20260908_141858/source/include/rxmesh/attribute.cu:422:12: warning: ‘void* memcpy(void*, const void*, size_t)’ writing to an object of type ‘class Eigen::Matrix<float, 2, 2>’ with no trivial copy-assignment; use copy-assignment or copy-initialization instead [-Wclass-memaccess]
  422 |         std::memcpy(m_h_data, source.m_h_data, get_total_bytes());
      |         ~~~^~~~~~~~~~~~~~~~~~~~~~~~~~~~~~~~~~~~~~~~~~~~~~
/root/autodl-tmp/graduation_project/build_rxmesh_dynamic_20260908_141858/build/_deps/eigen-src/Eigen/src/Core/Matrix.h:186:7: note: ‘class Eigen::Matrix<float, 2, 2>’ declared here
  186 | class Matrix : public PlainObjectBase<Matrix<Scalar_, Rows_, Cols_, Options_, MaxRows_, MaxCols_>> {
      |       ^~~~~~
/root/autodl-tmp/graduation_project/build_rxmesh_dynamic_20260908_141858/source/include/rxmesh/attribute.cu: In instantiation of ‘void rxmesh::Attribute<T, HandleT>::copy_from(rxmesh::Attribute<T, HandleT>&, rxmesh::locationT, rxmesh::locationT, cudaStream_t) [with T = Eigen::Matrix<float, 2, 2>; HandleT = rxmesh::TetHandle; rxmesh::locationT = unsigned int; cudaStream_t = CUstream_st*]’:
/root/autodl-tmp/graduation_project/build_rxmesh_dynamic_20260908_141858/source/include/rxmesh/attribute.cu:663:225:   required from here
/root/autodl-tmp/graduation_project/build_rxmesh_dynamic_20260908_141858/source/include/rxmesh/attribute.cu:422:12: warning: ‘void* memcpy(void*, const void*, size_t)’ writing to an object of type ‘class Eigen::Matrix<float, 2, 2>’ with no trivial copy-assignment; use copy-assignment or copy-initialization instead [-Wclass-memaccess]
  422 |         std::memcpy(m_h_data, source.m_h_data, get_total_bytes());
      |         ~~~^~~~~~~~~~~~~~~~~~~~~~~~~~~~~~~~~~~~~~~~~~~~~~
/root/autodl-tmp/graduation_project/build_rxmesh_dynamic_20260908_141858/build/_deps/eigen-src/Eigen/src/Core/Matrix.h:186:7: note: ‘class Eigen::Matrix<float, 2, 2>’ declared here
  186 | class Matrix : public PlainObjectBase<Matrix<Scalar_, Rows_, Cols_, Options_, MaxRows_, MaxCols_>> {
      |       ^~~~~~
/root/autodl-tmp/graduation_project/build_rxmesh_dynamic_20260908_141858/source/include/rxmesh/attribute.cu: In instantiation of ‘void rxmesh::Attribute<T, HandleT>::copy_from(rxmesh::Attribute<T, HandleT>&, rxmesh::locationT, rxmesh::locationT, cudaStream_t) [with T = Eigen::Matrix<double, 3, 3>; HandleT = rxmesh::VertexHandle; rxmesh::locationT = unsigned int; cudaStream_t = CUstream_st*]’:
/root/autodl-tmp/graduation_project/build_rxmesh_dynamic_20260908_141858/source/include/rxmesh/attribute.cu:664:16:   required from here
/root/autodl-tmp/graduation_project/build_rxmesh_dynamic_20260908_141858/source/include/rxmesh/attribute.cu:422:12: warning: ‘void* memcpy(void*, const void*, size_t)’ writing to an object of type ‘class Eigen::Matrix<double, 3, 3>’ with no trivial copy-assignment; use copy-assignment or copy-initialization instead [-Wclass-memaccess]
  422 |         std::memcpy(m_h_data, source.m_h_data, get_total_bytes());
      |         ~~~^~~~~~~~~~~~~~~~~~~~~~~~~~~~~~~~~~~~~~~~~~~~~~
/root/autodl-tmp/graduation_project/build_rxmesh_dynamic_20260908_141858/build/_deps/eigen-src/Eigen/src/Core/Matrix.h:186:7: note: ‘class Eigen::Matrix<double, 3, 3>’ declared here
  186 | class Matrix : public PlainObjectBase<Matrix<Scalar_, Rows_, Cols_, Options_, MaxRows_, MaxCols_>> {
      |       ^~~~~~
/root/autodl-tmp/graduation_project/build_rxmesh_dynamic_20260908_141858/source/include/rxmesh/attribute.cu: In instantiation of ‘void rxmesh::Attribute<T, HandleT>::copy_from(rxmesh::Attribute<T, HandleT>&, rxmesh::locationT, rxmesh::locationT, cudaStream_t) [with T = Eigen::Matrix<double, 3, 3>; HandleT = rxmesh::EdgeHandle; rxmesh::locationT = unsigned int; cudaStream_t = CUstream_st*]’:
/root/autodl-tmp/graduation_project/build_rxmesh_dynamic_20260908_141858/source/include/rxmesh/attribute.cu:664:88:   required from here
/root/autodl-tmp/graduation_project/build_rxmesh_dynamic_20260908_141858/source/include/rxmesh/attribute.cu:422:12: warning: ‘void* memcpy(void*, const void*, size_t)’ writing to an object of type ‘class Eigen::Matrix<double, 3, 3>’ with no trivial copy-assignment; use copy-assignment or copy-initialization instead [-Wclass-memaccess]
  422 |         std::memcpy(m_h_data, source.m_h_data, get_total_bytes());
      |         ~~~^~~~~~~~~~~~~~~~~~~~~~~~~~~~~~~~~~~~~~~~~~~~~~
/root/autodl-tmp/graduation_project/build_rxmesh_dynamic_20260908_141858/build/_deps/eigen-src/Eigen/src/Core/Matrix.h:186:7: note: ‘class Eigen::Matrix<double, 3, 3>’ declared here
  186 | class Matrix : public PlainObjectBase<Matrix<Scalar_, Rows_, Cols_, Options_, MaxRows_, MaxCols_>> {
      |       ^~~~~~
/root/autodl-tmp/graduation_project/build_rxmesh_dynamic_20260908_141858/source/include/rxmesh/attribute.cu: In instantiation of ‘void rxmesh::Attribute<T, HandleT>::copy_from(rxmesh::Attribute<T, HandleT>&, rxmesh::locationT, rxmesh::locationT, cudaStream_t) [with T = Eigen::Matrix<double, 3, 3>; HandleT = rxmesh::FaceHandle; rxmesh::locationT = unsigned int; cudaStream_t = CUstream_st*]’:
/root/autodl-tmp/graduation_project/build_rxmesh_dynamic_20260908_141858/source/include/rxmesh/attribute.cu:664:158:   required from here
/root/autodl-tmp/graduation_project/build_rxmesh_dynamic_20260908_141858/source/include/rxmesh/attribute.cu:422:12: warning: ‘void* memcpy(void*, const void*, size_t)’ writing to an object of type ‘class Eigen::Matrix<double, 3, 3>’ with no trivial copy-assignment; use copy-assignment or copy-initialization instead [-Wclass-memaccess]
  422 |         std::memcpy(m_h_data, source.m_h_data, get_total_bytes());
      |         ~~~^~~~~~~~~~~~~~~~~~~~~~~~~~~~~~~~~~~~~~~~~~~~~~
/root/autodl-tmp/graduation_project/build_rxmesh_dynamic_20260908_141858/build/_deps/eigen-src/Eigen/src/Core/Matrix.h:186:7: note: ‘class Eigen::Matrix<double, 3, 3>’ declared here
  186 | class Matrix : public PlainObjectBase<Matrix<Scalar_, Rows_, Cols_, Options_, MaxRows_, MaxCols_>> {
      |       ^~~~~~
/root/autodl-tmp/graduation_project/build_rxmesh_dynamic_20260908_141858/source/include/rxmesh/attribute.cu: In instantiation of ‘void rxmesh::Attribute<T, HandleT>::copy_from(rxmesh::Attribute<T, HandleT>&, rxmesh::locationT, rxmesh::locationT, cudaStream_t) [with T = Eigen::Matrix<double, 3, 3>; HandleT = rxmesh::TetHandle; rxmesh::locationT = unsigned int; cudaStream_t = CUstream_st*]’:
/root/autodl-tmp/graduation_project/build_rxmesh_dynamic_20260908_141858/source/include/rxmesh/attribute.cu:664:228:   required from here
/root/autodl-tmp/graduation_project/build_rxmesh_dynamic_20260908_141858/source/include/rxmesh/attribute.cu:422:12: warning: ‘void* memcpy(void*, const void*, size_t)’ writing to an object of type ‘class Eigen::Matrix<double, 3, 3>’ with no trivial copy-assignment; use copy-assignment or copy-initialization instead [-Wclass-memaccess]
  422 |         std::memcpy(m_h_data, source.m_h_data, get_total_bytes());
      |         ~~~^~~~~~~~~~~~~~~~~~~~~~~~~~~~~~~~~~~~~~~~~~~~~~
/root/autodl-tmp/graduation_project/build_rxmesh_dynamic_20260908_141858/build/_deps/eigen-src/Eigen/src/Core/Matrix.h:186:7: note: ‘class Eigen::Matrix<double, 3, 3>’ declared here
  186 | class Matrix : public PlainObjectBase<Matrix<Scalar_, Rows_, Cols_, Options_, MaxRows_, MaxCols_>> {
      |       ^~~~~~
/root/autodl-tmp/graduation_project/build_rxmesh_dynamic_20260908_141858/source/include/rxmesh/attribute.cu: In instantiation of ‘void rxmesh::Attribute<T, HandleT>::copy_from(rxmesh::Attribute<T, HandleT>&, rxmesh::locationT, rxmesh::locationT, cudaStream_t) [with T = Eigen::Matrix<double, 2, 2>; HandleT = rxmesh::VertexHandle; rxmesh::locationT = unsigned int; cudaStream_t = CUstream_st*]’:
/root/autodl-tmp/graduation_project/build_rxmesh_dynamic_20260908_141858/source/include/rxmesh/attribute.cu:665:16:   required from here
/root/autodl-tmp/graduation_project/build_rxmesh_dynamic_20260908_141858/source/include/rxmesh/attribute.cu:422:12: warning: ‘void* memcpy(void*, const void*, size_t)’ writing to an object of type ‘class Eigen::Matrix<double, 2, 2>’ with no trivial copy-assignment; use copy-assignment or copy-initialization instead [-Wclass-memaccess]
  422 |         std::memcpy(m_h_data, source.m_h_data, get_total_bytes());
      |         ~~~^~~~~~~~~~~~~~~~~~~~~~~~~~~~~~~~~~~~~~~~~~~~~~
/root/autodl-tmp/graduation_project/build_rxmesh_dynamic_20260908_141858/build/_deps/eigen-src/Eigen/src/Core/Matrix.h:186:7: note: ‘class Eigen::Matrix<double, 2, 2>’ declared here
  186 | class Matrix : public PlainObjectBase<Matrix<Scalar_, Rows_, Cols_, Options_, MaxRows_, MaxCols_>> {
      |       ^~~~~~
/root/autodl-tmp/graduation_project/build_rxmesh_dynamic_20260908_141858/source/include/rxmesh/attribute.cu: In instantiation of ‘void rxmesh::Attribute<T, HandleT>::copy_from(rxmesh::Attribute<T, HandleT>&, rxmesh::locationT, rxmesh::locationT, cudaStream_t) [with T = Eigen::Matrix<double, 2, 2>; HandleT = rxmesh::EdgeHandle; rxmesh::locationT = unsigned int; cudaStream_t = CUstream_st*]’:
/root/autodl-tmp/graduation_project/build_rxmesh_dynamic_20260908_141858/source/include/rxmesh/attribute.cu:665:88:   required from here
/root/autodl-tmp/graduation_project/build_rxmesh_dynamic_20260908_141858/source/include/rxmesh/attribute.cu:422:12: warning: ‘void* memcpy(void*, const void*, size_t)’ writing to an object of type ‘class Eigen::Matrix<double, 2, 2>’ with no trivial copy-assignment; use copy-assignment or copy-initialization instead [-Wclass-memaccess]
  422 |         std::memcpy(m_h_data, source.m_h_data, get_total_bytes());
      |         ~~~^~~~~~~~~~~~~~~~~~~~~~~~~~~~~~~~~~~~~~~~~~~~~~
/root/autodl-tmp/graduation_project/build_rxmesh_dynamic_20260908_141858/build/_deps/eigen-src/Eigen/src/Core/Matrix.h:186:7: note: ‘class Eigen::Matrix<double, 2, 2>’ declared here
  186 | class Matrix : public PlainObjectBase<Matrix<Scalar_, Rows_, Cols_, Options_, MaxRows_, MaxCols_>> {
      |       ^~~~~~
/root/autodl-tmp/graduation_project/build_rxmesh_dynamic_20260908_141858/source/include/rxmesh/attribute.cu: In instantiation of ‘void rxmesh::Attribute<T, HandleT>::copy_from(rxmesh::Attribute<T, HandleT>&, rxmesh::locationT, rxmesh::locationT, cudaStream_t) [with T = Eigen::Matrix<double, 2, 2>; HandleT = rxmesh::FaceHandle; rxmesh::locationT = unsigned int; cudaStream_t = CUstream_st*]’:
/root/autodl-tmp/graduation_project/build_rxmesh_dynamic_20260908_141858/source/include/rxmesh/attribute.cu:665:158:   required from here
/root/autodl-tmp/graduation_project/build_rxmesh_dynamic_20260908_141858/source/include/rxmesh/attribute.cu:422:12: warning: ‘void* memcpy(void*, const void*, size_t)’ writing to an object of type ‘class Eigen::Matrix<double, 2, 2>’ with no trivial copy-assignment; use copy-assignment or copy-initialization instead [-Wclass-memaccess]
  422 |         std::memcpy(m_h_data, source.m_h_data, get_total_bytes());
      |         ~~~^~~~~~~~~~~~~~~~~~~~~~~~~~~~~~~~~~~~~~~~~~~~~~
/root/autodl-tmp/graduation_project/build_rxmesh_dynamic_20260908_141858/build/_deps/eigen-src/Eigen/src/Core/Matrix.h:186:7: note: ‘class Eigen::Matrix<double, 2, 2>’ declared here
  186 | class Matrix : public PlainObjectBase<Matrix<Scalar_, Rows_, Cols_, Options_, MaxRows_, MaxCols_>> {
      |       ^~~~~~
/root/autodl-tmp/graduation_project/build_rxmesh_dynamic_20260908_141858/source/include/rxmesh/attribute.cu: In instantiation of ‘void rxmesh::Attribute<T, HandleT>::copy_from(rxmesh::Attribute<T, HandleT>&, rxmesh::locationT, rxmesh::locationT, cudaStream_t) [with T = Eigen::Matrix<double, 2, 2>; HandleT = rxmesh::TetHandle; rxmesh::locationT = unsigned int; cudaStream_t = CUstream_st*]’:
/root/autodl-tmp/graduation_project/build_rxmesh_dynamic_20260908_141858/source/include/rxmesh/attribute.cu:665:228:   required from here
/root/autodl-tmp/graduation_project/build_rxmesh_dynamic_20260908_141858/source/include/rxmesh/attribute.cu:422:12: warning: ‘void* memcpy(void*, const void*, size_t)’ writing to an object of type ‘class Eigen::Matrix<double, 2, 2>’ with no trivial copy-assignment; use copy-assignment or copy-initialization instead [-Wclass-memaccess]
  422 |         std::memcpy(m_h_data, source.m_h_data, get_total_bytes());
      |         ~~~^~~~~~~~~~~~~~~~~~~~~~~~~~~~~~~~~~~~~~~~~~~~~~
/root/autodl-tmp/graduation_project/build_rxmesh_dynamic_20260908_141858/build/_deps/eigen-src/Eigen/src/Core/Matrix.h:186:7: note: ‘class Eigen::Matrix<double, 2, 2>’ declared here
  186 | class Matrix : public PlainObjectBase<Matrix<Scalar_, Rows_, Cols_, Options_, MaxRows_, MaxCols_>> {
      |       ^~~~~~
[ 87%] Building CUDA object CMakeFiles/RXMesh.dir/include/rxmesh/lp_hashtable.cu.o
nvcc warning : Resource usage is not shown as the final resource allocation is not done.
[ 90%] Building CUDA object CMakeFiles/RXMesh.dir/include/rxmesh/patch_info.cu.o
nvcc warning : Resource usage is not shown as the final resource allocation is not done.
In file included from /root/autodl-tmp/graduation_project/build_rxmesh_dynamic_20260908_141858/source/include/rxmesh/kernels/loader.cuh:10,
                 from /root/autodl-tmp/graduation_project/build_rxmesh_dynamic_20260908_141858/source/include/rxmesh/lp_hashtable.h:21,
                 from /root/autodl-tmp/graduation_project/build_rxmesh_dynamic_20260908_141858/source/include/rxmesh/lp_hashtable.cu:1:
/root/autodl-tmp/graduation_project/build_rxmesh_dynamic_20260908_141858/source/include/rxmesh/types.h:6: warning: "GLM_ENABLE_EXPERIMENTAL" redefined
    6 | #define GLM_ENABLE_EXPERIMENTAL
      | 
<command-line>: note: this is the location of the previous definition
In file included from /root/autodl-tmp/graduation_project/build_rxmesh_dynamic_20260908_141858/source/include/rxmesh/handle.h:5,
                 from /root/autodl-tmp/graduation_project/build_rxmesh_dynamic_20260908_141858/source/include/rxmesh/patch_info.h:5,
                 from /root/autodl-tmp/graduation_project/build_rxmesh_dynamic_20260908_141858/source/include/rxmesh/patch_info.cu:1:
/root/autodl-tmp/graduation_project/build_rxmesh_dynamic_20260908_141858/source/include/rxmesh/types.h:6: warning: "GLM_ENABLE_EXPERIMENTAL" redefined
    6 | #define GLM_ENABLE_EXPERIMENTAL
      | 
<command-line>: note: this is the location of the previous definition
In file included from /root/autodl-tmp/graduation_project/build_rxmesh_dynamic_20260908_141858/source/include/rxmesh/kernels/loader.cuh:10,
                 from /root/autodl-tmp/graduation_project/build_rxmesh_dynamic_20260908_141858/source/include/rxmesh/lp_hashtable.h:21,
                 from /root/autodl-tmp/graduation_project/build_rxmesh_dynamic_20260908_141858/source/include/rxmesh/lp_hashtable.cu:1:
/root/autodl-tmp/graduation_project/build_rxmesh_dynamic_20260908_141858/source/include/rxmesh/types.h:6: warning: "GLM_ENABLE_EXPERIMENTAL" redefined
    6 | #define GLM_ENABLE_EXPERIMENTAL
      | 
<command-line>: note: this is the location of the previous definition
In file included from /root/autodl-tmp/graduation_project/build_rxmesh_dynamic_20260908_141858/source/include/rxmesh/handle.h:5,
                 from /root/autodl-tmp/graduation_project/build_rxmesh_dynamic_20260908_141858/source/include/rxmesh/patch_info.h:5,
                 from /root/autodl-tmp/graduation_project/build_rxmesh_dynamic_20260908_141858/source/include/rxmesh/patch_info.cu:1:
/root/autodl-tmp/graduation_project/build_rxmesh_dynamic_20260908_141858/source/include/rxmesh/types.h:6: warning: "GLM_ENABLE_EXPERIMENTAL" redefined
    6 | #define GLM_ENABLE_EXPERIMENTAL
      | 
<command-line>: note: this is the location of the previous definition
[ 90%] Building CUDA object CMakeFiles/RXMesh.dir/include/rxmesh/patch_lock.cu.o
nvcc warning : Resource usage is not shown as the final resource allocation is not done.
[ 90%] Building CUDA object CMakeFiles/RXMesh.dir/include/rxmesh/patch_scheduler.cu.o
nvcc warning : Resource usage is not shown as the final resource allocation is not done.
[ 90%] Building CUDA object CMakeFiles/RXMesh.dir/include/rxmesh/reduce_handle.cu.o
nvcc warning : Resource usage is not shown as the final resource allocation is not done.
In file included from /root/autodl-tmp/graduation_project/build_rxmesh_dynamic_20260908_141858/source/include/rxmesh/handle.h:5,
                 from /root/autodl-tmp/graduation_project/build_rxmesh_dynamic_20260908_141858/source/include/rxmesh/attribute.h:11,
                 from /root/autodl-tmp/graduation_project/build_rxmesh_dynamic_20260908_141858/source/include/rxmesh/reduce_handle.h:4,
                 from /root/autodl-tmp/graduation_project/build_rxmesh_dynamic_20260908_141858/source/include/rxmesh/reduce_handle.cu:1:
/root/autodl-tmp/graduation_project/build_rxmesh_dynamic_20260908_141858/source/include/rxmesh/types.h:6: warning: "GLM_ENABLE_EXPERIMENTAL" redefined
    6 | #define GLM_ENABLE_EXPERIMENTAL
      | 
<command-line>: note: this is the location of the previous definition
[ 93%] Building CUDA object CMakeFiles/RXMesh.dir/include/rxmesh/patcher/patcher.cu.o
nvcc warning : Resource usage is not shown as the final resource allocation is not done.
In file included from /root/autodl-tmp/graduation_project/build_rxmesh_dynamic_20260908_141858/source/include/rxmesh/patcher/patcher.h:10,
                 from /root/autodl-tmp/graduation_project/build_rxmesh_dynamic_20260908_141858/source/include/rxmesh/patcher/patcher.cu:11:
/root/autodl-tmp/graduation_project/build_rxmesh_dynamic_20260908_141858/source/include/rxmesh/types.h:6: warning: "GLM_ENABLE_EXPERIMENTAL" redefined
    6 | #define GLM_ENABLE_EXPERIMENTAL
      | 
<command-line>: note: this is the location of the previous definition
In file included from /root/autodl-tmp/graduation_project/build_rxmesh_dynamic_20260908_141858/source/include/rxmesh/handle.h:5,
                 from /root/autodl-tmp/graduation_project/build_rxmesh_dynamic_20260908_141858/source/include/rxmesh/attribute.h:11,
                 from /root/autodl-tmp/graduation_project/build_rxmesh_dynamic_20260908_141858/source/include/rxmesh/reduce_handle.h:4,
                 from /root/autodl-tmp/graduation_project/build_rxmesh_dynamic_20260908_141858/source/include/rxmesh/reduce_handle.cu:1:
/root/autodl-tmp/graduation_project/build_rxmesh_dynamic_20260908_141858/source/include/rxmesh/types.h:6: warning: "GLM_ENABLE_EXPERIMENTAL" redefined
    6 | #define GLM_ENABLE_EXPERIMENTAL
      | 
<command-line>: note: this is the location of the previous definition
In file included from /root/autodl-tmp/graduation_project/build_rxmesh_dynamic_20260908_141858/source/include/rxmesh/patcher/patcher.h:10,
                 from /root/autodl-tmp/graduation_project/build_rxmesh_dynamic_20260908_141858/source/include/rxmesh/patcher/patcher.cu:11:
/root/autodl-tmp/graduation_project/build_rxmesh_dynamic_20260908_141858/source/include/rxmesh/types.h:6: warning: "GLM_ENABLE_EXPERIMENTAL" redefined
    6 | #define GLM_ENABLE_EXPERIMENTAL
      | 
<command-line>: note: this is the location of the previous definition
[ 93%] Building CXX object CMakeFiles/RXMesh.dir/include/rxmesh/util/git_sha1.cpp.o
[ 93%] Building CXX object CMakeFiles/RXMesh.dir/include/rxmesh/util/MshLoader.cpp.o
In file included from /root/autodl-tmp/graduation_project/build_rxmesh_dynamic_20260908_141858/source/include/rxmesh/util/MshLoader.h:17,
                 from /root/autodl-tmp/graduation_project/build_rxmesh_dynamic_20260908_141858/source/include/rxmesh/util/MshLoader.cpp:10:
/root/autodl-tmp/graduation_project/build_rxmesh_dynamic_20260908_141858/source/include/rxmesh/types.h:6: warning: "GLM_ENABLE_EXPERIMENTAL" redefined
    6 | #define GLM_ENABLE_EXPERIMENTAL
      | 
<command-line>: note: this is the location of the previous definition
/root/autodl-tmp/graduation_project/build_rxmesh_dynamic_20260908_141858/source/include/rxmesh/util/MshLoader.cpp: In member function ‘bool rxmesh::MshLoader::is_element_map_identity() const’:
/root/autodl-tmp/graduation_project/build_rxmesh_dynamic_20260908_141858/source/include/rxmesh/util/MshLoader.cpp:527:23: warning: comparison of integer expressions of different signedness: ‘int’ and ‘std::vector<int>::size_type’ {aka ‘long unsigned int’} [-Wsign-compare]
  527 |     for (int i = 0; i < m_elements_ids.size(); i++) {
      |                     ~~^~~~~~~~~~~~~~~~~~~~~~~
/root/autodl-tmp/graduation_project/build_rxmesh_dynamic_20260908_141858/source/include/rxmesh/util/MshLoader.cpp: In member function ‘void rxmesh::MshLoader::index_structures(int)’:
/root/autodl-tmp/graduation_project/build_rxmesh_dynamic_20260908_141858/source/include/rxmesh/util/MshLoader.cpp:544:24: warning: comparison of integer expressions of different signedness: ‘int’ and ‘std::vector<int>::size_type’ {aka ‘long unsigned int’} [-Wsign-compare]
  544 |     for (auto i = 0; i != m_elements_tags[tag_column].size(); ++i) {
      |                      ~~^~~~~~~~~~~~~~~~~~~~~~~~~~~~~~~~~~~~~
[ 96%] Building CXX object CMakeFiles/RXMesh.dir/include/rxmesh/util/MshSaver.cpp.o
/root/autodl-tmp/graduation_project/build_rxmesh_dynamic_20260908_141858/source/include/rxmesh/util/MshSaver.cpp: In member function ‘void rxmesh::MshSaver::save_elements(const IndexVector&, const IntVector&, const IntVector&, const IntVector&)’:
/root/autodl-tmp/graduation_project/build_rxmesh_dynamic_20260908_141858/source/include/rxmesh/util/MshSaver.cpp:125:38: warning: comparison of integer expressions of different signedness: ‘size_t’ {aka ‘long unsigned int’} and ‘const value_type’ {aka ‘const int’} [-Wsign-compare]
  125 |                 for (size_t j = 0; j < element_lengths[i]; j++) {
/root/autodl-tmp/graduation_project/build_rxmesh_dynamic_20260908_141858/source/include/rxmesh/util/MshSaver.cpp:167:42: warning: comparison of integer expressions of different signedness: ‘size_t’ {aka ‘long unsigned int’} and ‘int’ [-Wsign-compare]
  167 |                     for (size_t e = 0; e < elem_len; e++) {
      |                                        ~~^~~~~~~~~~
/root/autodl-tmp/graduation_project/build_rxmesh_dynamic_20260908_141858/source/include/rxmesh/attribute.h:484: warning: ignoring ‘#pragma unroll ’ [-Wunknown-pragmas]
  484 |         for (int i = 0; i < N; ++i) {
      | 
/root/autodl-tmp/graduation_project/build_rxmesh_dynamic_20260908_141858/source/include/rxmesh/attribute.h:506: warning: ignoring ‘#pragma unroll ’ [-Wunknown-pragmas]
  506 |         for (int i = 0; i < N; ++i) {
      | 
[ 96%] Linking CXX static library libRXMesh.a
[ 96%] Built target RXMesh
[ 96%] Building CUDA object apps/Remesh/CMakeFiles/Remesh.dir/remesh.cu.o
nvcc warning : Resource usage is not shown as the final resource allocation is not done.
In file included from /root/autodl-tmp/graduation_project/build_rxmesh_dynamic_20260908_141858/source/include/rxmesh/geometry_factory.h:4,
                 from /root/autodl-tmp/graduation_project/build_rxmesh_dynamic_20260908_141858/source/apps/Remesh/remesh.cu:8:
/root/autodl-tmp/graduation_project/build_rxmesh_dynamic_20260908_141858/source/include/rxmesh/types.h:6: warning: "GLM_ENABLE_EXPERIMENTAL" redefined
    6 | #define GLM_ENABLE_EXPERIMENTAL
      | 
<command-line>: note: this is the location of the previous definition
In file included from /root/autodl-tmp/graduation_project/build_rxmesh_dynamic_20260908_141858/source/include/rxmesh/geometry_factory.h:4,
                 from /root/autodl-tmp/graduation_project/build_rxmesh_dynamic_20260908_141858/source/apps/Remesh/remesh.cu:8:
/root/autodl-tmp/graduation_project/build_rxmesh_dynamic_20260908_141858/source/include/rxmesh/types.h:6: warning: "GLM_ENABLE_EXPERIMENTAL" redefined
    6 | #define GLM_ENABLE_EXPERIMENTAL
      | 
<command-line>: note: this is the location of the previous definition
/root/autodl-tmp/graduation_project/build_rxmesh_dynamic_20260908_141858/source/apps/Remesh/smoothing.cuh(63): error: namespace "glm" has no member "length2"
              if (glm::length2(c) > 1e-6) {
                       ^

/root/autodl-tmp/graduation_project/build_rxmesh_dynamic_20260908_141858/source/apps/Remesh/smoothing.cuh(82): error: namespace "glm" has no member "length2"
          if (glm::length2(v_normal) < 1e-6) {
                   ^

/root/autodl-tmp/graduation_project/build_rxmesh_dynamic_20260908_141858/source/apps/Remesh/collapse.cuh(84): error: namespace "glm" has no member "distance2"
                  const T edge_len_sq = glm::distance2(p0, p1);
                                             ^

/root/autodl-tmp/graduation_project/build_rxmesh_dynamic_20260908_141858/source/apps/Remesh/collapse.cuh(144): error: namespace "glm" has no member "distance2"
                  const T edge_len_sq = glm::distance2(vp, new_p);
                                             ^

/root/autodl-tmp/graduation_project/build_rxmesh_dynamic_20260908_141858/source/apps/Remesh/collapse.cuh(309): error: namespace "glm" has no member "distance2"
              const T edge_len_sq = glm::distance2(p0, p1);
                                         ^

/root/autodl-tmp/graduation_project/build_rxmesh_dynamic_20260908_141858/source/apps/Remesh/collapse.cuh(412): error: namespace "glm" has no member "distance2"
                  const T edge_len_sq = glm::distance2(vp, new_p);
                                             ^

/root/autodl-tmp/graduation_project/build_rxmesh_dynamic_20260908_141858/source/apps/Remesh/split.cuh(80): error: namespace "glm" has no member "distance2"
              const T edge_len = glm::distance2(pa, pb);
                                      ^

/root/autodl-tmp/graduation_project/build_rxmesh_dynamic_20260908_141858/source/apps/Remesh/split.cuh(99): error: namespace "glm" has no member "distance2"
                      std::min(min_new_edge_len, glm::distance2(p_new, pa));
                                                      ^

/root/autodl-tmp/graduation_project/build_rxmesh_dynamic_20260908_141858/source/apps/Remesh/split.cuh(101): error: namespace "glm" has no member "distance2"
                      std::min(min_new_edge_len, glm::distance2(p_new, pb));
                                                      ^

/root/autodl-tmp/graduation_project/build_rxmesh_dynamic_20260908_141858/source/apps/Remesh/split.cuh(103): error: namespace "glm" has no member "distance2"
                      std::min(min_new_edge_len, glm::distance2(p_new, pc));
                                                      ^

/root/autodl-tmp/graduation_project/build_rxmesh_dynamic_20260908_141858/source/apps/Remesh/split.cuh(105): error: namespace "glm" has no member "distance2"
                      std::min(min_new_edge_len, glm::distance2(p_new, pd));
                                                      ^

11 errors detected in the compilation of "/root/autodl-tmp/graduation_project/build_rxmesh_dynamic_20260908_141858/source/apps/Remesh/remesh.cu".
gmake[3]: *** [apps/Remesh/CMakeFiles/Remesh.dir/build.make:80: apps/Remesh/CMakeFiles/Remesh.dir/remesh.cu.o] Error 2
gmake[2]: *** [CMakeFiles/Makefile2:3392: apps/Remesh/CMakeFiles/Remesh.dir/all] Error 2
gmake[1]: *** [CMakeFiles/Makefile2:3399: apps/Remesh/CMakeFiles/Remesh.dir/rule] Error 2
gmake: *** [Makefile:1126: Remesh] Error 2
