# https://github.com/mikedh/trimesh
v -1.98246374 -1.98992904 -0.89767964
v -2.00356903 -1.98912294 -0.79891587
v -1.98944177 -2.00254090 -0.59791727
v -2.00009837 -1.99654742 -0.25379940
v -2.00058832 -1.99101551 -0.10241576
v -2.00214281 -1.92813631 -0.61680014
v -2.00274839 -1.74077471 -0.23323684
v -1.99745359 -1.73074658 -0.12741568
v -1.99941363 -1.87556835 -0.89992357
v -2.00369133 -1.76466759 -0.79904122
v -2.00178613 -1.66881426 -0.54031093
v -1.99291219 -1.55084868 -0.89957143
v -2.00282039 -1.39474960 -0.79047496
v -2.00216045 -1.38012655 -0.44228027
v -2.00471081 -1.38267304 -0.21437036
v -1.99491252 -1.39927162 -0.15853454
v -1.99924530 -1.10109539 -0.89118672
v -2.00065388 -1.13987066 -0.18883922
v -2.00271215 -1.10767158 -0.67867745
v -2.00307931 -1.06122042 -0.35421304
v -2.00195159 -0.88043343 -0.55472154
v -2.00464072 -0.95389091 -0.85859460
v -1.99993720 -0.81276651 -0.22453452
v -1.99461593 -0.70969097 -0.89863933
v -2.00331654 -0.64330056 -0.82179738
v -2.00149192 -0.70280157 -0.33114333
v -2.00204195 -0.62077248 -0.60114206
v -1.99533262 -0.58688706 -0.24034130
v -2.00170221 -0.60101274 -0.29261280
v -2.00228419 -0.42255595 -0.47094021
v -2.00082292 -0.43153601 -0.26542480
v -1.99941053 -0.27591264 -0.89776880
v -2.00230183 -0.30779624 -0.72869838
v -2.00417175 -0.31646510 -0.33589334
v -1.98975362 -0.24882887 -0.27126146
v -2.00247087 -0.10757591 -0.47347046
v -2.00362100 -0.07184707 -0.80874027
v -2.00260152 -0.08120923 -0.31619949
v -2.00197806 0.18736260 -0.62624879
v -1.99437251 0.10989420 -0.89982856
v -2.00590338 0.15569202 -0.36913703
v -1.99509396 0.18884389 -0.31873465
v -2.00366487 0.25635247 -0.83531148
v -1.99841346 0.35352103 -0.89734448
v -2.00388469 0.40253065 -0.46832020
v -2.00243201 0.49455128 -0.65413786
v -2.00432791 0.45898042 -0.36721609
v -1.99497690 0.60081427 -0.35950977
v -1.99370779 0.59669809 -0.89964456
v -2.00458469 0.69112997 -0.83044256
v -2.00321497 0.64653365 -0.42512135
v -2.00251331 0.76249902 -0.64023823
v -1.99946036 0.94230513 -0.39635233
v -1.99705519 0.85200946 -0.89832033
v -2.00465335 0.88047652 -0.47108106
v -2.00424423 1.07150189 -0.83236498
v -2.00270619 1.00413303 -0.68860567
v -1.99710717 1.23659758 -0.89910919
v -2.00353112 1.17194681 -0.55918504
v -1.99921860 1.38143603 -0.44075958
v -2.00344219 1.34537880 -0.76903565
v -2.00351347 1.44837765 -0.53094930
v -1.98822059 1.43970696 -0.90149165
v -2.00228443 1.59034721 -0.80378980
v -1.99829688 1.57750408 -0.89337433
v -2.00208964 1.70372335 -0.60405577
v -1.99931921 1.63893668 -0.46280889
v -1.99907150 1.81718533 -0.89597423
v -2.00082054 1.82010095 -0.48906443
v -2.00454130 1.90236656 -0.78924448
v -1.99399032 1.94544642 -0.48925708
v -2.00219526 1.98689167 -0.59527905
v -1.98823108 2.00014822 -0.78417588
v -1.99546136 1.98950474 -0.89919246
v -1.96810355 1.99946944 -0.49764056
v -1.90068545 -2.00512691 -0.82031376
v -1.93882241 -2.00344713 -0.29322694
v -1.95206727 -1.90859397 -0.09658728
v -1.85853257 -1.79825218 -0.90441544
v -1.83690061 -1.80291529 -0.09251662
v -1.86453356 -1.37040110 -0.14049267
v -1.92625465 -1.23435904 -0.90304900
v -1.95955719 -0.98166426 -0.19041192
v -1.90161671 -0.90470235 -0.90250779
v -1.91362848 -0.74056919 -0.20957918
v -1.93030610 -0.44125192 -0.24099992
v -1.91050925 -0.54902054 -0.90375180
v -1.93344726 -0.09044187 -0.27511377
v -1.92590727 0.09460370 -0.90317381
v -1.90697302 0.19870071 -0.30390237
v -1.84938492 0.33509706 -0.90283836
v -1.88920607 0.48416881 -0.32986850
v -1.85837998 0.79286592 -0.90260816
v -1.88520350 0.77898507 -0.35772336
v -1.84344282 1.13496117 -0.90207572
v -1.93674125 1.50693445 -0.43737842
v -1.97035613 1.52943067 -0.90252156
v -1.96393051 1.75181548 -0.46265987
v -1.80309166 1.92725007 -0.90483338
v -1.93246164 2.00541632 -0.62510223
v -1.80330862 -2.00310023 -0.55092455
v -1.94994678 -2.00264414 -0.10985278
v -1.98883666 -1.97388382 -0.86121667
v -1.98142304 -1.99361749 -0.71771420
v -1.98053421 -1.99434503 -0.50877679
v -1.97677435 -1.99532814 -0.26114697
v -1.99590172 -1.98362990 -0.11778309
v -1.99885454 -1.89472456 -0.75193084
v -1.98596777 -1.87340243 -0.89285488
v -1.99781026 -1.80460008 -0.49661724
v -1.99877443 -1.76075275 -0.24887458
v -1.98734679 -1.84334870 -0.11987147
v -1.99832262 -1.60833486 -0.68582804
v -1.99281134 -1.67892738 -0.88457371
v -1.99378838 -1.50153549 -0.16304023
v -1.92245664 -1.57429476 -0.13390630
v -1.99810852 -1.52188583 -0.42037911
v -1.98550929 -1.36457326 -0.89269418
v -1.87596430 -1.49689813 -0.90349627
v -1.99794926 -1.35276635 -0.76986367
v -1.99926366 -1.26145126 -0.27339656
v -1.99844088 -1.26353558 -0.50009800
v -1.99445905 -1.19541665 -0.19486895
v -1.99242987 -1.09216787 -0.88796450
v -1.99751129 -1.09011801 -0.78074236
v -1.99823226 -0.99301477 -0.53362096
v -1.99842658 -0.98075350 -0.82354886
v -1.99066939 -0.96199985 -0.21130683
v -1.99746432 -0.90281163 -0.29184500
v -1.98467841 -0.84967812 -0.89310057
v -1.99784316 -0.86599828 -0.84485979
v -1.99809255 -0.78628378 -0.58876176
v -1.98656454 -0.75382893 -0.23071797
v -1.99396481 -0.72649346 -0.87801124
v -1.99755921 -0.57771436 -0.36201031
v -1.99830975 -0.51152462 -0.79938693
v -1.99829068 -0.49023863 -0.56777198
v -1.98585643 -0.52011354 -0.89413376
v -1.88048806 -0.62420853 -0.22025073
v -1.98618521 -0.44055353 -0.26318998
v -1.99808516 -0.30512181 -0.74784357
v -1.99414601 -0.36372014 -0.88412262
v -1.99869575 -0.14078434 -0.43600793
v -1.86285414 -0.35037115 -0.90307099
v -1.99201431 -0.21067818 -0.30154354
v -1.97265424 -0.28515247 -0.89513952
v -1.99613251 -0.29554883 -0.87568630
v -1.88828506 -0.16869535 -0.90364141
v -1.99504270 -0.22633413 -0.88002832
v -1.99826469 -0.04846002 -0.64965541
v -1.98511996 -0.11718147 -0.89205659
v -1.99707069 -0.13422518 -0.85433579
v -1.99453797 0.00498430 -0.32392181
v -1.99764742 -0.00652813 -0.80893106
v -1.97593536 0.01165594 -0.89629788
v -1.99494662 0.11814909 -0.86529631
v -1.99844326 0.40211628 -0.76238770
v -1.99799814 0.28733460 -0.51587159
v -1.99223198 0.21689318 -0.33415146
v -1.99629130 0.31482451 -0.38844771
v -1.97237434 0.29103218 -0.32935003
v -1.97929205 0.35674785 -0.89413560
v -1.99374713 0.48560868 -0.35810847
v -1.99271311 0.57207672 -0.88085897
v -1.89340248 0.52659027 -0.90246344
v -1.99895276 0.59690587 -0.48279000
v -1.99244942 0.70794980 -0.38563607
v -1.99876990 0.78667812 -0.70103372
v -1.99563350 0.90720157 -0.87616856
v -1.99718131 0.91851203 -0.48008026
v -1.99938073 1.08173649 -0.76245327
v -1.98728122 0.96959631 -0.40157644
v -1.86615099 0.98842721 -0.37608425
v -1.99721302 1.13574402 -0.45892588
v -1.99414172 1.32407825 -0.88186259
v -1.99371018 1.29549567 -0.44844342
v -1.99949374 1.41579775 -0.70232172
v -1.83124890 1.23763625 -0.39541141
v -1.90947761 1.32308261 -0.90246476
v -1.99810638 1.66723840 -0.57911290
v -1.91129031 1.34775404 -0.42486409
v -1.99058928 1.52317540 -0.45577339
v -1.98244705 1.67860095 -0.89163489
v -1.99787678 1.67134301 -0.78989083
v -1.92956104 1.68914287 -0.90431959
v -1.98280730 1.76410191 -0.48013253
v -1.99564495 1.86661713 -0.87258167
v -1.99850335 1.91988651 -0.77737159
v -1.89687433 1.92932574 -0.47053460
v -1.97100129 1.99030892 -0.88006044
v -1.98119273 1.97016017 -0.50540117
v -1.99300017 1.98021786 -0.60413367
v -1.98460760 1.99638097 -0.78758473
v -1.90919389 2.00486295 -0.84608615
v -1.89306058 -1.99781890 -0.90187944
v -1.84389057 -1.99904116 -0.69976641
v -1.69670190 -1.99209817 -0.07444347
v -1.77571120 -1.85304161 -0.08371575
v -1.94054260 -1.72281702 -0.89773489
v -1.91807808 -1.54644473 -0.89831162
v -1.75073041 -1.23826696 -0.14112810
v -1.76459708 -1.02622570 -0.15882250
v -1.89396371 -0.95291616 -0.89839304
v -1.90128173 -0.93439327 -0.19375826
v -1.87132396 -0.32110937 -0.25068808
v -1.79827990 -0.08760379 -0.26357807
v -1.93292369 0.16597007 -0.31017510
v -1.91989269 0.17258750 -0.89812536
v -1.87492194 0.39707826 -0.32296667
v -1.79976406 0.59650414 -0.89830870
v -1.93236627 0.80542032 -0.37320114
v -1.92392125 0.80762689 -0.89683480
v -1.86232843 1.09783332 -0.39086426
v -1.92905106 1.39634840 -0.89857049
v -1.81867923 1.55618326 -0.43001465
v -1.64641334 1.82886188 -0.43130056
v -1.91635026 1.80523746 -0.89793200
v -1.88961043 1.99716274 -0.89958889
v -1.83608546 -1.99947055 -0.39511279
v -1.85185899 -1.91857536 -0.89571161
v -1.90491714 -1.23715176 -0.89904714
v -1.90174593 -0.69114636 -0.89877720
v -1.81670966 -0.48965504 -0.89847130
v -1.79776444 -0.02522113 -0.89828218
v -1.82019057 1.11340110 -0.89812899
v -1.76324620 1.51578335 -0.90181685
v -1.91664948 1.96459524 -0.48557837
v -1.85746993 1.99748795 -0.68026389
v -1.80205264 1.99651448 -0.50747535
v -1.69695820 2.00241582 -0.65188373
v -1.70743622 -1.99475904 -0.05572543
v -1.75491871 0.07693420 -0.90214826
v -1.84096827 1.76141159 -0.44948436
v -1.77731146 1.98858420 -0.89257009
v -1.64987590 -1.99559172 -0.88005907
v -1.57373359 -1.99857135 -0.27778984
v -1.78151931 -1.63837631 -0.89841146
v -1.76018323 -0.21431889 -0.24095761
v -1.79236783 0.85825305 -0.35639141
v -1.69233789 -1.59568210 -0.09612952
v -1.75643362 -1.13256426 -0.89822883
v -1.62038888 -0.47714765 -0.19324558
v -1.68272986 0.64219336 -0.31852958
v -1.68924095 -0.98667367 -0.90189404
v -1.69678535 -0.88951470 -0.16674332
v -1.67141892 -0.84550174 -0.89795054
v -1.70771350 0.27141945 -0.89850260
v -1.71197929 -2.00305899 -0.26777468
v -1.71477522 0.02741371 -0.25828818
v -1.64446916 0.12867050 -0.26156867
v -1.75459351 1.36757998 -0.89796449
v -1.74406089 1.71853821 -0.90203751
v -1.75406017 1.90989797 -0.90038420
v -1.74831070 -1.30534668 -0.90217478
v -1.74019494 -0.62834391 -0.90207327
v -1.76781835 2.00002448 -0.46593023
v -1.67621579 -2.00251968 -0.72044129
v -1.66249408 -1.41871597 -0.89805020
v -1.67101147 -0.32328734 -0.89844269
v -1.67657854 0.62248044 -0.31170020
v -1.67398097 0.96308105 -0.90201724
v -1.59805276 1.70938556 -0.89802129
v -1.81761136 1.98238484 -0.47582183
v -1.60156383 -0.81817828 -0.15587416
v -1.59893872 1.35194568 -0.37704740
v -1.75125613 1.46824936 -0.40737460
v -1.67286851 -1.99951716 -0.89487804
v -1.64031913 0.25751363 -0.26986692
v -1.59183409 1.87100570 -0.42333708
v -1.66374232 1.99866454 -0.81457914
v -1.68670871 2.00291769 -0.85734142
v -1.54127230 -1.71357174 -0.05743209
v -1.62637569 -1.43180479 -0.09902319
v -1.64342465 -0.53585442 -0.19464982
v -1.62518861 0.58885519 -0.90196652
v -1.66513028 -1.88580699 -0.89611120
v -1.63957836 -1.60958477 -0.90195579
v -1.56141343 0.83376042 -0.31567124
v -1.64055373 1.99438850 -0.89943791
v -1.64266195 -2.00796981 -0.08083928
v -1.54820766 -1.99844606 -0.68889565
v -1.60338427 -0.13121946 -0.90206415
v -1.54447820 0.43886833 -0.27751271
v -1.64236655 1.04244046 -0.34859596
v -1.50300517 1.07260017 -0.33475355
v -1.61164345 1.67578046 -0.40715835
v -1.71084680 1.98519508 -0.45966200
v -1.59502973 -1.94323500 -0.90388323
v -1.62283792 0.89408068 -0.89821280
v -1.51729776 1.99861137 -0.56512285
v -1.51184811 -0.27739231 -0.20114378
v -1.59032216 1.36937325 -0.37353519
v -1.58938004 1.42539959 -0.90187997
v -1.54432644 -0.56695385 -0.89809651
v -1.56335689 0.14053987 -0.90190757
v -1.54246141 1.44193356 -0.89797378
v -1.47631969 -1.69474121 -0.89816017
v -1.45715703 -1.29309203 -0.90190942
v -1.51509942 -1.22846736 -0.10241769
v -1.56953468 -0.35311330 -0.90218587
v -1.49975409 0.41542689 -0.26448692
v -1.48863747 0.89234356 -0.90195996
v -1.53679277 1.16739206 -0.89805002
v -1.56120624 1.20104675 -0.90194780
v -1.47288670 1.99495832 -0.42183656
v -1.48798849 2.00234239 -0.52604265
v -1.46346321 -1.16607656 -0.89799190
v -1.48208525 -0.80129229 -0.90181018
v -1.52078010 -0.07629483 -0.89810784
v -1.52651193 0.56178824 -0.89804245
v -1.49897708 1.91100518 -0.89859284
v -1.51082005 -1.40419282 -0.08824888
v -1.55830218 1.89067905 -0.90362842
v -1.58502378 1.99369518 -0.44976533
v -1.51288404 -0.59040716 -0.90195645
v -1.49539461 0.01483278 -0.22382005
v -1.47346153 0.15262757 -0.89794643
v -1.42477121 1.57281916 -0.37301410
v -1.48569765 -2.00214298 -0.37804902
v -1.44052412 -1.60904272 -0.90198851
v -1.46192052 -1.10075106 -0.11320505
v -1.44509997 -0.65438649 -0.15293028
v -1.48720600 -0.26732515 -0.19449192
v -1.46188642 -0.04149889 -0.21711163
v -1.46315016 1.99732844 -0.76125903
v -1.40814616 0.37422459 -0.90194053
v -1.41615238 0.36587445 -0.89802552
v -1.42272033 1.66765611 -0.90198202
v -1.40235319 -2.00232919 -0.75400324
v -1.49032380 -1.98407062 -0.02288705
v -1.44643666 0.62188379 -0.27718745
v -1.39631154 -2.00174971 -0.17570118
v -1.45641913 -1.90757282 -0.02916212
v -1.38774385 0.22343020 -0.23243918
v -1.36606588 1.39441161 -0.90187878
v -1.33001997 1.98666350 -0.90034223
v -1.34630575 -1.99740870 -0.11518524
v -1.41833057 1.07819824 -0.31866456
v -1.36910047 1.30751233 -0.33428276
v -1.41498150 1.64117591 -0.37430368
v -1.49845960 1.99134676 -0.88684411
v -1.41735222 2.00303142 -0.73775710
v -1.36620464 -2.00402565 -0.04504621
v -1.42975845 -1.66489966 -0.04938835
v -1.36599149 -1.05721571 -0.90186036
v -1.42036237 0.74770491 -0.28981150
v -1.37439312 0.79313747 -0.89803041
v -1.45136692 2.00426380 -0.85744739
v -1.31007888 -2.00191958 -0.52293397
v -1.31600370 -1.99793168 -0.42809079
v -1.39570906 -0.37968487 -0.89807392
v -1.30863811 -0.19042914 -0.90196300
v -1.23626449 0.29035042 -0.21248431
v -1.40456643 1.47426157 -0.35623742
v -1.12922337 -1.99611373 -0.86890543
v -1.39030899 -1.90629585 -0.89652676
v -1.40349271 -1.41346868 -0.89805360
v -1.33782544 -0.96469446 -0.89799536
v -1.33324506 -0.55202560 -0.14236101
v -1.37616457 0.09769015 -0.90185434
v -1.36642208 -1.99927993 -0.89606048
v -1.33473136 -1.47662754 -0.05007460
v -1.42427780 -1.11773749 -0.10253307
v -1.27537193 -0.24724248 -0.89804281
v -1.30814447 1.50472657 -0.89808668
v -1.34389843 1.98418681 -0.40464342
v -1.34321358 -1.91593810 -0.00716749
v -1.30971851 -1.85366137 -0.90277172
v -1.36568763 -0.64649817 -0.89798255
v -1.31158151 0.59611802 -0.90194071
v -1.30520715 0.88376348 -0.28220046
v -1.29163696 1.01411168 -0.89804662
v -1.25151445 1.83324949 -0.90229339
v -1.27539708 -1.98310729 -0.00004472
v -1.39497604 -0.90217750 -0.11861673
v -1.34240176 -0.41752958 -0.90192647
v -1.23071279 -0.16272651 -0.16632453
v -1.24700024 0.55278687 -0.89805187
v -1.35188546 1.89326493 -0.38932333
v -1.23654546 1.79179422 -0.89844037
v -1.31425251 1.98269074 -0.89531035
v -1.32565214 -1.46566875 -0.05603394
v -1.27221097 -0.62604122 -0.90188707
v -1.26919486 1.04626922 -0.90194316
v -1.37946584 -0.87831013 -0.12951138
v -1.14987220 -1.77471514 0.00364352
v -1.37476339 -1.25894018 -0.08829062
v -1.35232176 -1.08263733 -0.15089817
v -1.24476649 -0.42199551 -0.14607256
v -1.22008540 1.27671449 -0.89802093
v -1.20075514 1.31867592 -0.31413315
v -1.27475407 1.74679081 -0.36745555
v -1.32831087 -1.99705501 -0.00324868
v -1.15407898 0.04455189 -0.17559169
v -1.26097967 0.80564885 -0.90188784
v -1.16433956 1.99865858 -0.72574092
v -1.27657928 2.00242798 -0.42229725
v -1.20869758 -1.71099456 -0.00738006
v -1.29705109 -1.36985959 -0.05852994
v -1.28277125 -1.23786654 -0.13354743
v -1.27283766 -1.07471319 -0.18266416
v -1.22797920 -0.88626196 -0.20276023
v -1.26715471 -0.87353407 -0.17666551
v -1.20168437 -0.79887019 -0.89803530
v -1.27401246 0.51522307 -0.24061009
v -1.21163859 1.02340643 -0.28613449
v -1.18097546 2.00223867 -0.50744698
v -1.21049871 -1.41670086 -0.89804954
v -1.21482064 -1.28521730 -0.15631805
v -1.20213177 0.40159540 -0.22242708
v -1.25359477 1.24494414 -0.90192378
v -1.22853078 -1.43295159 -0.05865156
v -1.14647784 0.00062640 -0.17400213
v -1.22699584 -0.03789483 -0.89803434
v -1.15810933 0.73334901 -0.24891859
v -1.20098223 1.05212884 -0.28343804
v -1.22981526 1.23198204 -0.30585591
v -1.16233208 -1.99833019 -0.64912856
v -1.22592475 -1.55050250 -0.90199364
v -1.17677822 -0.88746329 -0.90191949
v -1.30875196 -0.74324156 -0.12128787
v -1.23741617 1.66267244 -0.34961621
v -1.13135602 2.00269119 -0.73729742
v -1.12126281 -1.90688534 -0.89739204
v -1.25783505 -0.66223392 -0.12707473
v -1.16303148 0.23557602 -0.90194256
v -1.14232816 1.88530438 -0.35627062
v -1.14223411 -1.99758490 -0.89989168
v -1.15927269 -1.67137452 -0.89821828
v -1.16282000 0.26955299 -0.89803708
v -1.16149618 1.99173443 -0.37194873
v -1.20322325 -1.99585469 0.01604471
v -1.13067748 -0.67570382 -0.16150934
v -1.10750474 -0.54055464 -0.11413032
v -1.09705498 -0.48530268 -0.89801342
v -1.07334151 -0.32519640 -0.12598450
v -1.13047745 0.66986434 -0.23441980
v -1.16766157 1.44918983 -0.31813318
v -1.06253197 1.99842135 -0.50845993
v -1.17216780 -2.00298806 -0.82542355
v -1.06990530 -1.92948254 0.03443449
v -1.05593612 0.04981695 -0.90190972
v -1.04819371 1.47455411 -0.90199287
v -1.07370498 -2.00241287 -0.13634520
v -1.11310794 -1.24080201 -0.90186239
v -1.06394686 -0.59238204 -0.16036690
v -1.18449153 1.94381706 -0.37337590
v -1.08783426 -2.00193747 -0.33981408
v -1.20634033 -1.10526081 -0.21748313
v -1.04256751 -0.47708809 -0.90190864
v -1.03426995 0.79309170 -0.89800579
v -1.02866806 -2.00313731 0.01009306
v -1.05550470 -1.99822433 -0.23624402
v -0.87117745 -1.99452730 0.04443448
v -1.10787203 -1.49840947 -0.02377881
v -1.12363555 -1.33323939 -0.13809269
v -1.05552854 -1.19253655 -0.89797450
v -1.06166019 0.86864583 -0.24428142
v -1.15619363 2.00397794 -0.88040734
v -1.03536989 -1.99893887 -0.05287667
v -1.00573196 -0.21027304 -0.13130681
v -1.02134301 1.42120246 -0.89806069
v -1.02443840 -1.73743208 -0.90205867
v -1.12293007 -1.20980562 -0.20095972
v -1.07187476 -0.99339934 -0.25095905
v -1.08063402 -0.93973552 -0.23592537
v -1.09043016 -0.51283838 -0.11790139
v -1.06658449 0.77304773 -0.90192641
v -1.00356914 1.21663551 -0.27030570
v -1.09667553 1.61288611 -0.32374708
v -0.94032123 1.83718817 -0.32693214
v -0.94289030 1.99544208 -0.88433374
v -1.10378911 1.98297445 -0.90127815
v -1.07356896 -1.21445437 -0.21850068
v -1.07513036 -1.07487805 -0.23506378
v -0.96412637 -0.68139438 -0.20595128
v -1.04312922 -0.16912772 -0.90186764
v -0.98392894 0.55832593 -0.89799643
v -1.06914880 1.03776030 -0.89808757
v -1.04975166 1.16800134 -0.90196736
v -0.98762276 -1.44454189 -0.09760494
v -1.03669502 0.47983079 -0.90192021
v -1.04337408 -2.00187476 -0.53724552
v -1.09330990 -1.99241455 0.03528339
v -0.93736746 -1.99796911 -0.54169113
v -1.00531079 -0.85353799 -0.89805711
v -0.93000688 -0.75546743 -0.90194125
v -0.94763352 -0.26862256 -0.89798880
v -0.92872478 0.84201769 -0.22571930
v -1.00294127 1.58755939 -0.31118984
v -0.97025074 1.81512277 -0.89736355
v -0.96067907 1.79140250 -0.32142157
v -0.94467272 1.76011912 -0.90140516
v -1.01274278 -1.55268581 -0.00270828
v -0.93566384 -1.36078240 -0.90196205
v -0.95948269 -1.45093931 -0.89809061
v -0.90726830 0.23935579 -0.16156130
v -0.95117905 1.99458758 -0.36277128
v -1.00015690 -1.38337387 -0.12599244
v -0.99326279 1.41300063 -0.28844271
v -0.90497007 -1.63870402 0.02647788
v -0.96770300 -1.08481111 -0.90189845
v -0.90391852 0.03532185 -0.89802117
v -0.89051666 0.23647337 -0.15479253
v -0.97341253 0.53189503 -0.20085872
v -0.90983059 2.00251357 -0.49255813
v -0.94846763 2.00075619 -0.35659222
v -0.93017258 -2.00199528 -0.75110860
v -0.97819509 -1.99525257 0.05098598
v -0.91149690 -1.29925157 -0.18209507
v -0.88701226 -0.68092622 -0.22827714
v -0.93200209 0.32506071 -0.89810277
v -0.94796111 0.47642760 -0.18753839
v -0.92913367 1.95676796 -0.33176885
v -0.95902028 2.00138561 -0.89303590
v -0.87478854 -1.94131179 -0.90447093
v -1.00165059 -1.24810834 -0.19930377
v -0.95512917 -1.11745329 -0.23384094
v -0.92678608 1.14428060 -0.25547431
v -0.90091707 -1.96591230 -0.89418597
v -0.79042448 -1.66529091 0.05030151
v -0.94942822 -1.54254504 0.01327748
v -0.84943606 1.04574625 -0.90191764
v -0.84764506 1.97571175 -0.90331710
v -0.97086873 -1.12813361 -0.24156007
v -0.86060228 -0.87252261 -0.24077321
v -0.81107237 -0.59443802 -0.89802183
v -0.94232478 1.02684907 -0.24218536
v -0.86843099 -2.00105377 -0.88920153
v -0.85506060 -0.25380923 -0.90191973
v -0.84566523 -2.00187345 -0.43273539
v -0.87024214 -1.76073904 -0.89818383
v -0.85429432 -1.42044647 -0.07561626
v -0.82543745 -0.83297022 -0.24428051
v -0.79683043 -0.44767640 -0.18808357
v -0.80226244 -0.37766209 -0.15512116
v -0.94342555 -0.37188950 -0.10377549
v -0.85957267 -0.04466380 -0.90190662
v -0.84275677 -0.05154710 -0.11875013
v -0.80917849 -0.00234561 -0.12261169
v -0.87187757 0.71533625 -0.90184576
v -0.86555018 1.06306605 -0.89801837
v -0.79155888 1.45464234 -0.26625101
v -0.81208684 1.57712047 -0.89814056
v -0.84238007 -0.27664445 -0.10668757
v -0.79128029 0.33058898 -0.90196956
v -0.76784946 2.00338904 -0.71588004
v -0.85157754 -1.99788089 -0.79771377
v -0.72219755 -1.99798747 -0.29969669
v -0.75084700 -1.67579277 -0.90199126
v -0.85958268 1.63375299 -0.29043371
v -0.81224598 -2.00239380 -0.10357326
v -0.80716206 1.30567209 -0.90184791
v -0.82526149 -1.89961691 0.06825823
v -0.84317412 -1.21640284 -0.18865838
v -0.80686392 -1.25228943 -0.89805920
v -0.66816797 -0.97825034 -0.90196664
v -0.79444923 -0.94385548 -0.89805592
v -0.85255637 0.87185089 -0.21330430
v -0.64518620 1.35970132 -0.89799977
v -0.80303897 1.96267454 -0.32175458
v -0.75364615 1.99878780 -0.47051049
v -0.84534921 -1.99615570 0.07227431
v -0.65324994 -1.91978856 0.09103804
v -0.74687483 -0.95439680 -0.22951273
v -0.81216134 -0.44688611 -0.90190107
v -0.83780004 0.65900461 -0.18932065
v -0.76448621 1.11927800 -0.22465132
v -0.80505206 1.99942247 -0.73445452
v -0.68032302 0.76388888 -0.89799274
v -0.75156595 -1.99471946 -0.88118310
v -0.74533214 -1.53030689 0.03722991
v -0.73319067 -1.39164932 -0.06984284
v -0.75325336 -1.16003604 -0.19101756
v -0.74352672 0.36992787 -0.14830466
v -0.67865308 0.60244886 -0.90194071
v -0.80075838 0.69804768 -0.20036409
v -0.77525844 1.43660693 -0.25802039
v -0.71759214 1.84397714 -0.90284152
v -0.77673079 1.99981873 -0.33509830
v -0.67801990 -2.00223668 -0.71628571
v -0.67783721 -1.99825032 -0.67611737
v -0.67548497 -1.47405620 0.04608924
v -0.72584428 -1.45857151 -0.90192653
v -0.74769797 -0.17798631 -0.09618450
v -0.69300320 -0.16179611 -0.89805282
v -0.64775558 0.12950890 -0.90196914
v -0.78730788 0.43090980 -0.16489136
v -0.68060471 1.21041231 -0.22511301
v -0.72629871 -2.00458463 0.05403729
v -0.71462907 -1.06318320 -0.19572536
v -0.73423268 0.55910580 -0.89804918
v -0.66002472 1.70685308 -0.89856858
v -0.74224998 -1.98419126 0.08738769
v -0.64295341 -1.23206778 -0.90195651
v -0.73238565 1.55471603 -0.90214343
v -0.67843606 -0.62768012 -0.90193624
v -0.68237849 -0.57847381 -0.22473373
v -0.74352362 1.83063547 -0.29232634
v -0.67453601 -0.37016110 -0.89809782
v -0.62026371 -0.08773421 -0.90195400
v -0.66594072 0.38985412 -0.89808501
v -0.63193365 0.60623722 -0.19420234
v -0.69752224 0.78669326 -0.19216590
v -0.63959207 0.79213790 -0.19681395
v -0.52712001 0.93930761 -0.16894712
v -0.70609941 1.99772327 -0.89126880
v -0.62169387 -1.97740360 -0.89422871
v -0.56659289 -0.66141868 -0.22427469
v -0.62440642 0.54214083 -0.20001907
v -0.65472944 0.85676102 -0.90189476
v -0.60515733 1.61526815 -0.25025613
v -0.60637893 -2.00187929 -0.45994271
v -0.57394560 -2.00192876 -0.23998743
v -0.66369065 -1.99883957 0.01943613
v -0.69043859 -1.60090871 -0.89806844
v -0.65706177 -1.21105470 -0.11959126
v -0.55139788 -0.14586179 -0.16056968
v -0.60176935 0.99165277 -0.19146764
v -0.66258355 1.02757661 -0.89803351
v -0.53543069 -1.80435939 -0.89806945
v -0.50906398 -1.63921018 0.08525351
v -0.63881941 -1.36586698 -0.01698255
v -0.58890398 -1.12955339 -0.89809258
v -0.56088890 -0.36970078 -0.90201355
v -0.66567292 0.18135165 -0.12108865
v -0.62823363 0.41929678 -0.17643904
v -0.58267297 1.16809027 -0.90189953
v -0.61402394 1.36500649 -0.22665639
v -0.57124980 1.87143151 -0.89899583
v -0.59385433 1.99818604 -0.72374643
v -0.64907952 -2.00042267 -0.89351530
v -0.66047497 -0.87251206 -0.22036760
v -0.61555083 -0.52628514 -0.23106430
v -0.59746208 0.11593012 -0.89808662
v -0.58989121 1.99404923 -0.30759616
v -0.56935914 -1.90107198 0.10622476
v -0.57509645 -1.10096295 -0.14076661
v -0.62878855 -0.80107267 -0.89808644
v -0.65492209 -0.07438655 -0.09601090
v -0.62827780 0.09980528 -0.10312300
v -0.51891406 0.18712120 -0.16175722
v -0.49427428 1.47240774 -0.90201206
v -0.51404675 1.85022895 -0.26366074
v -0.53693004 1.99705355 -0.28138603
v -0.59899547 2.00277392 -0.43412656
v -0.49515672 -1.19941755 -0.03558751
v -0.52909764 1.98449151 -0.89113254
v -0.42299523 -2.00213523 -0.09942836
v -0.56117012 -1.99505325 0.11480632
v -0.53480323 -1.36236198 -0.89801849
v -0.58540167 -0.90102698 -0.20385604
v -0.46039953 1.86751883 -0.25331674
v -0.47954156 -1.99803241 -0.51868720
v -0.53668197 0.17944185 -0.14810758
v -0.56499698 1.17854611 -0.20062097
v -0.49022539 1.93201892 -0.90288324
v -0.46562143 -1.99250098 0.10322967
v -0.53262581 -0.68965192 -0.22584466
v -0.49365707 -0.82933040 -0.90196449
v -0.59823783 -0.01816012 -0.08772478
v -0.46103467 0.57319371 -0.89803822
v -0.58223446 2.00388877 -0.86409421
v -0.50273432 -2.00743254 0.09732080
v -0.40533896 -1.99808295 -0.21567286
v -0.40163388 -1.71008642 0.11302068
v -0.57419922 -1.43571676 0.05395818
v -0.43671961 -1.13686623 -0.03003667
v -0.48791178 -0.93925373 -0.15492738
v -0.57202818 -0.38445677 -0.20273969
v -0.51861407 -0.15941261 -0.16173554
v -0.37867715 2.00202815 -0.61904843
v -0.51108624 -2.00384481 -0.83757795
v -0.50306358 -1.99890943 -0.85540552
v -0.46397342 -1.45709188 -0.90190316
v -0.41738911 0.79914717 -0.15488344
v -0.43879743 0.96251587 -0.89809025
v -0.41772248 1.18346397 -0.89798827
v -0.40726640 1.55430500 -0.21846581
v -0.44240894 -1.77365597 -0.90192808
v -0.44881429 -1.40400310 0.07552104
v -0.40809854 -0.97938307 -0.89806701
v -0.37064578 -0.68349436 -0.18792116
v -0.43179949 -0.19684743 -0.90198333
v -0.48433121 1.61824481 -0.89832557
v -0.34593864 1.99791543 -0.34582437
v -0.40524002 1.99947874 -0.89499170
v -0.45000269 -1.95665641 -0.90251780
v -0.39265199 -0.77992506 -0.89805622
v -0.52153488 0.00369863 -0.11420691
v -0.46887441 0.32545112 -0.90195728
v -0.47513117 0.74439828 -0.16375161
v -0.40497877 -1.15381314 -0.90196139
v -0.43968393 -0.62839268 -0.90195579
v -0.44286551 1.71218364 -0.90238775
v -0.42291250 -1.24515762 0.06104304
v -0.42464991 -0.57804908 -0.89807899
v -0.42335065 0.30325650 -0.19796347
v -0.51227744 2.00525872 -0.31140427
v -0.19692345 -1.86793645 0.15496199
v -0.36067768 -0.40648768 -0.22518642
v -0.33835037 -0.08417367 -0.89809264
v -0.41432037 0.01567028 -0.13865670
v -0.40098806 0.83483629 -0.90201158
v -0.41164501 1.32757370 -0.19251906
v -0.24369629 -1.99848576 -0.70831532
v -0.25746926 -1.33566572 0.09328395
v -0.33509018 -1.16915722 0.06297823
v -0.31555905 -0.65381196 -0.18480640
v -0.39786430 -0.36633303 -0.21058988
v -0.39844419 -0.33475819 -0.89810933
v -0.39232196 0.53652619 -0.90192992
v -0.37898870 0.43538557 -0.19491472
v -0.39229085 1.09601824 -0.16657395
v -0.34662779 1.22230725 -0.17617331
v -0.36742558 1.99802963 -0.65399582
v -0.38752146 -0.18672644 -0.20498470
v -0.38560452 0.21782045 -0.18585023
v -0.34261360 0.22107743 -0.89806301
v -0.34583195 0.74825673 -0.89811690
v -0.43773581 -1.99928792 -0.89841629
v -0.43243356 -1.99125965 0.13178856
v -0.33073129 -1.47190578 -0.89808226
v -0.39661016 0.55060093 -0.19496337
v -0.30754592 0.96877889 -0.14586920
v -0.35694977 1.09069876 -0.90188731
v -0.35062726 1.44775800 -0.89809383
v -0.37046524 1.98852722 -0.25919656
v -0.31490989 -2.00192972 -0.54345472
v -0.38179632 0.08156638 -0.90193904
v -0.28785237 1.54907553 -0.19614498
v -0.20044504 2.00306551 -0.38190360
v -0.36238338 -1.99365612 -0.88744456
v -0.24616321 -0.50891768 -0.90190918
v -0.20943995 0.56663959 -0.15529222
v -0.29984023 1.35089783 -0.90192098
v -0.36992254 2.00529305 -0.27906836
v -0.20682820 -1.99651833 0.09434374
v -0.34593727 0.03067796 -0.17095771
v -0.26332654 0.34231476 -0.19952954
v -0.31830515 -2.00313445 -0.85546202
v -0.34533789 -1.95402785 0.14610787
v -0.22027488 -0.90275993 -0.03738009
v -0.29481157 1.99201886 -0.88839842
v -0.20013933 -1.46047254 0.11821719
v -0.34066256 -1.24704059 -0.89805520
v -0.17546325 -1.06457736 -0.90194763
v -0.26075025 -0.76040839 -0.13461996
v -0.28908904 -0.42113584 -0.20523795
v -0.30634924 0.62085490 -0.15562122
v -0.27176752 0.76738612 -0.11365970
v -0.25110348 -1.73686452 -0.89812542
v -0.25460263 -0.07970809 -0.18930072
v -0.24826463 0.25647400 -0.19545081
v -0.12685134 1.63330929 -0.89807815
v -0.21576877 1.89212005 -0.90234996
v -0.15023299 1.99853890 -0.58554525
v -0.25607778 2.00434057 -0.81354684
v -0.15160607 -1.56280263 -0.90200699
v -0.10307591 -1.65608592 0.14834184
v -0.26906063 -1.22269036 0.08458038
v -0.26159831 -0.83101092 -0.09416521
v -0.19241341 0.89131324 -0.89800388
v -0.23314716 1.88276403 -0.89842964
v -0.29996534 -1.99945732 -0.89669169
v -0.22485002 -2.00482412 0.06689554
v -0.24019714 -1.98510976 0.15485176
v -0.18471749 0.12960236 -0.90200413
v -0.13228129 0.66804211 -0.90191711
v -0.20130693 0.90807216 -0.11922931
v -0.15014492 1.86436359 -0.21072904
v -0.26843913 -2.00063963 0.15827762
v -0.19930078 0.41159354 -0.90195996
v -0.17919295 0.90065162 -0.90190662
v -0.17283498 1.59686319 -0.90200103
v -0.19815873 1.99852984 -0.23072564
v -0.04470195 -2.00243469 -0.75304724
v -0.11288481 -1.99789997 -0.38310803
v -0.20627465 -1.93915577 -0.89815576
v -0.14585938 -0.07022779 -0.20756596
v -0.14951481 0.12601136 -0.89810193
v -0.23977788 0.38129608 -0.89805497
v -0.14862381 0.61679642 -0.89801205
v -0.18637412 1.75339739 -0.20130836
v -0.19975548 -1.83455356 -0.90199340
v -0.14243766 -0.86849611 0.00694657
v -0.15321522 -0.32257641 -0.89801592
v -0.11695461 0.11384092 -0.20272472
v -0.13415225 1.24867634 -0.90195764
v -0.10930886 1.20029394 -0.13439231
v -0.16051512 1.35666410 -0.89807142
v -0.14649208 -2.00169583 -0.21364664
v -0.21674587 -0.79534827 -0.90191013
v -0.16025593 -0.76839130 -0.89800454
v -0.10581844 -0.25943945 -0.90191437
v -0.18213858 0.07177244 -0.18790352
v -0.13478889 0.35023264 -0.17738176
v -0.06572850 -1.96578618 -0.90342552
v -0.12626346 -1.51545306 -0.89809001
v -0.15076428 -1.27879007 -0.89803035
v -0.13984074 -0.28900381 -0.20682427
v -0.13131868 -1.99928613 -0.89618296
v -0.05940809 -1.99783512 -0.10263974
v -0.10790359 -1.83692654 0.17002315
v -0.16597332 -1.30002119 -0.90194119
v -0.09405958 -1.11427935 -0.89806200
v -0.10034813 0.49186753 -0.13745644
v -0.08659698 -2.00185891 -0.42171262
v -0.18601929 -1.99675425 -0.87842561
v -0.07239391 -1.14197059 0.10561655
v -0.12032543 -0.93671058 0.07764269
v -0.11235755 -0.21172987 -0.20058265
v -0.12122245 0.65380268 -0.09594120
v -0.05578594 1.45497517 -0.15592335
v -0.08386205 1.99848740 -0.89549280
v -0.08900880 1.99362461 -0.22488148
v -0.19083660 -1.99750395 0.17184111
v -0.08756285 -0.55276626 -0.12877170
v -0.09202941 -0.46852243 -0.16349673
v -0.12263166 0.65613441 -0.08739749
v 0.00208376 0.92953376 -0.09454877
v -0.10193207 1.13935618 -0.13114645
v -0.17193310 1.99693267 -0.86715848
v -0.04000907 1.12936596 -0.89810420
v 0.03987245 2.00242726 -0.66150827
v -0.15473391 -2.00479753 0.16165434
v -0.10968177 1.98736016 -0.89221496
v -0.04987942 0.44237290 -0.89808060
v -0.02669408 0.95284359 -0.09730330
v -0.01197051 1.64745252 -0.16449487
v -0.02925761 1.91655104 -0.19315226
v 0.01903821 -1.64180572 0.16919155
v 0.05422996 -1.08702977 0.11529370
v -0.06988646 -0.90087767 0.07466195
v -0.00767757 -0.02463587 -0.19762275
v 0.10823010 2.00259225 -0.28596724
v -0.12866803 -1.99696596 0.18029626
v 0.02544258 -1.99841280 -0.70194847
v -0.01199572 -0.69310960 -0.90190859
v 0.02639256 -0.53655494 -0.89806206
v 0.00299455 0.71784334 -0.06897481
v 0.01989133 2.00740878 -0.84651841
v -0.01592110 -1.99515553 0.17535802
v 0.00491921 -0.28519702 -0.17487813
v 0.03890045 -0.10859792 -0.89800001
v 0.03608502 0.22883151 -0.17366528
v -0.00437616 0.30789308 -0.17299836
v -0.03370475 1.42086963 -0.14522318
v -0.00451629 1.75292484 -0.90206368
v 0.09549038 1.99872915 -0.32256387
v -0.08207532 -1.99822517 0.18793983
v 0.00386791 -1.98839410 -0.89169390
v 0.04545451 -1.70981462 -0.90182770
v 0.03794808 -0.86130990 -0.89799512
v 0.08693651 0.28323810 -0.90194131
v 0.10203932 1.70846169 -0.89812858
v -0.08271207 1.99718539 -0.85434163
v 0.09232372 1.99470989 -0.18634804
v 0.06902161 -2.00367732 0.18019176
v -0.04100852 -1.99693318 -0.84573830
v 0.05565288 -1.90267725 -0.89778329
v 0.05503712 -1.61357959 -0.89799763
v 0.12936452 -1.38207372 0.15610918
v 0.03596498 0.87615792 -0.89804203
v 0.03170164 -1.30467637 -0.90194029
v 0.10109394 -1.00221588 -0.90188218
v 0.08129240 0.58263425 -0.90196247
v 0.04262538 -1.98627992 0.20701983
v 0.08801549 -0.46209796 -0.90195567
v 0.08030162 -0.28787741 -0.89807917
v 0.17514087 1.01653449 -0.90199489
v 0.06077699 1.41976349 -0.89802093
v 0.09701113 1.42410175 -0.90190435
v 0.14803575 1.68980424 -0.14833801
v 0.00513352 1.94437925 -0.90251506
v 0.03604905 1.93233769 -0.89781989
v 0.09282116 1.99819653 -0.66667403
v 0.13205658 -2.00204142 -0.30255214
v 0.17003254 -2.00274952 0.06892756
v 0.08107426 -1.99823757 -0.45550311
v 0.08804719 -1.35945858 -0.89804483
v 0.03550167 -0.97826399 0.10750504
v 0.08006942 -0.11824073 -0.20220279
v 0.06010855 -0.11723422 -0.90189541
v 0.09148246 0.82137327 -0.90192724
v 0.19030937 1.18197982 -0.09157290
v 0.03219358 1.99385516 -0.87266845
v 0.06653046 -2.00067921 -0.89106888
v 0.02064500 -0.55311360 -0.09540751
v 0.03032760 -0.30437061 -0.17779452
v 0.08226922 0.12537239 -0.89800216
v 0.00303794 0.55013279 -0.07826585
v 0.17299161 -1.99817093 -0.12085538
v 0.01137919 -0.68494342 -0.01153260
v 0.02119980 -0.54179955 -0.09489182
v 0.03019072 0.54639129 -0.09144581
v 0.22763918 -1.82314201 0.21887665
v 0.07745048 -1.93879910 0.20372824
v 0.17747268 -1.31615885 0.16072740
v 0.00747297 -0.74903776 0.02207353
v 0.01923824 -0.79645540 0.07107308
v 0.12382322 0.06437109 -0.90187801
v 0.03019173 0.40939788 -0.12911787
v 0.13012097 0.68731074 -0.05800489
v 0.13848784 0.64871590 -0.89804585
v 0.20253218 -1.44693215 -0.90194161
v 0.07272125 -0.89228089 0.09922583
v 0.06205965 -0.88296648 0.09165921
v 0.07361549 -0.77891998 0.00637348
v 0.17212262 -0.66403428 -0.11012299
v 0.14480677 1.08804028 -0.08505190
v 0.22414679 -1.76622327 -0.89818848
v 0.17700156 -0.90207793 0.03195956
v 0.16181515 -0.61705159 -0.11614654
v 0.19153950 -0.50480936 -0.16660866
v 0.10849809 -0.33604375 -0.17510132
v 0.13158157 0.19179974 -0.19348563
v 0.22502007 0.41668831 -0.17674210
v 0.14452067 1.28203373 -0.10455394
v 0.20863104 1.61559360 -0.90191526
v 0.23663266 -1.15881075 -0.89800931
v 0.26516993 0.48859386 -0.15852011
v 0.22175964 1.89933626 -0.15860034
v 0.28731578 -1.90553613 -0.90459950
v 0.32195980 -0.39964336 -0.20219851
v 0.21582612 -0.20498337 -0.19523836
v 0.15229480 0.42861710 -0.89807976
v 0.19843843 0.66264026 -0.09800403
v 0.14914637 0.70999829 -0.06009034
v 0.24669575 1.20655207 -0.89808286
v 0.18238175 1.57667200 -0.12812796
v 0.32332204 1.81151812 -0.90252818
v 0.22769053 -0.66652195 -0.90191145
v 0.19897476 0.05482481 -0.18182156
v 0.29009912 1.42629449 -0.10103755
v 0.23199002 1.87886016 -0.14953739
v 0.22475811 1.99524586 -0.90017087
v 0.16600784 -1.99500676 -0.88124205
v 0.26741366 -1.74503036 0.21311799
v 0.32527460 -1.55344100 0.20654260
v 0.30190133 -0.25684692 -0.90194816
v 0.25184113 -0.04974540 -0.19132877
v 0.26458605 0.30586617 -0.17768841
v 0.25867023 1.99199001 -0.87873895
v 0.14321528 -1.99826129 0.17479943
v 0.33801013 -1.12661477 -0.90193022
v 0.17198383 -1.01081754 0.11716986
v 0.32095663 -0.98138239 -0.02419631
v 0.24834421 -0.53181595 -0.89805681
v 0.19523389 0.62617282 -0.10296785
v 0.23064238 0.89725272 -0.05282204
v 0.36716449 1.19918029 -0.90194262
v 0.25293568 1.98936169 -0.16992032
v 0.26648680 -1.98150666 0.23115355
v 0.22297798 -1.07987143 0.14143605
v 0.25739644 0.15688883 -0.89805568
v 0.19967410 0.98653678 -0.89808608
v 0.24417937 -2.00206848 -0.61079688
v 0.28334085 -2.00184043 -0.10906052
v 0.30844800 -1.50853880 -0.89807571
v 0.30630691 -0.87619846 -0.89807177
v 0.31248126 0.42412107 -0.90193952
v 0.30001812 0.74338560 -0.89801545
v 0.25391955 -2.00312777 -0.81818391
v 0.37559768 -1.99808855 -0.42186887
v 0.32392728 -0.52413043 -0.18056979
v 0.22963224 0.89276545 -0.05671956
v 0.44557839 1.99808280 -0.33011175
v 0.45365213 -1.99836643 -0.64440293
v 0.22984504 -1.99661143 0.19446693
v 0.33718015 -1.67533286 -0.90210373
v 0.38142898 1.82628290 -0.89841158
v 0.44415284 -0.51225028 -0.90198643
v 0.39865385 -0.36213452 -0.89804632
v 0.39825671 -0.12129431 -0.89807166
v 0.25102957 1.93424789 -0.89718635
v 0.38842439 2.00165765 -0.58092488
v 0.30869400 -1.99922736 0.24245756
v 0.42583872 -1.99796517 -0.20777052
v 0.28849703 -1.96614261 -0.89467884
v 0.44888898 -1.19583513 0.03342369
v 0.32164855 -0.12009822 -0.17899139
v 0.36560718 0.13438247 -0.90196479
v 0.39938926 1.53771524 -0.89801950
v 0.39028725 1.43417518 -0.90189863
v 0.40002316 1.99778883 -0.56215919
v 0.34432613 -1.99664338 -0.89812292
v 0.35359403 -1.24960067 0.17403995
v 0.36024351 -0.87533789 -0.90198702
v 0.41885736 0.29077153 -0.18109898
v 0.40671138 0.37402879 -0.89804364
v 0.42003708 0.75125770 -0.13308343
v 0.30351263 0.84310643 -0.06087028
v 0.38376821 1.12358944 -0.05678464
v 0.36196544 1.44457798 -0.08814007
v 0.37130323 -0.89629392 -0.08902356
v 0.39832657 0.24237154 -0.17091368
v 0.34455000 0.69906251 -0.90190853
v 0.39489108 0.78129165 -0.10933963
v 0.51408438 1.01148216 -0.89802111
v 0.37970730 1.13795023 -0.05462520
v 0.33400600 1.99769632 -0.81447203
v 0.34105183 2.00118796 -0.15409466
v 0.43454593 -1.99399169 -0.88090278
v 0.28972006 -1.11623921 0.12044591
v 0.32597023 0.04175322 -0.15294493
v 0.28734814 0.86581234 -0.04287769
v 0.43375066 1.26179795 -0.89802779
v 0.43651211 1.99761884 -0.19123631
v 0.46311175 -2.00213047 -0.60304154
v 0.53988696 -2.00184317 -0.26868565
v 0.40205554 -1.99770565 0.12119802
v 0.39399299 -1.37603928 -0.90188772
v 0.37406142 -0.72697048 -0.14743019
v 0.58712645 1.58961455 -0.07283163
v 0.40917241 1.97991054 -0.13265833
v 0.43374677 0.01054196 -0.13612814
v 0.55249618 1.69596116 -0.08461800
v 0.48435214 -2.00368007 -0.84865499
v 0.48058970 -1.54091342 0.22415175
v 0.48860719 -1.26316352 0.07289732
v 0.45900614 -1.08602937 -0.03168616
v 0.55476956 -1.04224809 -0.11561456
v 0.47885954 -0.34274805 -0.19515664
v 0.49926413 0.12284265 -0.89808572
v 0.56501643 2.00211184 -0.33124469
v 0.37285855 -1.25892384 0.18174497
v 0.47673905 1.05200617 -0.03472106
v 0.47327764 1.03872578 -0.04338251
v 0.41752424 1.98005645 -0.14171686
v 0.44689193 2.00393550 -0.85528357
v 0.59173874 -2.00242050 0.06736220
v 0.52528123 -1.91860183 0.27330317
v 0.65518455 -1.82134159 0.27896242
v 0.49042280 -1.41716071 -0.89799423
v 0.43248933 -0.67701078 -0.89811332
v 0.47113712 -0.71548613 -0.18269294
v 0.55565272 0.66827516 -0.16894577
v 0.52333565 1.85758965 -0.10882319
v 0.52512747 1.99609415 -0.90029711
v 0.58744056 -1.99466725 0.26864283
v 0.67861358 -1.70064540 0.27441656
v 0.54257694 -1.17676909 -0.89803190
v 0.46034711 -1.00651921 -0.89807833
v 0.50404992 -0.35259407 -0.18876518
v 0.56614388 -0.25003083 -0.16530777
v 0.50418880 -0.15044473 -0.14627970
v 0.52442315 0.94072477 -0.90191580
v 0.57993473 1.91105382 -0.10124777
v 0.44987671 -1.91379555 -0.89676077
v 0.51616813 0.15757732 -0.13978449
v 0.55345745 0.14705668 -0.11697485
v 0.55125604 1.98660104 -0.89551044
v 0.49118152 -2.00042553 0.27181005
v 0.47926889 -1.69491406 -0.89829332
v 0.52645169 -1.43886419 0.22384124
v 0.48681131 -0.49626997 -0.19588868
v 0.54959763 -0.05648698 -0.90195198
v 0.56743328 0.71878891 -0.89805240
v 0.59077973 0.65334956 -0.90195561
v 0.69639222 -2.00431509 0.25930010
v 0.66693847 -0.14749967 -0.09935146
v 0.49544449 0.00989403 -0.09683432
v 0.56144435 0.99779396 -0.08441555
v 0.52751496 2.00309937 -0.15993538
v 0.63426135 -1.99819215 -0.02943249
v 0.61375878 -1.42288061 -0.90189339
v 0.57598279 -1.38680001 0.09482097
v 0.59287922 -0.88987704 -0.16514368
v 0.55843682 0.29267512 -0.90197969
v 0.52062246 0.51814823 -0.16852509
v 0.58374335 1.41293661 -0.05161654
v 0.54038046 -1.45603909 0.21812049
v 0.49220882 -1.35342552 0.16378730
v 0.62360365 1.35132436 -0.04330076
v 0.58031232 1.99818055 -0.75817783
v 0.59173475 -1.71510930 -0.90226508
v 0.63726107 -1.14915188 -0.90192748
v 0.55281634 -0.95233823 -0.90195532
v 0.56793619 -0.69914341 -0.18942175
v 0.63041345 -0.55854484 -0.89808656
v 0.58269958 0.69146256 -0.16138870
v 0.60212032 1.07578842 -0.07511204
v 0.63206465 1.39955751 -0.90184922
v 0.56956030 1.64678065 -0.90180922
v 0.65612276 -1.91586752 -0.90381885
v 0.62826813 0.43348901 -0.89809329
v 0.63896523 1.28181486 -0.02914351
v 0.66687081 1.62554519 -0.89784534
v 0.65855054 -1.99866362 -0.78519196
v 0.62307219 -0.87677680 -0.89803625
v 0.69982911 -0.68161346 -0.90193249
v 0.61745108 -0.04950415 -0.89804394
v 0.65374471 1.12739853 -0.90189845
v 0.72551550 1.89567511 -0.90347064
v 0.61197979 -1.99798365 -0.38324193
v 0.61471136 -1.08069666 -0.11247096
v 0.69812472 -0.77644344 -0.20094789
v 0.59230853 -0.32363947 -0.90190358
v 0.62422911 0.42602126 -0.15704694
v 0.63386325 1.99535911 -0.10468295
v 0.63723822 -1.87827917 -0.89903260
v 0.66219230 -0.96139725 -0.17108359
v 0.67159448 -0.27032346 -0.89802695
v 0.66854147 0.90292327 -0.13824085
v 0.72842200 1.39325289 -0.89795513
v 0.60177497 1.99347584 -0.12124242
v 0.66061051 -1.45244457 0.10285400
v 0.77897469 1.19820373 -0.89799953
v 0.67055590 1.27238791 -0.03246319
v 0.69958655 1.99806516 -0.51455689
v 0.80632178 2.00232093 -0.79493523
v 0.69529594 -1.57767268 -0.89807380
v 0.67710255 0.00832872 -0.00076474
v 0.68746133 0.14677124 -0.06823594
v 0.74154882 0.56454460 -0.15989418
v 0.66518442 -1.34090574 -0.00113334
v 0.72562007 -0.16284005 -0.06935841
v 0.71169914 0.00809355 0.01323206
v 0.63311325 1.99696033 -0.84031535
v 0.80536447 1.99843685 -0.22569937
v 0.67165456 -1.53530951 0.18412054
v 0.75828011 -1.36462410 -0.89799405
v 0.70273514 -0.62244456 -0.19175492
v 0.80859826 -0.44623772 -0.90199251
v 0.74252499 -0.13144590 -0.90194631
v 0.79263176 0.08823369 -0.90194178
v 0.65381451 1.20960955 -0.03098797
v 0.82410363 1.87176077 -0.89953060
v 0.65209816 -1.99379344 0.29604023
v 0.69317333 -1.98654051 -0.89185507
v 0.85510115 -1.99797268 -0.52431215
v 0.83488945 -1.99976201 0.19234478
v 0.73427783 -0.32055044 -0.13129381
v 0.76489512 0.10706137 0.00421658
v 0.79640461 0.99991731 -0.14358286
v 0.79147838 2.00191729 -0.56378115
v 0.78462748 -2.00344451 -0.81773032
v 0.72924955 -1.55796571 0.19173055
v 0.70933424 -1.35462119 -0.03524239
v 0.75365199 -0.95720734 -0.90192462
v 0.76423932 0.36137239 -0.90196753
v 0.79582901 0.66688172 -0.15301069
v 0.87409226 -1.99536701 -0.89908207
v 0.82814400 -2.00192471 -0.56637646
v 0.70665739 -1.62059839 0.26270326
v 0.71739189 -0.54009915 -0.19220340
v 0.77827043 -0.03939118 0.04493745
v 0.78828089 0.16225789 -0.89805783
v 0.80993716 0.85582594 -0.15601745
v 0.77432058 0.83333699 -0.90199710
v 0.72675065 -1.60087188 0.26635223
v 0.80250661 -0.53968499 -0.16829761
v 0.82510756 0.41088395 -0.10324939
v 0.78453405 0.65988116 -0.89812309
v 0.76905922 1.17523436 -0.09433020
v 0.91389142 1.98130075 -0.06685670
v 0.82966761 2.00234978 -0.17641496
v 0.86474834 -1.08903505 -0.89803577
v 0.74110199 -1.24670114 -0.09323791
v 0.87779657 -0.82616763 -0.89805056
v 0.88194935 -0.80538027 -0.20180912
v 0.82240633 0.40167020 -0.10606766
v 0.79370083 0.95767431 -0.89805669
v 0.76319672 1.20973889 -0.06981416
v 0.91953526 1.99297015 -0.89838833
v 0.80325840 -1.99638648 0.31867277
v 0.82827012 -1.99795492 -0.29422144
v 0.87483899 -1.89314921 0.32267680
v 0.74932833 -1.47570570 0.04491512
v 0.81491892 -1.13303949 -0.15756735
v 0.80411462 -0.92238169 -0.19259443
v 0.85669909 -0.13664319 0.01711422
v 0.85312019 1.70194070 -0.90201593
v 0.89507328 1.98456828 -0.89505465
v 0.83099983 -2.00184401 -0.20919620
v 0.92650644 -1.74529286 -0.89821965
v 0.88806365 -0.84354122 -0.19661134
v 0.82590262 -0.48316363 -0.89808203
v 0.85710297 1.56660645 -0.02644271
v 0.82515429 1.84706847 -0.06252881
v 0.81734751 -1.49774738 0.05070229
v 0.79809682 -1.35741241 -0.05712776
v 0.84684823 -0.18110605 -0.89806111
v 0.97583590 0.09178798 -0.89800573
v 0.87816928 0.22366981 0.00105760
v 0.87898282 1.12099604 -0.90191556
v 0.83672784 1.82085983 -0.05346381
v 0.93627445 -1.99808557 -0.07085852
v 0.89049093 -1.68554469 -0.90199585
v 0.91387902 -1.19811030 -0.90192593
v 0.88115392 -0.50871374 -0.15461438
v 0.93893520 0.39906846 -0.89806987
v 0.88020609 0.89076738 -0.15952357
v 0.83360098 1.37141089 -0.01357944
v 0.85912071 1.99802820 -0.73256702
v 0.90844969 -1.99252375 -0.88133688
v 0.85861115 -1.63029356 0.21888287
v 0.87379680 -1.25818892 -0.14530891
v 0.84636025 1.40654950 -0.90185673
v 0.87937872 1.52426700 -0.02470290
v 0.95071701 2.00212733 -0.33486543
v 0.93168519 -2.00260790 0.04697270
v 0.86718629 -1.94966741 -0.89714671
v 0.85691879 -1.44097032 -0.90183855
v 0.82049177 0.01847483 0.11430456
v 0.85211388 1.07044618 -0.13102814
v 0.97867535 -1.87868102 -0.90289874
v 0.88950823 -1.54484327 0.06933088
v 0.86141817 -1.44346543 -0.02960524
v 0.91796480 -0.45201305 -0.11239012
v 0.95477818 0.26825772 0.03247812
v 0.92969362 1.27420895 -0.07621763
v 0.97946320 1.71254055 -0.89814747
v 0.96227304 -1.99790926 -0.75434829
v 0.94144676 -1.68483110 0.30561944
v 0.88727657 -1.61135300 0.18982208
v 0.92797701 -1.07590850 -0.19444374
v 0.96641175 -0.36531159 -0.06199306
v 0.96651612 -0.19464724 0.07307101
v 0.85626767 0.01322187 0.11855199
v 0.96809534 -0.10766246 0.15522436
v 0.89150481 0.07882921 0.12495973
v 0.93218879 0.82658939 -0.89808423
v 0.93728666 1.42365877 -0.01592952
v 0.93907843 -1.66920073 0.30667093
v 0.94607250 -0.19292759 -0.90195239
v 1.01185350 1.35240178 -0.06148488
v 1.09062020 1.99807422 -0.47301338
v 0.91222100 -1.44121893 -0.02899285
v 1.01703451 -1.01537974 -0.90191383
v 0.98709695 -0.64680907 -0.89809520
v 0.99501066 -0.01934017 0.15408713
v 0.97041081 0.80784921 -0.15003853
v 0.98973773 1.47482698 -0.89801092
v 0.98246871 1.99931256 -0.05482347
v 1.04922656 -1.99528678 0.32697546
v 1.14210616 -1.85592576 0.35396301
v 0.93159358 -1.29880716 -0.11949900
v 0.95462326 -1.08609219 -0.18877293
v 0.96242348 -0.70217268 -0.90197802
v 0.98208086 -0.33636688 -0.02342290
v 0.98316203 0.83455436 -0.90197922
v 1.06571869 1.94339172 -0.90478981
v 1.00945566 -1.47846253 -0.89792521
v 1.04864202 -1.30513109 -0.89800090
v 1.01369254 -0.41908836 -0.89810855
v 1.05777351 -0.02521311 0.15963723
v 1.05151336 0.22647904 0.13087886
v 1.04007034 0.59679155 -0.90193344
v 1.07339649 1.42195253 -0.90187640
v 1.02128367 -1.99536665 0.35029211
v 1.05561612 -0.17896368 0.16570627
v 1.00071452 0.27147870 -0.90192402
v 1.06586997 0.54343288 -0.05066862
v 0.99886004 -1.71371241 0.32472356
v 0.99840496 -1.51911195 0.03993381
v 1.09734021 -0.44693360 -0.90199799
v 1.01637946 0.80055658 -0.13373385
v 1.05406223 1.21038465 -0.89803488
v 0.99388532 1.15552501 -0.13796165
v 1.03157030 1.88167755 -0.03057942
v 1.15643201 -2.00201710 -0.76648272
v 1.04891131 -1.99797841 -0.31322683
v 1.06211410 -1.42454179 -0.90182228
v 1.12766371 -1.04252060 -0.89802498
v 1.05537621 0.69077043 -0.11054386
v 1.07893864 0.65048770 -0.89801098
v 0.99435262 1.07080965 -0.13969974
v 1.12490104 1.61995618 0.00462978
v 1.02315734 1.99549214 -0.82070578
v 1.07751278 2.00187246 -0.54520656
v 1.11559169 -2.00186975 -0.50567765
v 1.09898911 -2.00188799 -0.18191379
v 1.08197038 -1.92329629 0.35747184
v 1.03596656 -1.64072569 0.20979237
v 1.04387222 -1.37714292 -0.09537457
v 1.04391102 -1.20218142 -0.15958595
v 1.07008426 -0.78751613 -0.16645260
v 1.11158041 -0.67251060 -0.12445755
v 1.12887601 0.55935483 -0.03431858
v 1.04661898 1.99814407 -0.15906123
v 1.02716808 -1.63927694 0.23275655
v 1.11009429 -1.35257335 -0.08518042
v 1.11950867 -0.78981035 -0.16322164
v 1.08020107 0.25894461 0.13593916
v 1.10247282 0.94515066 -0.89808298
v 1.04482798 1.46008412 0.01664049
v 1.07528714 -1.50380440 0.01181705
v 1.16419337 -0.35850301 0.08888864
v 1.07038556 0.33814667 0.06200322
v 1.13729952 0.36568086 -0.89810360
v 1.12967710 0.99401860 -0.14187727
v 1.01531301 1.39683120 -0.01112098
v 1.10955076 1.73398177 -0.90222610
v 1.14188937 2.00462048 -0.11735440
v 1.20596437 -2.00246067 0.14908933
v 1.06896440 -1.16092618 -0.18286533
v 1.07830797 -0.95217981 -0.19543114
v 1.08790187 -0.96464278 -0.18961581
v 1.10540466 -0.64133401 -0.12242261
v 1.12092958 -0.52013462 -0.05145197
v 1.11996428 -0.14089455 -0.89806325
v 1.11541871 1.90934126 -0.02560404
v 1.10861699 -2.00466152 0.31587454
v 1.12259142 -1.65400155 -0.89802391
v 1.20739369 -1.62243636 -0.90181942
v 1.12680380 0.02009837 -0.90189595
v 1.13379262 0.41662578 0.06162568
v 1.09349696 -1.56593724 0.11574735
v 1.14627640 -1.09648527 -0.17199329
v 1.17671345 0.16900699 0.16187061
v 1.13267742 1.12714128 -0.90193767
v 1.13261424 -0.79126482 -0.90190280
v 1.16845373 -0.70818336 -0.89800895
v 1.26045380 -0.51167818 0.04864412
v 1.24060200 0.82229547 -0.90195514
v 1.13727502 1.26924483 -0.06985882
v 1.14311890 1.43400781 0.02889044
v 1.13573651 1.98033015 -0.89494623
v 1.14848904 2.00246827 -0.77524246
v 1.17001144 -1.99807604 -0.60406578
v 1.19538061 -1.99810322 0.02128630
v 1.16025756 1.19344322 -0.10920763
v 1.15080993 1.07479267 -0.12191890
v 1.18811218 1.59071867 0.02114036
v 1.22507403 -1.97888370 -0.89352924
v 1.23048137 -1.99597831 -0.82583142
v 1.14484410 -1.68166359 0.33362507
v 1.17258970 -1.65871330 0.33729964
v 1.26862488 -1.45253112 -0.89784027
v 1.19152693 -1.46690901 0.02785505
v 1.18477611 0.24754070 0.15075668
v 1.21323542 1.41901950 0.02223890
v 1.33457468 1.80923025 -0.89902706
v 1.22164683 -0.55726061 -0.02307178
v 1.16778491 -0.31848341 0.14820992
v 1.23573754 -0.38209241 -0.89810545
v 1.22553192 -0.31167479 0.21610648
v 1.23890148 -0.15513517 -0.90194429
v 1.18332950 -0.12627740 0.19269613
v 1.20692025 0.17778782 -0.89807130
v 1.29892562 0.27467929 -0.90198971
v 1.20200328 0.82075481 -0.09116246
v 1.25959901 1.13266115 -0.89799798
v 1.26615373 1.45869176 -0.89794339
v 1.21512316 -1.83985694 -0.89841784
v 1.18391983 -1.59714718 0.17672869
v 1.19825564 -1.41898926 -0.03327526
v 1.19405613 -1.27826531 -0.12000492
v 1.26240192 -1.22417583 -0.90188188
v 1.28498356 0.88823764 -0.08525606
v 1.29042761 1.99784033 -0.18376119
v 1.19652967 1.99046628 -0.04316691
v 1.19791762 1.98989646 -0.01935104
v 1.37790261 2.00189797 -0.33746491
v 1.19680343 -1.96073087 -0.90488691
v 1.30620907 -1.78594716 0.37646484
v 1.19604312 -1.26226087 -0.11228535
v 1.17471335 -1.06795873 -0.17931015
v 1.34478245 -1.99798198 -0.20599497
v 1.24911867 -1.59643181 0.25624286
v 1.16903261 0.36318628 0.13701808
v 1.25901375 0.53680538 -0.90187300
v 1.32096587 1.99795668 -0.68610711
v 1.31453751 1.99892752 -0.89679123
v 1.31903444 2.00180451 -0.60932136
v 1.39927838 -1.99941214 0.30043691
v 1.27290265 -0.90719627 -0.12537554
v 1.28906475 0.68020062 -0.89803714
v 1.27777527 1.29980151 -0.02087726
v 1.38773928 1.87828104 0.02335608
v 1.24448441 -2.00103422 -0.88843996
v 1.21103881 -1.99164327 0.38200530
v 1.35749147 1.29296438 -0.90178896
v 1.39808724 -2.00185318 -0.11946888
v 1.37687800 -1.47726806 -0.90174849
v 1.26105694 -1.13612826 -0.12745118
v 1.35179518 -0.93328022 -0.10718776
v 1.28521715 -0.94760220 -0.90193845
v 1.28698931 -0.75204305 -0.09097523
v 1.35967646 -0.38905570 -0.90193636
v 1.36395047 -0.29622974 0.23205390
v 1.35149632 0.05879091 -0.90190960
v 1.41040454 0.02270232 -0.89798720
v 1.36174295 0.12898056 0.18958535
v 1.42442082 0.49601279 -0.89798886
v 1.25973229 0.44947307 0.13227513
v 1.26751260 0.41595404 0.15216625
v 1.35967026 1.19555954 -0.00447563
v 1.33012198 1.65235726 -0.90232856
v 1.31997357 -1.24075778 -0.89799524
v 1.31218110 -0.91118537 -0.89803309
v 1.33572922 -0.73059391 -0.04515611
v 1.34794925 -0.68360190 -0.90188409
v 1.34638892 0.73137633 0.01306803
v 1.29496966 1.84897940 0.00821561
v 1.35541282 -2.00372298 0.36233070
v 1.39950572 -1.99800773 -0.63680584
v 1.35305427 -1.69593437 -0.89799077
v 1.31972430 -1.61253579 0.34510045
v 1.30211053 -1.39355530 0.01472826
v 1.33939109 -1.13588341 -0.10315543
v 1.40138588 -0.07809429 0.22044016
v 1.28130953 0.48527424 0.13163281
v 1.31111405 0.56265156 0.08581681
v 1.43473158 1.69922392 0.04716007
v 1.34924791 -1.79532655 -0.90286947
v 1.36997710 0.27066164 0.18034797
v 1.34151111 0.97701160 -0.04959222
v 1.35197912 1.09009628 -0.05544138
v 1.38457094 1.07434897 -0.90181989
v 1.44349084 1.88222520 -0.90338559
v 1.43451784 1.99941937 0.01317229
v 1.51671527 2.00360720 -0.83716054
v 1.34816526 -1.99298044 0.40131210
v 1.35079179 -1.55766244 0.25527941
v 1.34021793 -1.60416050 0.36320387
v 1.36221335 -1.44116630 0.08455456
v 1.34168170 -1.31705149 -0.02898912
v 1.48785041 0.42227118 0.17857640
v 1.32543574 1.37537853 0.06091761
v 1.46628819 1.48166768 -0.90186907
v 1.40288113 1.98407929 -0.89374191
v 1.42030333 1.99805252 -0.34771053
v 1.35359536 2.00477855 -0.04130873
v 1.47847758 -2.00204285 -0.83235634
v 1.48956750 -2.00189705 -0.35751674
v 1.48107634 -1.99808522 0.04625223
v 1.40517006 -0.74191679 -0.89801163
v 1.38626180 -0.49967094 0.19748369
v 1.31887231 -0.38644908 0.23146789
v 1.46086524 -0.40294091 0.26194911
v 1.39132712 0.86728386 -0.89798702
v 1.41416131 -1.69683547 0.37892493
v 1.38809739 0.26447032 -0.89806820
v 1.39139937 1.57125155 0.04910714
v 1.41118024 1.98532192 0.00759086
v 1.41949294 -1.92875035 -0.90079308
v 1.35383759 -1.49421497 0.16694591
v 1.36371766 -1.26126935 -0.02942275
v 1.42528830 -0.52829967 0.19504391
v 1.40059815 -0.09063207 0.21758746
v 1.43452082 -0.18605332 -0.89800502
v 1.39947568 0.77113418 0.01980437
v 1.46938155 -1.99260934 -0.89744312
v 1.48398409 -1.10782077 -0.90200133
v 1.42281840 -1.03036966 -0.04955870
v 1.39412282 -0.74029066 -0.02144474
v 1.48823283 1.53068475 0.07225700
v 1.54350184 -2.00178786 -0.64747853
v 1.41385994 -1.94491907 -0.90495134
v 1.50827942 -0.07765006 -0.90185500
v 1.42333398 0.61728947 0.14806148
v 1.50005601 0.54506545 -0.90188093
v 1.42108725 1.30484049 0.07101151
v 1.49937532 1.90688245 0.03339929
v 1.49136243 -1.13182171 -0.89810134
v 1.41789542 -0.63102847 0.07141022
v 1.46103666 -0.45457085 -0.89800681
v 1.46366082 0.55424909 0.16771264
v 1.51000963 1.13692646 -0.89785684
v 1.52224026 -1.99560423 0.40578528
v 1.46610008 -1.35543962 0.13610833
v 1.43640647 0.58666925 0.15232987
v 1.50093399 0.93198971 -0.90183408
v 1.48857472 0.95112078 0.04879872
v 1.53885339 -2.00230082 0.15734099
v 1.46904800 -1.98073025 -0.89377404
v 1.55603717 -1.99809225 -0.30660195
v 1.57031749 -1.58791526 -0.89799810
v 1.47070895 -0.69424485 0.09293274
v 1.52907525 1.40330236 -0.89799012
v 1.57033334 2.00211947 -0.15992079
v 1.48674391 -1.43884315 0.28263979
v 1.55193232 -1.36268385 -0.89798243
v 1.49358521 -1.25072147 0.06240056
v 1.51253770 -0.49623838 -0.90194131
v 1.51312600 -0.55297121 0.27753209
v 1.46834932 -0.52458486 0.27247631
v 1.46087776 1.15249507 0.03908801
v 1.60148571 1.27659564 0.11509888
v 1.46941815 -1.49455841 0.36314415
v 1.49782072 -1.19145627 0.05670492
v 1.46064506 -0.83182232 0.00957520
v 1.54312513 -0.74400605 -0.90192253
v 1.63214956 0.19328408 0.22337183
v 1.52809737 0.38624345 0.19228024
v 1.55870877 0.74460141 -0.89805520
v 1.57480846 0.76688246 -0.90195955
v 1.51103232 1.99782483 -0.79749955
v 1.65305160 -1.84745844 0.43073859
v 1.57084868 -1.58114930 0.39558931
v 1.50660096 0.82278399 0.10741532
v 1.52120958 1.15200047 0.11133884
v 1.59756325 1.61999623 -0.89809663
v 1.62986968 1.75273363 0.06731126
v 1.59968124 1.99823277 -0.47440813
v 1.53136859 -1.87999876 0.41945159
v 1.52008484 -1.45526041 0.35720258
v 1.51736425 -1.39569827 0.23186044
v 1.48353825 -1.06381168 -0.01191265
v 1.58418451 0.19873158 -0.89803124
v 1.52085457 0.69484667 0.15398968
v 1.68415938 1.15912287 -0.90168203
v 1.54550145 1.30865984 0.09841131
v 1.49018298 -1.99577971 0.42274614
v 1.50398956 -0.91177602 0.01103507
v 1.54586659 -0.74335350 0.13476095
v 1.59841095 0.23827748 -0.90193100
v 1.51274810 0.97651391 0.07994550
v 1.59269355 1.67643063 -0.90206850
v 1.68962870 1.99720542 -0.04560369
v 1.65348766 -1.83269413 -0.90286613
v 1.62029658 -1.42534430 0.39057680
v 1.63622294 -1.34752520 -0.90187241
v 1.62565182 -0.88175835 -0.89803702
v 1.51695726 -0.62789314 0.22115562
v 1.59671495 -0.07010369 0.24461850
v 1.62317799 0.07089041 0.23831225
v 1.63210915 -1.99706741 -0.78028388
v 1.62591277 -1.99824138 -0.55157859
v 1.72177384 -1.44651462 0.40005457
v 1.56501542 -1.01731695 0.10291495
v 1.54231773 -0.84271805 0.10234813
v 1.58224855 -0.74511938 0.22226345
v 1.71107088 -0.22296028 -0.90198679
v 1.70197187 0.55547838 0.19792478
v 1.58065532 1.57119767 0.07826975
v 1.65141044 2.00209205 -0.61164434
v 1.60684143 -2.00352784 0.41644894
v 1.62417577 -0.61736433 -0.89811964
v 1.68497620 -0.40476038 0.29198136
v 1.63145934 -0.26316168 0.27334317
v 1.53553484 0.74831526 0.15631089
v 1.68317733 1.00896470 -0.89796627
v 1.69270371 1.84529941 -0.89838553
v 1.61912606 1.99652092 -0.86924613
v 1.65362106 1.99680416 -0.89865667
v 1.82187341 -1.62830170 0.43856605
v 1.59574602 -1.32311531 0.36261886
v 1.62048278 -0.99211677 0.17128291
v 1.60668574 -0.69638698 0.31017928
v 1.65985022 -0.52518521 0.30443432
v 1.56119071 1.08819835 0.11989631
v 1.65893386 1.84339158 0.06705434
v 1.68236278 1.97462670 0.05817827
v 1.60236130 -1.98207052 0.44024848
v 1.62587617 -1.85271354 -0.89841903
v 1.61318050 -1.61175855 -0.90197183
v 1.63077770 -1.21177866 0.26816782
v 1.62286745 -1.17423828 0.25169726
v 1.67423890 -0.96752139 -0.90195019
v 1.69539462 -0.42180737 -0.89827872
v 1.66621445 0.62094132 0.18971091
v 1.72669421 0.01003261 -0.89797700
v 1.73383818 0.81911687 0.18093229
v 1.57355164 0.88352768 0.14435121
v 1.56994567 0.92319600 0.14386462
v 1.75458334 -2.00214513 -0.11536893
v 1.62861047 -1.96386393 -0.90594626
v 1.73375533 -1.99835666 0.20142675
v 1.78274105 -1.14993663 -0.90253127
v 1.81262670 -1.18350579 -0.89827425
v 1.64996229 -0.93900542 0.26763254
v 1.78047035 -0.39179715 -0.90226484
v 1.77303920 0.56126885 -0.90205730
v 1.74120663 0.74992697 0.18438951
v 1.75466226 1.06599216 0.15894208
v 1.78149067 2.00250237 -0.37329842
v 1.67635403 -2.00033315 -0.89285684
v 1.72006116 -1.98362751 -0.89243598
v 1.75791691 -0.65916701 -0.90209771
v 1.66594849 -0.21108779 -0.89806844
v 1.73012839 0.23879979 0.23779722
v 1.73666595 1.08549695 0.15010308
v 1.73254881 1.46261053 0.11226439
v 1.64605139 1.98521463 0.04499981
v 1.63050995 -1.99751337 0.44290005
v 1.83478842 -1.99781604 -0.07942445
v 1.64181791 -0.74438416 0.31612169
v 1.83045850 1.78703825 0.09410842
v 1.70584808 1.91475932 -0.90260638
v 1.69451640 2.00014011 0.05119569
v 1.66842173 -1.20734395 0.37398248
v 1.76391993 0.03661848 -0.90184379
v 1.72393940 0.46990697 -0.89809067
v 1.83683394 1.39217286 0.13993478
v 1.87069939 2.00464313 -0.04427803
v 1.74979971 -1.94832488 0.45960616
v 1.67698381 -1.19306030 0.36305489
v 1.73410330 -0.78351693 0.33656713
v 1.84596799 -0.28305027 0.30773594
v 1.83949159 0.42602454 0.23605419
v 1.85653756 1.37442164 -0.89755250
v 1.79330216 1.52487449 -0.90349133
v 1.82923697 1.65064494 0.11185661
v 1.87518309 -2.00294621 -0.39474250
v 1.81646512 -2.00209482 0.19618923
v 1.84812258 -1.63046678 -0.90257646
v 1.68034206 -1.01687779 0.34726500
v 1.73775456 -0.76152136 0.33972167
v 1.78945492 1.99495141 -0.86740042
v 1.82976482 1.99880926 -0.24719643
v 1.76445792 0.05203168 0.25758602
v 1.84403477 0.78213088 -0.89840616
v 1.82424448 0.90119283 -0.90305329
v 1.76755975 1.99857990 -0.65972198
v 1.74578510 -2.00157841 0.44472580
v 1.84686146 -1.85423227 -0.89913715
v 1.75988303 -1.08872165 0.37548762
v 1.68590389 -0.94684063 0.33605536
v 1.87572167 -2.00319286 -0.80661560
v 1.87352977 -0.08294286 0.28756788
v 1.85052214 0.29954491 -0.90239263
v 1.84992705 -1.94239147 -0.90441287
v 1.86176704 -1.99907263 -0.75670267
v 1.84776149 -1.11776282 0.38663640
v 1.82740996 -0.80305942 -0.89841021
v 1.87056349 -0.27628650 -0.89821059
v 1.83399950 1.97907679 0.07356992
v 1.86199449 -1.99894996 -0.44059549
v 1.84927629 -1.99635251 0.45906072
v 1.88206432 -1.53945799 -0.89802719
v 1.92061172 -0.86723970 0.37324693
v 1.90630470 -1.99802764 -0.89819277
v 1.87792562 1.99816863 -0.89903546
v 1.79468487 2.00144259 0.06514625
v 1.89464138 2.00454204 -0.75454677
v 1.86808477 -1.99978800 0.47794499
v 1.85673044 -0.84736760 -0.90234871
v 1.90895377 -0.59015797 -0.89773835
v 1.86741314 -0.59039273 0.34225675
v 1.88911400 0.23475443 -0.89700825
v 1.91379057 1.80578033 -0.90352620
v 1.89215086 -1.85719212 0.46773859
v 1.91292439 -1.15863444 0.40408071
v 1.89439521 0.29038636 0.25395530
v 1.86425744 -1.92988034 0.47540199
v 1.91084836 -1.40378852 -0.90306968
v 1.91297672 -0.00866832 0.29020711
v 1.91763697 1.24206011 -0.90510852
v 1.89018283 1.27571849 0.15307600
v 1.88863001 1.65873448 -0.89986957
v 1.91030977 1.99763815 -0.83086825
v 1.91387032 -0.87420808 0.37715214
v 1.90920029 -0.56393352 0.34103852
v 1.92430113 -0.31672438 0.31714194
v 1.90800462 0.49773554 -0.89851529
v 1.89057503 1.84114377 0.10387308
v 1.94672845 -0.11115153 -0.90603364
v 1.92682288 0.97474126 0.18945806
v 1.91723309 0.98365371 0.19362009
v 1.93950234 1.98965566 0.09613983
v 1.93943177 -1.52526970 0.44052567
v 1.93053828 -0.05229856 -0.89606787
v 1.91044412 0.69240670 0.22379986
v 1.93509481 1.88174002 -0.89682705
v 1.92461119 1.99933617 -0.54670823
v 1.92355261 -2.00643785 0.43574133
v 1.92459093 -0.58795799 -0.90612389
v 1.94596718 0.20185827 0.27471249
v 1.93654905 0.67938356 -0.90461613
v 1.91880892 1.04830830 -0.89952941
v 1.95700930 -1.99188574 -0.88642717
v 1.98538313 -1.99191447 -0.24038275
v 1.92662368 1.50646059 0.13739886
v 1.91743062 1.99281852 0.03404921
v 1.95415698 2.00335066 -0.46888889
v 1.92940651 0.55186884 0.23155736
v 1.94892989 0.14435004 -0.90363003
v 1.98080919 0.95821802 -0.90188856
v 1.99383555 -1.98159190 0.17422549
v 1.97477887 -1.03160401 -0.89605416
v 1.96561812 -0.79521005 -0.89766724
v 1.98319362 -0.43633034 -0.88626523
v 1.96322368 0.45590184 -0.90321452
v 1.98308526 0.64846472 -0.89258117
v 1.96515046 1.21165173 0.17801619
v 1.95996664 1.59319346 -0.90414829
v 1.99572406 -2.00039597 -0.04664865
v 1.97480617 -1.99661441 -0.38830430
v 1.97123466 -1.40413077 0.43922644
v 1.97500942 -0.96737732 -0.90293772
v 1.97283719 -0.25428930 -0.89306999
v 1.98100768 -0.19662209 0.31905746
v 1.97658597 1.28529183 -0.89580948
v 1.98333858 1.49665670 0.15067627
v 1.98411928 1.69558351 0.13048655
v 1.95686362 1.97687952 0.08936133
v 1.98055122 1.99554245 -0.27272377
v 1.98499368 -1.99488814 0.34431928
v 1.98189865 -1.91699596 -0.89423234
v 1.99224053 -1.56617125 0.45553835
v 1.98650108 -1.71106871 0.46217938
v 1.99429248 -1.26485725 0.40817105
v 1.98034881 -1.29331376 -0.89585853
v 1.98241375 -1.14179422 -0.89990593
v 1.99652896 -0.90575357 0.37045585
v 1.98743723 -0.68212387 0.35759955
v 1.98712919 0.08008633 0.28245246
v 1.98550544 0.28771429 0.27036946
v 1.98380552 0.37378000 0.25164892
v 1.98462306 0.52955560 0.24869557
v 1.97915004 0.74306075 0.21654259
v 1.97920034 0.98235325 -0.89341892
v 1.99406348 1.11182885 0.16937866
v 1.99428175 1.34414236 -0.89862556
v 1.98320435 1.50119988 0.13923745
v 1.98221098 1.60381095 -0.89326532
v 1.98397945 1.84957830 0.10526661
v 1.98496137 1.99125473 -0.87308128
v 1.97659848 2.00297706 -0.22174675
v 1.98502956 -2.00312038 0.14322088
v 1.98367606 -1.99627812 -0.79741658
v 1.97765062 -1.99685271 -0.66246445
v 1.98292182 -1.99490126 -0.50599439
v 1.99371574 -1.98788996 -0.01721349
v 1.99292634 -1.96593030 0.46861600
v 1.99284695 -1.88042696 -0.90151043
v 1.99042056 -1.78716214 0.47869908
v 1.99368535 -1.66170783 -0.88186897
v 1.99362073 -1.57731159 -0.89920391
v 1.99605797 -0.81425922 -0.90100116
v 1.99052308 -0.43618251 0.32853543
v 1.99613569 -0.34252396 -0.90250481
v 1.99359081 -0.16007541 0.29227527
v 1.99489735 0.02736635 -0.87583543
v 1.99580691 0.29782961 -0.87713141
v 1.99355684 0.57211535 0.21250012
v 1.99304853 0.88634615 0.20990056
v 1.98607395 0.90712409 0.19853475
v 1.99237488 1.04966538 0.19379992
v 1.99503122 1.89669053 -0.87734825
v 1.99509893 1.98372547 -0.72607804
v 1.99297581 -1.99955984 -0.88901556
v 1.99618004 -2.00024887 -0.70706064
v 1.99520348 -2.00005813 0.36042385
v 1.99894450 -1.96582468 0.48788499
v 1.99281989 -1.98515566 -0.72710461
v 1.99463866 -1.98005588 -0.65500254
v 1.99397824 -1.98382016 -0.57767350
v 1.99532698 -1.98089273 -0.41925255
v 1.99380456 -1.96953233 -0.81055189
v 1.99660383 -1.96628399 -0.51171167
v 1.99752961 -1.94880505 -0.33996261
v 1.99876378 -1.82090862 -0.05048356
v 1.99873052 -1.73788352 -0.78019083
v 1.99868868 -1.79286499 -0.60758955
v 1.99802087 -1.75983139 -0.39684076
v 1.99804817 -1.90152116 -0.19373223
v 1.99928663 -1.87229963 0.25516882
v 1.99686215 -1.79348512 0.41620373
v 1.99831436 -1.55942972 0.23518047
v 1.99781702 -1.53153165 -0.18223851
v 1.99808477 -1.55202527 -0.59371884
v 1.99789641 -1.35314359 -0.47746784
v 1.99680279 -1.34578033 -0.89952571
v 1.99721239 -1.35890468 -0.81774057
v 1.99921547 -1.21732928 0.26489215
v 1.99799226 -1.08576609 -0.33333907
v 1.99818872 -1.23494484 -0.04807866
v 1.99811087 -1.09945883 -0.71844543
v 1.99866472 -1.26290770 0.42016112
v 1.99804841 -0.91183500 0.09975429
v 1.99810241 -0.97564186 -0.10661490
v 1.99534641 -0.93365173 -0.88466490
v 1.99826036 -0.81268905 -0.69527847
v 1.99815057 -0.80935736 -0.31131048
v 1.99813650 -0.67514086 0.20478471
v 1.99294077 -0.87333314 0.38467922
v 1.99446295 -0.69709462 -0.88443644
v 1.99340818 -0.75319396 0.37454199
v 1.99809907 -0.68602047 -0.47630642
v 1.99791060 -0.59071207 -0.15041600
v 1.99268125 -0.65813328 0.36514013
v 1.99580560 -0.63887005 -0.89992858
v 1.99794386 -0.48971864 -0.46670298
v 1.99823592 -0.41250547 0.06064796
v 1.99106930 -0.56645817 0.35636630
v 1.99867795 -0.45615347 0.24102177
v 1.99677358 -0.44550579 -0.78652538
v 2.00174366 -0.44826531 -0.88497032
v 1.98870836 -0.40534799 0.34131362
v 1.99799905 -0.32159129 -0.10815206
v 1.99807022 -0.30469270 -0.48677255
v 1.99864290 -0.21557173 0.20535282
v 1.99638436 -0.21198900 -0.79228873
v 1.99804972 -0.19610359 -0.23610198
v 1.99809835 -0.12650783 -0.53095497
v 1.99811135 0.00110970 -0.01613438
v 1.99867092 0.05746417 -0.75188197
v 1.99798248 0.10217313 -0.28301618
v 1.99183963 -0.09449329 0.30931108
v 1.99731551 0.04534779 0.23261808
v 1.99821911 0.09048705 -0.49996913
v 1.99830566 0.08734093 -0.89518542
v 1.98316203 0.07851241 0.29218825
v 1.99734936 0.18274455 0.20055505
v 1.99770258 0.33473800 0.10795925
v 1.99855302 0.31455521 -0.67041857
v 1.99810920 0.42733399 -0.47879566
v 1.99795662 0.39366768 -0.10435099
v 1.99798558 0.45776079 -0.26067791
v 1.99786983 0.60748534 -0.78500313
v 1.99803994 0.69223539 -0.48301918
v 1.99670826 0.72304503 0.13967765
v 1.99816118 0.72868781 -0.18404571
v 1.99766598 0.83996563 -0.76614816
v 1.99964927 0.67294566 0.22581801
v 2.00030957 0.83767383 -0.89324475
v 1.99802099 0.92322640 -0.52273352
v 1.99656914 0.96802585 0.04089308
v 1.99815581 1.06592230 -0.24701581
v 1.99789880 1.09273080 -0.67504604
v 1.99393032 1.21572642 -0.85593630
v 1.99853275 1.22613124 0.03658869
v 1.99567221 1.10260396 -0.90227116
v 1.99795244 1.28345673 -0.36391951
v 1.99856995 1.15499155 0.17222918
v 1.99826823 1.35717241 -0.69165880
v 1.99697481 1.46174840 0.03277851
v 1.99830423 1.58230440 -0.46599708
v 1.99805103 1.60487549 -0.19642400
v 1.99850343 1.71143477 -0.76266832
v 1.99762748 1.77838556 -0.00451759
v 1.99788950 1.86235730 -0.42306198
v 1.99927400 1.85657017 0.10932017
v 1.99329959 1.97412626 0.04932866
v 1.99705265 1.99790685 -0.60903657
v 1.99752460 -1.99957998 -0.34249369
v 2.00290404 -1.99182303 0.21996338
v 1.99513326 -1.67163809 -0.90188743
v 1.99828945 -1.11645557 0.40551465
v 1.99908517 -1.03041478 -0.89551468
v 1.99720071 -0.97025980 0.39457726
v 1.99738179 -0.27780908 0.32628225
v 2.00237547 -0.13486420 -0.88004310
v 2.00118588 -0.06014891 0.29198151
v 2.00043331 0.15016650 0.28046604
v 1.99765430 0.28065137 -0.89773018
v 2.00109003 0.40523015 -0.88888658
v 1.99917124 0.57169489 -0.89367444
v 1.99626098 1.34965066 0.16324202
v 2.00029550 1.47855000 -0.89449746
v 1.99892817 1.62291376 -0.89524204
v 1.99679111 1.88269608 -0.89883239
v 1.99814580 1.99940888 -0.89264620
v 2.00037990 1.99753682 -0.78485829
v 2.00064669 1.99125258 -0.43259455
v 1.99948273 1.99615876 -0.30692775
v 2.00009046 1.99482004 -0.21362499
v 1.99789165 1.99972646 -0.05683817
v 1.99997590 2.00153176 0.07200884
v 2.00416825 -1.89625867 -0.86966355
v 2.00370489 -1.93119629 -0.60284937
v 2.00379489 -1.95147915 -0.25830642
v 2.00322340 -1.90708931 -0.01122761
v 2.00282429 -1.79756518 0.19085467
v 2.00461886 -1.82987960 0.42087089
v 2.00194977 -1.77215560 -0.35840584
v 2.00202153 -1.61907621 -0.58378751
v 2.00184749 -1.59378345 -0.10515742
v 2.00189756 -1.76914247 -0.88994271
v 2.00269137 -1.72268422 -0.80563528
v 2.00256548 -1.56576319 0.38206523
v 2.00321732 -1.71842344 -0.89183641
v 2.00195072 -1.68684228 -0.89578367
v 2.00446890 -1.47910829 -0.80413521
v 2.00470350 -1.64418264 -0.87573195
v 2.00206719 -1.54630216 0.16681612
v 2.00170217 -1.39452388 -0.34568299
v 2.00177179 -1.29312809 -0.62365801
v 2.00242649 -1.35829027 0.06211142
v 2.00330375 -1.25510623 0.30934333
v 2.00199268 -1.21501900 -0.12031543
v 2.00211499 -1.16162463 -0.82056338
v 2.00232838 -1.11722447 0.09558094
v 2.00191019 -1.05371525 -0.46274606
v 2.00195728 -1.00718255 -0.28360362
v 2.00212799 -0.94915493 -0.70202483
v 2.00207816 -0.92524116 0.23469343
v 2.00199483 -0.97404815 -0.02366510
v 2.00393735 -1.04126699 0.36399209
v 2.00317584 -0.96612300 0.37358575
v 2.00223373 -0.92199774 -0.89389665
v 2.00210391 -0.78039067 -0.45117418
v 2.00270901 -0.79217790 0.34723057
v 2.00393985 -0.80076210 -0.85074348
v 2.00195251 -0.75651376 -0.22032540
v 2.00185321 -0.77886056 0.05337926
v 2.00202678 -0.71648924 -0.72424067
v 2.00214468 -0.65183337 0.24353968
v 2.00293086 -0.55418249 -0.82759721
v 2.00185929 -0.63263188 -0.04401080
v 2.00183485 -0.58941327 -0.30390296
v 2.00174580 -0.54613530 -0.65208746
v 2.00187455 -0.51753464 -0.48529107
v 2.00306736 -0.56286632 0.31709426
v 2.00216506 -0.44264643 0.08071231
v 2.00186811 -0.38142867 -0.17864499
v 2.00301264 -0.31732056 -0.71110810
v 2.00354121 -0.36575951 0.29759990
v 2.00195251 -0.18509789 -0.54512370
v 2.00192855 -0.32108142 -0.34072784
v 2.00209127 -0.18558021 0.03555099
v 2.00350843 -0.24673398 0.30318173
v 2.00254832 -0.11793472 0.20855079
v 2.00194476 -0.10727389 -0.34275485
v 2.00241969 -0.05153091 -0.76781345
v 1.99980364 -0.14480968 0.31129675
v 2.00190459 0.02544875 -0.18889783
v 2.00211857 0.07698785 0.11333293
v 2.00232349 0.10867713 -0.62757493
v 2.00345324 0.15580754 -0.85707051
v 2.00191722 0.14228485 -0.35984547
v 2.00187562 0.27147208 0.05835592
v 2.00186215 0.28856687 -0.24258032
v 2.00218843 0.31807081 -0.56922669
v 2.00341282 0.30831735 0.23442443
v 2.00306414 0.29456417 -0.83687414
v 2.00183390 0.44155048 -0.09190118
v 2.00229214 0.48663901 -0.81347901
v 2.00190316 0.49826567 -0.33022768
v 2.00040613 0.41958813 0.25227880
v 2.00188528 0.57530109 -0.54862834
v 2.00263904 0.49599312 0.22368223
v 2.00172446 0.61192493 0.05170172
v 2.00214539 0.67674677 -0.75676746
v 2.00201903 0.69163708 -0.29430015
v 2.00184033 0.80356471 -0.58027352
v 2.00348602 0.89725236 0.00399985
v 2.00451599 0.78517060 0.14415098
v 2.00290702 1.00561921 -0.83004917
v 2.00197731 0.90801661 -0.27858416
v 2.00178729 1.04375951 -0.67364080
v 2.00191746 1.05943493 -0.46383474
v 2.00211249 1.19210653 -0.14437582
v 2.00405465 1.01991682 0.15744995
v 2.00233863 1.25594143 0.04582042
v 2.00186167 1.26007859 -0.53735925
v 2.00185726 1.30013220 -0.31534768
v 2.00225590 1.33414905 -0.76413668
v 2.00172864 1.55983679 -0.13203445
v 2.00208662 1.52061955 -0.43575395
v 2.00336228 1.59853665 0.08393966
v 2.00224338 1.60415856 -0.74480439
v 2.00199626 1.82167284 -0.34989507
v 2.00214301 1.87448589 -0.05576582
v 2.00314389 1.86225574 -0.60467417
v 2.00305758 1.84891526 -0.82908190
v 2.00270496 1.91395943 -0.21603701
v 2.00173007 1.99321286 -0.14581020
f 691 587 546
f 1865 1864 1867
f 1119 1186 1221
f 1437 1456 1334
f 612 551 578
f 1745 1742 1717
f 1909 1905 1904
f 359 242 264
f 485 418 350
f 1547 1584 1414
f 389 322 291
f 1051 1017 990
f 1739 1660 1738
f 1691 1735 1827
f 1461 1389 1409
f 1492 1623 1463
f 694 660 597
f 846 754 796
f 192 188 193
f 1689 1597 1688
f 21 19 20
f 982 926 1045
f 768 684 730
f 1502 1403 1379
f 1405 1396 1309
f 640 618 545
f 1449 1508 1379
f 1341 1222 1339
f 926 916 966
f 1347 1177 1204
f 1764 1694 1875
f 448 483 531
f 1000 957 963
f 834 708 743
f 1739 1738 1860
f 658 615 454
f 1168 1132 1096
f 988 833 947
f 82 12 17
f 746 651 723
f 1701 1727 1614
f 1885 1884 1882
f 317 224 309
f 1756 1749 1750
f 1194 1116 1038
f 1468 1398 1297
f 578 469 568
f 1672 1607 1642
f 420 345 308
f 24 84 17
f 1835 1698 1684
f 609 526 633
f 1443 1383 1248
f 215 182 186
f 622 564 501
f 120 113 118
f 1448 1378 1441
f 761 681 745
f 1925 1704 1702
f 1408 1357 1208
f 1476 1331 1471
f 710 670 598
f 1833 1720 1600
f 705 629 656
f 832 666 804
f 1026 977 836
f 1733 1653 1731
f 984 856 872
f 515 473 459
f 376 315 300
f 1771 1836 1888
f 1657 1555 1594
f 437 405 353
f 1761 1757 1755
f 1198 1146 1122
f 1425 1229 1365
f 933 989 866
f 298 277 254
f 394 377 436
f 1840 1839 1913
f 441 367 432
f 365 296 390
f 1223 1212 1135
f 1499 1507 1548
f 908 834 900
f 673 632 721
f 880 838 778
f 1710 1644 1595
f 1634 1556 1656
f 202 18 81
f 1810 1731 1657
f 547 515 423
f 322 245 274
f 1238 1237 1034
f 1547 1372 1546
f 1434 1287 1370
f 325 341 381
f 916 914 966
f 616 496 532
f 276 220 235
f 572 494 481
f 482 426 370
f 788 698 740
f 1229 1111 1196
f 1385 1303 1444
f 1406 1388 1291
f 931 848 919
f 1673 1580 1562
f 89 148 40
f 1721 1739 1860
f 1904 1910 1914
f 533 522 583
f 197 236 106
f 735 740 724
f 256 189 269
f 1442 1509 1459
f 1191 1067 1078
f 519 489 406
f 1077 1086 924
f 1269 1259 1325
f 1166 1244 1095
f 1934 1672 1818
f 1184 1179 1247
f 297 237 276
f 1449 1379 1381
f 637 594 650
f 1889 1881 1886
f 1196 1120 1175
f 543 490 471
f 1087 1025 1149
f 1479 1509 1442
f 1248 1253 1221
f 1008 930 1000
f 1180 1018 1072
f 53 55 51
f 1206 1148 1222
f 1253 1290 1173
f 561 498 636
f 488 435 527
f 1680 1708 1596
f 1584 1589 1474
f 1531 1468 1599
f 775 695 756
f 1815 1706 1809
f 406 346 285
f 176 171 177
f 1943 1818 1708
f 935 994 886
f 401 375 363
f 879 766 792
f 1530 1415 1367
f 1305 1252 1061
f 510 481 474
f 1916 1914 1919
f 735 724 605
f 758 687 672
f 1882 1878 1883
f 896 735 813
f 762 669 668
f 356 276 235
f 1119 1062 1017
f 1895 1891 1890
f 1392 1246 1331
f 338 284 278
f 173 94 278
f 557 595 502
f 1415 1539 1366
f 417 339 338
f 441 432 484
f 929 928 896
f 336 313 279
f 1934 1811 1672
f 213 172 176
f 836 825 732
f 1853 1713 1589
f 948 981 947
f 1185 1149 1093
f 993 992 928
f 848 731 790
f 650 594 590
f 307 357 408
f 751 750 820
f 1847 1635 1627
f 578 500 469
f 1859 1832 1858
f 1653 1569 1557
f 575 513 504
f 1278 1240 1171
f 1134 1047 1045
f 710 598 609
f 1344 1259 1255
f 554 509 563
f 165 91 49
f 1043 1035 1123
f 1731 1653 1557
f 1109 1008 1000
f 1002 877 944
f 408 297 429
f 564 454 386
f 900 743 889
f 1640 1600 1516
f 247 208 224
f 1075 935 1015
f 494 412 481
f 1236 1158 1101
f 200 114 199
f 1782 1676 1772
f 1713 1570 1589
f 477 450 352
f 1293 1234 1194
f 1628 1589 1584
f 1549 1439 1469
f 1578 1438 1513
f 1339 1337 1431
f 1549 1469 1572
f 135 129 132
f 953 850 1009
f 1582 1667 1577
f 893 803 738
f 861 852 938
f 90 42 88
f 913 901 907
f 964 777 888
f 669 591 617
f 10 12 9
f 333 374 197
f 437 331 405
f 928 992 918
f 724 610 605
f 168 169 171
f 1651 1527 1586
f 43 37 39
f 1198 1216 1146
f 1681 1560 1598
f 1591 1500 1551
f 405 301 353
f 1509 1508 1449
f 226 179 97
f 366 392 216
f 1679 1569 1653
f 665 549 615
f 1511 1410 1494
f 1454 1405 1389
f 1348 1276 1289
f 829 790 770
f 933 866 839
f 1901 1895 1896
f 236 281 219
f 1281 1186 1163
f 1475 1552 1464
f 295 282 232
f 597 487 566
f 1389 1363 1286
f 915 889 890
f 1602 1611 1646
f 1930 1926 1931
f 1482 1422 1495
f 1354 1397 1304
f 246 222 203
f 725 619 715
f 143 135 137
f 1312 1286 1233
f 1295 1174 1244
f 815 875 756
f 796 718 703
f 1214 1129 1089
f 648 472 630
f 1219 1192 1062
f 456 400 399
f 35 38 34
f 528 458 559
f 1557 1535 1555
f 666 637 742
f 108 104 103
f 1842 1921 1841
f 656 568 606
f 1155 1087 1193
f 903 797 846
f 1263 1138 1144
f 1372 1262 1326
f 1483 1362 1418
f 1202 1137 1026
f 1304 1397 1270
f 1795 1787 1727
f 268 90 249
f 1878 1874 1876
f 1186 1115 1163
f 1828 1689 1946
f 499 455 533
f 1723 1600 1640
f 1583 1635 1512
f 413 461 389
f 1334 1371 1228
f 1593 1544 1633
f 1633 1544 1602
f 1862 1856 1865
f 1477 1419 1420
f 248 102 77
f 1237 1133 1041
f 1432 1290 1253
f 897 868 978
f 1495 1511 1559
f 1749 1748 1741
f 1923 1921 1842
f 587 442 546
f 1566 1573 1478
f 79 1 9
f 510 474 525
f 1352 1267 1234
f 217 214 251
f 1125 1092 973
f 1693 1610 1665
f 1529 1437 1497
f 1140 1170 1068
f 1906 1900 1901
f 1629 1530 1570
f 1800 1799 1703
f 1763 1674 1759
f 1280 1153 1279
f 722 637 650
f 936 830 931
f 1220 1337 1339
f 1746 1750 1743
f 844 812 749
f 1228 1261 1156
f 792 729 808
f 157 156 162
f 1092 1079 989
f 421 403 433
f 243 209 211
f 1106 1008 1109
f 141 147 149
f 201 240 116
f 1469 1327 1328
f 1370 1268 1387
f 1627 1539 1415
f 1341 1339 1404
f 1945 1942 1941
f 534 525 465
f 652 638 574
f 419 368 320
f 243 239 285
f 1048 871 952
f 1844 1679 1820
f 1616 1514 1600
f 853 785 759
f 1284 1257 1332
f 1141 1078 1079
f 1699 1760 1696
f 627 575 655
f 998 1060 962
f 1578 1457 1438
f 1709 1667 1582
f 1742 1716 1717
f 269 286 340
f 1904 1902 1910
f 1791 1789 1785
f 701 659 634
f 584 675 550
f 1688 1844 1946
f 136 138 142
f 1548 1507 1531
f 362 272 398
f 1445 1406 1281
f 612 629 705
f 1540 1639 1721
f 1733 1939 1820
f 1069 996 1097
f 757 716 823
f 744 648 630
f 1371 1411 1324
f 1316 1242 1302
f 1220 1148 1118
f 22 17 19
f 154 155 156
f 227 191 229
f 1667 1643 1577
f 1536 1434 1489
f 842 815 758
f 1740 1715 1716
f 982 1045 1047
f 1555 1461 1488
f 866 747 839
f 535 511 446
f 768 730 691
f 1478 1486 1395
f 22 24 17
f 468 395 384
f 1410 1396 1494
f 1246 1245 1331
f 581 529 632
f 1004 980 938
f 1120 1053 1175
f 1022 913 1021
f 970 945 954
f 1343 1308 1254
f 649 614 729
f 607 657 579
f 425 385 322
f 64 65 58
f 1306 1245 1177
f 626 497 588
f 1364 1343 1250
f 434 359 421
f 353 316 394
f 926 844 916
f 1565 1552 1601
f 1365 1320 1424
f 1943 1934 1818
f 1763 1759 1757
f 1797 1838 1651
f 512 430 503
f 997 934 1006
f 1506 1437 1529
f 690 640 626
f 59 61 56
f 713 603 627
f 1695 1754 1753
f 598 526 609
f 284 173 278
f 845 702 787
f 504 353 394
f 765 721 688
f 1328 1197 1215
f 1318 1325 1390
f 1594 1488 1575
f 1739 1630 1660
f 233 96 266
f 128 123 121
f 1458 1393 1392
f 1123 1035 1113
f 88 35 86
f 1612 1551 1542
f 1535 1461 1555
f 229 192 228
f 1945 1941 1943
f 339 284 338
f 486 404 358
f 1540 1515 1493
f 1228 1156 1225
f 1840 1913 1920
f 421 375 403
f 1114 1052 1063
f 1116 990 1038
f 456 399 455
f 222 134 130
f 50 44 43
f 1543 1565 1601
f 678 620 677
f 881 862 960
f 1374 1252 1305
f 802 765 688
f 1259 1150 1143
f 545 467 461
f 742 722 772
f 631 472 648
f 1613 1451 1571
f 1174 1084 1085
f 778 706 654
f 163 158 166
f 1285 1162 1192
f 728 771 644
f 1207 1105 1150
f 1798 1641 1839
f 347 289 310
f 1260 1164 1287
f 1078 1013 946
f 1036 949 961
f 1137 1112 977
f 130 124 203
f 1538 1491 1424
f 951 829 841
f 590 552 649
f 1662 1594 1575
f 251 214 225
f 1882 1875 1878
f 1128 1064 1165
f 916 895 914
f 512 478 430
f 587 601 538
f 1895 1890 1896
f 901 811 907
f 1943 1708 1845
f 1061 1203 1297
f 1174 1251 1200
f 229 191 192
f 1191 1078 1141
f 1203 1176 1274
f 314 287 229
f 1105 999 1082
f 507 431 514
f 664 590 649
f 1526 1525 1565
f 1583 1512 1413
f 1046 942 1017
f 1711 1826 1709
f 702 586 711
f 696 681 761
f 1884 1875 1882
f 1444 1460 1574
f 13 17 12
f 1185 1093 1184
f 1003 936 1016
f 1408 1307 1377
f 670 536 598
f 1249 1291 1388
f 1390 1325 1410
f 1323 1361 1264
f 1926 1919 1923
f 1622 1617 1522
f 1860 1832 1859
f 797 713 754
f 1931 1934 1936
f 1235 1109 1260
f 1367 1321 1272
f 977 1031 825
f 763 677 720
f 1920 1913 1917
f 293 304 95
f 585 537 536
f 896 847 735
f 1258 1314 1241
f 1155 1059 1087
f 50 49 44
f 1445 1281 1352
f 929 896 821
f 1397 1437 1270
f 1324 1293 1261
f 703 641 661
f 1059 991 1087
f 1545 1467 1481
f 1422 1390 1495
f 1512 1391 1413
f 1519 1443 1386
f 1611 1585 1515
f 1726 1661 1566
f 1192 1162 1147
f 1685 1620 1676
f 1768 1767 1763
f 1552 1484 1464
f 1902 1897 1894
f 1631 1563 1553
f 1732 1705 1652
f 1715 1665 1617
f 1081 974 1036
f 261 93 95
f 1154 1135 1212
f 423 342 407
f 186 180 191
f 1737 1613 1736
f 597 557 487
f 1799 1800 1791
f 910 1023 948
f 1082 922 1071
f 265 213 181
f 1241 1141 1092
f 29 30 26
f 343 280 332
f 767 658 700
f 1645 1603 1712
f 1503 1385 1556
f 179 63 97
f 1275 1252 1374
f 555 517 499
f 1372 1326 1407
f 899 832 940
f 438 417 469
f 870 787 840
f 803 778 665
f 1156 1083 1110
f 86 31 28
f 99 252 185
f 440 428 529
f 83 23 18
f 13 12 10
f 840 794 854
f 1290 1219 1173
f 1689 1688 1946
f 1928 1922 1930
f 181 182 215
f 1151 1060 1048
f 1534 1404 1433
f 872 791 824
f 475 464 518
f 1840 1662 1798
f 1305 1061 1297
f 1836 1646 1637
f 418 281 350
f 1187 1243 1151
f 1518 1526 1543
f 524 493 473
f 1283 1257 1217
f 220 109 103
f 540 545 461
f 881 800 799
f 1838 1902 1726
f 1683 1637 1540
f 291 322 274
f 636 498 562
f 1068 988 981
f 478 378 430
f 1386 1248 1333
f 1831 1598 1737
f 1573 1486 1478
f 1256 1042 1169
f 707 863 760
f 204 201 123
f 1387 1268 1292
f 403 375 401
f 1694 1683 1540
f 92 48 42
f 1793 1802 1796
f 214 175 225
f 479 372 451
f 129 121 122
f 100 230 73
f 1521 1617 1572
f 406 415 346
f 1836 1885 1888
f 722 650 664
f 221 203 124
f 991 927 956
f 1843 1677 1663
f 1730 1800 1703
f 1096 969 965
f 303 289 347
f 818 749 683
f 1235 1089 1106
f 274 245 139
f 922 943 1071
f 1602 1601 1611
f 1348 1289 1349
f 1639 1590 1630
f 352 376 300
f 1268 1224 1155
f 985 952 873
f 1883 1880 1890
f 312 240 201
f 716 648 744
f 396 325 381
f 1821 1687 1816
f 1270 1181 1304
f 1784 1780 1899
f 328 335 293
f 6 2 3
f 1695 1753 1719
f 777 741 802
f 212 164 210
f 1639 1630 1739
f 37 40 32
f 403 401 466
f 1897 1892 1894
f 7 14 11
f 815 756 687
f 441 484 509
f 1213 1165 1207
f 1265 1190 1205
f 775 789 736
f 1900 1895 1901
f 1160 1117 1183
f 727 678 791
f 348 271 230
f 764 630 755
f 387 312 321
f 924 888 798
f 1696 1523 1618
f 498 471 447
f 635 586 702
f 1302 1280 1394
f 1726 1783 1661
f 1666 1622 1580
f 793 660 694
f 14 7 15
f 1660 1599 1738
f 1691 1668 1604
f 1598 1428 1451
f 494 386 412
f 1040 932 937
f 1592 1479 1533
f 134 131 130
f 248 77 101
f 57 52 55
f 1603 1537 1658
f 153 145 143
f 1354 1157 1282
f 1881 1835 1886
f 1310 1257 1283
f 1411 1293 1324
f 1231 1351 1191
f 152 149 151
f 1100 1071 997
f 76 1 195
f 1217 1139 1152
f 392 490 391
f 1516 1377 1447
f 16 8 81
f 650 590 664
f 75 71 189
f 394 436 539
f 271 194 230
f 1085 985 932
f 682 558 624
f 1851 1850 1669
f 1379 1403 1360
f 94 48 92
f 689 527 639
f 296 303 390
f 1487 1519 1386
f 871 885 774
f 358 246 307
f 943 934 997
f 1488 1461 1409
f 1357 1144 1208
f 1179 1104 1081
f 35 31 86
f 576 482 541
f 1708 1818 1642
f 923 1039 874
f 869 839 734
f 323 249 238
f 159 158 160
f 665 654 549
f 849 775 756
f 1081 1091 1161
f 922 903 846
f 537 434 536
f 964 888 987
f 1172 1171 1240
f 472 491 630
f 1663 1677 1567
f 65 63 58
f 1695 1655 1696
f 542 462 479
f 1383 1432 1253
f 1094 1151 1048
f 1100 997 1052
f 1137 977 1026
f 126 125 127
f 1201 1225 1075
f 1604 1425 1498
f 1911 1794 1686
f 697 600 527
f 800 723 799
f 788 780 739
f 75 72 71
f 168 164 169
f 1537 1424 1335
f 1088 1001 1028
f 926 966 1057
f 1187 1151 1094
f 378 310 327
f 254 82 84
f 26 21 20
f 1889 1886 1724
f 167 211 163
f 1949 1944 1948
f 1497 1582 1577
f 644 471 561
f 304 302 261
f 60 59 53
f 1201 1075 1015
f 78 8 5
f 1413 1391 1295
f 596 443 493
f 1472 1485 1525
f 1924 1918 1919
f 270 228 234
f 1392 1266 1246
f 1880 1879 1887
f 831 830 936
f 372 303 347
f 1107 1030 1009
f 1460 1430 1532
f 1647 1533 1648
f 957 824 864
f 304 261 95
f 1320 1175 1129
f 789 726 736
f 1811 1843 1663
f 466 475 526
f 624 558 556
f 192 180 188
f 7 6 4
f 1300 1178 1240
f 1485 1394 1369
f 728 636 686
f 1893 1882 1891
f 655 641 703
f 1319 1288 1294
f 1091 1036 961
f 244 298 254
f 840 787 794
f 1386 1443 1248
f 1383 1533 1479
f 45 46 39
f 1510 1384 1343
f 1090 1197 1131
f 977 1112 1031
f 295 232 91
f 1420 1349 1350
f 1814 1815 1812
f 1408 1452 1357
f 1869 1865 1870
f 198 197 107
f 865 906 759
f 1846 1845 1680
f 866 865 747
f 590 563 452
f 1778 1768 1774
f 831 653 784
f 1830 1629 1669
f 1159 1091 1043
f 1242 1211 1302
f 1493 1499 1540
f 1147 1162 1098
f 1808 1806 1804
f 293 95 226
f 1761 1763 1757
f 855 902 768
f 869 734 795
f 1773 1771 1888
f 1266 1159 1246
f 36 30 34
f 739 717 618
f 440 329 361
f 1181 1039 1157
f 1692 1673 1562
f 1025 956 975
f 828 719 781
f 1018 995 1072
f 1898 1887 1897
f 1681 1598 1831
f 27 25 21
f 120 118 124
f 1625 1618 1612
f 1850 1950 1830
f 995 919 1001
f 1765 1766 1762
f 1045 1124 1153
f 1284 1230 1257
f 1760 1755 1754
f 1703 1701 1638
f 821 813 676
f 1504 1528 1465
f 596 553 443
f 445 419 298
f 555 518 517
f 439 290 396
f 873 871 789
f 1858 1681 1857
f 547 663 607
f 1414 1372 1547
f 1276 1209 1289
f 462 390 479
f 1084 1094 952
f 51 46 45
f 666 521 637
f 150 152 154
f 207 206 153
f 193 187 190
f 1705 1807 1730
f 1842 1841 1677
f 213 176 181
f 1231 1191 1141
f 173 53 94
f 238 86 242
f 940 832 897
f 1405 1309 1363
f 77 3 101
f 516 529 428
f 1510 1453 1384
f 1631 1684 1563
f 419 463 368
f 621 608 733
f 397 306 305
f 1668 1513 1604
f 1337 1220 1316
f 1731 1557 1657
f 855 768 773
f 52 56 50
f 1136 992 1083
f 646 672 547
f 341 234 311
f 845 787 870
f 1534 1433 1544
f 1475 1440 1362
f 647 573 638
f 1035 921 960
f 1513 1438 1353
f 1620 1574 1554
f 457 358 307
f 1189 1168 1066
f 1044 921 1043
f 7 11 6
f 1524 1448 1484
f 305 269 379
f 1824 1823 1819
f 985 1084 952
f 139 204 133
f 1381 1379 1285
f 653 731 784
f 78 102 231
f 795 734 684
f 1767 1675 1674
f 1457 1397 1438
f 823 744 827
f 1707 1652 1643
f 914 894 913
f 309 224 259
f 1832 1714 1681
f 1101 1016 1049
f 1658 1644 1710
f 1914 1915 1921
f 1593 1534 1544
f 157 162 164
f 264 202 299
f 574 573 510
f 1793 1796 1790
f 1417 1401 1348
f 649 552 614
f 256 75 189
f 533 455 522
f 1776 1888 1899
f 979 965 893
f 1595 1462 1536
f 1027 1021 955
f 610 588 577
f 1208 1144 1086
f 1607 1663 1567
f 818 683 762
f 228 193 190
f 1563 1516 1447
f 1272 1112 1137
f 946 865 866
f 1542 1477 1502
f 1756 1759 1748
f 1943 1936 1934
f 771 679 644
f 1536 1489 1606
f 131 127 130
f 756 657 687
f 1843 1842 1677
f 1892 1889 1894
f 340 286 354
f 1690 1668 1691
f 410 413 334
f 622 700 564
f 14 13 11
f 1872 1862 1873
f 347 378 451
f 1027 899 1056
f 1433 1480 1543
f 1331 1400 1471
f 1647 1592 1533
f 1939 1731 1932
f 832 804 897
f 570 592 662
f 1345 1260 1287
f 154 151 155
f 1588 1482 1569
f 990 942 917
f 1378 1359 1441
f 1594 1662 1702
f 1199 1210 1140
f 1190 1208 1086
f 1288 1180 1195
f 389 291 413
f 1546 1372 1407
f 1102 1050 1004
f 1581 1542 1509
f 581 508 529
f 1641 1593 1686
f 70 74 68
f 1140 1068 981
f 1200 1187 1094
f 184 183 187
f 698 739 642
f 1139 1108 1056
f 1015 935 874
f 1728 1634 1656
f 1093 1025 975
f 1269 1150 1259
f 1493 1418 1358
f 777 729 741
f 1664 1536 1606
f 1716 1715 1617
f 974 845 870
f 1344 1255 1396
f 64 58 61
f 487 502 420
f 785 688 680
f 329 267 361
f 1613 1626 1736
f 729 581 673
f 1204 1197 1327
f 1119 1173 1062
f 1602 1543 1601
f 1076 1120 1196
f 928 918 896
f 1641 1575 1520
f 1315 1247 1232
f 1801 1729 1792
f 762 668 786
f 1193 1087 1149
f 902 884 768
f 1769 1774 1768
f 41 39 36
f 1073 1068 1122
f 1309 1255 1212
f 1153 1124 1178
f 1417 1419 1501
f 1690 1711 1582
f 228 192 193
f 1705 1568 1652
f 300 255 144
f 841 820 892
f 1166 1095 1040
f 813 735 676
f 1188 1049 1018
f 220 103 235
f 1776 1633 1773
f 1542 1508 1509
f 201 115 123
f 218 99 74
f 313 252 99
f 1491 1365 1424
f 1052 1006 1063
f 1554 1532 1632
f 1101 1049 1188
f 1888 1882 1893
f 1823 1821 1819
f 959 879 878
f 502 345 420
f 1081 1036 1091
f 1070 983 962
f 513 437 353
f 1937 1935 1931
f 983 902 855
f 1091 1044 1043
f 1467 1445 1352
f 162 156 208
f 689 639 682
f 1792 1728 1788
f 1576 1545 1506
f 617 533 623
f 1268 1193 1292
f 1163 1115 1051
f 485 548 418
f 1330 1362 1283
f 510 573 481
f 655 575 641
f 308 244 255
f 1786 1782 1778
f 1090 1131 1004
f 1028 999 1064
f 1017 942 990
f 1687 1664 1706
f 1396 1255 1309
f 727 560 678
f 1724 1631 1661
f 1057 1080 1124
f 945 843 954
f 1599 1468 1560
f 445 298 345
f 1777 1889 1724
f 661 585 671
f 363 299 399
f 1337 1316 1431
f 1352 1281 1267
f 1119 1017 1115
f 1650 1546 1597
f 459 473 336
f 1929 1923 1843
f 279 99 218
f 454 549 460
f 883 801 780
f 1527 1566 1478
f 1450 1326 1422
f 302 93 261
f 1829 1826 1711
f 836 977 825
f 1297 1274 1376
f 262 251 296
f 1245 1123 1113
f 726 704 628
f 1914 1910 1915
f 1358 1275 1374
f 908 947 833
f 140 139 133
f 913 907 955
f 574 510 525
f 278 260 331
f 276 237 220
f 1112 1166 1040
f 318 391 265
f 595 675 584
f 199 114 109
f 1560 1428 1598
f 1523 1492 1435
f 602 512 503
f 1463 1368 1237
f 242 85 264
f 245 201 204
f 1694 1866 1875
f 253 234 217
f 921 854 806
f 807 750 797
f 1800 1803 1791
f 686 562 631
f 384 395 302
f 1360 1350 1298
f 431 407 397
f 1419 1348 1349
f 869 933 839
f 723 752 799
f 570 478 592
f 371 331 437
f 1839 1907 1908
f 396 381 472
f 986 877 1002
f 1101 1158 1065
f 1719 1753 1752
f 1193 1149 1185
f 996 914 913
f 827 744 764
f 709 652 659
f 1056 940 1042
f 776 737 645
f 1408 1514 1452
f 1635 1680 1596
f 257 101 76
f 453 350 337
f 716 744 823
f 976 876 972
f 1455 1510 1343
f 619 489 589
f 1737 1598 1613
f 591 526 518
f 899 745 832
f 1110 1029 994
f 1676 1620 1632
f 1431 1472 1518
f 1542 1502 1508
f 336 373 313
f 1675 1619 1674
f 891 927 828
f 1087 991 1025
f 280 231 248
f 349 257 329
f 1279 1178 1300
f 963 927 991
f 1009 850 968
f 1031 1040 937
f 129 126 132
f 1322 1328 1215
f 878 792 808
f 1072 1001 1088
f 1098 1103 1037
f 548 520 355
f 1834 1637 1764
f 835 844 926
f 188 184 187
f 851 837 826
f 543 589 519
f 1464 1402 1440
f 1226 1152 1042
f 1456 1545 1481
f 1500 1417 1501
f 42 45 41
f 1887 1890 1880
f 149 147 146
f 1561 1571 1446
f 563 509 452
f 811 696 810
f 1809 1678 1805
f 870 840 949
f 93 165 49
f 1093 1104 1184
f 197 106 107
f 1694 1860 1866
f 266 96 178
f 559 437 567
f 1162 1299 1218
f 973 933 869
f 1782 1772 1768
f 105 104 108
f 1178 1172 1240
f 613 581 729
f 755 685 727
f 1514 1446 1452
f 592 512 602
f 1272 1321 1112
f 1360 1298 1299
f 779 621 733
f 714 656 606
f 956 891 975
f 1127 1227 1126
f 861 752 779
f 889 748 819
f 1630 1609 1599
f 890 889 819
f 444 448 531
f 1545 1558 1467
f 1156 1136 1083
f 1500 1435 1401
f 1003 836 858
f 1391 1423 1251
f 269 233 286
f 695 643 596
f 1141 1079 1092
f 1647 1625 1592
f 952 871 873
f 792 649 729
f 11 13 10
f 1585 1541 1515
f 102 4 77
f 1261 1136 1156
f 410 334 283
f 1938 1935 1937
f 383 487 420
f 1732 1813 1807
f 867 855 773
f 551 500 578
f 1390 1410 1511
f 683 669 762
f 949 840 854
f 766 649 792
f 628 611 523
f 1924 1919 1926
f 1205 1190 1067
f 1607 1567 1490
f 1719 1692 1623
f 1170 1122 1068
f 1450 1482 1588
f 1067 1077 971
f 794 697 689
f 1719 1752 1692
f 198 112 116
f 763 720 783
f 1311 1240 1278
f 1849 1950 1951
f 1288 1319 1326
f 1116 1051 990
f 271 279 218
f 1759 1722 1748
f 1832 1599 1714
f 46 50 43
f 1424 1320 1335
f 540 461 413
f 1096 1132 969
f 1125 1241 1092
f 1506 1545 1456
f 366 447 392
f 88 42 38
f 450 487 383
f 993 929 967
f 324 206 250
f 1517 1393 1458
f 1730 1703 1670
f 92 42 90
f 460 453 337
f 1486 1380 1395
f 86 28 85
f 1520 1404 1534
f 1523 1500 1591
f 651 616 621
f 1143 1100 1154
f 569 396 472
f 1152 1139 1056
f 137 132 136
f 581 531 508
f 1222 1148 1220
f 847 788 740
f 395 468 370
f 1785 1786 1778
f 1549 1400 1439
f 920 873 775
f 538 477 442
f 275 370 326
f 1145 1138 1263
f 1935 1932 1930
f 925 1037 915
f 542 451 570
f 536 434 476
f 1147 1098 1024
f 1941 1936 1943
f 1451 1428 1263
f 1775 1785 1778
f 1608 1498 1491
f 676 735 605
f 412 382 387
f 1492 1463 1238
f 323 359 436
f 1448 1369 1378
f 362 299 273
f 1405 1363 1389
f 593 544 560
f 1482 1495 1569
f 1447 1377 1351
f 677 570 720
f 1593 1784 1837
f 708 667 647
f 1657 1557 1555
f 1058 1126 941
f 1336 1381 1301
f 1503 1387 1436
f 1433 1543 1544
f 394 316 377
f 582 706 674
f 925 915 890
f 1922 1918 1924
f 127 124 130
f 934 835 926
f 442 352 360
f 1723 1870 1833
f 931 919 995
f 779 809 852
f 1654 1589 1628
f 893 880 778
f 498 447 366
f 603 567 575
f 1258 1241 1125
f 1361 1322 1264
f 1101 1065 1016
f 367 393 432
f 359 323 242
f 1157 1121 1282
f 1807 1803 1800
f 230 100 75
f 369 351 294
f 1913 1906 1912
f 804 742 817
f 1242 1118 1211
f 978 879 1032
f 311 262 380
f 1513 1353 1425
f 364 351 435
f 1455 1364 1317
f 1042 897 1033
f 2 9 1
f 679 715 589
f 1875 1871 1874
f 893 778 803
f 1020 939 863
f 452 444 552
f 1345 1287 1434
f 1077 924 971
f 1070 1127 1058
f 891 828 781
f 1371 1324 1228
f 227 216 186
f 642 626 588
f 949 854 961
f 367 330 393
f 311 253 262
f 567 513 575
f 215 265 181
f 1368 1429 1323
f 1679 1653 1733
f 507 407 431
f 1894 1889 1777
f 1073 1020 988
f 1195 1213 1294
f 636 562 686
f 391 285 265
f 1896 1890 1887
f 558 457 556
f 674 733 608
f 1925 1920 1917
f 316 323 377
f 1690 1582 1621
f 208 155 224
f 630 685 755
f 346 283 243
f 942 883 788
f 684 734 625
f 1624 1471 1610
f 94 53 48
f 720 662 783
f 1562 1580 1429
f 400 363 399
f 960 912 1055
f 1865 1855 1864
f 668 617 623
f 1812 1809 1806
f 1093 975 1104
f 1915 1910 1797
f 863 707 833
f 1925 1917 1927
f 422 340 354
f 341 270 234
f 1104 975 974
f 1110 994 1075
f 975 891 845
f 508 440 529
f 264 85 202
f 789 774 726
f 580 506 507
f 1114 1047 1118
f 1244 1174 1095
f 1523 1636 1492
f 1905 1898 1904
f 661 539 585
f 1530 1629 1415
f 1944 1942 1945
f 1768 1772 1767
f 679 589 543
f 399 299 362
f 1871 1859 1863
f 1257 1230 1182
f 1018 931 995
f 693 675 595
f 588 505 577
f 1610 1572 1665
f 1523 1435 1500
f 141 149 152
f 1863 1861 1872
f 320 368 277
f 205 139 140
f 1188 1018 1180
f 1568 1504 1558
f 1861 1856 1862
f 1595 1473 1462
f 337 350 236
f 811 668 696
f 177 171 175
f 958 777 964
f 1562 1368 1463
f 1764 1683 1694
f 1269 1207 1150
f 640 545 540
f 1659 1604 1608
f 208 156 155
f 1530 1367 1356
f 1706 1664 1606
f 431 427 514
f 1621 1582 1578
f 1472 1316 1394
f 1015 874 1039
f 642 690 626
f 675 680 550
f 1836 1637 1834
f 787 711 697
f 525 474 465
f 682 624 746
f 680 516 550
f 1888 1885 1882
f 260 92 301
f 273 272 362
f 137 136 141
f 805 759 693
f 1414 1355 1372
f 1521 1572 1469
f 1795 1791 1787
f 778 838 706
f 283 250 209
f 287 216 263
f 1661 1631 1573
f 1757 1759 1756
f 451 372 347
f 1874 1863 1876
f 1080 1069 1172
f 756 695 657
f 629 568 656
f 719 702 781
f 560 542 620
f 1313 1243 1187
f 953 923 816
f 924 1086 987
f 71 72 69
f 1709 1817 1707
f 1432 1479 1442
f 1830 1950 1849
f 647 667 573
f 209 207 161
f 798 802 688
f 1570 1530 1356
f 1869 1862 1865
f 1199 1140 1023
f 471 392 447
f 746 624 651
f 886 821 822
f 1124 1080 1178
f 294 223 246
f 1609 1579 1531
f 587 538 442
f 530 450 477
f 898 954 843
f 100 73 72
f 383 420 308
f 1180 1088 1195
f 1190 1086 1077
f 1336 1301 1219
f 234 253 311
f 1335 1346 1496
f 732 646 699
f 1165 1105 1207
f 369 246 358
f 974 870 949
f 868 804 851
f 1132 1090 969
f 344 386 333
f 761 745 810
f 1427 1373 1446
f 1514 1616 1561
f 1145 1010 1138
f 1159 1123 1246
f 1438 1354 1353
f 1564 1476 1471
f 988 863 833
f 1783 1777 1661
f 1863 1858 1861
f 794 689 682
f 586 488 600
f 1597 1450 1588
f 1033 1054 1130
f 1034 954 939
f 747 805 693
f 402 465 449
f 1879 1873 1881
f 347 310 378
f 1034 1041 954
f 484 432 452
f 534 465 511
f 660 557 597
f 1126 1125 1099
f 1712 1603 1658
f 616 532 621
f 117 110 113
f 194 218 74
f 423 336 342
f 1566 1661 1573
f 1819 1815 1814
f 450 383 376
f 101 257 349
f 1950 1947 1951
f 1421 1333 1388
f 1638 1605 1487
f 1561 1446 1514
f 1398 1374 1305
f 1267 1116 1234
f 1259 1154 1255
f 1037 1023 910
f 1654 1547 1650
f 157 150 156
f 115 112 111
f 1654 1628 1547
f 1127 1126 1058
f 1153 1178 1279
f 498 439 562
f 1540 1590 1639
f 411 384 304
f 127 125 124
f 1829 1691 1826
f 1113 1035 1055
f 1311 1278 1359
f 1687 1595 1664
f 671 710 753
f 1003 858 936
f 605 610 577
f 741 673 721
f 1082 999 922
f 1780 1633 1776
f 344 333 198
f 1458 1392 1476
f 250 207 209
f 278 94 260
f 1690 1621 1668
f 843 893 738
f 1351 1265 1191
f 1079 1078 946
f 1218 1103 1098
f 662 592 602
f 236 219 106
f 1667 1709 1643
f 669 633 591
f 548 571 520
f 830 848 931
f 366 439 498
f 232 148 89
f 1285 1299 1162
f 797 754 846
f 1619 1517 1564
f 1247 1179 1232
f 1238 1034 1216
f 364 259 351
f 1121 1009 968
f 1792 1788 1790
f 516 632 529
f 1379 1360 1299
f 1198 1209 1276
f 424 356 355
f 849 920 775
f 1287 1224 1268
f 1113 1055 1102
f 594 563 590
f 1891 1883 1890
f 21 22 19
f 1395 1380 1314
f 676 605 619
f 1220 1242 1316
f 180 184 188
f 1287 1268 1370
f 621 520 608
f 1878 1876 1883
f 778 654 665
f 1701 1795 1727
f 415 410 346
f 31 30 29
f 290 229 228
f 1820 1939 1940
f 91 89 40
f 1854 1828 1949
f 1089 984 1106
f 990 917 918
f 717 701 618
f 219 281 196
f 1061 978 1032
f 839 793 734
f 283 334 250
f 1223 1135 1206
f 258 237 297
f 55 52 51
f 662 602 719
f 332 319 349
f 179 58 63
f 1868 1867 1833
f 176 177 180
f 1535 1454 1461
f 493 443 373
f 1030 923 953
f 379 269 340
f 841 892 904
f 205 274 139
f 1214 1235 1346
f 830 731 848
f 921 806 881
f 1254 1308 1127
f 1421 1487 1386
f 496 408 429
f 365 262 296
f 1104 974 1081
f 1083 992 1029
f 234 190 217
f 15 20 14
f 1735 1734 1825
f 1348 1419 1417
f 1140 1210 1170
f 1134 1153 1211
f 819 701 801
f 932 985 920
f 1662 1575 1641
f 111 106 110
f 1416 1374 1398
f 1724 1886 1684
f 221 118 200
f 1058 941 983
f 1701 1614 1638
f 547 607 515
f 1902 1783 1726
f 495 550 463
f 98 67 96
f 18 20 15
f 646 547 506
f 838 860 706
f 641 539 661
f 1763 1767 1674
f 1000 963 1059
f 1356 1367 1272
f 140 133 135
f 1711 1709 1582
f 14 19 13
f 291 205 206
f 1032 1011 1176
f 935 886 814
f 1623 1692 1562
f 38 36 34
f 443 480 411
f 1697 1624 1722
f 357 307 258
f 331 260 301
f 710 671 670
f 1368 1323 1237
f 256 306 230
f 1464 1484 1441
f 541 482 468
f 1734 1658 1710
f 709 638 652
f 1094 1048 952
f 1297 1376 1468
f 301 92 268
f 339 292 284
f 492 427 422
f 1189 1264 1168
f 1249 1221 1186
f 1012 979 893
f 210 164 162
f 1744 1665 1715
f 1414 1426 1355
f 1623 1562 1463
f 1712 1658 1734
f 879 792 878
f 342 348 230
f 702 711 787
f 1837 1686 1593
f 457 408 496
f 211 167 172
f 303 225 289
f 947 908 948
f 80 8 78
f 507 506 407
f 184 177 183
f 435 404 486
f 1898 1897 1902
f 754 718 796
f 1770 1775 1765
f 645 514 599
f 773 691 712
f 1398 1305 1297
f 1356 1272 1202
f 1772 1675 1767
f 1078 1067 1013
f 646 506 580
f 1256 1226 1042
f 622 501 572
f 996 1022 1097
f 958 964 1019
f 1020 863 988
f 532 424 520
f 1884 1834 1875
f 538 530 477
f 1869 1870 1723
f 1605 1519 1487
f 1725 1700 1647
f 835 812 844
f 1849 1848 1629
f 1136 1038 992
f 692 604 603
f 924 798 853
f 417 338 416
f 272 80 231
f 1856 1737 1855
f 1005 955 1021
f 651 624 556
f 874 935 814
f 1720 1626 1616
f 75 100 72
f 666 742 804
f 1002 944 1053
f 62 59 60
f 1099 1125 973
f 1645 1608 1603
f 1866 1859 1871
f 184 180 177
f 313 99 279
f 1560 1376 1428
f 1952 1949 1948
f 168 157 164
f 1226 1256 1330
f 170 166 168
f 1319 1294 1318
f 654 582 549
f 1061 1032 1203
f 1528 1421 1465
f 448 349 483
f 147 142 146
f 1436 1387 1342
f 62 61 59
f 1757 1756 1750
f 570 451 478
f 1704 1657 1594
f 1705 1670 1568
f 1028 1007 999
f 1520 1534 1593
f 526 475 518
f 314 229 290
f 527 486 558
f 1349 1277 1350
f 1338 1247 1315
f 1670 1638 1528
f 1507 1416 1398
f 205 140 145
f 1876 1863 1872
f 728 644 636
f 1411 1352 1293
f 401 363 400
f 971 924 853
f 412 386 382
f 638 573 574
f 178 173 284
f 1536 1462 1434
f 1587 1503 1634
f 784 731 830
f 111 110 117
f 85 28 23
f 1564 1471 1624
f 1691 1827 1826
f 1527 1478 1382
f 603 575 627
f 402 449 388
f 488 364 435
f 1440 1332 1362
f 625 530 601
f 1315 1161 1266
f 1891 1882 1883
f 796 753 835
f 1282 1121 1229
f 438 339 417
f 1532 1430 1517
f 67 66 62
f 1691 1604 1659
f 1133 1066 1041
f 927 905 828
f 1112 1040 1031
f 1326 1180 1288
f 1847 1846 1635
f 704 576 611
f 1525 1524 1565
f 209 161 163
f 798 888 802
f 908 909 948
f 1790 1788 1782
f 1286 1223 1233
f 1239 1183 1230
f 586 503 488
f 1560 1468 1376
f 42 41 38
f 667 572 573
f 1527 1651 1566
f 402 388 385
f 1590 1499 1548
f 1659 1608 1645
f 1134 1045 1153
f 1251 1375 1313
f 306 342 230
f 537 436 434
f 659 652 565
f 951 841 904
f 780 701 717
f 433 403 476
f 497 413 410
f 254 277 119
f 1695 1719 1636
f 1717 1716 1622
f 1029 993 967
f 143 141 150
f 48 51 47
f 1480 1518 1543
f 1678 1649 1729
f 839 747 793
f 246 203 241
f 1069 1014 996
f 1331 1245 1306
f 1528 1487 1421
f 350 281 236
f 620 542 570
f 1407 1326 1450
f 1023 981 948
f 1126 1099 941
f 532 520 621
f 415 505 410
f 492 470 551
f 1088 1128 1195
f 1320 1129 1335
f 773 768 691
f 1430 1315 1393
f 1638 1487 1528
f 764 744 630
f 1519 1383 1443
f 1538 1424 1537
f 381 341 311
f 1500 1401 1417
f 1775 1769 1766
f 166 157 168
f 997 1006 1052
f 844 895 916
f 1394 1280 1369
f 178 60 53
f 806 682 800
f 716 686 631
f 307 246 241
f 1308 1227 1127
f 1900 1893 1895
f 634 534 511
f 1453 1382 1340
f 1333 1248 1249
f 44 40 43
f 91 232 89
f 298 320 277
f 519 406 391
f 696 623 583
f 18 15 16
f 1568 1558 1576
f 382 344 312
f 1261 1194 1136
f 263 216 227
f 431 379 427
f 275 165 93
f 741 721 765
f 238 88 86
f 625 597 566
f 1171 1160 1183
f 429 297 424
f 742 772 817
f 1235 1106 1109
f 1382 1478 1395
f 1719 1623 1636
f 411 480 384
f 1942 1937 1941
f 944 976 972
f 504 394 539
f 1877 1869 1758
f 57 56 52
f 747 865 805
f 1292 1193 1185
f 759 680 675
f 645 599 653
f 671 536 670
f 1059 963 991
f 493 373 473
f 986 1002 1076
f 674 571 582
f 1045 926 1057
f 745 681 666
f 1742 1741 1716
f 1794 1911 1839
f 543 391 490
f 23 20 18
f 176 174 171
f 360 282 295
f 1107 1009 1121
f 416 371 458
f 999 950 922
f 1833 1600 1723
f 1551 1501 1477
f 1048 998 871
f 452 432 343
f 1278 1284 1359
f 804 837 851
f 452 343 444
f 898 843 700
f 1251 1187 1200
f 600 488 527
f 1544 1543 1602
f 1360 1403 1350
f 1203 1032 1176
f 593 491 544
f 1820 1679 1733
f 1833 1864 1720
f 1330 1256 1358
f 1465 1388 1406
f 1744 1693 1665
f 306 256 305
f 790 705 714
f 1541 1552 1475
f 321 201 245
f 831 784 830
f 1817 1819 1814
f 1476 1392 1331
f 1483 1475 1362
f 1654 1650 1828
f 1092 989 973
f 1367 1415 1321
f 1619 1532 1517
f 1826 1824 1822
f 406 285 391
f 946 1013 906
f 1858 1832 1681
f 847 740 735
f 450 376 352
f 116 112 115
f 1102 1004 1131
f 323 238 242
f 1353 1354 1282
f 506 423 407
f 1721 1639 1739
f 1446 1373 1357
f 495 463 419
f 1644 1496 1595
f 233 98 96
f 875 849 756
f 1590 1609 1630
f 755 727 791
f 1423 1505 1375
f 775 736 643
f 1442 1290 1432
f 1666 1746 1682
f 1929 1843 1811
f 434 421 433
f 36 39 33
f 1899 1893 1900
f 1537 1496 1644
f 1608 1491 1538
f 1428 1273 1263
f 745 666 832
f 838 852 860
f 1793 1790 1789
f 1460 1315 1430
f 1812 1806 1808
f 876 827 764
f 1548 1531 1579
f 1729 1649 1634
f 1326 1262 1180
f 1436 1342 1385
f 1804 1802 1793
f 528 416 458
f 1704 1927 1810
f 1725 1648 1727
f 1253 1173 1221
f 468 482 370
f 730 601 587
f 1429 1470 1361
f 158 150 157
f 969 1004 938
f 1758 1640 1563
f 252 226 185
f 757 857 887
f 878 808 777
f 703 661 671
f 1869 1723 1758
f 191 180 192
f 405 331 301
f 635 503 586
f 606 751 770
f 381 311 380
f 1219 1301 1192
f 1037 910 915
f 69 70 66
f 1517 1430 1393
f 1769 1761 1766
f 701 634 618
f 1236 1296 1158
f 626 640 540
f 1362 1332 1310
f 1606 1587 1649
f 1216 1198 1276
f 389 425 322
f 1249 1186 1291
f 1917 1922 1928
f 82 119 12
f 1264 1132 1168
f 292 178 284
f 1375 1412 1313
f 729 614 613
f 1270 1334 1225
f 942 1024 925
f 1814 1812 1808
f 1845 1708 1680
f 345 244 308
f 757 823 857
f 755 791 872
f 1302 1211 1280
f 1735 1645 1712
f 1369 1280 1279
f 518 464 517
f 387 382 312
f 1497 1577 1529
f 1429 1361 1323
f 595 584 495
f 443 553 480
f 1751 1746 1666
f 1834 1764 1875
f 1050 980 1004
f 672 687 663
f 789 871 774
f 862 861 912
f 1746 1743 1682
f 637 554 594
f 1503 1436 1385
f 1362 1330 1418
f 517 464 456
f 1107 1039 1030
f 1681 1599 1560
f 958 878 777
f 1694 1721 1860
f 904 892 903
f 769 712 704
f 1892 1881 1889
f 1765 1775 1766
f 1237 1041 1034
f 379 340 422
f 1779 1785 1775
f 305 256 269
f 1236 1188 1262
f 1066 1096 979
f 1543 1526 1565
f 1860 1738 1832
f 1323 1189 1133
f 1438 1397 1354
f 259 223 294
f 1796 1792 1790
f 1828 1946 1949
f 853 798 785
f 1672 1663 1607
f 868 851 859
f 1143 1082 1071
f 994 967 886
f 1211 1153 1280
f 71 69 189
f 1737 1736 1855
f 30 27 26
f 277 288 79
f 194 74 73
f 844 818 895
f 1728 1685 1788
f 1812 1815 1809
f 1258 1395 1314
f 1504 1465 1406
f 659 565 534
f 609 633 683
f 1858 1857 1861
f 1861 1857 1856
f 385 321 322
f 1585 1552 1541
f 1118 1134 1211
f 1067 971 1013
f 857 823 827
f 1295 1251 1174
f 1389 1286 1312
f 941 973 869
f 1588 1679 1844
f 653 599 612
f 734 793 694
f 771 728 816
f 1844 1688 1588
f 348 336 279
f 1399 1322 1361
f 1782 1788 1676
f 1824 1819 1822
f 711 586 600
f 488 414 364
f 122 120 126
f 1196 1111 1076
f 707 667 708
f 1346 1235 1260
f 552 444 531
f 1108 1117 1021
f 388 387 321
f 858 831 936
f 736 628 643
f 752 723 621
f 1338 1303 1247
f 719 635 702
f 939 760 863
f 395 370 302
f 678 677 763
f 1421 1386 1333
f 678 560 620
f 712 691 576
f 1559 1494 1535
f 223 222 246
f 349 440 483
f 1175 1053 1129
f 285 346 243
f 986 968 877
f 496 429 532
f 1352 1234 1293
f 737 699 645
f 1150 1105 1082
f 1827 1823 1824
f 204 123 128
f 706 852 809
f 1481 1467 1411
f 1611 1515 1637
f 604 559 567
f 1618 1591 1612
f 1270 1201 1181
f 1453 1527 1382
f 1569 1559 1557
f 282 300 144
f 438 354 339
f 556 496 616
f 487 557 502
f 860 852 706
f 816 686 850
f 1691 1659 1735
f 1304 1181 1157
f 955 899 1027
f 1216 1034 1146
f 592 478 512
f 747 693 660
f 1816 1687 1706
f 1799 1791 1795
f 672 663 547
f 1180 1072 1088
f 1236 1101 1188
f 1139 1182 1108
f 1301 1285 1192
f 1177 1113 1102
f 1752 1673 1692
f 1032 959 1011
f 1400 1347 1439
f 489 505 415
f 862 799 752
f 1183 1117 1182
f 1185 1184 1303
f 1362 1310 1283
f 996 913 1022
f 129 122 126
f 772 722 766
f 294 246 369
f 1420 1419 1349
f 1925 1702 1920
f 800 682 746
f 72 73 70
f 1865 1867 1868
f 500 438 469
f 257 76 267
f 382 386 344
f 1596 1505 1423
f 189 98 233
f 894 901 913
f 1351 1377 1265
f 148 144 32
f 714 606 770
f 788 739 698
f 999 904 950
f 862 752 861
f 748 638 709
f 1953 1852 1713
f 732 825 672
f 110 105 108
f 1637 1646 1611
f 1918 1916 1919
f 1696 1655 1523
f 1722 1610 1693
f 1556 1444 1574
f 1098 1037 925
f 711 600 697
f 398 367 441
f 458 371 437
f 577 489 605
f 212 169 164
f 1064 999 1105
f 1057 966 1080
f 1048 1060 998
f 618 634 535
f 290 325 396
f 275 91 165
f 1284 1239 1230
f 332 280 248
f 287 263 229
f 1725 1781 1770
f 1592 1581 1479
f 307 241 258
f 992 1038 918
f 502 495 445
f 150 154 156
f 1490 1455 1317
f 225 169 212
f 1813 1808 1807
f 1164 1000 1059
f 1481 1411 1371
f 1605 1614 1519
f 1200 1094 1084
f 1167 1061 1252
f 1365 1271 1320
f 204 128 133
f 1931 1926 1929
f 1347 1204 1327
f 1309 1212 1286
f 1024 1098 925
f 601 530 538
f 1096 965 979
f 1158 1202 1026
f 783 662 782
f 1940 1939 1932
f 837 817 826
f 890 819 801
f 1567 1677 1615
f 1263 1144 1373
f 523 541 468
f 910 948 909
f 423 459 336
f 1608 1538 1603
f 1411 1467 1352
f 1306 1177 1347
f 161 159 160
f 1577 1643 1576
f 753 703 671
f 59 57 55
f 593 560 685
f 1755 1757 1750
f 1065 1026 1003
f 1509 1449 1459
f 158 153 143
f 1433 1339 1480
f 237 199 220
f 1643 1652 1576
f 912 980 1050
f 937 875 815
f 125 120 124
f 1556 1385 1444
f 906 853 759
f 950 903 922
f 1384 1453 1340
f 132 127 131
f 1821 1815 1819
f 1904 1898 1902
f 1554 1460 1532
f 594 554 563
f 1470 1622 1522
f 31 29 28
f 1519 1533 1383
f 1569 1495 1559
f 302 370 275
f 1674 1697 1759
f 1616 1626 1571
f 1601 1552 1585
f 810 745 899
f 599 551 612
f 548 355 418
f 601 684 625
f 555 533 617
f 111 107 106
f 198 107 112
f 449 409 388
f 66 64 62
f 524 579 493
f 1366 1413 1244
f 1841 1615 1677
f 1839 1908 1913
f 522 398 521
f 1589 1570 1474
f 1944 1938 1942
f 1122 1170 1209
f 579 596 493
f 653 612 731
f 217 183 214
f 1130 1054 1061
f 1499 1416 1507
f 286 233 266
f 1321 1415 1366
f 418 355 281
f 770 751 841
f 1545 1576 1558
f 1616 1571 1561
f 1574 1460 1554
f 1870 1868 1833
f 1326 1319 1422
f 255 87 144
f 968 986 1111
f 1060 1070 962
f 1135 1052 1114
f 1932 1928 1930
f 1700 1770 1699
f 522 455 398
f 644 679 543
f 777 808 729
f 760 700 622
f 318 265 215
f 1307 1208 1190
f 884 941 795
f 623 533 583
f 319 101 349
f 844 749 818
f 1609 1531 1599
f 1729 1634 1728
f 445 495 419
f 723 651 621
f 1505 1490 1466
f 1263 1373 1427
f 1444 1338 1460
f 136 134 138
f 366 314 290
f 602 503 635
f 1873 1869 1877
f 872 824 930
f 722 664 766
f 1423 1375 1251
f 1521 1469 1399
f 1950 1945 1947
f 576 546 482
f 1627 1583 1539
f 21 25 22
f 1710 1595 1687
f 1382 1258 1340
f 1218 1199 1103
f 1780 1776 1899
f 1169 1033 1167
f 1369 1311 1378
f 5 4 102
f 940 897 1042
f 923 874 771
f 1102 1055 1050
f 776 645 653
f 963 864 905
f 634 511 535
f 833 707 708
f 565 574 525
f 1452 1446 1357
f 1577 1576 1506
f 1128 1088 1028
f 1277 1210 1199
f 314 216 287
f 858 836 776
f 1614 1648 1533
f 693 759 675
f 1108 1021 1074
f 365 380 262
f 135 132 137
f 1291 1186 1281
f 1384 1340 1308
f 1701 1799 1795
f 732 672 646
f 188 187 193
f 216 215 186
f 1471 1549 1610
f 375 264 363
f 6 3 4
f 1066 1012 1041
f 1339 1431 1480
f 937 932 875
f 1704 1594 1702
f 25 24 22
f 1194 1038 1136
f 1215 1197 1090
f 226 95 179
f 1591 1551 1612
f 1783 1894 1777
f 1946 1940 1944
f 975 845 974
f 363 264 299
f 66 70 64
f 572 481 573
f 811 786 668
f 828 783 782
f 407 342 306
f 903 807 797
f 366 216 314
f 1923 1842 1843
f 901 786 811
f 1938 1932 1935
f 1922 1917 1918
f 69 67 98
f 828 782 719
f 535 446 545
f 516 428 368
f 1243 1250 1151
f 91 40 44
f 443 411 335
f 1450 1422 1482
f 1279 1300 1369
f 1447 1351 1380
f 700 658 564
f 785 798 688
f 966 1014 1080
f 1806 1809 1805
f 1857 1681 1831
f 1459 1449 1336
f 1471 1400 1549
f 1404 1312 1341
f 1285 1379 1299
f 599 492 551
f 1164 1155 1224
f 1322 1132 1264
f 1732 1807 1705
f 1790 1782 1786
f 1586 1453 1510
f 235 103 104
f 526 591 633
f 282 148 232
f 780 717 739
f 163 160 158
f 657 695 579
f 888 777 802
f 1470 1522 1399
f 1604 1498 1608
f 224 146 223
f 70 68 64
f 1151 1142 1060
f 905 783 828
f 1853 1949 1953
f 1702 1662 1840
f 1655 1695 1636
f 1313 1317 1243
f 1220 1118 1242
f 1072 995 1001
f 1037 1103 1023
f 1355 1262 1372
f 1497 1397 1457
f 1318 1213 1269
f 1838 1726 1651
f 1462 1346 1345
f 585 536 671
f 1239 1171 1183
f 1441 1402 1464
f 1617 1521 1522
f 185 97 65
f 1181 1201 1015
f 1389 1312 1409
f 932 849 875
f 1250 1254 1142
f 1312 1233 1341
f 56 54 50
f 897 804 868
f 1748 1693 1744
f 1135 1114 1206
f 1339 1222 1220
f 286 292 354
f 1286 1212 1223
f 743 647 638
f 876 764 856
f 1267 1281 1163
f 835 753 812
f 1905 1901 1898
f 1296 1202 1158
f 1806 1802 1804
f 1751 1750 1746
f 1099 973 941
f 1133 1189 1066
f 249 88 238
f 543 519 391
f 436 359 434
f 440 349 329
f 868 859 978
f 1553 1563 1447
f 913 1005 1021
f 327 247 317
f 143 137 141
f 1564 1458 1476
f 1699 1770 1765
f 108 103 109
f 557 693 595
f 1674 1564 1697
f 1629 1627 1415
f 26 20 23
f 618 535 545
f 603 713 692
f 918 917 847
f 1293 1194 1261
f 1186 1119 1115
f 942 925 883
f 550 516 463
f 285 213 265
f 1346 1260 1345
f 1578 1582 1457
f 582 571 548
f 227 186 191
f 45 39 41
f 549 485 453
f 250 206 207
f 641 504 539
f 889 743 748
f 113 114 118
f 144 87 32
f 871 998 885
f 752 621 779
f 1733 1731 1939
f 72 70 69
f 749 710 609
f 1056 1108 1074
f 1666 1682 1622
f 1775 1778 1774
f 1714 1599 1681
f 422 354 438
f 50 54 49
f 1535 1494 1454
f 426 360 326
f 1829 1690 1691
f 801 701 780
f 113 110 108
f 905 864 783
f 611 541 523
f 501 564 386
f 1606 1489 1587
f 1808 1804 1803
f 768 884 795
f 1672 1811 1663
f 121 111 117
f 818 762 786
f 429 424 532
f 179 95 58
f 1336 1449 1381
f 991 956 1025
f 115 111 121
f 374 337 197
f 1129 972 1089
f 289 212 210
f 644 561 636
f 1348 1329 1276
f 260 94 92
f 1273 1145 1263
f 67 62 60
f 1951 1846 1847
f 46 43 39
f 1516 1600 1550
f 85 83 202
f 1865 1856 1855
f 687 657 607
f 1393 1315 1266
f 1167 1130 1061
f 1856 1831 1737
f 771 814 679
f 748 709 819
f 1010 958 1019
f 1001 911 951
f 454 460 374
f 812 710 749
f 1873 1862 1869
f 446 402 425
f 423 515 459
f 465 474 449
f 850 757 877
f 1241 1231 1141
f 1426 1296 1355
f 291 274 205
f 920 985 873
f 520 571 608
f 1836 1771 1646
f 1570 1356 1474
f 1369 1300 1311
f 1412 1317 1313
f 696 583 681
f 941 869 795
f 1854 1654 1828
f 178 53 173
f 356 297 276
f 1165 1064 1105
f 83 18 202
f 1581 1612 1542
f 1174 1085 1095
f 1826 1827 1824
f 99 68 74
f 1090 1004 969
f 1565 1524 1552
f 90 88 249
f 1930 1924 1926
f 1426 1356 1296
f 338 278 371
f 814 715 679
f 1537 1335 1496
f 973 989 933
f 514 427 492
f 936 931 1018
f 816 728 686
f 850 686 757
f 1122 1146 1073
f 861 938 980
f 28 29 26
f 1735 1659 1645
f 651 556 616
f 1494 1396 1454
f 214 183 175
f 843 738 767
f 1115 1017 1051
f 515 524 473
f 316 249 323
f 564 658 454
f 1875 1866 1871
f 1033 1130 1167
f 1132 1215 1090
f 631 569 472
f 388 409 387
f 69 66 67
f 1022 1021 1117
f 1874 1871 1863
f 1366 1244 1166
f 1781 1779 1770
f 890 801 883
f 140 135 143
f 373 328 313
f 921 881 960
f 392 318 216
f 275 326 91
f 968 850 877
f 1886 1835 1684
f 1621 1578 1513
f 1748 1744 1740
f 1149 1025 1093
f 123 115 121
f 1316 1302 1394
f 724 740 610
f 1622 1470 1580
f 1806 1805 1802
f 1747 1666 1718
f 1513 1425 1604
f 1323 1264 1189
f 272 231 330
f 1765 1762 1760
f 388 321 385
f 1463 1237 1238
f 1837 1784 1903
f 705 656 714
f 101 3 76
f 330 231 343
f 663 687 607
f 1770 1779 1775
f 1073 988 1068
f 1355 1296 1236
f 1266 1161 1159
f 172 167 170
f 1303 1184 1247
f 473 373 336
f 960 862 912
f 1046 1147 1024
f 292 266 178
f 1747 1750 1751
f 116 115 201
f 1274 1176 1145
f 1070 1058 983
f 1283 1217 1226
f 1298 1218 1299
f 1580 1470 1429
f 1192 1147 1046
f 1237 1323 1133
f 942 788 917
f 222 130 203
f 1317 1364 1250
f 297 356 424
f 1577 1506 1529
f 1145 1011 1010
f 1001 919 911
f 730 684 601
f 580 507 514
f 1851 1948 1850
f 1690 1829 1711
f 838 938 852
f 658 665 615
f 1029 992 993
f 1035 960 1055
f 1727 1787 1725
f 206 205 145
f 302 275 93
f 1173 1219 1062
f 1195 1128 1165
f 1916 1909 1914
f 1684 1698 1563
f 591 555 617
f 1911 1907 1839
f 1410 1344 1396
f 486 358 457
f 736 726 628
f 1662 1641 1798
f 498 561 471
f 374 333 386
f 1410 1325 1344
f 368 428 361
f 139 245 204
f 332 248 319
f 797 750 713
f 1158 1026 1065
f 604 567 603
f 820 750 807
f 1805 1729 1801
f 1699 1618 1625
f 475 401 464
f 254 119 82
f 172 170 174
f 908 900 909
f 334 324 250
f 1508 1502 1379
f 1942 1938 1937
f 806 794 682
f 1108 1182 1117
f 822 821 725
f 1573 1631 1486
f 167 166 170
f 351 369 435
f 474 409 449
f 1498 1365 1491
f 704 712 576
f 1854 1949 1853
f 1480 1431 1518
f 1634 1503 1556
f 1300 1240 1311
f 1454 1389 1461
f 1823 1825 1821
f 1708 1642 1596
f 1001 951 1028
f 1420 1350 1403
f 1734 1710 1825
f 1330 1283 1226
f 1696 1760 1754
f 286 266 292
f 1597 1407 1450
f 1249 1248 1221
f 466 401 475
f 1477 1420 1403
f 166 158 157
f 181 176 182
f 1617 1665 1572
f 1387 1292 1342
f 225 175 169
f 185 226 97
f 1539 1583 1413
f 199 109 220
f 26 23 28
f 258 200 237
f 739 618 690
f 1335 1129 1214
f 1428 1274 1273
f 1422 1319 1318
f 440 361 428
f 815 687 758
f 1314 1231 1241
f 223 138 222
f 1844 1820 1940
f 479 390 372
f 324 291 206
f 987 888 924
f 1671 1651 1586
f 421 264 375
f 1455 1343 1364
f 887 857 827
f 1328 1327 1197
f 79 9 12
f 1790 1786 1789
f 998 867 885
f 1748 1722 1693
f 1947 1943 1845
f 1635 1596 1512
f 972 856 984
f 344 240 312
f 128 129 133
f 674 608 571
f 430 317 414
f 939 954 898
f 1903 1899 1900
f 639 558 682
f 1635 1583 1627
f 1075 994 935
f 1518 1472 1526
f 1558 1504 1445
f 951 1007 1028
f 431 397 305
f 1669 1629 1570
f 1173 1119 1221
f 1641 1794 1839
f 310 247 327
f 231 102 248
f 189 69 98
f 895 818 894
f 606 692 751
f 240 198 116
f 1816 1706 1815
f 174 170 171
f 43 40 37
f 1191 1205 1067
f 200 118 114
f 993 928 929
f 1581 1509 1479
f 981 988 947
f 1297 1203 1274
f 1413 1295 1244
f 1008 984 930
f 1011 878 1010
f 568 469 528
f 911 829 951
f 443 335 328
f 328 226 252
f 1908 1903 1900
f 1361 1470 1399
f 141 136 142
f 1787 1779 1781
f 954 1012 970
f 706 733 674
f 93 54 58
f 390 303 372
f 87 255 84
f 159 153 158
f 213 239 211
f 87 24 32
f 1651 1726 1566
f 1764 1637 1683
f 317 309 414
f 1849 1951 1848
f 630 593 685
f 957 864 963
f 413 324 334
f 325 290 270
f 1334 1228 1225
f 614 531 613
f 1908 1906 1913
f 630 491 593
f 53 51 48
f 685 560 727
f 1848 1951 1847
f 1433 1404 1339
f 202 81 299
f 568 528 559
f 268 249 316
f 1311 1359 1378
f 1730 1807 1800
f 1748 1740 1741
f 299 81 273
f 1142 1070 1060
f 1229 1271 1365
f 371 278 331
f 776 732 737
f 628 704 611
f 1495 1390 1511
f 1522 1521 1399
f 588 497 505
f 925 890 883
f 698 642 610
f 33 32 25
f 1694 1540 1721
f 87 84 24
f 915 910 889
f 645 646 580
f 1394 1485 1472
f 767 738 658
f 782 662 719
f 1948 1945 1950
f 1278 1171 1239
f 417 416 469
f 85 23 83
f 1262 1188 1180
f 1399 1328 1322
f 196 235 104
f 829 770 841
f 1256 1169 1275
f 1787 1781 1725
f 1649 1587 1634
f 1046 1024 942
f 106 105 110
f 1396 1405 1454
f 1380 1231 1314
f 1655 1636 1523
f 654 706 582
f 210 162 208
f 1485 1448 1524
f 1946 1844 1940
f 1232 1161 1315
f 1935 1930 1931
f 1383 1253 1248
f 1044 961 921
f 560 462 542
f 150 141 152
f 791 678 824
f 1138 1010 1019
f 598 476 526
f 759 785 680
f 696 761 810
f 1901 1896 1898
f 1033 897 978
f 196 104 105
f 1353 1282 1229
f 1489 1370 1387
f 1550 1514 1377
f 1887 1881 1892
f 842 758 825
f 555 499 533
f 1321 1366 1166
f 833 708 834
f 546 426 482
f 1542 1551 1477
f 1138 1019 1144
f 927 891 956
f 1056 1042 1152
f 416 338 371
f 1184 1104 1179
f 1755 1750 1747
f 517 456 499
f 731 612 705
f 562 569 631
f 718 655 703
f 1342 1292 1185
f 1409 1404 1520
f 444 332 448
f 750 692 713
f 1159 1043 1123
f 536 476 598
f 223 146 138
f 73 74 70
f 842 937 815
f 1850 1948 1950
f 1931 1929 1934
f 256 230 75
f 370 426 326
f 861 779 852
f 1456 1371 1334
f 474 481 409
f 241 221 258
f 360 352 282
f 846 835 934
f 397 407 306
f 97 63 65
f 1749 1741 1742
f 969 938 838
f 1507 1398 1531
f 551 470 500
f 1496 1473 1595
f 1204 1131 1197
f 1945 1943 1947
f 1921 1915 1841
f 1568 1528 1504
f 244 254 84
f 900 889 909
f 1787 1785 1779
f 1485 1369 1448
f 1047 1006 982
f 1120 1076 1053
f 112 107 111
f 1876 1872 1880
f 329 257 267
f 1725 1770 1700
f 88 38 35
f 726 774 704
f 1755 1747 1754
f 1953 1952 1852
f 1310 1332 1257
f 544 462 560
f 171 169 175
f 1766 1761 1762
f 1469 1439 1327
f 753 710 812
f 691 730 587
f 288 267 79
f 255 244 84
f 1758 1723 1640
f 864 763 783
f 241 203 221
f 521 554 637
f 414 309 364
f 874 814 771
f 769 773 712
f 779 733 809
f 1107 1157 1039
f 1287 1164 1224
f 228 190 234
f 39 37 33
f 480 468 384
f 1593 1633 1780
f 364 309 259
f 321 312 201
f 3 2 76
f 34 30 31
f 378 327 430
f 962 983 855
f 1619 1564 1674
f 1486 1447 1380
f 822 725 715
f 1054 978 1061
f 1062 1046 1017
f 1278 1239 1284
f 317 247 224
f 1473 1346 1462
f 962 855 867
f 383 308 315
f 277 79 119
f 912 861 980
f 1761 1768 1763
f 154 152 151
f 1547 1546 1650
f 1418 1330 1358
f 368 361 288
f 197 337 236
f 666 583 521
f 1512 1423 1391
f 1308 1340 1227
f 513 353 504
f 1056 899 940
f 1944 1945 1948
f 634 659 534
f 1154 1052 1135
f 1614 1605 1638
f 1598 1451 1613
f 1700 1625 1647
f 1381 1285 1301
f 1870 1865 1868
f 1512 1596 1423
f 1864 1855 1720
f 1198 1122 1209
f 738 803 665
f 36 33 30
f 30 33 27
f 1728 1656 1685
f 436 377 323
f 1731 1933 1932
f 243 211 239
f 1063 1047 1114
f 613 531 581
f 848 790 919
f 319 248 101
f 52 50 46
f 523 468 480
f 432 393 343
f 577 505 489
f 344 198 240
f 244 345 298
f 998 962 867
f 1296 1356 1202
f 688 721 632
f 917 788 847
f 1146 1034 1020
f 1836 1884 1885
f 1710 1687 1821
f 776 836 732
f 1020 1034 939
f 51 45 47
f 430 327 317
f 1909 1901 1905
f 1610 1549 1572
f 1933 1928 1932
f 1350 1277 1199
f 531 483 508
f 1912 1916 1918
f 267 195 79
f 570 662 720
f 1788 1685 1676
f 497 540 413
f 454 615 549
f 1140 981 1023
f 542 479 451
f 145 140 143
f 427 379 422
f 1758 1563 1698
f 1850 1830 1669
f 1803 1793 1791
f 1841 1671 1615
f 464 401 400
f 851 826 859
f 1206 1114 1148
f 1288 1195 1294
f 1095 1085 932
f 282 352 300
f 503 414 488
f 1656 1620 1685
f 318 215 216
f 953 816 850
f 822 715 814
f 1777 1724 1661
f 972 876 856
f 1084 985 1085
f 77 4 3
f 492 422 470
f 1837 1903 1907
f 1359 1284 1402
f 1325 1259 1344
f 490 392 471
f 882 810 899
f 148 32 40
f 1363 1309 1286
f 444 343 332
f 568 559 606
f 680 688 516
f 1567 1510 1455
f 1042 1033 1169
f 521 441 554
f 1586 1527 1453
f 409 481 412
f 1250 1142 1151
f 1735 1825 1827
f 688 632 516
f 955 882 899
f 281 235 196
f 867 773 769
f 919 790 911
f 313 328 252
f 114 108 109
f 1718 1666 1580
f 1321 1166 1112
f 1881 1877 1835
f 1444 1303 1338
f 360 295 326
f 1745 1749 1742
f 207 159 161
f 172 174 176
f 1217 1257 1182
f 1632 1532 1619
f 984 872 930
f 1265 1205 1191
f 854 794 806
f 1053 944 972
f 1887 1879 1881
f 328 293 226
f 353 301 268
f 1233 1222 1341
f 811 882 907
f 1642 1607 1505
f 1568 1670 1528
f 607 524 515
f 242 86 85
f 1295 1391 1251
f 701 709 659
f 1256 1275 1358
f 1637 1515 1540
f 1911 1686 1907
f 1818 1672 1642
f 78 5 102
f 1848 1627 1629
f 1358 1374 1416
f 1792 1729 1728
f 932 920 849
f 824 678 763
f 1852 1952 1948
f 470 438 500
f 505 497 410
f 186 182 180
f 713 627 718
f 509 484 452
f 885 867 769
f 453 485 350
f 1385 1185 1303
f 1633 1646 1773
f 706 809 733
f 136 132 134
f 1402 1284 1332
f 128 121 129
f 896 918 847
f 906 971 853
f 569 562 439
f 1045 1057 1124
f 1162 1218 1098
f 206 145 153
f 566 487 450
f 170 168 171
f 907 882 955
f 825 758 672
f 1658 1537 1644
f 1320 1271 1175
f 725 821 676
f 1600 1720 1616
f 546 442 426
f 1164 1059 1155
f 1091 961 1044
f 637 722 742
f 219 196 105
f 1384 1308 1343
f 582 548 485
f 1346 1335 1214
f 1546 1407 1597
f 1342 1185 1385
f 883 780 788
f 1080 1014 1069
f 476 403 466
f 121 117 122
f 79 195 1
f 1548 1579 1609
f 322 321 245
f 1441 1359 1402
f 1377 1307 1265
f 892 820 807
f 719 602 635
f 1259 1143 1154
f 1603 1538 1537
f 628 523 553
f 1477 1501 1419
f 1290 1336 1219
f 48 47 42
f 923 771 816
f 1631 1553 1486
f 1909 1904 1914
f 1699 1765 1760
f 580 514 645
f 342 336 348
f 502 445 345
f 1515 1483 1418
f 1109 1000 1164
f 749 609 683
f 554 441 509
f 1272 1137 1202
f 990 918 1038
f 53 59 55
f 491 462 544
f 741 765 802
f 1451 1263 1427
f 1440 1402 1332
f 1451 1427 1571
f 1393 1266 1392
f 611 576 541
f 910 909 889
f 885 769 774
f 315 308 255
f 793 747 660
f 699 646 645
f 681 583 666
f 708 647 743
f 1555 1488 1594
f 283 209 243
f 751 692 750
f 402 385 425
f 1696 1754 1695
f 1103 1199 1023
f 911 790 829
f 99 185 68
f 1883 1876 1880
f 1013 971 906
f 1206 1222 1233
f 1062 1192 1046
f 392 391 318
f 1255 1154 1212
f 1474 1356 1426
f 1355 1236 1262
f 1916 1912 1909
f 1073 1146 1020
f 740 698 610
f 483 440 508
f 1941 1937 1936
f 1209 1170 1210
f 643 553 596
f 806 800 881
f 1769 1768 1761
f 944 887 876
f 1807 1808 1803
f 1620 1554 1632
f 965 838 880
f 1722 1624 1610
f 891 781 845
f 1877 1698 1835
f 1083 1029 1110
f 1828 1650 1689
f 1703 1638 1670
f 289 210 310
f 612 578 629
f 606 604 692
f 1919 1921 1923
f 1541 1483 1515
f 1368 1562 1429
f 1584 1474 1414
f 1660 1630 1599
f 787 697 794
f 700 843 767
f 1270 1225 1201
f 1504 1406 1445
f 667 622 572
f 760 622 707
f 970 893 945
f 690 618 640
f 858 776 831
f 10 9 2
f 132 126 127
f 1927 1917 1928
f 462 365 390
f 619 605 489
f 1556 1574 1620
f 1567 1455 1490
f 1028 1064 1128
f 941 884 902
f 669 617 668
f 210 208 247
f 1641 1520 1593
f 259 224 223
f 1613 1571 1626
f 1217 1182 1139
f 463 516 368
f 1762 1761 1755
f 351 259 294
f 376 383 315
f 386 454 374
f 1810 1927 1928
f 384 302 304
f 1772 1632 1675
f 1600 1514 1550
f 281 355 235
f 1226 1217 1152
f 1298 1199 1218
f 258 221 200
f 1143 1071 1100
f 859 766 879
f 1750 1745 1743
f 436 537 585
f 1498 1425 1365
f 644 543 471
f 1111 986 1076
f 1486 1553 1447
f 1731 1810 1933
f 1400 1306 1347
f 56 58 54
f 856 755 872
f 1801 1792 1796
f 997 1071 943
f 1541 1475 1483
f 1525 1485 1524
f 1049 936 1018
f 1846 1680 1635
f 221 124 118
f 743 638 748
f 1915 1797 1841
f 1859 1858 1863
f 1673 1747 1718
f 1019 964 987
f 734 694 625
f 575 504 641
f 1743 1745 1717
f 1439 1347 1327
f 1079 946 989
f 1875 1874 1878
f 367 272 330
f 824 763 864
f 963 905 927
f 151 149 146
f 1007 904 999
f 660 693 557
f 357 258 297
f 1401 1238 1329
f 946 906 865
f 652 574 565
f 119 79 12
f 1784 1593 1780
f 908 833 834
f 1181 1015 1039
f 54 93 49
f 1872 1861 1862
f 163 166 167
f 1488 1409 1520
f 1106 984 1008
f 1809 1706 1678
f 464 400 456
f 80 78 231
f 133 129 135
f 713 718 754
f 285 239 213
f 1031 937 825
f 1388 1333 1249
f 366 290 439
f 1587 1489 1387
f 1053 972 1129
f 1897 1887 1892
f 1448 1441 1484
f 446 425 467
f 146 142 138
f 989 946 866
f 737 732 699
f 273 80 272
f 273 81 80
f 81 18 16
f 59 56 57
f 626 540 497
f 506 547 423
f 695 596 579
f 607 579 524
f 1802 1801 1796
f 339 354 292
f 1006 934 982
f 1791 1793 1789
f 894 786 901
f 1275 1169 1252
f 426 442 360
f 1650 1597 1689
f 470 422 438
f 1318 1269 1325
f 521 398 441
f 1762 1755 1760
f 399 362 455
f 599 514 492
f 1431 1316 1472
f 1810 1928 1933
f 790 714 770
f 373 443 328
f 1705 1730 1670
f 1076 1002 1053
f 132 131 134
f 1910 1902 1838
f 1937 1931 1936
f 1317 1250 1243
f 1349 1289 1277
f 489 415 406
f 1716 1617 1622
f 1724 1684 1631
f 1881 1873 1877
f 1851 1669 1713
f 1896 1887 1898
f 1752 1747 1673
f 1097 1117 1160
f 1414 1474 1426
f 189 233 269
f 1437 1334 1270
f 1225 1156 1110
f 965 969 838
f 1232 1179 1161
f 1074 1027 1056
f 356 235 355
f 1702 1840 1920
f 1813 1814 1808
f 539 436 585
f 353 268 316
f 424 355 520
f 738 665 658
f 1805 1678 1729
f 673 581 632
f 1268 1155 1193
f 1043 921 1035
f 1540 1499 1590
f 51 52 46
f 1150 1082 1143
f 469 416 528
f 731 705 790
f 126 120 125
f 1383 1479 1432
f 569 439 396
f 895 894 914
f 1618 1523 1591
f 95 93 58
f 91 44 49
f 357 297 408
f 584 550 495
f 1699 1696 1618
f 565 525 534
f 224 151 146
f 1539 1413 1366
f 1825 1710 1821
f 878 958 1010
f 1329 1238 1216
f 1475 1464 1440
f 1633 1602 1646
f 1016 1065 1003
f 1172 1069 1171
f 1234 1116 1194
f 1121 968 1111
f 1854 1853 1589
f 1041 1012 954
f 913 955 1005
f 1830 1849 1629
f 1893 1891 1895
f 81 8 80
f 1787 1791 1785
f 1676 1632 1772
f 1488 1520 1575
f 1738 1599 1832
f 642 739 690
f 922 846 943
f 494 501 386
f 994 1029 967
f 1477 1403 1502
f 1032 879 959
f 549 582 485
f 819 709 701
f 499 456 455
f 725 676 619
f 1563 1640 1516
f 410 283 346
f 1176 1011 1145
f 1826 1822 1709
f 1840 1798 1839
f 1934 1929 1811
f 1912 1906 1909
f 1879 1872 1873
f 1855 1736 1720
f 211 172 213
f 1500 1501 1551
f 19 17 13
f 776 653 831
f 1497 1437 1397
f 774 769 704
f 288 361 267
f 1401 1329 1348
f 1628 1584 1547
f 15 7 8
f 1229 1121 1111
f 1918 1917 1912
f 1531 1398 1468
f 47 45 42
f 1919 1914 1921
f 1134 1118 1047
f 434 433 476
f 1161 1091 1159
f 1688 1597 1588
f 16 15 8
f 729 673 741
f 627 655 718
f 1216 1276 1329
f 1552 1524 1484
f 1817 1814 1813
f 1357 1373 1144
f 472 380 491
f 455 362 398
f 1775 1774 1769
f 1678 1606 1649
f 1277 1289 1210
f 881 799 862
f 1380 1351 1231
f 19 14 20
f 1406 1291 1281
f 1754 1747 1752
f 1899 1888 1893
f 826 772 766
f 1582 1497 1457
f 625 566 530
f 1947 1845 1846
f 33 25 27
f 461 467 389
f 84 82 17
f 1069 1097 1171
f 846 796 835
f 1227 1258 1125
f 219 105 106
f 527 435 486
f 1686 1837 1907
f 1030 953 1009
f 369 358 404
f 289 225 212
f 1718 1580 1673
f 451 378 478
f 1699 1625 1700
f 1880 1872 1879
f 457 307 408
f 511 402 446
f 1289 1209 1210
f 262 217 251
f 1741 1740 1716
f 1917 1913 1912
f 1821 1816 1815
f 1097 1022 1117
f 1408 1208 1307
f 865 759 805
f 122 113 120
f 595 495 502
f 629 578 568
f 576 691 546
f 845 781 702
f 1822 1819 1817
f 1595 1536 1664
f 1019 987 1144
f 1274 1145 1273
f 177 175 183
f 1517 1458 1564
f 305 379 431
f 368 288 277
f 141 142 147
f 817 772 826
f 1499 1358 1416
f 1496 1346 1473
f 1163 1051 1116
f 974 949 1036
f 589 489 519
f 1753 1754 1752
f 185 65 68
f 553 523 480
f 639 527 558
f 930 957 1000
f 1707 1643 1709
f 892 807 903
f 1089 972 984
f 590 452 552
f 217 190 187
f 697 527 689
f 437 513 567
f 1400 1331 1306
f 1908 1900 1906
f 983 941 902
f 310 210 247
f 224 155 151
f 460 337 374
f 1006 1047 1063
f 61 58 56
f 943 846 934
f 825 937 842
f 217 187 183
f 1007 951 904
f 1615 1586 1510
f 1789 1786 1785
f 1265 1307 1190
f 442 477 352
f 1435 1238 1401
f 76 2 1
f 1712 1734 1735
f 460 549 453
f 530 566 450
f 1611 1601 1585
f 1109 1164 1260
f 1195 1165 1213
f 1592 1612 1581
f 1642 1505 1596
f 1621 1513 1668
f 413 291 324
f 856 764 755
f 10 6 11
f 1174 1200 1084
f 961 854 921
f 1704 1925 1927
f 325 270 341
f 1376 1274 1428
f 859 826 766
f 1720 1736 1626
f 1267 1163 1116
f 491 380 462
f 1810 1657 1704
f 1148 1114 1118
f 1250 1343 1254
f 804 817 837
f 1505 1466 1412
f 271 218 194
f 1213 1207 1269
f 1254 1127 1142
f 230 194 73
f 1778 1782 1768
f 827 876 887
f 380 365 462
f 1066 979 1012
f 894 818 786
f 1848 1847 1627
f 1803 1804 1793
f 1505 1412 1375
f 409 412 387
f 939 898 760
f 1324 1261 1228
f 1614 1533 1519
f 1853 1953 1713
f 1437 1506 1456
f 1590 1548 1609
f 1679 1588 1569
f 1526 1472 1525
f 1940 1932 1938
f 760 898 700
f 1011 959 878
f 811 810 882
f 796 703 753
f 178 96 60
f 1313 1187 1251
f 1290 1459 1336
f 1747 1751 1666
f 1505 1607 1490
f 333 197 198
f 96 67 60
f 1204 1102 1131
f 300 315 255
f 8 7 5
f 1707 1817 1813
f 572 501 494
f 1225 1110 1075
f 25 32 24
f 1409 1312 1404
f 1100 1052 1154
f 231 280 343
f 775 643 695
f 1465 1421 1388
f 1177 1102 1204
f 1493 1358 1499
f 1456 1481 1371
f 1703 1799 1701
f 900 834 743
f 757 686 716
f 1852 1851 1713
f 1857 1831 1856
f 122 117 113
f 1322 1215 1132
f 1171 1097 1160
f 138 134 222
f 1074 1021 1027
f 800 746 723
f 945 893 843
f 158 143 150
f 1387 1503 1587
f 1030 1039 923
f 1682 1717 1622
f 1852 1948 1851
f 1652 1568 1576
f 1748 1749 1756
f 559 458 437
f 1427 1446 1571
f 1727 1648 1614
f 282 144 148
f 1615 1510 1567
f 446 467 545
f 1422 1318 1390
f 503 430 414
f 35 34 31
f 814 886 822
f 583 522 521
f 877 887 944
f 821 896 813
f 1776 1773 1888
f 1055 912 1050
f 92 90 268
f 182 176 180
f 1908 1907 1903
f 1802 1805 1801
f 1784 1899 1903
f 511 465 402
f 1350 1199 1298
f 967 929 821
f 253 217 262
f 893 965 880
f 606 559 604
f 1492 1238 1435
f 1229 1196 1271
f 1318 1294 1213
f 1867 1864 1833
f 1759 1697 1722
f 1516 1550 1377
f 1910 1838 1797
f 1033 978 1054
f 1003 1026 836
f 1866 1860 1859
f 873 789 775
f 610 642 588
f 267 76 195
f 1442 1459 1290
f 1946 1944 1949
f 1462 1345 1434
f 332 349 448
f 966 914 1014
f 1953 1949 1952
f 841 751 820
f 263 227 229
f 1930 1922 1924
f 1713 1669 1570
f 1707 1813 1732
f 707 622 667
f 1906 1901 1909
f 1338 1315 1460
f 1797 1651 1671
f 1466 1317 1412
f 1353 1229 1425
f 1168 1096 1066
f 1245 1113 1177
f 335 411 304
f 207 153 159
f 591 518 555
f 1271 1196 1175
f 26 27 21
f 930 824 957
f 296 251 303
f 1304 1157 1354
f 1615 1671 1586
f 1012 893 970
f 683 633 669
f 1223 1206 1233
f 1214 1089 1235
f 1086 1144 987
f 393 330 343
f 1382 1395 1258
f 1014 914 996
f 68 65 64
f 6 10 2
f 1750 1749 1745
f 1929 1926 1923
f 1559 1535 1557
f 1246 1123 1245
f 1190 1077 1067
f 677 620 570
f 1944 1940 1938
f 209 163 211
f 950 904 903
f 359 264 421
f 435 369 404
f 1559 1511 1494
f 1227 1125 1126
f 37 32 33
f 1836 1834 1884
f 1794 1641 1686
f 757 887 877
f 1854 1589 1654
f 558 486 457
f 668 623 696
f 38 41 36
f 290 228 270
f 1399 1469 1328
f 389 467 425
f 1230 1183 1182
f 976 944 876
f 1773 1646 1771
f 716 631 648
f 1656 1556 1620
f 1706 1606 1678
f 526 476 466
f 934 926 982
f 694 597 625
f 348 279 271
f 1252 1169 1167
f 1740 1744 1715
f 768 795 684
f 1016 936 1049
f 967 821 886
f 1142 1127 1070
f 978 859 879
f 614 552 531
f 326 295 91
f 1227 1340 1258
f 335 304 293
f 1841 1797 1671
f 1592 1625 1612
f 766 664 649
f 113 108 114
f 200 199 237
f 1743 1717 1682
f 62 64 61
f 1707 1732 1652
f 1558 1445 1467
f 1951 1947 1846
f 1632 1619 1675
f 5 7 4
f 643 628 553
f 163 161 160
f 1902 1894 1783
f 398 272 367
f 1178 1080 1172
f 1822 1817 1709
f 715 619 589
f 251 225 303
f 1636 1623 1492
f 1040 1095 932
f 1377 1514 1408
f 472 381 380
f 1157 1107 1121
f 1827 1825 1823
f 1725 1647 1648
f 1515 1418 1493
f 1877 1758 1698
f 1489 1434 1370
f 1697 1564 1624
f 556 457 496
f 1490 1317 1466
f 419 320 298
f 1179 1081 1161

