# https://github.com/mikedh/trimesh
v -1.98225464 -1.97707303 -0.90555561
v -1.99876179 -2.00024171 -0.85481460
v -1.99553575 -1.99967940 -0.57678712
v -1.99475183 -2.00007279 -0.25927354
v -2.00220742 -1.99695321 -0.10798372
v -2.00201621 -1.92365666 -0.64659036
v -2.00345053 -1.89663394 -0.39067841
v -2.00087013 -1.87700804 -0.88646812
v -2.00472440 -1.81842788 -0.20968027
v -1.99291052 -1.88288553 -0.11005192
v -2.00239505 -1.59944208 -0.77801485
v -1.99668397 -1.58831437 -0.89915414
v -2.00208272 -1.61986502 -0.49436713
v -1.99855961 -1.60521539 -0.14506304
v -2.00228729 -1.51469799 -0.24294970
v -2.00197663 -1.31715842 -0.58066417
v -2.00178255 -1.25562598 -0.36439315
v -1.99355521 -1.39912172 -0.15789544
v -2.00398483 -1.24630614 -0.85069437
v -1.99284400 -1.32263275 -0.89973242
v -2.00247683 -1.26732965 -0.21306371
v -2.00260748 -1.13457693 -0.72824050
v -1.99433865 -1.21394374 -0.17899180
v -1.99864139 -1.10381754 -0.89443971
v -2.00177183 -1.00575490 -0.53558225
v -2.00322880 -1.03301211 -0.28608520
v -1.98562898 -1.02515192 -0.19305178
v -1.99451484 -0.88163118 -0.89837743
v -2.00268330 -0.83085166 -0.84176893
v -1.99928154 -0.85354199 -0.21734139
v -2.00181212 -0.81495498 -0.65390916
v -2.00163927 -0.75380685 -0.40129230
v -2.00296082 -0.69032462 -0.26778809
v -2.00234427 -0.60521974 -0.64678408
v -1.99495234 -0.61596903 -0.90017784
v -1.99448695 -0.48133466 -0.25091054
v -2.00283780 -0.54055622 -0.85598982
v -2.00198163 -0.54019538 -0.33090217
v -2.00242915 -0.41263376 -0.50705142
v -2.00224652 -0.42900744 -0.72662241
v -1.99587001 -0.30491069 -0.90025789
v -2.00229301 -0.20730744 -0.82860363
v -2.00301589 -0.25246802 -0.34775636
v -2.00212516 -0.16720401 -0.63939644
v -1.99958672 -0.18239351 -0.28571019
v -1.99573316 -0.09836714 -0.90124453
v -2.00255646 0.04793577 -0.45334343
v -2.00184669 0.15247653 -0.80838407
v -2.00182189 0.08326147 -0.63027228
v -1.99223246 0.14320396 -0.90038759
v -1.99951376 0.16939913 -0.31939287
v -2.00124611 0.26283191 -0.55342854
v -2.00439753 0.25420754 -0.36374603
v -1.99977555 0.43171941 -0.89818830
v -2.00282897 0.51813058 -0.73143137
v -2.00399985 0.48886816 -0.50523094
v -1.99465694 0.47436164 -0.34736759
v -1.99327554 0.67334621 -0.36605317
v -2.00315537 0.79376082 -0.79436249
v -1.99972643 0.71096186 -0.89473403
v -2.00349798 0.64749484 -0.39041270
v -2.00279083 0.72729795 -0.42437560
v -2.00216140 0.78002708 -0.61183120
v -1.99894490 0.97791247 -0.40610013
v -1.99609532 1.00251572 -0.90024466
v -2.00335731 0.90791087 -0.47276092
v -2.00371136 1.13350408 -0.55920781
v -2.00342454 1.08346192 -0.83045752
v -1.99695005 1.14176278 -0.41499601
v -2.00073709 1.22611360 -0.89004994
v -2.00292530 1.33539371 -0.74400509
v -2.00332417 1.40574710 -0.51924420
v -1.99722137 1.40243403 -0.43999136
v -2.00029435 1.40103857 -0.89413030
v -2.00256028 1.59696309 -0.74727316
v -1.99969472 1.76712958 -0.89820583
v -2.00198473 1.71211903 -0.50626380
v -2.00439896 1.84412281 -0.76897783
v -1.98794927 1.66119020 -0.46261255
v -1.93546953 1.89033763 -0.90461779
v -1.99625387 1.87719457 -0.48789454
v -2.00349154 1.95632641 -0.61438466
v -1.99846925 1.99049465 -0.89398510
v -1.99395813 1.99986879 -0.83005936
v -1.99474325 2.00058429 -0.67574764
v -1.99234476 1.99877922 -0.53882635
v -1.98378958 1.98837344 -0.49130974
v -1.94052972 -2.00516231 -0.41619817
v -1.95898213 -1.73500748 -0.90560616
v -1.94534649 -1.66054221 -0.12262522
v -1.94159450 -1.39327420 -0.90321154
v -1.90568842 -0.77152433 -0.90327884
v -1.97406282 -0.67389967 -0.22377537
v -1.82726182 -0.53844252 -0.21772201
v -1.83913292 -0.41660203 -0.90203608
v -1.94513740 -0.23059534 -0.26561738
v -1.81727685 -0.15774490 -0.90272100
v -1.84045329 0.07913534 -0.90293510
v -1.97077980 0.05117659 -0.29666395
v -1.96600475 0.29348193 -0.90343637
v -1.94161214 0.31703876 -0.31810553
v -1.86796369 0.40802435 -0.90211184
v -1.93403639 0.61098258 -0.90524150
v -1.94613923 0.79446630 -0.36835639
v -1.85585870 0.83884625 -0.90364427
v -1.82454695 1.07640461 -0.90215249
v -1.95240702 1.19077282 -0.90247388
v -1.89269747 1.23025422 -0.40379850
v -1.96476521 1.37519543 -0.90209753
v -1.86841716 1.73133699 -0.90348036
v -1.85585036 1.67731969 -0.44328154
v -1.88606085 2.00325505 -0.80581678
v -1.85001602 -1.99981900 -0.89602370
v -1.84177842 -2.00397225 -0.76632435
v -1.80814638 -1.99872930 -0.07671554
v -1.97270812 -1.99271818 -0.86831666
v -1.96374812 -1.99691637 -0.65487666
v -1.97856535 -1.99589963 -0.48505772
v -1.94426121 -1.99783893 -0.29913942
v -1.99200167 -1.98581202 -0.27693210
v -1.99164905 -1.97215076 -0.13703492
v -1.99686756 -1.93363710 -0.53586007
v -1.99912729 -1.84663852 -0.20044049
v -1.91079201 -1.93604620 -0.90905953
v -1.97436847 -1.87652643 -0.89028055
v -1.99797859 -1.77939208 -0.75737638
v -1.99848570 -1.81028374 -0.43583597
v -1.99302830 -1.72679611 -0.13546955
v -1.99379029 -1.68695565 -0.88561482
v -1.99804177 -1.40853228 -0.31782673
v -1.99817743 -1.51959939 -0.57669933
v -1.85328044 -1.60753794 -0.90276963
v -1.99840059 -1.43863572 -0.77735973
v -1.87482657 -1.76213975 -0.10727853
v -1.98571457 -1.42723383 -0.89392454
v -1.97837128 -1.45355411 -0.15720690
v -1.79662527 -1.47872217 -0.11883527
v -1.99763169 -1.38078107 -0.85576034
v -1.90574469 -1.22322942 -0.15938937
v -1.99810447 -1.15969421 -0.59927590
v -1.98092641 -1.22490980 -0.18170909
v -1.99505581 -1.24758144 -0.87476439
v -1.93339409 -1.17758270 -0.90462513
v -1.99715962 -0.97100742 -0.28635908
v -1.99642124 -1.08501841 -0.83573926
v -1.95429530 -1.01790954 -0.90475685
v -1.99782385 -0.78276323 -0.50374318
v -1.98237004 -1.08762522 -0.89331962
v -1.98483481 -0.92666845 -0.21152891
v -1.98413314 -0.86915331 -0.89342512
v -1.99767126 -0.93874677 -0.83085359
v -1.87992825 -0.86335938 -0.19191703
v -1.99851884 -0.75529449 -0.84724040
v -1.98353376 -0.58716938 -0.24175672
v -1.99498119 -0.41379218 -0.88173206
v -1.99853482 -0.54892866 -0.66182352
v -1.99861111 -0.35922536 -0.37358118
v -1.99827828 -0.17413150 -0.69520421
v -1.99403705 -0.30560948 -0.27725590
v -1.98887457 -0.06110542 -0.29717035
v -1.98039760 -0.01728864 -0.89485920
v -1.99725475 0.09697734 -0.38993899
v -1.99788560 0.13855134 -0.63561798
v -1.98584237 0.17049585 -0.31964780
v -1.99748673 0.26408510 -0.82672561
v -1.98128881 0.37263022 -0.89541508
v -1.98563184 0.34610198 -0.33666859
v -1.99616780 0.49725185 -0.43464444
v -1.98550333 0.58957402 -0.36124305
v -1.84572043 0.57407693 -0.33181764
v -1.99865450 0.70237784 -0.66737104
v -1.99628725 0.75691919 -0.87336297
v -1.99712052 0.85759680 -0.41733600
v -1.96411790 0.66827659 -0.89316446
v -1.99863495 1.04077677 -0.70270825
v -1.99298133 0.91670160 -0.88164855
v -1.92461266 0.97955327 -0.38303749
v -1.99771180 1.08893971 -0.85196252
v -1.98938574 1.02893202 -0.40989680
v -1.98178043 1.15031724 -0.89269567
v -1.99537219 1.12838833 -0.45991124
v -1.97012581 1.08868222 -0.41016606
v -1.97425689 1.23513226 -0.42390753
v -1.99574508 1.46279256 -0.88070370
v -1.99728455 1.51518147 -0.52200831
v -1.99135246 1.43190102 -0.45256833
v -1.99841656 1.40835146 -0.78140516
v -1.86691679 1.45991139 -0.42286984
v -1.92523374 1.44070391 -0.43521569
v -1.99877681 1.64923040 -0.72649915
v -1.97935333 1.61816995 -0.46226103
v -1.98620333 1.83767812 -0.48609967
v -1.99639716 1.86306850 -0.87393624
v -1.99953427 1.86592881 -0.63482285
v -1.86485733 1.91555683 -0.46593753
v -1.99155106 1.97460167 -0.86906756
v -1.99162259 1.98088209 -0.55576051
v -1.98503246 1.99384300 -0.73992784
v -1.87554731 1.99884455 -0.89670754
v -1.81604995 2.00219671 -0.56572480
v -1.90686430 1.99724214 -0.48654742
v -1.91233458 -1.99463280 -0.12305994
v -1.93409004 -1.64381154 -0.89745379
v -1.95308031 -1.28055205 -0.89805807
v -1.93946828 -1.11297299 -0.17997775
v -1.86124601 -0.97020866 -0.89853669
v -1.83754649 -0.85957135 -0.19124683
v -1.94875779 -0.67626788 -0.89791281
v -1.76078882 -0.25868367 -0.24025702
v -1.81704964 0.16694085 -0.28690723
v -1.79131784 0.05074434 -0.27540363
v -1.88177909 0.18445627 -0.89860106
v -1.81037678 0.39747290 -0.31295557
v -1.88129463 0.72746734 -0.35640956
v -1.96070971 0.81589059 -0.89393026
v -1.81411828 0.96449225 -0.37028489
v -1.89308752 1.29203789 -0.89823873
v -1.93912925 1.62990920 -0.89636875
v -1.83194246 1.77218644 -0.45291547
v -1.93501605 1.89726703 -0.89802522
v -1.88478269 1.98185937 -0.48427556
v -1.85131206 -1.99918778 -0.79302634
v -1.73336186 -1.99837442 -0.53287310
v -1.92542901 -1.97767408 -0.89365900
v -1.80891122 -1.91109021 -0.07782958
v -1.72985377 -1.81864818 -0.89925999
v -1.82557787 -1.33280225 -0.14140397
v -1.81228532 -1.47488280 -0.89838833
v -1.78159179 -1.19593848 -0.89820469
v -1.81198015 -0.99142821 -0.90227092
v -1.75052037 -0.62307711 -0.20183384
v -1.87556185 -0.41593756 -0.89729530
v -1.89358892 -0.10293351 -0.89842356
v -1.76160898 -0.24872324 -0.23739904
v -1.80401434 0.56269984 -0.89800371
v -1.85522594 0.98267393 -0.89781983
v -1.86536636 1.14385848 -0.39542515
v -1.76042308 1.29257242 -0.90199388
v -1.85295906 1.98421995 -0.89400185
v -1.86061062 1.99847428 -0.65773887
v -1.76912274 -2.00388189 -0.17780041
v -1.82519187 -0.07670237 -0.26398925
v -1.79276075 1.50784390 -0.90192146
v -1.80004420 -1.68616851 -0.09958725
v -1.76520504 -1.84971936 -0.90328730
v -1.72933950 -1.43772586 -0.90205944
v -1.78610482 1.54352598 -0.89803041
v -1.70631160 -2.00207527 -0.55958188
v -1.69932677 -1.99867948 -0.26472879
v -1.63912119 -1.98110779 -0.89282233
v -1.66531565 -1.87744256 -0.06659340
v -1.74506082 -1.15424629 -0.90203674
v -1.73963060 -0.62755153 -0.89805771
v -1.62212433 0.13477556 -0.89815719
v -1.74211611 0.88110213 -0.34734533
v -1.66751673 -1.30710836 -0.11707028
v -1.66066005 0.63626782 -0.90189678
v -1.70890178 1.25612192 -0.89807928
v -1.66851630 1.77451818 -0.89846415
v -1.66923179 -1.99586447 -0.08270448
v -1.73324098 -0.71110268 -0.90194506
v -1.73849549 0.37748955 -0.29632244
v -1.65745665 1.34990351 -0.38556890
v -1.60863699 1.64552443 -0.40781895
v -1.71935620 1.08851366 -0.36458231
v -1.70781125 1.99234263 -0.45500664
v -1.66388275 -0.13250096 -0.89849306
v -1.67219891 1.80264871 -0.42879052
v -1.54626729 1.99847977 -0.55064804
v -1.57092597 2.00306575 -0.77142180
v -1.69445636 -1.02176120 -0.14985898
v -1.65607430 -0.77596803 -0.16895083
v -1.68941845 0.73320584 -0.32864160
v -1.69613506 1.44602410 -0.39712758
v -1.58502497 -1.18383767 -0.12119587
v -1.56129231 -0.39383958 -0.89804549
v -1.55923976 1.93160526 -0.90204228
v -1.60848810 1.96916644 -0.44229240
v -1.62445738 1.99585359 -0.88034768
v -1.61219241 -0.93214594 -0.90192045
v -1.63323500 -0.01490478 -0.24136981
v -1.59251906 1.72595470 -0.90223289
v -1.61142983 -1.55267377 -0.08845395
v -1.58354320 -0.92000123 -0.89800084
v -1.62600614 0.89588742 -0.89825411
v -1.59495212 -1.99783643 -0.89466966
v -1.56354024 -2.00227864 -0.25042228
v -1.54248824 -0.85164438 -0.14867883
v -1.60479607 -0.41397026 -0.90190596
v -1.52550985 0.39175109 -0.90189649
v -1.62150051 0.57351701 -0.29858393
v -1.61209311 1.09554951 -0.35334931
v -1.59023203 1.30050127 -0.36664040
v -1.62369384 2.00226633 -0.55127359
v -1.66300406 -1.95922633 -0.90465099
v -1.55199899 -1.56333538 -0.07448397
v -1.58192243 -1.27698179 -0.89799101
v -1.54874255 -0.52203719 -0.18191759
v -1.63795342 -0.37343383 -0.20635135
v -1.52602055 0.83607583 -0.90199781
v -1.60831048 1.58576004 -0.39786074
v -1.46628489 1.91942398 -0.89803828
v -1.40921535 1.99930279 -0.75643755
v -1.53397395 1.99933974 -0.89499439
v -1.56917777 -1.88456758 -0.04265111
v -1.54003550 0.15822022 -0.90196110
v -1.51732017 1.46403317 -0.89800102
v -1.58227922 1.50393431 -0.90193255
v -1.59997179 -1.99726053 -0.75150258
v -1.49077012 -1.74144955 -0.90218348
v -1.56170442 0.22741316 -0.25489526
v -1.58986761 0.77474134 -0.31397671
v -1.49774899 1.06122307 -0.90194608
v -1.58114697 -1.54816242 -0.89807607
v -1.50853433 -1.72641571 -0.05531425
v -1.54026558 -1.20426084 -0.90186102
v -1.53382685 -0.18561386 -0.20956954
v -1.43455650 -0.12613069 -0.20460809
v -1.50685896 0.20841341 -0.24877576
v -1.52820792 -0.89516373 -0.13781815
v -1.54026009 -0.56589408 -0.17232763
v -1.47774901 -0.15604471 -0.90210874
v -1.57080628 0.40654026 -0.27423666
v -1.43867936 0.71813409 -0.28961731
v -1.52298083 1.04018299 -0.33052848
v -1.47375764 1.90772740 -0.40867136
v -1.42894139 0.50143348 -0.26651893
v -1.45960762 1.99498479 -0.43766878
v -1.51766183 -2.00171395 -0.04745873
v -1.41110577 -1.74607666 -0.89815701
v -1.47563292 -1.49350937 -0.90189553
v -1.52490844 0.49324678 -0.89802880
v -1.42449774 1.73413436 -0.38515947
v -1.45703699 -2.00254722 -0.74182350
v -1.47806694 -1.99811287 -0.47784994
v -1.42197420 -1.92186590 -0.90451045
v -1.44168152 -1.73971601 -0.03991136
v -1.42581632 -0.63478740 -0.90193797
v -1.47244884 -0.37887193 -0.18093019
v -1.30475606 -0.35748256 -0.16181300
v -1.45586659 0.73537914 -0.89806593
v -1.50792684 1.15204207 -0.89802987
v -1.42388215 -1.32963820 -0.07810503
v -1.49726142 -1.04995676 -0.11705150
v -1.41708567 0.92678933 -0.30326609
v -1.45732965 -0.69768624 -0.89804406
v -1.42138376 1.32349710 -0.90184958
v -1.44699587 1.99949376 -0.42826928
v -1.42038192 -1.93817480 -0.02172849
v -1.40917446 -0.45632000 -0.90194220
v -1.38771488 0.04383786 -0.21062013
v -1.35945513 2.00225322 -0.53488726
v -1.37805821 -1.99780484 -0.11755774
v -1.34573104 -0.90265264 -0.90191544
v -1.39203121 0.65800516 -0.27263857
v -1.39122095 0.98380141 -0.30907051
v -1.35952498 1.31282239 -0.33727018
v -1.32765164 -2.00191505 -0.36312295
v -1.34379639 -1.24196895 -0.90185017
v -1.38290228 0.01133434 -0.89805771
v -1.38815464 -1.98902293 -0.00788504
v -1.34367432 -1.99849172 -0.68320263
v -1.31361081 -1.99801381 -0.38059447
v -1.30450644 -1.42036118 -0.89793063
v -1.35748603 -1.06038930 -0.89798422
v -1.41417458 0.41499482 -0.25170294
v -1.38133552 0.29659121 -0.89801783
v -1.42554225 1.99370520 -0.88423152
v -1.27537670 -0.24724113 -0.89805389
v -1.37736346 0.04066641 -0.90195639
v -1.37187066 1.48259620 -0.35215158
v -1.34351673 1.63754432 -0.90201152
v -1.33775463 -2.00080915 -0.89460249
v -1.41592338 -1.99702509 -0.84191699
v -1.37101843 -1.43254747 -0.06423108
v -1.37995197 -0.72803982 -0.13108673
v -1.28166356 -0.18202077 -0.17208416
v -1.31657376 0.52496998 -0.90192945
v -1.29163315 1.01411025 -0.89807052
v -1.34977414 1.87933533 -0.39240012
v -1.41385843 -1.20097996 -0.09759832
v -1.37343802 -0.87173216 -0.11944937
v -1.28560068 0.27239005 -0.21814131
v -1.24699368 0.55278246 -0.89802671
v -1.24795415 1.78529875 -0.89822430
v -1.22207941 -1.74058457 -0.01047633
v -1.40929439 -0.96005662 -0.12580400
v -1.41026451 -1.05079658 -0.11129269
v -1.20718219 -0.51856679 -0.13286078
v -1.33595385 -0.49765296 -0.89803285
v -1.29386880 1.10066311 -0.90193416
v -1.31688549 1.66944520 -0.36650796
v -1.23446836 2.00400536 -0.81111086
v -1.36000766 -1.98241229 -0.89322204
v -1.38826527 -1.20061781 -0.09156259
v -1.27832927 -0.43631184 -0.14571285
v -1.23905327 0.22006278 -0.20987512
v -1.30633010 1.19347338 -0.31335617
v -1.21630301 1.37592976 -0.90193857
v -1.23918511 -1.61428817 -0.02194979
v -1.28003015 -1.12183370 -0.18283633
v -1.33539690 -0.96149434 -0.16570092
v -1.25243797 0.21861015 -0.90191145
v -1.25441601 0.82013063 -0.26815731
v -1.08807554 1.29103951 -0.89803375
v -1.30800523 1.51916616 -0.89807708
v -1.24897291 -1.88557227 0.00416789
v -1.26591815 -1.14746876 -0.17412653
v -1.21208574 0.87054174 -0.90193869
v -1.28941788 1.89307968 -0.90218759
v -1.23410286 -1.98300477 0.00522763
v -1.30225720 -1.25599833 -0.11794315
v -1.28438010 -1.00366070 -0.18225966
v -1.24512829 -0.81759547 -0.16853278
v -1.20168688 -0.79886998 -0.89805336
v -1.28789772 -0.72102846 -0.13056564
v -1.26532044 1.99658792 -0.86928351
v -1.24167540 -2.00252755 -0.08132938
v -1.25389018 -1.48615261 -0.90184743
v -1.31290199 -1.35013898 -0.06609209
v -1.29191770 -1.33704056 -0.09497319
v -1.15021672 -0.00869884 -0.17360071
v -1.26320567 -1.89133234 -0.89773531
v -1.20936574 -1.77641840 -0.90187693
v -1.22359552 -0.83527981 -0.19536013
v -1.20462324 0.42787044 -0.22155444
v -1.13398554 -0.17899884 -0.90192241
v -1.21823384 1.62187092 -0.34300277
v -1.18352904 1.85308306 -0.36112846
v -1.09379699 1.99851601 -0.57259328
v -1.10677649 0.52088098 -0.22015710
v -1.11792757 1.99517362 -0.38293824
v -1.20912387 1.99825255 -0.89852835
v -1.09066297 -2.00246950 -0.79896332
v -1.16697730 -1.99544723 -0.87781722
v -1.19651689 -0.63797072 -0.90190459
v -1.23522272 -0.65798369 -0.12018061
v -1.16281666 0.26955120 -0.89803255
v -1.03965582 0.79378693 -0.89803536
v -1.17954304 1.01254265 -0.28010530
v -1.10914757 -2.00197239 -0.58722145
v -1.18053617 -1.98624726 0.02436466
v -0.99815418 -1.99794348 -0.53417439
v -1.09687914 -1.99809785 -0.11530818
v -1.09705438 -0.48530335 -0.89802534
v -1.14513769 0.65344767 -0.90190423
v -1.10138585 0.80002312 -0.24703794
v -1.17084302 1.00898461 -0.27446637
v -1.15567603 1.97052710 -0.36755888
v -1.23313524 2.00062339 -0.39916585
v -1.18984069 -1.48744019 -0.03482419
v -1.21611621 -1.45286407 -0.03849052
v -1.17978765 -1.22345074 -0.19276572
v -1.20134224 -0.97406204 -0.22502440
v -1.15468158 -0.06054507 -0.89805872
v -1.05593588 0.04981725 -0.90191759
v -1.16261091 0.64694266 -0.23713819
v -1.11074354 1.34259622 -0.29887018
v -1.11359038 1.59920041 -0.32900912
v -1.13514938 1.61248724 -0.90202100
v -1.01824572 1.99456613 -0.87872041
v -1.14397993 -1.97799428 -0.90454406
v -1.07800164 -1.99851366 -0.78231651
v -1.14364602 -1.38150086 -0.11312816
v -1.13530149 -1.27700330 -0.90188594
v -1.16098096 1.34549574 -0.31068356
v -1.11213901 1.85186617 -0.35437793
v -1.06528248 1.85447328 -0.90222503
v -1.08938136 -1.65954586 -0.89797057
v -1.10409750 -1.56565280 -0.90184505
v -1.14626529 -1.36859204 -0.12751111
v -1.15335323 -0.99346943 -0.90185357
v -1.07174386 -0.70575178 -0.19886764
v -1.04158451 -0.43631288 -0.90190984
v -1.06677665 0.03639777 -0.16160158
v -1.06720068 0.22860728 -0.18091197
v -1.01433863 2.00254385 -0.59636069
v -0.97973778 -1.99669691 -0.89679963
v -1.05552818 -1.19253649 -0.89800222
v -1.09821131 -1.10328789 -0.23792032
v -1.11596562 2.00347130 -0.43877400
v -1.08990981 -2.00184508 -0.33266685
v -1.01764287 -2.00251992 -0.08146294
v -1.09562017 -1.20893182 -0.20473384
v -1.05181362 0.41767119 -0.90196658
v -1.10308542 1.61484711 -0.89812476
v -1.10971059 -1.06776036 -0.23269028
v -1.05471506 -0.62584463 -0.16753394
v -1.08363296 -0.53396170 -0.12797098
v -1.01936306 1.21219985 -0.27211244
v -1.06465878 -0.91957952 -0.23284914
v -1.06655445 -0.37169898 -0.12018250
v -0.98392608 0.55832617 -0.89808054
v -1.07355692 0.49028741 -0.20815870
v -1.06914749 1.03775851 -0.89810515
v -1.01741065 1.16370801 -0.90195603
v -1.04482712 1.49917595 -0.30466659
v -1.04557480 1.68654863 -0.32362635
v -1.06120886 -2.00041457 0.02835303
v -1.08776202 -1.89371224 -0.89820743
v -0.90994682 -1.91923078 0.05139901
v -0.98377146 -0.94237186 -0.25369872
v -1.09436109 -0.52282089 -0.11358650
v -0.94278755 -0.15097861 -0.12397805
v -1.01066544 -1.72823329 0.02358936
v -1.06322016 -1.53233035 -0.00568670
v -1.03172996 -1.46650858 -0.06494903
v -1.00530805 -0.85354023 -0.89801962
v -0.93001284 -0.75546341 -0.90194095
v -0.95460894 -0.70073189 -0.21077479
v -0.94763412 -0.26862188 -0.89801730
v -1.00658454 -0.21215153 -0.13147575
v -0.89040186 0.96736960 -0.23266868
v -0.97902455 1.22056834 -0.27087537
v -1.02707471 -1.54894360 -0.00235148
v -1.00248279 -1.42885979 -0.10416393
v -0.99103202 -1.37714912 -0.89803708
v -0.96827533 0.73973171 -0.21696479
v -0.98559131 0.93581740 -0.23901924
v -0.99620177 1.45221440 -0.90194840
v -1.10342206 2.00267665 -0.37352795
v -1.04372420 -1.27957960 -0.19573742
v -0.94588246 1.99672668 -0.89750243
v -1.02431013 -1.98197241 -0.89309973
v -0.91330232 -1.92644365 -0.90476490
v -1.02761425 -1.90535160 0.04213498
v -0.94850184 -1.74104937 -0.90213651
v -0.96770157 -1.08480837 -0.90190060
v -0.90391852 0.03532128 -0.89802564
v -1.01940145 1.99787561 -0.35704465
v -0.91910603 -2.00180586 -0.53769381
v -0.94255402 -1.99241300 0.04002630
v -0.86993374 -1.78030844 -0.89837516
v -0.98882713 -1.29180779 -0.18101756
v -0.93200280 0.32506178 -0.89802475
v -0.91522636 0.49092613 -0.18451341
v -0.95480670 1.44796841 -0.28999389
v -0.90862276 1.92586200 -0.32697905
v -0.75765743 -2.00221785 -0.16286484
v -0.84632470 -1.70566137 0.04174251
v -0.92674007 -1.33930637 -0.90194935
v -0.93051471 -1.01708724 -0.24086648
v -0.91054596 0.28279929 -0.16669352
v -0.88682856 0.68967514 -0.20509622
v -0.92848827 0.76818327 -0.90195073
v -0.85291066 1.87754862 -0.31771589
v -0.96245994 1.93205707 -0.89612068
v -0.96863105 -1.15675493 -0.23593778
v -0.86034264 -0.48344892 -0.18334998
v -0.82768990 1.48549132 -0.89808864
v -0.82849659 1.72633187 -0.89808304
v -0.83491303 1.99840371 -0.46694017
v -0.98388233 -1.98449476 0.05608443
v -0.91981902 -1.94644161 -0.89898033
v -0.81106963 -0.59443952 -0.89803267
v -0.86391475 1.68585555 -0.90194924
v -0.88752021 -0.32223858 -0.11130902
v -0.85506060 -0.25380992 -0.90193988
v -0.82094540 1.16651468 -0.23802161
v -0.84339597 2.00448815 -0.80316503
v -0.92294766 2.00453321 -0.38119689
v -0.84685661 -1.99829956 -0.18475490
v -0.81082560 -1.91782256 0.07560021
v -0.89888741 -1.15251823 -0.22117370
v -0.87868323 -0.40327450 -0.13863284
v -0.92568817 -0.34242711 -0.10318115
v -0.85957314 -0.04466380 -0.90191741
v -0.82105114 0.07014195 -0.13190544
v -0.76406671 1.04532067 -0.89801342
v -0.71022858 -1.99771114 -0.73385806
v -0.88004806 -1.28505142 -0.18335859
v -0.79894640 -0.75105526 -0.23471551
v -0.83163883 0.23527072 -0.14601638
v -0.87415792 0.28647087 -0.90188522
v -0.74506392 -2.00182171 -0.83223374
v -0.86745526 -1.99542566 0.07170110
v -0.82540883 -1.96538551 -0.89565576
v -0.82355227 -1.62682863 0.04103736
v -0.80251958 -1.52304657 0.03086958
v -0.83996810 -1.48301287 -0.02314861
v -0.80459954 1.99962179 -0.32332204
v -0.77119674 -1.55041035 -0.89802385
v -0.83471324 -1.36938800 -0.11197381
v -0.81338860 -0.95803179 -0.24204468
v -0.79969730 0.97515051 -0.90190328
v -0.77215065 1.24699513 -0.90193612
v -0.81950345 1.42768280 -0.26375458
v -0.81132068 1.63661282 -0.28334747
v -0.81615664 -1.43090345 -0.07334809
v -0.79176070 -1.24582537 -0.16426260
v -0.80686500 -1.25228723 -0.89810474
v -0.81559243 -1.15573008 -0.21059267
v -0.75589277 -0.94830068 -0.90192289
v -0.79445006 -0.94387074 -0.89800865
v -0.72270824 1.29250602 -0.89806456
v -0.79511954 2.00031583 -0.78564716
v -0.70905330 1.99531118 -0.32465065
v -0.71024324 -0.64805210 -0.23923063
v -0.81216111 -0.44688619 -0.90191443
v -0.77773358 0.04641388 -0.11913616
v -0.80376138 0.73721568 -0.19483160
v -0.71745779 1.63881843 -0.27343140
v -0.75991263 -2.00134464 0.07460845
v -0.75018694 -1.50362559 -0.90191019
v -0.79552879 0.52904330 -0.17808581
v -0.68032433 0.76388912 -0.89807052
v -0.72848751 1.34265582 -0.24560303
v -0.74640431 1.99429338 -0.88079501
v -0.75317861 -1.53296013 0.03541608
v -0.73649766 0.46596859 -0.90195019
v -0.75799968 0.95239143 -0.20670945
v -0.72685422 1.81392829 -0.28844927
v -0.73301258 1.91700475 -0.90284569
v -0.70757451 -1.99799247 -0.46321119
v -0.69830020 -1.68360324 -0.90206010
v -0.76198222 -1.02701326 -0.21579778
v -0.79948379 -0.22940593 -0.09683217
v -0.69300278 -0.16179623 -0.89807422
v -0.64775505 0.12950890 -0.90201409
v -0.69657369 -0.52538673 -0.21245607
v -0.73423137 0.55910842 -0.89806772
v -0.74544861 2.00292007 -0.49134166
v -0.68773355 -1.99139817 -0.90008272
v -0.69465830 -2.00163014 -0.66240693
v -0.64768358 -1.79728897 0.08469479
v -0.64295186 -1.23206629 -0.90195549
v -0.64303734 1.53907792 -0.90196396
v -0.73859431 -1.99729844 0.02169380
v -0.67843588 -0.62767892 -0.90195168
v -0.59194841 -0.11981471 -0.12382095
v -0.63775708 -0.25838991 -0.17177374
v -0.72617068 0.31424592 -0.13878692
v -0.78137102 0.50267891 -0.16978138
v -0.59271916 0.64765303 -0.90195442
v -0.68754788 -1.21092095 -0.14656104
v -0.67453601 -0.37016110 -0.89810831
v -0.69843759 -0.37618431 -0.18179294
v -0.76207568 -0.17457368 -0.10001642
v -0.62026336 -0.08773466 -0.90198643
v -0.66593953 0.38985590 -0.89806045
v -0.65875073 0.62645714 -0.20221142
v -0.64455851 0.84029691 -0.19073250
v -0.57189574 1.86334674 -0.27455733
v -0.67104222 -1.39094867 -0.01277586
v -0.61333706 0.94433932 -0.90192682
v -0.68423786 1.02877383 -0.20748479
v -0.61762192 -2.00185783 -0.45284183
v -0.68736919 -1.98381134 0.08581203
v -0.59474464 -1.87453087 -0.90327270
v -0.44704165 -1.60044368 0.09101742
v -0.57892736 -1.58781894 0.07413479
v -0.60612984 -0.97935362 -0.19279923
v -0.55639132 -1.99836166 -0.12092392
v -0.59334918 -1.86307915 -0.89934451
v -0.56530716 -1.86432214 0.09980640
v -0.55757846 -1.21884181 -0.89802498
v -0.56088795 -0.36970061 -0.90202475
v -0.65354933 -0.07231076 -0.08882989
v -0.68277021 0.27040766 -0.14114400
v -0.67385163 0.48358659 -0.18200658
v -0.52856322 0.30889122 -0.18444572
v -0.68544276 0.69906048 -0.19458795
v -0.62222119 1.42211322 -0.23356021
v -0.60374530 1.89445059 -0.89681185
v -0.63462849 -1.98090382 -0.89644397
v -0.64670791 -0.80031170 -0.22527325
v -0.59314330 -0.03753089 -0.10698183
v -0.59499468 0.02892236 -0.89810807
v -0.53718175 1.25464754 -0.90192939
v -0.52212902 1.92494528 -0.26541159
v -0.56378462 2.00327699 -0.79354889
v -0.49894967 2.00188415 -0.49634779
v -0.60394718 -1.19722338 -0.09925457
v -0.62878867 -0.80107398 -0.89810509
v -0.59993030 0.20293788 -0.89811570
v -0.61033793 1.11098842 -0.20069926
v -0.52599736 1.99881260 -0.89562179
v -0.61053320 -1.32984914 -0.02935425
v -0.62617030 0.13796328 -0.10862350
v -0.60930063 0.87777762 -0.17668688
v -0.46584835 -2.00265439 -0.04165138
v -0.61993887 -2.00213213 0.10537280
v -0.65050061 -1.97044189 0.10418677
v -0.48594196 -0.63932176 -0.22504798
v -0.57829745 0.25573103 -0.15533543
v -0.52207573 1.46808211 -0.89804978
v -0.45912876 1.99892847 -0.73563094
v -0.38922496 -2.00195797 -0.79593153
v -0.60661640 -1.41501631 0.05022772
v -0.58215602 -0.99861558 -0.16975755
v -0.58044054 -1.00817861 -0.90186525
v -0.57181885 -0.57902476 -0.22426214
v -0.42669024 1.09656815 -0.17562942
v -0.47004231 1.60605852 -0.22908477
v -0.49365677 -0.82933189 -0.90199257
v -0.46102275 0.57321755 -0.89802916
v -0.50897421 1.41583352 -0.21983612
v -0.53276821 1.86426394 -0.90195603
v -0.52319374 -1.33914437 0.04433686
v -0.52452048 -0.31965467 -0.20047546
v -0.50585170 0.41378842 -0.19114629
v -0.56548085 0.60088818 -0.19398054
v -0.56273164 0.73897652 -0.18204687
v -0.53561367 1.99801771 -0.36269487
v -0.55575182 -1.97538431 0.11759581
v -0.42729064 -1.97736569 -0.89584632
v -0.41946657 -1.52180572 -0.89779092
v -0.46397020 -1.45710047 -0.90169282
v -0.49427261 -1.21787979 -0.01499596
v -0.43879761 0.96251730 -0.89806403
v -0.50310620 1.20551507 -0.89803315
v -0.42241063 1.19831590 -0.18120351
v -0.49658825 1.74215190 -0.89818085
v -0.41488763 1.99789087 -0.49417926
v -0.47664734 2.00163643 -0.28513838
v -0.40809878 -0.97938343 -0.89803190
v -0.48488762 -0.36932364 -0.22170799
v -0.43180015 -0.19684653 -0.90198625
v -0.44969793 0.68862228 -0.18211181
v -0.42929049 -2.00193079 -0.26375006
v -0.39238204 -1.99440117 0.12486076
v -0.44308235 -0.81809513 -0.17350904
v -0.39265205 -0.77992498 -0.89808858
v -0.46887435 0.32544915 -0.90194196
v -0.37840791 1.39149849 -0.90192796
v -0.42475541 1.99643247 -0.87494595
v -0.49761387 1.97535221 -0.28297509
v -0.32102831 -1.99786027 -0.35754199
v -0.32466747 -1.66788919 -0.90226043
v -0.40497823 -1.15381511 -0.90191747
v -0.48250582 -0.69341380 -0.20754055
v -0.43968381 -0.62839197 -0.90199972
v -0.34098740 -1.99845369 0.14099858
v -0.39500471 -1.99801178 -0.62950767
v -0.47769888 -1.28706379 0.05561063
v -0.35401781 -1.00516255 -0.06655331
v -0.42465045 -0.57804945 -0.89810122
v -0.41864415 1.64470808 -0.22919317
v -0.37395342 -0.94920568 -0.09440504
v -0.33835103 -0.08417444 -0.89806903
v -0.37288972 -0.10996200 -0.19124893
v -0.33013280 0.81546585 -0.13407561
v -0.37998022 0.81640272 -0.13609886
v -0.40098770 0.83483295 -0.90197582
v -0.47352626 -1.99782737 -0.89924974
v -0.35152538 -1.35457279 0.08514243
v -0.39844437 -0.33475939 -0.89813090
v -0.51821544 0.01803611 -0.10147252
v -0.38188352 0.04643141 -0.16234570
v -0.41383453 0.19367538 -0.17749701
v -0.39233102 0.53650801 -0.90190888
v -0.38144102 0.41869132 -0.20426887
v -0.34483548 0.43750892 -0.19344495
v -0.36900749 0.94848911 -0.14828306
v -0.40641208 -0.08030956 -0.16552343
v -0.42761197 0.02944295 -0.13709804
v -0.29119577 0.30118768 -0.89801950
v -0.32550235 0.57343702 -0.17286862
v -0.34583082 0.74826173 -0.89807839
v -0.35989292 -1.92846353 0.14070999
v -0.38272776 -0.43694631 -0.21471024
v -0.26289507 1.61841647 -0.90203608
v -0.24824937 -1.79839702 -0.89890046
v -0.31854524 -1.61966951 0.11607433
v -0.20837190 -1.26903041 0.09426083
v -0.34654691 0.71192376 -0.14265866
v -0.35694857 1.09069745 -0.90194274
v -0.30523517 -2.00183316 -0.55267132
v -0.32461782 -1.99908336 0.01790527
v -0.23756738 -1.94168671 -0.90349145
v -0.24751397 -0.73900081 -0.13936804
v -0.38179495 0.08156668 -0.90191633
v -0.21912493 1.32919638 -0.89803631
v -0.27112712 1.58724896 -0.89813674
v -0.25937529 -0.41287347 -0.90197099
v -0.37277665 -0.23920705 -0.20515878
v -0.21956833 0.44022845 -0.18514236
v -0.36716594 -1.12866409 0.02062816
v -0.23192676 -0.50823669 -0.18655189
v -0.20810958 1.33066754 -0.16236980
v -0.23879589 1.85868017 -0.89806093
v -0.20387496 1.99357740 -0.24892854
v -0.30310269 -1.13703354 0.06407567
v -0.24931319 1.11929600 -0.89804340
v -0.23554297 1.39631502 -0.17700610
v -0.31847830 1.92773191 -0.24597126
v -0.34626390 1.99662106 -0.24806791
v -0.30978670 2.00407760 -0.82152087
v -0.26112385 -1.25444956 -0.89799184
v -0.25789310 -1.03830703 -0.90190227
v -0.23178645 -0.23743826 -0.21508702
v -0.31674870 0.29230897 -0.19548019
v -0.28580691 1.76521127 -0.21747192
v -0.21426495 2.00226085 -0.54797007
v -0.25966306 -1.99780233 -0.89625336
v -0.19351484 -2.00387974 0.09591541
v -0.26667990 -1.90550287 0.14834460
v -0.19344317 -0.49300034 -0.18827302
v -0.27382054 0.18321495 -0.19918238
v -0.22809305 2.00139467 -0.25090411
v -0.26260920 -1.46264024 -0.90173019
v -0.28888448 -0.08193137 -0.18568211
v -0.18186476 0.89602153 -0.89801706
v -0.29152586 -1.12449427 0.06900107
v -0.26851006 -0.67812367 -0.15385487
v -0.23295088 -0.60496305 -0.90188552
v -0.15383189 0.04007237 -0.90194351
v -0.22921063 0.09401505 -0.18489955
v -0.13228132 0.66803889 -0.90192927
v -0.13977094 0.65550940 -0.10293362
v -0.11995863 1.66841571 -0.18678940
v -0.18391998 1.91879670 -0.90242989
v -0.18150793 -2.00222643 -0.14318588
v -0.25592812 -1.99624224 -0.84945560
v -0.20745243 0.31536285 -0.90193970
v -0.17917560 0.90063421 -0.90192796
v -0.20965417 1.13878982 -0.14728146
v -0.11995249 1.90338604 -0.20371052
v -0.20297845 -0.95417862 0.01979149
v -0.20644708 -0.00195326 -0.19923159
v -0.14951389 0.12601064 -0.89807142
v -0.14862337 0.61679666 -0.89804489
v -0.05225523 1.99877088 -0.72257937
v -0.20198132 -1.89367397 0.16089215
v -0.14866792 -1.77812787 -0.90248949
v -0.15321659 -0.32257719 -0.89804203
v -0.16810586 1.16906182 -0.90192283
v -0.21674563 -0.79534869 -0.90191794
v -0.16025423 -0.76839136 -0.89800317
v -0.10581787 -0.25943868 -0.90192372
v -0.06389515 1.99727146 -0.89862258
v -0.19452410 -2.00179596 -0.41049800
v -0.11014264 -1.98254378 -0.89373965
v -0.00779330 -1.56673415 -0.89795447
v -0.11955555 -0.71482553 -0.07250344
v -0.16835387 -0.16754429 -0.20437589
v -0.14941131 0.55858449 -0.12850960
v -0.13260229 1.62551348 -0.18049135
v -0.09718050 -1.99805053 -0.18112386
v -0.05280145 -1.76608165 0.16653044
v -0.16597520 -1.30002435 -0.90190668
v -0.09405868 -1.11427887 -0.89803500
v -0.08427845 -1.06425806 0.09641576
v -0.10064476 0.66163461 -0.07917858
v -0.10285665 0.82417576 -0.09972055
v -0.11434524 1.92982833 -0.21483199
v -0.16611319 1.99486796 -0.88376863
v -0.09162726 1.99841420 -0.33137635
v -0.11263050 -0.31225766 -0.18933926
v -0.14139502 -0.00892373 -0.19348335
v -0.12644031 0.25235610 -0.19038219
v -0.10489484 0.80533640 -0.09412982
v -0.08145400 1.05686085 -0.11584721
v -0.08146717 -1.48838242 0.13872013
v -0.14766573 -2.00240250 -0.81495906
v 0.01031874 -1.99846514 -0.80249424
v -0.07614379 -1.99807294 -0.57167227
v -0.03376909 -1.41620584 0.13484228
v -0.09240152 -1.55811007 -0.90185381
v -0.12066366 -0.93872084 0.07661488
v -0.07072418 -0.75132568 -0.03402987
v -0.09642466 -0.55320333 -0.13228151
v -0.12230309 0.37425469 -0.17278621
v -0.09937825 -0.94340666 0.07635029
v -0.08997865 0.17485981 -0.19886652
v -0.04085394 1.35475354 -0.90195752
v -0.01030107 2.00287048 -0.77718074
v 0.09850025 -2.00196202 -0.34525923
v -0.09971981 -1.99471481 0.18299501
v -0.07990303 -1.99923475 0.04533841
v -0.09303542 -1.09084816 -0.90194465
v -0.04987856 0.44237195 -0.89806236
v -0.08683490 0.48710988 -0.14144843
v -0.05595868 1.54011552 -0.89820851
v 0.02392362 1.79405562 -0.90218271
v -0.04838805 -2.00210579 -0.64527942
v -0.04439517 -1.73668738 0.16882584
v 0.05640493 1.24797980 -0.11816574
v 0.02468891 1.25808768 -0.12002785
v 0.10150261 -2.00391324 0.16986913
v -0.01199709 -0.69310810 -0.90193576
v 0.02639167 -0.53655571 -0.89807839
v 0.08209835 -0.00458904 -0.19993211
v -0.00814705 -1.99450083 -0.90053428
v -0.03475060 -1.99464424 0.17502750
v 0.03935356 -1.95361634 0.20389993
v 0.03889964 -0.10859801 -0.89801163
v 0.01783453 1.10681836 -0.89808000
v 0.01370994 1.55513541 -0.90205640
v 0.03428574 1.99417536 -0.87717111
v 0.03794743 -0.86130960 -0.89802159
v -0.01600598 -0.75520073 0.02349609
v 0.03113334 -0.22848267 -0.19518242
v 0.04520453 0.02717320 -0.19441825
v 0.08693748 0.28323935 -0.90195782
v 0.05822016 1.62298004 -0.15152793
v 0.13413815 2.00213854 -0.47290517
v 0.00704561 -2.00238188 -0.85677148
v 0.05689785 -1.93652769 -0.89785952
v 0.06761001 -1.27201094 0.13986228
v -0.00191217 -0.43694481 -0.14399283
v 0.03157313 1.45788042 -0.14306750
v 0.03636942 -1.87694998 -0.90374679
v 0.03170229 -1.30467464 -0.90195925
v 0.10109388 -1.00221594 -0.90190668
v 0.08129194 0.58263545 -0.90193737
v 0.16339600 0.76224260 -0.89801986
v 0.05239193 0.98079698 -0.09194492
v 0.02635724 1.99381058 -0.21334680
v 0.03148891 2.00263755 -0.25309029
v 0.09385681 -1.04437299 0.11667097
v 0.08801569 -0.46209734 -0.90195537
v 0.08030085 -0.28787777 -0.89803452
v 0.00351990 0.30126791 -0.17198885
v 0.01009793 0.40693121 -0.13137294
v 0.18212497 0.90390985 -0.06016222
v 0.08586006 1.06478993 -0.90197904
v 0.16953723 1.99824469 -0.47774027
v 0.12154661 -2.00190778 -0.05177689
v 0.17108282 -1.99814148 -0.44685734
v 0.09520784 -1.52350171 0.16880018
v 0.08804465 -1.35945870 -0.89804346
v 0.09196682 -0.02643122 -0.90188826
v 0.00900362 0.25561945 -0.17295703
v 0.09148340 0.82137339 -0.90189678
v 0.10022877 1.33625834 -0.89804650
v 0.00927128 -0.81666814 0.08169887
v 0.00481338 -0.45381357 -0.12840393
v 0.08226837 0.12537239 -0.89802707
v 0.00632374 0.50129394 -0.10550439
v 0.03406016 0.60304789 -0.05826293
v 0.07719166 1.92374055 -0.18267725
v 0.08088258 1.93125670 -0.89545209
v 0.08130589 -1.99675663 0.20983861
v 0.24814167 -1.99816854 0.09862386
v 0.02587239 -0.85171206 0.08394322
v 0.00941039 -0.63465808 -0.04170737
v 0.05674979 -0.27532630 -0.17544823
v 0.01619826 -0.15675838 -0.18982560
v 0.09720906 1.99669330 -0.18551969
v 0.23486184 -2.00227411 -0.61359752
v 0.12232203 -1.60533948 -0.90185387
v 0.00615279 -0.74511226 0.01348510
v 0.04655586 -0.68890388 -0.02338411
v 0.13020084 0.21428500 -0.19284085
v 0.04802695 0.63309876 -0.06236391
v 0.07766118 -1.96364959 0.20423678
v 0.19086311 -1.68236990 0.19496559
v 0.12516561 -0.96122833 0.11540631
v 0.06147405 -0.62472244 -0.08069464
v 0.10345396 -0.57489396 -0.10822763
v 0.17281270 0.98978512 -0.89804990
v 0.11491507 1.74089543 -0.15855166
v 0.23468698 -1.99850400 -0.66725547
v 0.18316783 -0.94291757 0.05909309
v 0.18031123 -0.88320910 0.00357086
v 0.10450087 -0.42539417 -0.15771177
v 0.17674671 -0.49277230 -0.16602958
v 0.14869842 0.27370642 -0.17817048
v 0.18464344 0.49032603 -0.14227047
v 0.11703334 0.48013495 -0.13751073
v 0.10970460 0.75966744 -0.06320828
v 0.26837619 1.60945479 -0.90190012
v 0.20221415 1.76433961 -0.89812804
v 0.18070460 -1.99805029 -0.24728177
v 0.20464452 -1.78911777 0.21149897
v 0.13213195 -1.05943270 0.12954713
v 0.23663249 -1.15881027 -0.89803232
v 0.18305536 -0.18927290 -0.19161462
v 0.20269447 1.42835562 -0.11052948
v 0.19235348 -1.99796648 -0.89742161
v 0.15229329 0.42861502 -0.89807171
v 0.31006222 1.14430599 -0.06488478
v 0.15616713 1.40343313 -0.90194459
v 0.28618329 1.99706308 -0.26375926
v 0.21732419 -1.37432070 -0.90184695
v 0.27856256 -1.33689298 0.17406102
v 0.22769108 -0.66652161 -0.90191878
v 0.17765472 1.99981682 -0.89826746
v 0.17363427 -2.00314100 -0.83182133
v 0.29561154 -1.87340708 -0.90246356
v 0.27703943 -1.76423438 -0.89820410
v 0.16348147 -1.00154109 0.11494517
v 0.20388530 -0.78080793 -0.06032879
v 0.25489471 -0.33994236 -0.90194143
v 0.27552967 0.69508402 -0.10601125
v 0.21229107 1.13045363 -0.08287413
v 0.24577920 1.69055550 -0.13001302
v 0.30030792 2.00244205 -0.77169503
v 0.31579179 -1.35401942 0.18534907
v 0.33801075 -1.12661572 -0.90193666
v 0.24834418 -0.53181616 -0.89806039
v 0.18593844 0.70818965 -0.07575290
v 0.36716392 1.19917945 -0.90196026
v 0.23715211 -1.99542602 -0.88651229
v 0.23495283 -1.99586709 0.21203577
v 0.22989136 -0.00254311 -0.17906631
v 0.25739357 0.15688561 -0.89810670
v 0.18717549 0.76697855 -0.04698696
v 0.28112631 1.89996736 -0.14450538
v 0.25976143 1.95908348 -0.90350015
v 0.32123900 -2.00205059 0.07886311
v 0.30844983 -1.50855632 -0.89793665
v 0.30630669 -0.87619744 -0.89808042
v 0.25384367 -0.74272065 -0.11326020
v 0.28417554 -0.36813478 -0.19374325
v 0.24628616 0.16924189 -0.18231308
v 0.31250474 0.42416446 -0.90194125
v 0.26442112 0.96827809 -0.90192253
v 0.40974182 1.24675445 -0.06499850
v 0.30425694 1.50826351 -0.10722045
v 0.24417054 1.99639384 -0.88198394
v 0.33154873 2.00428311 -0.28141258
v 0.40533737 -1.93513818 0.25111102
v 0.33567570 -0.44000736 -0.19868939
v 0.28783127 0.96726219 -0.05779913
v 0.33193500 1.51361029 -0.89798004
v 0.34620550 1.99850146 -0.74966288
v 0.24719114 1.98547284 -0.17078611
v 0.26781493 -1.99512084 0.23962449
v 0.25750422 -0.51895972 -0.17156286
v 0.30259696 -0.15344770 -0.19539691
v 0.28739430 0.10316722 -0.18348930
v 0.28307108 0.83696084 -0.05594122
v 0.36013899 1.93305246 -0.14157977
v 0.27677241 -1.60829134 0.20449684
v 0.31716811 -1.19361253 0.16521769
v 0.31635712 -0.95372711 -0.03050054
v 0.31557881 -0.69435257 -0.14334352
v 0.44415186 -0.51224995 -0.90199871
v 0.39865476 -0.36213506 -0.89805026
v 0.30321185 -0.02921169 -0.90193439
v 0.39825646 -0.12129288 -0.89802230
v 0.29539828 0.44432597 -0.17714047
v 0.29262379 1.23324220 -0.89808328
v 0.34215502 1.77020113 -0.12715415
v 0.34249711 -0.15117856 -0.18060305
v 0.39028049 1.43417458 -0.90188021
v 0.43336528 -1.55473645 0.21886366
v 0.27951076 -1.12753166 0.13151186
v 0.36024323 -0.87534003 -0.90199608
v 0.40667300 0.37395595 -0.89806593
v 0.32283763 0.70959858 -0.12143885
v 0.43886184 1.99373381 -0.13318426
v 0.39528659 -0.99590953 -0.06024898
v 0.34719321 -0.01524063 -0.15117408
v 0.39613348 0.32104735 -0.18509325
v 0.38528838 0.42623244 -0.17514729
v 0.34455017 0.69906430 -0.90195365
v 0.43842168 0.95602195 -0.89802749
v 0.40340670 1.92072742 -0.89896918
v 0.41612564 -2.00193055 -0.23486780
v 0.53800608 -1.99822588 -0.09289246
v 0.46618017 0.23879056 -0.90197719
v 0.36410161 0.68151049 -0.89805711
v 0.35636134 1.80790631 -0.90220327
v 0.41009181 2.00205152 -0.57665385
v 0.39067287 -2.00194319 -0.43536896
v 0.42175461 -2.00524612 0.24570029
v 0.46799907 -0.17195477 -0.90192903
v 0.36881345 0.93156676 -0.04268764
v 0.48932455 1.51522855 -0.07613231
v 0.49429837 -1.99391444 -0.89800162
v 0.35650216 -2.00304230 -0.85520566
v 0.51808644 -1.99795540 -0.38434828
v 0.53165784 -1.97904320 -0.89519466
v 0.45638929 -1.42386057 -0.90185047
v 0.42744359 -1.33466657 0.19149468
v 0.36111091 -1.17073979 0.10555638
v 0.42234499 -1.14533635 0.01956130
v 0.47663761 -0.84717135 -0.15273228
v 0.38214890 -0.29396638 -0.19206715
v 0.35035509 2.00029175 -0.89710409
v 0.47896474 -1.99375303 0.25747245
v 0.52218087 -1.88681395 0.26886886
v 0.45765869 -1.14335217 0.00113070
v 0.48246629 -0.55425991 -0.19304212
v 0.59445540 1.99803869 -0.44808120
v 0.55204384 -1.64230080 0.24924021
v 0.40712683 -1.59581705 -0.90188099
v 0.45379373 -1.29231747 0.12537561
v 0.49926349 0.12284087 -0.89809115
v 0.48546460 1.98498647 -0.89466918
v 0.37661542 -1.98985131 0.25673383
v 0.47153051 -1.77166732 -0.90218926
v 0.46455632 -0.90176119 -0.12184708
v 0.50835205 -0.69330849 -0.19193756
v 0.46725300 -0.00175606 -0.12412217
v 0.50715154 0.34284286 -0.16421037
v 0.41915661 0.98568646 -0.04552809
v 0.54487352 -1.21359636 -0.89801592
v 0.43248991 -0.67701067 -0.89812083
v 0.44987420 -0.70830701 -0.17271664
v 0.42076587 0.11436002 -0.14525815
v 0.47270810 0.62815778 -0.16730163
v 0.50212069 0.98384754 -0.07575228
v 0.47209088 1.26576500 -0.89802087
v 0.51121975 -1.99836762 -0.77352328
v 0.46034649 -1.00651963 -0.89807976
v 0.53223076 -0.19834514 -0.16224974
v 0.50482930 0.71381549 -0.15010754
v 0.52442249 0.94072310 -0.90192253
v 0.47751242 1.81466977 -0.10697237
v 0.60244168 1.76215140 -0.89807154
v 0.66532708 -1.82795449 0.28055318
v 0.46445486 0.01022942 -0.11060062
v 0.60516144 0.25799565 -0.13859836
v 0.60412262 1.68500917 -0.07931870
v 0.61631836 -2.00233527 -0.79832030
v 0.60676066 -1.85206039 -0.89861132
v 0.55965097 -1.58075722 -0.89799661
v 0.57644365 -1.09363409 -0.09228735
v 0.48071041 -0.43073031 -0.19213321
v 0.56743089 0.71878795 -0.89798582
v 0.56093473 0.73561518 -0.90189309
v 0.50624829 1.95826094 -0.90287305
v 0.51247583 1.99360148 -0.13641150
v 0.58468465 -2.00343414 0.00293756
v 0.49054600 -1.33293052 0.14019006
v 0.49830122 -0.10345541 -0.13559999
v 0.62801213 0.49664835 -0.90192891
v 0.59073145 0.90191178 -0.13006671
v 0.56295876 1.01276784 -0.07947159
v 0.54723358 1.26132278 -0.04120860
v 0.54985450 1.71945898 -0.90191294
v 0.58782409 -2.00190373 -0.55223210
v 0.50860411 -1.41373910 0.21443268
v 0.57893075 -0.41176735 -0.19355822
v 0.53319387 1.46622316 -0.06855494
v 0.48325470 -1.98329647 0.27369382
v 0.70162503 -0.17905821 -0.09875831
v 0.51266387 2.00004713 -0.89704258
v 0.60730920 2.00302355 -0.86734361
v 0.68537025 2.00193588 -0.72550339
v 0.55009667 2.00499503 -0.16632225
v 0.63726006 -1.14915247 -0.90193958
v 0.55281545 -0.95233809 -0.90195657
v 0.63041849 -0.55853937 -0.89808066
v 0.53788843 -0.27223164 -0.17096559
v 0.64817012 0.03677632 -0.90195454
v 0.59651075 0.09115718 -0.07321213
v 0.58021976 1.32780354 -0.90190918
v 0.67541547 1.88659064 -0.08973467
v 0.65030779 -1.99751409 0.15840173
v 0.58392660 -1.33078404 0.03481466
v 0.62826560 0.43348704 -0.89803476
v 0.64459727 0.54652195 -0.17001888
v 0.58092029 1.15090863 -0.02904306
v 0.57093219 1.15407686 -0.03439824
v 0.67057715 1.51390187 -0.89806325
v 0.62930683 -1.99884685 0.28860896
v 0.63955970 -1.95128067 -0.90377159
v 0.62716426 -1.65067716 -0.90201814
v 0.61923559 -1.18658073 -0.07779975
v 0.62307341 -0.87677582 -0.89805634
v 0.62316547 -0.64554720 -0.90196348
v 0.61745147 -0.04950385 -0.89806349
v 0.63379140 0.27744655 -0.12637973
v 0.73546536 1.15061919 -0.90197719
v 0.54531331 1.99690311 -0.85566086
v 0.62821827 2.00186388 -0.39178876
v 0.59230847 -0.32363947 -0.90190888
v 0.67585890 -0.10802497 -0.06757629
v 0.68273715 0.60417120 -0.16281555
v 0.68846918 0.82773237 -0.15861056
v 0.58974786 1.06694703 -0.89808179
v 0.67257698 -1.38710494 -0.90191002
v 0.60943158 -0.84735359 -0.17512188
v 0.62977610 -0.72839202 -0.19173224
v 0.69025372 -0.62103228 -0.20196546
v 0.67159475 -0.27032384 -0.89802904
v 0.64455260 1.13910608 -0.06407991
v 0.66769106 1.25511376 -0.89803828
v 0.72757841 1.77315537 -0.06519801
v 0.68658982 1.99799077 -0.70102257
v 0.68605376 1.99843137 -0.09688553
v 0.63598440 -1.43812324 0.10330177
v 0.61545987 -1.28260245 -0.01010486
v 0.62773941 -0.40806374 -0.17878033
v 0.67109732 -0.28918816 -0.14238414
v 0.64870290 0.01361476 -0.01662705
v 0.76465813 1.46350984 -0.90195484
v 0.63479451 -1.54414733 0.24783405
v 0.64289935 -1.46643289 0.11871994
v 0.76570846 -2.00182422 -0.35307659
v 0.63573379 -1.54169841 0.23556482
v 0.73550395 0.93418614 -0.14096748
v 0.81867794 -1.99805899 -0.59112556
v 0.75828112 -1.36462720 -0.89802355
v 0.67787270 -0.56813640 -0.19126315
v 0.80859892 -0.44623873 -0.90199740
v 0.74252499 -0.13144688 -0.90194995
v 0.81272147 1.78007690 -0.90226329
v 0.76069487 -0.90817098 -0.19644881
v 0.67589838 0.01704167 -0.01550696
v 0.74524079 1.45600931 -0.03164023
v 0.64317338 1.99097054 -0.90121508
v 0.71016545 1.98403828 -0.89559043
v 0.76997868 -1.80661936 -0.90233774
v 0.75365094 -0.95720758 -0.90196008
v 0.76274885 0.27029203 -0.90188218
v 0.72392444 1.31290273 -0.02798282
v 0.78679810 1.48573319 -0.03231815
v 0.74600656 -1.99926503 -0.89591289
v 0.73985238 -1.39413764 -0.02030900
v 0.72509388 -1.00286807 -0.16477393
v 0.79586334 -0.45176708 -0.15990877
v 0.83179269 0.08946638 -0.89800210
v 0.77432064 0.83333592 -0.90198613
v 0.87337373 -2.00583239 0.28287043
v 0.74485345 -1.99790485 -0.83889116
v 0.76285298 -1.96281918 -0.89585806
v 0.74795536 -1.55758186 0.15750795
v 0.79631959 -1.59037455 0.21419308
v 0.78453402 0.65988164 -0.89808477
v 0.74447576 1.98732988 -0.09154020
v 0.84419928 2.00220506 -0.18711213
v 0.81592016 -2.00176616 -0.04081649
v 0.79454688 -1.86900278 0.30913981
v 0.83345024 -1.64994426 0.27923342
v 0.78011109 -1.38786180 -0.03272333
v 0.89246945 -1.19918122 -0.89806742
v 0.75111334 -1.19219889 -0.13243485
v 0.87780408 -0.82616039 -0.89801736
v 0.75470216 0.18516384 -0.05107663
v 0.84201966 0.32944630 -0.06543508
v 0.79370121 0.95767586 -0.89808465
v 0.94848631 2.00213067 -0.54112852
v 0.83056162 -2.00197442 -0.59657586
v 0.82827322 -1.99794848 -0.29423500
v 0.84243117 -1.63222416 -0.89815981
v 0.77639518 -1.23574956 -0.11439707
v 0.77647264 -0.71769817 -0.90194161
v 0.91148124 -0.19871922 0.01170194
v 0.76796196 1.09373824 -0.11845998
v 0.83566282 -1.02082934 -0.89808173
v 0.80299823 -0.91893907 -0.19083496
v 0.82590268 -0.48316357 -0.89808900
v 0.83675019 -0.27111025 -0.06948718
v 0.82279537 0.15700780 0.01426876
v 0.92529426 1.46081738 -0.89811916
v 0.74504964 1.98764030 -0.90149266
v 0.80479632 -0.53531291 -0.16874930
v 0.84684799 -0.18110611 -0.89804179
v 0.85603992 -0.11930300 0.03993736
v 0.83181481 1.29661707 -0.06478637
v 0.86698983 1.99681441 -0.11628232
v 0.83955066 -2.00315471 -0.81834693
v 0.93098466 -1.99790009 -0.09799405
v 0.97471867 -1.99846394 0.17307479
v 0.80370943 -1.99307473 0.30349832
v 0.97602008 -1.84523268 0.33053734
v 0.88038335 -1.61055310 -0.90201885
v 0.91387854 -1.19810976 -0.90198923
v 0.79587181 -0.74920117 -0.19608744
v 0.94926087 -0.46780255 -0.10483711
v 0.84379874 0.12021409 0.04406099
v 0.93893699 0.39906798 -0.89808375
v 0.83486591 0.46845232 -0.90196384
v 0.85951195 1.22568361 -0.08911519
v 0.82191626 1.36917166 -0.01449089
v 0.92529307 1.99844949 -0.71786840
v 1.03159253 1.99810569 -0.29704342
v 0.87787293 2.00301377 -0.85212804
v 0.85569213 -1.65484043 0.29379301
v 0.91507153 -1.62534674 0.19089689
v 0.84767775 -1.53531404 0.09002769
v 0.81371669 0.01115604 0.10907651
v 0.94802497 1.99868552 -0.89618946
v 0.80887489 -2.00107987 0.31764742
v 0.88576899 0.56699721 -0.12295515
v 0.88339899 1.85078756 -0.05528833
v 0.85790084 -1.48826881 0.00945434
v 0.88540260 -1.37032350 -0.90187366
v 0.91810493 -1.18638726 -0.17202721
v 0.90155105 -1.13693984 -0.17203254
v 0.89894841 0.82281951 -0.15931314
v 0.92234997 1.19308309 -0.89813901
v 1.03272949 1.60819904 -0.00373569
v 0.96667938 1.74157254 -0.89812888
v 0.99981646 1.99991004 -0.05196829
v 0.87782792 0.10356258 -0.90192676
v 0.82884989 0.00277410 0.10972853
v 0.93403922 1.92577426 -0.89843673
v 0.89917682 1.99242417 -0.88613487
v 0.91777764 -1.99435504 -0.88437892
v 0.88948546 -1.33463313 -0.10958780
v 0.97044746 -0.96987434 -0.20476898
v 1.01704244 0.50051258 -0.06354737
v 0.93218819 0.82658951 -0.89811242
v 0.93321918 1.42391340 -0.01234879
v 1.02080737 1.88433640 -0.03217691
v 0.96514670 -1.44086243 -0.03437289
v 0.90356467 -1.32429029 -0.11090671
v 0.94607220 -0.19292732 -0.90194143
v 1.02020476 0.18153493 0.13128967
v 1.03114526 0.21159159 0.13385407
v 0.99056600 0.62805800 -0.11603712
v 1.04069642 0.88186245 -0.13862781
v 0.94959633 1.00197355 -0.14742624
v 0.99558679 0.97741942 -0.90195067
v 0.92370443 1.05598442 -0.14884915
v 0.96639053 -1.89412744 -0.90256954
v 0.96171389 -1.83637948 0.33160075
v 0.94438593 -0.87090875 -0.90192688
v 0.94223176 -0.84267338 -0.19195744
v 1.00555138 -0.73322113 -0.17856998
v 0.98709713 -0.64680906 -0.89805807
v 0.92263470 -0.06694327 0.14494749
v 1.00297437 -0.00258722 0.15400698
v 0.88933269 1.98411123 -0.07040407
v 0.92058949 -1.98785468 0.33778857
v 1.13057790 -1.98092099 0.36189049
v 1.05002163 -1.83551546 -0.89811570
v 0.93944828 -0.67297711 -0.17070922
v 0.98375539 -0.61826469 -0.90197284
v 1.09679363 -0.54232355 -0.08511872
v 0.94440649 -0.07880981 0.14402112
v 1.08955042 0.36525850 0.06424858
v 1.05610858 0.70359211 -0.90193368
v 0.98517654 1.21229617 -0.12081149
v 1.06229303 1.94751112 -0.90330840
v 1.01633499 -1.99824949 -0.89465500
v 1.07601206 -1.52075716 -0.89791788
v 1.04440979 -0.42713024 -0.89805860
v 1.11032717 -0.04244016 0.16986459
v 1.03288422 1.38668983 -0.90197284
v 0.99923692 -1.55119224 0.06020158
v 0.98241399 -1.04098405 -0.19163854
v 0.98766051 0.17428373 -0.89807148
v 1.00071405 0.27147846 -0.90199185
v 1.14156983 0.44148056 0.04421809
v 1.13168709 0.56536572 -0.02768935
v 1.10577605 -2.00309475 -0.80339886
v 1.03483133 -2.00192709 0.03979795
v 1.02081875 -1.41651406 -0.06486904
v 1.05612395 -0.36874074 -0.90197272
v 1.02676694 -0.36301781 -0.01321351
v 1.06102667 -0.02344041 -0.89804525
v 1.16829751 0.51325820 -0.90196217
v 0.99524735 1.31262462 -0.06713905
v 1.00118802 1.43044714 0.00460804
v 1.04419212 -1.55724402 0.08649011
v 1.06211345 -1.42454089 -0.90183795
v 1.12766288 -1.04252173 -0.89803822
v 1.07893906 0.65048818 -0.89802999
v 1.06842194 0.82716267 -0.13603941
v 1.08446471 1.62597959 -0.00187143
v 1.06041108 -2.00185628 -0.34898052
v 1.05620037 -1.99879654 -0.81195624
v 1.15575139 -1.99857457 -0.66186715
v 1.02285199 -1.27002372 -0.14133682
v 1.08638905 -1.07501872 -0.90194256
v 1.12270788 2.00513761 -0.07792950
v 1.07228563 -1.99853476 0.35983776
v 1.04678027 -1.99795063 -0.36678348
v 1.07601170 -1.95785745 -0.89528395
v 1.03399847 -1.63656624 0.22927266
v 1.14042072 1.00793020 -0.89800359
v 1.05716549 1.05713157 -0.14869513
v 1.00253765 1.17935292 -0.12238332
v 1.04394756 1.37356548 -0.04496814
v 0.99002234 1.98554771 -0.05559635
v 1.10545347 2.00196688 -0.32831959
v 1.07063733 -1.69043656 0.32452565
v 1.07156275 -1.68168397 0.32739781
v 1.06502781 -0.80527298 -0.17126273
v 1.20405571 -0.35314021 0.13872986
v 1.13729886 0.36567961 -0.89810086
v 1.13681160 0.74024097 -0.09120754
v 1.11889575 1.74975125 -0.90217734
v 1.12251053 1.99580876 -0.87627352
v 1.04898636 -1.27295526 -0.14783966
v 1.08680884 -1.13475754 -0.18581916
v 1.09394513 -0.96212973 -0.18696606
v 1.15985612 -0.35106035 0.10592710
v 1.11871443 -0.24199642 -0.89807773
v 1.08147166 1.89944140 -0.02942384
v 1.20606611 2.00231258 -0.80870754
v 1.09863393 -1.63720305 -0.90181960
v 1.10809575 -0.04738094 -0.90195889
v 1.27791212 -2.00220139 0.14337518
v 1.14765976 -1.60184355 0.16551175
v 1.08171419 -1.10191234 -0.18226452
v 1.13855610 -0.52512620 -0.90190102
v 1.12120650 -0.23056042 0.18927688
v 1.14359484 -1.46134241 0.00126061
v 1.13261322 -0.79126366 -0.90189994
v 1.16845493 -0.70818274 -0.89799763
v 1.15003435 -0.72983028 -0.12650184
v 1.20620809 -0.46422530 0.03133298
v 1.24060200 0.82229607 -0.90191431
v 1.15876053 1.14863436 -0.10322198
v 1.13832383 1.35960536 -0.02310869
v 1.15678577 1.30584125 -0.89799357
v 1.14756284 1.99674551 -0.05552987
v 1.22585784 -1.99796958 -0.13072043
v 1.22286026 -1.78573389 0.36486160
v 1.19299625 -1.47160144 0.01346151
v 1.23305396 -1.28146680 -0.89803810
v 1.22770117 -0.75356646 -0.12031818
v 1.10388629 -0.21882823 0.17725976
v 1.19862292 0.15639017 0.16671499
v 1.18399588 1.99815647 -0.50554461
v 1.34850298 -1.99824651 0.12133033
v 1.14055316 -0.96345927 -0.18924559
v 1.20521412 -0.62639935 -0.06235781
v 1.31969295 0.18923436 0.17746117
v 1.17846517 1.28246133 -0.06886201
v 1.28891848 -1.99804552 -0.45257754
v 1.17256514 -1.96051784 0.37442519
v 1.40376995 -1.79317959 0.38811900
v 1.18464510 -1.32771130 -0.09567130
v 1.19314353 -1.21299066 -0.12910020
v 1.23890124 -0.15513505 -0.90194244
v 1.20691834 0.17778061 -0.89806194
v 1.17402945 0.15497194 -0.90198249
v 1.21816329 1.23037271 -0.90181054
v 1.27647434 1.54403417 -0.89815540
v 1.26827095 1.99815695 -0.68352950
v 1.32328663 -2.00207217 -0.64563228
v 1.20474152 -2.00124939 0.37329861
v 1.31523464 -1.24246891 -0.90193004
v 1.24046771 -0.52421532 0.02124301
v 1.22551767 -0.23651976 0.21150102
v 1.22993956 0.82375662 -0.09079604
v 1.18812398 1.42865662 0.02299452
v 1.26234220 1.41352837 0.04745078
v 1.39193891 1.82542650 -0.89913572
v 1.37760852 1.98292820 -0.89283390
v 1.22342805 1.99993102 -0.01769546
v 1.27220474 -2.00180622 -0.19518792
v 1.24222962 -1.79272993 -0.90187866
v 1.22202961 -1.56676527 0.17663254
v 1.15645997 -1.33916296 -0.08824281
v 1.31024681 2.00202124 -0.56054635
v 1.33903502 -1.95269759 -0.90364362
v 1.25948749 -1.49104817 -0.90184040
v 1.18198274 -1.03604718 -0.16867123
v 1.30202804 -0.07839601 -0.89800543
v 1.35077451 -0.13639777 0.21866926
v 1.22154180 0.39733069 0.13898610
v 1.21101139 1.02273302 -0.12172558
v 1.32747315 1.65609471 -0.90234006
v 1.25791625 1.82647960 0.00417822
v 1.23201714 1.99914400 -0.89453334
v 1.31802712 -1.99764760 0.30165540
v 1.24185155 -1.13081034 -0.14911812
v 1.26786308 -0.93364386 -0.13413759
v 1.28906993 0.68019800 -0.89804531
v 1.31257067 1.71988074 0.02686052
v 1.32894693 2.00263516 -0.20224068
v 1.37772117 -1.99675591 -0.87617374
v 1.26995717 -1.63137813 0.35326084
v 1.37213550 0.35159229 -0.90195472
v 1.40815912 0.32477788 0.18101796
v 1.32234870 0.70640771 -0.00129121
v 1.26133315 1.14624171 -0.08879169
v 1.36420546 1.91725962 -0.90370304
v 1.36369322 1.99827258 -0.35251815
v 1.31457625 -1.90518744 -0.89795638
v 1.28840683 -1.62296410 0.33917215
v 1.31671367 -1.27732416 -0.05302728
v 1.28686003 -1.09951075 -0.12450366
v 1.34790800 -0.92494418 -0.10788602
v 1.31360934 -0.94919606 -0.90189833
v 1.32210324 -0.39125958 -0.90195639
v 1.29345058 -0.40337700 -0.89805717
v 1.23441045 -0.31306328 0.21121649
v 1.35149417 0.05879502 -0.90194643
v 1.33882926 0.46454756 -0.89805270
v 1.27485250 0.96190207 -0.08494403
v 1.28882043 1.54853551 0.03517904
v 1.40311394 -2.00074680 -0.89413024
v 1.31218157 -0.91118334 -0.89800341
v 1.34794424 -0.68360555 -0.90195013
v 1.43637465 0.41891865 0.17095382
v 1.39609287 0.59115736 0.14825379
v 1.33081565 0.61042361 0.07590318
v 1.30539320 1.29243152 0.00083459
v 1.35705684 1.93166368 0.01235904
v 1.45026300 1.99884383 -0.15888267
v 1.35006688 -1.66701277 -0.89796717
v 1.38873528 -1.50578471 0.20559312
v 1.38875292 -1.42454256 -0.89799703
v 1.31424163 -1.41548689 0.03979668
v 1.42788826 -0.27918065 0.24057344
v 1.36528574 0.92606704 -0.89805038
v 1.27995668 1.99317615 -0.03393144
v 1.29599391 -1.92932232 0.38931178
v 1.32058023 0.77791576 -0.02152694
v 1.37528811 0.97291891 -0.90193714
v 1.41418002 1.44409911 -0.90185566
v 1.34737716 -1.26915069 -0.04846279
v 1.29901050 -0.80573617 -0.09082335
v 1.38887177 0.19302057 -0.89806569
v 1.31334565 1.11213820 -0.06063950
v 1.38027916 1.28279607 -0.89790578
v 1.32107423 1.36189441 0.03829627
v 1.40517483 -0.74191596 -0.89805240
v 1.38955389 -0.46550208 0.25105908
v 1.53307674 -1.99757524 -0.73135603
v 1.40849171 -0.56610877 0.14949752
v 1.45570682 -0.00054671 0.21663228
v 1.35080991 1.23484652 -0.01119278
v 1.53436087 1.99357144 0.01526646
v 1.57974825 1.99827997 -0.80120254
v 1.42915783 0.53185747 0.16477779
v 1.33163200 1.02058761 -0.07278389
v 1.39269159 -1.50342067 0.23107905
v 1.42261193 -0.73464237 0.01600684
v 1.39069996 -0.69162274 0.00348179
v 1.46561072 -0.52854231 0.26063319
v 1.40297685 0.59112541 0.13736119
v 1.40900765 2.00194017 -0.00309433
v 1.40612410 -2.00099154 0.40105491
v 1.55432079 -1.99572440 0.41235527
v 1.59844945 -1.69958826 0.41184410
v 1.39105425 -1.71595772 -0.90190501
v 1.49368737 -1.46076365 -0.90190441
v 1.37852822 -1.40619023 0.06023533
v 1.41542802 -0.12955652 -0.90188981
v 1.47279964 0.66758315 -0.90188445
v 1.49838625 1.18754797 -0.90187473
v 1.46641002 1.35655181 0.08640291
v 1.55712019 -1.94371171 0.43095209
v 1.45032046 -1.18869038 0.00818838
v 1.49135862 -1.13181783 -0.89795614
v 1.40652190 -0.90347804 -0.05209174
v 1.46969996 -0.40973888 0.26405971
v 1.50866042 0.09676449 0.21872999
v 1.42047237 0.84366147 0.00818374
v 1.42401383 1.17218284 0.02937499
v 1.49956141 1.87438290 0.03517601
v 1.47385071 1.99815981 -0.89502967
v 1.56711052 -2.00190480 -0.39623008
v 1.62947903 -2.00204440 -0.09878138
v 1.54921136 -2.00288995 0.27665003
v 1.56400786 -1.99801882 -0.11894419
v 1.39578555 -1.04649992 -0.07100165
v 1.52843307 -0.56281250 -0.89808775
v 1.48913549 -0.00717323 -0.89805276
v 1.46326504 0.97635393 0.03542382
v 1.41883181 1.10820584 -0.00339510
v 1.43472992 1.28743891 0.08577881
v 1.56630836 1.46503918 0.08626898
v 1.54990504 -1.99803384 -0.46160210
v 1.56005953 -1.80612250 -0.90228958
v 1.51081417 -0.65229271 0.16594592
v 1.57437645 -0.32225053 -0.89797456
v 1.58380924 1.83448808 0.05623567
v 1.46139405 -1.51056178 0.35474875
v 1.50210748 -1.46497257 0.37184625
v 1.48691485 -1.30875118 0.12751638
v 1.50275014 -1.18574108 -0.90186436
v 1.40651367 -1.09526141 -0.07024412
v 1.55953727 -0.95004283 -0.90186364
v 1.61194633 -0.44503052 -0.90200830
v 1.55354856 0.68735115 -0.89798261
v 1.44837843 0.75059216 0.08678488
v 1.47946308 0.96449880 0.03962095
v 1.47421728 1.22631614 0.07988930
v 1.56623552 1.56982653 0.07965494
v 1.60222099 2.00451533 -0.78860969
v 1.56716643 -1.78894456 -0.89834649
v 1.53094719 -1.37167819 0.27772912
v 1.47717045 -0.80779834 0.01690716
v 1.53927575 -0.25701736 -0.90187497
v 1.61719904 1.13239960 -0.89812137
v 1.59836231 -2.00191517 -0.66372151
v 1.49934552 -1.23226936 0.05678344
v 1.63026927 1.64379351 -0.89812250
v 1.57617114 1.99830787 -0.59059335
v 1.50043688 -1.04562636 0.02296335
v 1.52748225 -0.96915932 0.02944791
v 1.69449614 -0.46640299 0.29884358
v 1.59941135 -0.26845269 0.26889833
v 1.60117660 0.10523091 -0.90195508
v 1.63839100 1.99849860 0.04531662
v 1.54811917 -0.89546327 0.09237163
v 1.60353587 -0.69052722 -0.90198321
v 1.67797897 1.65095417 -0.90205766
v 1.65494762 2.00426404 -0.08407837
v 1.61447797 -0.85532324 -0.89797891
v 1.53425775 -0.69979903 0.17748708
v 1.54048822 0.78549580 0.15175927
v 1.65228293 0.93088834 -0.90194220
v 1.58846055 2.00214808 -0.57879794
v 1.74043868 2.00227563 -0.31569988
v 1.76274536 -1.99914904 0.45867579
v 1.61432992 0.31845747 -0.89812590
v 1.68224202 0.62093524 0.18825707
v 1.53869091 0.74215512 0.15209218
v 1.56261061 1.02921466 0.13196465
v 1.64409195 -1.98297592 -0.89106239
v 1.68410216 -1.99925132 0.24459036
v 1.59202753 -0.67605177 0.30526953
v 1.72974227 0.28103058 0.22948814
v 1.68891786 0.60794084 -0.90204210
v 1.61867533 -1.47463639 -0.89807768
v 1.65011929 -1.42402955 0.39190151
v 1.56933151 -1.32723333 0.24246647
v 1.57076953 -1.10274942 0.12834058
v 1.61065434 -0.83332093 0.19834115
v 1.71893881 -0.50274470 0.31042787
v 1.69227562 0.58025949 0.19798650
v 1.56658576 1.13199405 0.11863122
v 1.66670011 1.99831192 -0.37716562
v 1.69206307 -1.58738525 0.41031512
v 1.61180602 -1.33129616 0.36221021
v 1.66164337 0.04797934 -0.89801438
v 1.56086383 0.92632834 0.13256904
v 1.69533918 1.17344598 0.13886579
v 1.67391561 1.44458251 -0.89828057
v 1.69478224 -1.59459813 -0.90217323
v 1.61411570 -1.19028177 0.24922790
v 1.62879251 -1.13400979 0.21029266
v 1.62511252 -0.81571640 0.26078652
v 1.68260620 0.34339313 -0.90201713
v 1.60727857 -1.98061116 -0.90727616
v 1.66996978 -1.21371384 -0.90186120
v 1.79199193 -1.10668530 -0.89809132
v 1.76915179 -0.12278007 0.27965712
v 1.64571355 -2.00020142 -0.89254410
v 1.72931204 -1.89652486 -0.90602929
v 1.64346765 -1.24867769 0.37089421
v 1.64517103 -0.98124589 0.22061925
v 1.75727401 -0.13723849 -0.89794243
v 1.82242952 0.91305129 0.18103591
v 1.80287860 1.83926098 -0.89733697
v 1.63865505 -0.72692628 0.31416281
v 1.79476760 -0.13520853 0.28076636
v 1.75393055 0.24249445 0.24089052
v 1.82492302 0.51352708 -0.89840407
v 1.81951318 1.10887639 -0.90256507
v 1.81009756 1.27595465 0.14266711
v 1.75586865 1.41824643 0.12386601
v 1.81790290 1.72736327 0.10271500
v 1.71429370 1.99214522 -0.90096314
v 1.71017752 1.99902956 -0.01752093
v 1.86074124 -1.82521971 -0.90063847
v 1.65670214 -1.00551273 0.26874839
v 1.66519962 -0.85607670 0.33276417
v 1.77635394 0.00998692 -0.90176768
v 1.72476969 0.87355189 0.17393706
v 1.85403691 -1.83717664 0.46600961
v 1.67993627 -1.06990929 0.35613497
v 1.75039945 -0.91614063 -0.90191735
v 1.84058891 0.86115555 -0.89833076
v 1.70225022 1.40671722 -0.90220136
v 1.80191575 -1.99859996 -0.65115435
v 1.67801664 -0.90128447 0.33423959
v 1.78726922 -0.83976044 0.35528760
v 1.81882022 -0.32492231 -0.90211535
v 1.82384251 1.80859057 0.09137480
v 1.77298735 1.99194066 -0.88414396
v 1.84429930 1.99898021 -0.71798671
v 1.84299384 1.99811022 -0.20189604
v 1.82251165 -1.99871417 -0.31810577
v 1.84491191 -1.50482460 -0.89880080
v 1.82458041 -1.16511728 0.38907259
v 1.78955517 -0.74290882 0.34180509
v 1.87444196 2.00281612 -0.66911841
v 1.89322601 -2.00288005 -0.30217318
v 1.83209572 -1.99920161 0.09510921
v 1.73936246 -1.40106090 -0.90222723
v 1.83378540 -1.18383886 0.39671933
v 1.69981263 -1.10147001 0.35912134
v 1.84155105 -2.00235756 -0.84882624
v 1.87284909 -2.00279005 -0.60818315
v 1.88235210 -1.76058133 0.45567550
v 1.82913433 -0.54197727 -0.89874328
v 1.87345348 -0.31288768 -0.89727379
v 1.92036424 0.87014823 0.20446696
v 1.91406534 1.54897301 0.13700636
v 1.87872313 1.93952624 0.09248166
v 1.89755962 -1.99716182 0.40094262
v 1.92500876 -1.42556383 0.43382429
v 1.81130133 -1.11153646 -0.90204705
v 1.85010503 -0.67268184 -0.90297992
v 1.86363850 0.12577329 -0.89770515
v 1.91112159 -2.00339945 0.32833009
v 1.87373481 1.50617353 -0.89879609
v 1.88060544 1.92741553 -0.90558703
v 1.90665076 -0.85192700 -0.89816035
v 1.88017176 0.27131955 -0.90181280
v 1.88496540 -1.99329837 -0.89939780
v 1.87542055 -1.98723360 -0.89473695
v 1.91182218 -1.84122415 -0.90570713
v 1.90065477 0.51062177 -0.90238870
v 1.91925226 0.43892078 0.24615361
v 1.86459611 2.00201575 0.07672061
v 1.87963806 -1.98056193 0.47062477
v 1.91975473 -1.58513542 -0.90396870
v 1.92394958 -1.36804380 -0.90502841
v 1.91408740 0.81960086 -0.90229149
v 1.89630077 1.17048733 -0.89729542
v 1.91607485 2.00455992 -0.02863772
v 1.90774069 -0.65089223 0.34842720
v 1.93293844 -0.62733585 0.35491862
v 1.91766391 0.10197602 0.27518510
v 1.90628241 0.16922586 0.27244642
v 1.90630518 0.46909128 0.23667469
v 1.91070543 1.99830668 -0.44534589
v 1.92511724 -0.09804560 0.30195793
v 1.92218469 1.53745346 0.13287506
v 1.90879427 2.00764052 -0.88376279
v 1.92210172 -2.00319298 0.03818903
v 1.91479037 -0.95165561 -0.90355326
v 1.93254731 1.34238009 0.15931303
v 1.94312380 1.40375034 -0.90614558
v 1.93545626 1.99576513 -0.01486801
v 1.93241058 -1.35756989 0.42330640
v 1.93556402 0.02080349 -0.90359361
v 1.96370457 1.98924105 -0.86377645
v 1.94471667 -1.99810369 -0.49096859
v 1.94364272 -1.16017325 -0.90455742
v 1.94019661 -0.38770202 0.33154490
v 1.92337511 1.98555343 0.08461704
v 1.98027633 1.63048284 -0.90277303
v 1.95702825 2.00447123 -0.34666825
v 1.97706471 -1.99499674 -0.26334036
v 1.97673128 -1.99463065 0.12500558
v 1.96803473 -0.24712336 -0.90475948
v 1.98152528 -1.85879024 -0.89285261
v 1.97863446 -0.91967558 0.38440435
v 1.98088453 -0.52776587 -0.89412917
v 1.97125636 0.46719991 -0.89554495
v 1.99486778 0.92548685 -0.88533873
v 1.97405801 -1.20474883 -0.89449025
v 1.98128746 -1.00004597 0.40007915
v 1.97619198 0.05505769 -0.89320088
v 1.99497781 0.24415462 -0.88581098
v 1.98648665 0.69273917 0.22944250
v 1.97630988 1.85649340 -0.89196278
v 1.99342773 1.97676436 -0.54409952
v 1.98339925 1.99350016 -0.25049632
v 1.98844717 1.98092644 0.06346349
v 1.98646412 -1.99386592 -0.61410499
v 1.99548398 -1.98347850 0.33371561
v 1.99295555 -1.83303507 0.46526699
v 1.98183737 -1.55301960 -0.89351262
v 1.99493669 -1.50413008 0.43223937
v 1.98570571 -1.18188317 0.40968185
v 1.99727033 -0.65666394 0.32683696
v 1.99110172 -0.59688552 -0.89947505
v 1.99538146 -0.36881337 0.31397464
v 1.99788962 -0.03372495 0.29612326
v 1.99339257 0.23439722 0.27417713
v 1.97428392 0.33583908 -0.90277166
v 1.99353169 0.34113167 0.24598434
v 1.97939323 0.74990778 -0.89564378
v 1.97892283 0.83705143 0.20722835
v 1.97745119 1.08780388 -0.90372432
v 1.98180864 1.15499310 0.17750827
v 1.98011218 1.60272281 -0.89409454
v 1.98386012 1.78300945 0.11420415
v 1.99077485 1.86511771 0.11361562
v 1.98835192 2.00115125 -0.19111007
v 1.98514817 -1.99484046 -0.90087576
v 1.97635768 -1.99195023 -0.88804729
v 1.99261401 -1.98089345 0.47456600
v 1.99931965 -1.88261028 0.48469519
v 1.99815796 -1.49683733 -0.89588744
v 1.99639938 -1.36818661 0.41282423
v 1.99254368 -0.98453970 -0.88611818
v 1.99805353 -0.82727249 0.38157844
v 1.99852453 -0.27146767 0.31828543
v 1.99501358 -0.11551426 -0.88264150
v 1.98803375 0.02970020 0.28642287
v 1.98515211 1.32754843 -0.89337707
v 1.98599313 1.48509209 0.14185738
v 1.98626230 1.99367492 0.09546785
v 1.99488543 -2.00083657 -0.52583725
v 1.99728594 -1.99791105 0.21844799
v 1.98847161 -1.99785610 0.49843096
v 1.99696169 -1.97192426 -0.44221563
v 1.99389098 -1.94801982 -0.81821919
v 1.99800239 -1.92324121 -0.59358395
v 1.99675999 -1.89010878 -0.24088904
v 1.99801968 -1.88230248 0.05228254
v 2.00004612 -1.76322766 0.37092253
v 1.99818407 -1.72543951 -0.39368663
v 1.99814473 -1.68669625 -0.62319637
v 2.00092791 -1.82557924 -0.89434982
v 1.99857841 -1.71189769 0.15310634
v 1.99665807 -1.60457583 -0.84689856
v 1.99816714 -1.49819107 0.11077499
v 1.99585627 -1.68283184 0.46668311
v 1.99807356 -1.57757385 -0.19191458
v 1.99845050 -1.42329349 -0.68827517
v 1.99801837 -1.42108841 -0.35480467
v 1.99792550 -1.25699265 -0.01241339
v 1.99739323 -1.16314514 0.29999604
v 1.99841927 -1.21350105 -0.82135875
v 1.99824629 -1.20228245 -0.53711594
v 1.99804078 -0.96076365 -0.31942732
v 1.99927042 -1.29645272 -0.89460886
v 1.99942682 -1.22018446 0.41927641
v 1.99791453 -0.96315809 0.03220045
v 1.99815128 -0.90497394 -0.58186019
v 1.99819277 -0.81142156 -0.80331010
v 1.99724994 -0.85336317 0.27901947
v 1.99416755 -0.85777219 -0.89905305
v 1.99812863 -0.68593060 -0.13875217
v 1.99799989 -0.66945662 -0.55943293
v 1.99848018 -0.55333988 0.14009657
v 1.99743507 -0.42432278 -0.80988891
v 1.99789618 -0.46999275 -0.47388382
v 1.99823223 -0.38607273 -0.05216523
v 1.99317358 -0.61601544 0.35895046
v 2.00007973 -0.48185887 0.33813351
v 1.99802492 -0.22835158 -0.25262306
v 1.99853931 -0.20139657 0.23106091
v 1.99875889 -0.16694810 -0.75524635
v 1.99819861 -0.17815413 -0.51485921
v 1.99802254 -0.01655413 0.01422504
v 1.99803362 -0.01393090 -0.33436430
v 1.99817250 0.07368199 -0.57970906
v 1.99825428 0.11952881 0.21005706
v 2.00008867 -0.01222854 -0.89262385
v 1.99896334 0.09076892 -0.83766628
v 1.99784051 0.26632045 -0.25227771
v 1.99830590 0.32219235 -0.65751929
v 1.99822174 0.38663380 0.02277001
v 1.99799989 0.51200782 -0.42306737
v 1.99784158 0.46421234 -0.82095511
v 2.00043009 0.48852400 0.24387362
v 1.99794291 0.49737082 0.18053921
v 1.99714361 0.51700280 -0.89851899
v 1.99797366 0.61443762 -0.26420386
v 1.99576889 0.61708729 -0.87995578
v 1.99818216 0.69498341 -0.70875276
v 1.99699781 0.76363782 0.09276083
v 1.99819015 0.72602872 -0.09493097
v 1.99018381 0.62138824 0.22431687
v 1.99818132 0.83982412 -0.47557668
v 1.99821637 0.91881506 -0.26754577
v 1.99856780 0.97566418 -0.71978582
v 1.99477838 1.01598827 0.14343495
v 1.99824224 1.04291002 -0.04017692
v 1.99801980 1.10937445 -0.41567079
v 1.99523078 1.14392011 0.18425386
v 1.99776540 1.22074036 -0.82212908
v 1.99816893 1.27259283 -0.63325710
v 1.99835513 1.28612237 -0.13124678
v 1.99642942 1.28345780 0.08685890
v 1.99799166 1.48919885 -0.35288147
v 1.99520085 1.47468917 -0.82968635
v 1.99696503 1.60306899 0.07381202
v 1.99832855 1.59028070 -0.62351925
v 1.99820386 1.75386922 -0.15207707
v 1.99687276 1.84324472 -0.74334390
v 1.99084042 1.66320459 0.13552526
v 1.99876366 1.83959548 -0.45667163
v 1.99813448 1.89151780 -0.02904860
v 1.99934397 1.97762529 -0.88363893
v 1.99975691 1.98590748 -0.36058293
v 1.99577044 1.99837558 0.00285795
v 1.99603365 -2.00038572 -0.78882242
v 1.99938665 -1.99752851 -0.19979986
v 2.00075720 -1.44001992 0.43458345
v 1.99618207 -1.14022406 -0.89900435
v 1.99886630 0.21087484 -0.89395452
v 2.00039206 0.30806480 -0.89123131
v 2.00110243 0.41406499 -0.88924284
v 1.99408434 0.69072418 -0.90014017
v 1.99835048 0.87914543 -0.89414252
v 2.00075744 0.84798281 0.21118269
v 1.99726282 1.31208865 -0.89890451
v 1.99695526 1.36568121 0.16142440
v 2.00071321 1.48032443 -0.89339358
v 1.99850629 1.50921814 0.14367869
v 1.99495206 1.59386627 0.14251863
v 1.99715338 1.74559943 0.12528577
v 2.00140594 1.80958788 -0.89512730
v 1.99868999 2.00125496 -0.75483812
v 1.99534700 1.99960916 -0.52477367
v 2.00338660 -1.95698483 -0.72418744
v 2.00303553 -1.97273965 -0.39780132
v 2.00206564 -1.75372155 -0.28076897
v 2.00221632 -1.86945696 -0.03053652
v 2.00316725 -1.89403041 0.25576588
v 2.00441311 -1.96473523 0.46197273
v 2.00199590 -1.80611237 -0.68166227
v 2.00411902 -1.66901870 0.38349464
v 2.00227902 -1.68252273 0.11488916
v 2.00193749 -1.62258621 -0.50027279
v 2.00189958 -1.49233051 -0.02241932
v 2.00238667 -1.42974652 -0.74383683
v 2.00241838 -1.39889492 0.27692651
v 2.00189171 -1.32082559 -0.33884401
v 2.00180421 -1.24535342 -0.02862666
v 2.00206218 -1.08560170 -0.53370059
v 2.00243006 -1.14679475 -0.85459638
v 2.00158952 -1.05973657 0.13200060
v 2.00186084 -0.99524404 -0.16731324
v 2.00463472 -1.06645502 0.35711463
v 2.00279317 -0.97808536 -0.81226970
v 2.00198887 -0.76669122 0.09662075
v 2.00290368 -0.79546617 0.31534072
v 2.00203572 -0.85693364 -0.65215678
v 2.00189505 -0.78040810 -0.45120201
v 2.00197576 -0.64441964 -0.23505870
v 2.00263284 -0.69925404 -0.83357699
v 2.00179849 -0.56277748 -0.57619054
v 2.00241623 -0.52335110 0.13224507
v 2.00235401 -0.40807562 -0.80057729
v 2.00197135 -0.41619469 -0.20663001
v 2.00427721 -0.26051965 0.19829882
v 2.00138925 -0.38994583 -0.88448728
v 2.00214015 -0.16549917 -0.53906173
v 2.00187896 -0.27037870 -0.36574600
v 2.00189136 -0.12404712 -0.20523440
v 2.00273393 -0.09281619 -0.78469277
v 2.00191925 0.06072865 0.01676076
v 2.00174139 0.15583436 -0.17249926
v 2.00343690 0.21022080 -0.84531248
v 2.00187920 0.14233945 -0.44222526
v 2.00439284 0.18987016 0.19799780
v 2.00211165 0.29606162 -0.62328030
v 2.00195644 0.34545611 -0.01540072
v 2.00181816 0.44734649 -0.36564104
v 2.00326822 0.43949388 -0.79187919
v 2.00190363 0.67717425 -0.20711082
v 2.00277899 0.58130173 0.10826354
v 2.00200317 0.67765991 -0.65298338
v 2.00334511 0.64398198 -0.86084754
v 2.00542007 0.76062362 0.15762652
v 2.00305031 0.78785030 -0.85827280
v 2.00217448 0.95165388 -0.55702604
v 2.00205718 0.92311589 -0.08626814
v 2.00254152 1.25452129 0.04942403
v 2.00246940 0.90887205 -0.79262669
v 2.00234292 1.18612926 -0.81833781
v 2.00199948 1.12943022 -0.18624378
v 2.00196384 1.18907933 -0.53063268
v 2.00185512 1.37636499 -0.38838396
v 2.00221012 1.45137589 -0.76180602
v 2.00226889 1.66694729 -0.55275507
v 2.00190685 1.58563153 -0.27723191
v 2.00304125 1.71467464 0.01007593
v 2.00351189 1.62450664 -0.84112782
v 2.00355790 1.62937562 0.12243483
v 2.00238917 1.89071219 -0.17572441
v 2.00291644 1.90588133 -0.64668090
v 2.00370811 1.94822757 0.06148096
f 612 538 588
f 724 619 610
f 1616 1603 1554
f 587 490 559
f 437 382 414
f 1537 1536 1664
f 1107 1088 1023
f 160 157 162
f 223 117 118
f 1791 1787 1784
f 92 146 28
f 732 695 629
f 565 488 510
f 1298 1289 1107
f 786 643 727
f 1036 953 1025
f 1281 1292 1431
f 1034 1047 945
f 807 718 772
f 1575 1556 1465
f 427 350 322
f 1812 1700 1811
f 1125 963 1056
f 1050 952 907
f 1767 1898 1901
f 147 151 153
f 1790 1780 1788
f 1205 1273 1213
f 1473 1499 1427
f 1040 911 983
f 497 458 490
f 789 656 707
f 1280 1104 1150
f 971 898 884
f 1563 1451 1525
f 61 56 57
f 326 266 268
f 1406 1448 1374
f 1881 1861 1880
f 563 526 553
f 1131 1207 1100
f 1863 1717 1709
f 239 259 302
f 1368 1391 1234
f 1789 1763 1886
f 1636 1607 1546
f 970 879 973
f 966 886 1020
f 1442 1296 1332
f 712 663 676
f 1836 1751 1703
f 811 738 786
f 1419 1241 1395
f 408 395 412
f 1022 893 883
f 576 499 483
f 1235 1172 1246
f 1644 1568 1578
f 439 341 384
f 1781 1723 1740
f 959 924 894
f 1065 920 965
f 1630 1572 1683
f 990 900 921
f 507 452 506
f 159 154 157
f 688 745 795
f 978 1041 905
f 427 322 370
f 219 189 191
f 1725 1688 1761
f 23 21 18
f 1374 1275 1288
f 517 364 469
f 516 451 471
f 964 874 926
f 406 307 405
f 236 176 215
f 55 54 48
f 1609 1412 1552
f 1886 1884 1883
f 1875 1944 1942
f 1243 1255 1315
f 651 578 625
f 1255 1169 1237
f 1490 1422 1516
f 1623 1531 1577
f 1349 1229 1334
f 933 781 964
f 1241 1173 1278
f 1632 1487 1504
f 1131 1317 1207
f 1544 1561 1509
f 237 182 183
f 1668 1652 1661
f 703 702 758
f 563 576 603
f 1873 1675 1871
f 764 625 760
f 743 680 703
f 988 970 1062
f 467 392 380
f 1763 1646 1590
f 1579 1481 1551
f 1488 1359 1450
f 792 750 808
f 1619 1578 1455
f 713 686 774
f 758 753 863
f 609 515 589
f 563 553 576
f 540 501 386
f 633 536 632
f 377 317 339
f 661 749 667
f 98 97 46
f 459 466 357
f 670 694 793
f 671 560 622
f 1646 1518 1526
f 437 376 382
f 687 608 726
f 266 195 268
f 1326 1318 1283
f 1651 1595 1502
f 102 100 54
f 1254 1167 1136
f 1385 1316 1337
f 1801 1795 1796
f 1269 1322 1242
f 1244 1238 1325
f 1096 1090 1149
f 1741 1762 1693
f 1187 1123 1101
f 625 683 705
f 999 916 931
f 1076 1119 1178
f 1538 1382 1537
f 754 676 680
f 1146 1082 1208
f 1943 1720 1876
f 800 787 818
f 1737 1852 1856
f 1097 1035 1050
f 64 66 62
f 937 835 892
f 511 445 555
f 444 353 411
f 1018 1012 1083
f 1464 1463 1527
f 683 603 682
f 930 873 810
f 589 516 571
f 1596 1405 1447
f 1933 1936 1938
f 967 843 900
f 886 824 869
f 593 626 528
f 23 18 139
f 185 181 175
f 588 497 587
f 521 481 450
f 1833 1832 1827
f 1501 1585 1597
f 1859 1759 1698
f 1930 1928 1867
f 1074 1144 935
f 1019 1025 932
f 1713 1609 1661
f 762 725 627
f 1400 1324 1485
f 957 938 928
f 752 661 641
f 1397 1356 1249
f 1751 1701 1703
f 1734 1828 1929
f 678 589 635
f 1098 995 954
f 954 856 857
f 1737 1736 1855
f 741 791 717
f 1573 1420 1507
f 189 183 186
f 1180 1190 1243
f 183 182 181
f 1473 1427 1348
f 1173 1097 1166
f 1477 1442 1514
f 937 892 944
f 1504 1326 1408
f 1014 947 948
f 1310 1268 1309
f 1312 1270 1210
f 1643 1618 1642
f 531 441 434
f 496 409 391
f 709 644 735
f 1228 1264 1134
f 203 129 125
f 1233 1200 1156
f 195 111 268
f 1641 1565 1595
f 296 305 337
f 211 209 160
f 412 395 420
f 1841 1842 1838
f 1612 1593 1532
f 880 796 919
f 1058 941 1126
f 297 364 365
f 667 638 568
f 262 170 101
f 139 18 137
f 899 833 995
f 1281 1176 1174
f 1182 1142 1038
f 204 142 135
f 1625 1687 1624
f 1633 1531 1623
f 1148 1061 1123
f 426 366 383
f 1472 1299 1370
f 1205 1213 1184
f 1724 1746 1654
f 709 673 644
f 440 357 466
f 548 522 480
f 978 905 881
f 926 773 888
f 275 227 207
f 1266 1365 1220
f 1465 1448 1406
f 233 155 232
f 1842 1839 1837
f 629 509 599
f 254 233 267
f 366 323 311
f 605 543 431
f 1272 1203 1108
f 168 162 163
f 48 46 42
f 1554 1463 1486
f 1107 1023 1047
f 940 800 818
f 1037 969 1072
f 766 703 758
f 1282 1192 1140
f 1390 1256 1315
f 1920 1748 1910
f 588 587 663
f 1498 1359 1488
f 1215 1146 1258
f 1352 1293 1435
f 247 218 217
f 249 335 223
f 1332 1296 1257
f 1592 1514 1593
f 760 705 733
f 1427 1409 1362
f 1543 1497 1472
f 1424 1338 1407
f 1107 1047 1147
f 1549 1512 1391
f 1313 1250 1251
f 1874 1873 1944
f 692 620 572
f 1546 1473 1445
f 899 763 833
f 93 30 152
f 719 752 641
f 619 456 574
f 1201 1054 1121
f 1363 1311 1247
f 1516 1422 1382
f 1868 1867 1696
f 1629 1755 1753
f 1191 1156 1030
f 785 878 817
f 1680 1648 1581
f 788 677 671
f 320 271 344
f 1725 1641 1688
f 1279 1261 1342
f 601 633 660
f 1910 1907 1914
f 1540 1464 1527
f 1257 1195 1225
f 255 170 312
f 462 478 373
f 824 760 733
f 1248 1109 1204
f 321 272 376
f 477 560 393
f 134 121 128
f 1491 1333 1479
f 1879 1860 1785
f 218 184 217
f 1653 1643 1647
f 1794 1793 1788
f 1013 897 910
f 1478 1297 1456
f 1156 1137 1041
f 1629 1592 1593
f 422 318 397
f 262 101 210
f 1202 1149 1010
f 736 678 635
f 290 306 102
f 1426 1289 1298
f 1450 1346 1471
f 1492 1301 1418
f 1928 1924 1830
f 1245 1163 1239
f 1539 1410 1397
f 136 134 128
f 1102 1009 994
f 1596 1539 1405
f 253 208 206
f 1059 1020 880
f 282 308 243
f 1200 1136 1137
f 1150 1017 1097
f 1924 1918 1865
f 1726 1794 1744
f 7 3 4
f 1232 1221 1294
f 1825 1831 1823
f 123 120 127
f 231 207 154
f 1049 1121 1008
f 376 320 382
f 331 310 246
f 301 293 371
f 1817 1813 1810
f 1912 1906 1908
f 604 708 615
f 19 20 12
f 386 315 283
f 911 977 765
f 755 700 776
f 1472 1370 1491
f 138 133 135
f 1855 1851 1848
f 590 534 583
f 1843 1869 1933
f 1174 1103 1062
f 820 741 749
f 1594 1543 1586
f 812 875 762
f 169 213 167
f 1569 1488 1559
f 1927 1928 1930
f 867 831 788
f 1064 941 980
f 679 600 658
f 1342 1261 1341
f 1808 1727 1802
f 484 464 534
f 374 250 309
f 905 871 881
f 1304 1219 1312
f 815 772 724
f 432 328 430
f 1734 1929 1869
f 1793 1790 1788
f 1059 880 1002
f 1558 1581 1476
f 519 448 404
f 1675 1638 1637
f 170 58 57
f 1429 1284 1280
f 852 743 844
f 1849 1756 1771
f 60 54 55
f 1187 1101 1164
f 1270 1151 1210
f 1111 982 1110
f 77 75 72
f 382 320 344
f 1275 1223 1194
f 323 262 311
f 535 438 529
f 315 349 251
f 1723 1665 1677
f 107 106 65
f 364 330 469
f 1079 966 1075
f 753 702 701
f 887 740 826
f 679 573 600
f 7 6 3
f 1501 1503 1585
f 1528 1475 1400
f 1586 1508 1606
f 508 415 365
f 403 306 290
f 56 52 53
f 1411 1355 1422
f 459 357 392
f 1751 1825 1820
f 1869 1929 1933
f 1095 1034 1043
f 438 367 360
f 1087 958 1015
f 1773 1698 1692
f 1858 1878 1721
f 1383 1399 1484
f 711 569 710
f 1662 1652 1631
f 943 864 861
f 922 834 1003
f 1926 1920 1922
f 290 102 257
f 686 550 595
f 1669 1570 1624
f 1574 1529 1540
f 1193 1182 1125
f 1580 1511 1529
f 19 12 11
f 536 426 476
f 1477 1408 1442
f 178 180 184
f 1169 1093 1168
f 75 76 74
f 545 446 409
f 1713 1671 1609
f 475 351 377
f 1278 1227 1359
f 86 85 82
f 1136 1067 991
f 944 927 955
f 1802 1727 1766
f 1092 992 1004
f 334 286 373
f 700 692 761
f 1128 1207 1170
f 1893 1892 1897
f 853 712 754
f 301 111 274
f 535 493 438
f 619 639 567
f 1390 1315 1367
f 374 394 250
f 1897 1896 1893
f 1255 1237 1306
f 1458 1443 1360
f 1254 1136 1200
f 794 671 672
f 230 143 146
f 96 36 94
f 740 618 747
f 1252 1251 1105
f 447 324 356
f 1826 1824 1823
f 635 589 571
f 1208 1157 1244
f 227 134 136
f 604 470 541
f 823 687 726
f 1497 1393 1472
f 468 556 460
f 1070 1081 1040
f 1927 1921 1924
f 642 641 544
f 1887 1883 1882
f 297 228 314
f 1652 1604 1631
f 1894 1892 1890
f 682 681 733
f 8 1 2
f 1436 1379 1228
f 675 668 757
f 803 710 759
f 395 344 343
f 649 745 623
f 515 516 589
f 226 125 224
f 1385 1388 1316
f 1215 1114 1146
f 1838 1837 1831
f 1860 1669 1760
f 796 733 681
f 764 746 651
f 260 249 119
f 1108 1129 1011
f 251 202 134
f 748 679 658
f 1114 1042 1146
f 1396 1363 1247
f 1587 1599 1523
f 527 525 424
f 1583 1589 1452
f 1582 1444 1459
f 52 48 49
f 1945 1942 1941
f 461 547 608
f 1802 1766 1795
f 348 326 450
f 778 709 735
f 858 948 840
f 389 416 288
f 684 584 598
f 1548 1437 1433
f 1014 1074 996
f 942 903 825
f 823 890 1012
f 1206 1168 1086
f 1138 1031 1092
f 836 802 776
f 1029 984 1086
f 836 761 849
f 1486 1387 1434
f 64 62 58
f 629 593 509
f 1305 1200 1233
f 375 386 283
f 1494 1399 1413
f 1088 1022 1023
f 1608 1460 1573
f 1815 1808 1809
f 1260 1148 1123
f 147 144 140
f 272 94 152
f 777 865 752
f 1065 1098 954
f 913 826 882
f 221 192 197
f 1412 1462 1552
f 1804 1863 1709
f 1711 1635 1650
f 352 477 393
f 1051 933 964
f 882 829 891
f 1318 1368 1234
f 895 807 815
f 603 483 539
f 999 986 1061
f 163 158 161
f 1713 1743 1671
f 1209 1115 1102
f 96 45 36
f 1772 1847 1755
f 1352 1294 1293
f 1246 1172 1202
f 127 118 122
f 776 700 761
f 953 902 811
f 919 813 868
f 1358 1343 1214
f 1697 1569 1649
f 1532 1514 1457
f 922 789 834
f 171 165 172
f 1296 1326 1283
f 861 864 736
f 1795 1742 1791
f 1655 1534 1506
f 1543 1472 1491
f 1824 1733 1822
f 493 384 438
f 1274 1344 1253
f 236 235 285
f 758 702 753
f 1100 1128 1022
f 314 226 330
f 1017 964 926
f 1471 1346 1369
f 1189 1111 1231
f 1934 1930 1868
f 112 199 84
f 1287 1336 1273
f 1511 1495 1529
f 328 278 269
f 495 379 439
f 1445 1473 1348
f 97 41 46
f 1636 1629 1607
f 1343 1293 1267
f 71 74 70
f 1365 1252 1220
f 1226 1240 1319
f 1089 1007 1094
f 1042 972 998
f 57 53 51
f 1024 1043 993
f 1812 1901 1907
f 1336 1328 1273
f 509 472 354
f 342 285 341
f 707 582 533
f 1557 1555 1466
f 1821 1724 1714
f 1073 1116 1001
f 960 959 1048
f 1631 1604 1549
f 322 350 289
f 876 768 855
f 1346 1290 1215
f 1038 994 974
f 275 283 227
f 1335 1349 1432
f 1411 1304 1355
f 472 359 354
f 255 104 170
f 1274 1253 1167
f 1601 1553 1518
f 372 399 308
f 1751 1820 1770
f 855 688 795
f 1581 1557 1476
f 1562 1561 1544
f 488 437 414
f 731 722 805
f 1190 1077 1169
f 179 173 181
f 894 850 836
f 1706 1636 1546
f 1864 1821 1714
f 1880 1774 1879
f 1757 1850 1772
f 36 38 33
f 1803 1800 1794
f 1015 958 893
f 1257 1283 1195
f 1462 1412 1365
f 808 802 850
f 1495 1390 1449
f 1853 1735 1756
f 1897 1892 1894
f 762 866 725
f 501 411 386
f 1654 1680 1558
f 1907 1904 1909
f 693 642 646
f 1480 1394 1393
f 1267 1177 1214
f 1598 1632 1504
f 1163 1106 1120
f 358 334 441
f 14 9 10
f 1422 1210 1382
f 610 574 485
f 668 618 740
f 156 147 153
f 1083 1012 1051
f 828 695 732
f 1805 1797 1800
f 397 319 327
f 1252 1313 1251
f 232 208 253
f 128 123 130
f 908 962 845
f 533 554 577
f 208 150 206
f 1393 1361 1300
f 214 173 216
f 1196 1174 1062
f 67 63 66
f 1736 1657 1715
f 1551 1451 1563
f 1899 1863 1804
f 1567 1465 1512
f 1120 1037 1139
f 451 386 375
f 1353 1423 1254
f 1143 1108 1036
f 585 545 496
f 329 115 241
f 1449 1439 1464
f 34 29 31
f 1791 1742 1787
f 743 703 766
f 245 113 124
f 110 243 109
f 18 14 90
f 1397 1410 1356
f 952 803 907
f 858 840 650
f 1560 1479 1478
f 682 603 681
f 87 81 195
f 860 804 843
f 1125 1038 963
f 1494 1413 1448
f 1592 1598 1477
f 716 594 656
f 532 444 411
f 484 408 412
f 91 132 12
f 723 555 674
f 307 342 405
f 917 925 816
f 666 572 616
f 282 243 110
f 1376 1338 1424
f 1667 1626 1601
f 321 376 396
f 499 442 418
f 107 65 70
f 1238 1171 1138
f 1608 1573 1657
f 610 485 545
f 912 881 775
f 1652 1627 1604
f 95 261 92
f 1125 1056 1116
f 892 819 860
f 1138 1155 1224
f 543 397 431
f 566 503 565
f 1885 1879 1785
f 108 265 293
f 1321 1235 1246
f 214 169 173
f 221 219 192
f 209 159 160
f 854 746 764
f 1659 1716 1651
f 525 623 478
f 1743 1713 1765
f 569 405 495
f 1159 1209 1102
f 530 521 449
f 1814 1807 1747
f 940 1013 910
f 660 632 685
f 454 480 401
f 351 317 377
f 737 636 555
f 580 506 579
f 950 943 861
f 557 489 389
f 1653 1667 1731
f 789 707 834
f 981 971 903
f 799 820 749
f 1339 1208 1244
f 110 109 76
f 384 332 367
f 1066 982 995
f 1657 1507 1656
f 1764 1694 1695
f 1676 1579 1551
f 1907 1900 1904
f 1833 1729 1752
f 643 602 546
f 1777 1739 1716
f 401 381 402
f 115 10 5
f 959 894 1007
f 1459 1444 1371
f 80 110 76
f 627 520 556
f 654 665 706
f 133 129 135
f 1897 1894 1903
f 781 713 774
f 379 342 341
f 1634 1591 1681
f 244 90 225
f 1541 1500 1584
f 1743 1788 1782
f 313 300 106
f 1338 1256 1407
f 262 210 311
f 827 767 725
f 1368 1549 1391
f 196 194 193
f 1078 1117 975
f 326 268 333
f 656 594 591
f 197 194 198
f 883 893 791
f 1178 1177 1221
f 1375 1306 1329
f 1639 1582 1459
f 752 799 661
f 311 281 351
f 811 785 738
f 685 679 748
f 1437 1474 1323
f 1721 1663 1589
f 1155 1092 1004
f 882 826 829
f 1533 1480 1497
f 1696 1690 1599
f 1636 1755 1629
f 29 35 28
f 1578 1470 1455
f 153 150 155
f 1281 1217 1176
f 878 908 817
f 1666 1615 1520
f 1554 1486 1510
f 1064 980 971
f 187 178 184
f 1923 1917 1919
f 1356 1351 1188
f 1705 1623 1718
f 1064 971 1063
f 904 942 859
f 1112 1028 1076
f 1690 1686 1619
f 782 786 727
f 905 904 871
f 1809 1808 1806
f 1164 1101 1048
f 321 94 272
f 1236 1155 1091
f 17 13 15
f 580 507 506
f 1384 1276 1352
f 1797 1801 1796
f 1649 1559 1634
f 895 923 807
f 411 353 260
f 799 749 661
f 1764 1785 1694
f 1406 1374 1288
f 1877 1946 1857
f 896 838 780
f 912 775 830
f 1689 1760 1687
f 504 492 566
f 287 248 358
f 305 115 329
f 1170 1015 1128
f 434 334 373
f 544 447 513
f 1940 1938 1939
f 1082 998 1033
f 542 484 564
f 872 757 821
f 1825 1823 1817
f 278 219 221
f 931 915 960
f 1654 1568 1644
f 1181 1141 1106
f 1545 1428 1480
f 1932 1925 1931
f 66 63 62
f 997 969 1037
f 818 793 838
f 788 831 677
f 1914 1913 1912
f 627 586 520
f 465 419 359
f 1773 1676 1758
f 444 363 353
f 1882 1861 1881
f 1647 1642 1616
f 344 271 256
f 1218 1118 1185
f 763 706 833
f 909 782 848
f 1761 1688 1651
f 1211 1066 1098
f 152 27 139
f 1690 1619 1599
f 1303 1152 1199
f 1816 1815 1809
f 1142 1159 994
f 238 313 106
f 1600 1483 1565
f 9 4 5
f 1393 1300 1299
f 1542 1440 1550
f 678 609 589
f 1023 1022 883
f 380 392 264
f 1305 1254 1200
f 296 244 305
f 877 824 886
f 1333 1226 1319
f 616 590 690
f 1777 1779 1739
f 1676 1551 1638
f 460 520 399
f 164 160 162
f 1758 1875 1942
f 1916 1914 1917
f 741 631 667
f 1453 1357 1350
f 1127 1079 1183
f 793 694 838
f 874 773 926
f 1118 1052 1185
f 969 938 1006
f 1905 1902 1899
f 887 826 913
f 886 934 1020
f 1571 1494 1556
f 1332 1289 1457
f 1420 1372 1430
f 1309 1245 1386
f 1091 968 1003
f 1493 1524 1418
f 143 20 24
f 897 989 867
f 1249 1230 1053
f 1099 968 1091
f 689 579 651
f 9 13 7
f 341 332 384
f 1038 1142 994
f 278 264 219
f 1363 1272 1311
f 830 775 718
f 1580 1603 1642
f 654 533 577
f 648 628 532
f 302 259 385
f 1569 1498 1488
f 303 279 368
f 165 163 161
f 502 454 425
f 1214 1183 1265
f 431 397 327
f 1135 1161 1013
f 1053 1065 965
f 956 936 943
f 1765 1788 1743
f 1105 1014 948
f 607 513 514
f 750 685 756
f 99 96 242
f 844 766 837
f 229 228 297
f 115 4 241
f 1551 1563 1638
f 991 904 905
f 1799 1667 1678
f 1667 1601 1678
f 1668 1610 1617
f 1506 1445 1489
f 1735 1630 1756
f 328 380 278
f 831 812 677
f 211 318 209
f 1086 1028 1112
f 1892 1888 1890
f 1027 990 1127
f 382 344 388
f 1007 894 997
f 1602 1484 1571
f 606 621 696
f 1357 1314 1286
f 1464 1414 1463
f 1695 1694 1666
f 1073 1001 979
f 1545 1480 1533
f 375 283 275
f 1947 1758 1942
f 770 884 795
f 1729 1697 1649
f 101 51 99
f 984 944 955
f 78 83 76
f 1916 1910 1914
f 1837 1839 1833
f 1006 1021 1077
f 1788 1780 1786
f 192 185 194
f 190 184 193
f 1339 1377 1440
f 1157 1082 1033
f 1879 1774 1860
f 322 289 97
f 861 736 771
f 1645 1586 1606
f 518 457 536
f 1124 973 1148
f 896 818 838
f 801 729 708
f 362 374 309
f 1031 887 913
f 1370 1333 1491
f 509 528 472
f 935 839 870
f 823 714 687
f 575 434 478
f 206 148 229
f 1669 1687 1760
f 1143 1036 1025
f 26 17 21
f 1664 1536 1670
f 73 67 69
f 1195 1234 1131
f 1921 1918 1924
f 1389 1325 1308
f 1110 1066 1212
f 1131 1100 1088
f 1258 1146 1208
f 687 596 608
f 785 697 738
f 856 814 734
f 1350 1286 1188
f 1797 1806 1801
f 1548 1519 1520
f 1186 1068 1184
f 242 96 234
f 1445 1348 1378
f 1719 1757 1655
f 240 197 198
f 1498 1395 1359
f 1161 1057 1013
f 768 647 688
f 681 603 539
f 1734 1674 1691
f 1264 1242 1133
f 265 177 255
f 1284 1104 1280
f 22 24 19
f 1859 1947 1945
f 199 80 83
f 1635 1587 1524
f 1362 1321 1246
f 1492 1587 1523
f 1767 1731 1898
f 1046 1037 1120
f 628 562 532
f 932 953 811
f 648 501 655
f 1138 1092 1155
f 325 255 345
f 1032 923 895
f 1155 1099 1091
f 105 257 103
f 694 612 588
f 723 674 716
f 673 583 644
f 1346 1258 1369
f 1726 1662 1699
f 286 114 113
f 1675 1637 1710
f 1758 1638 1875
f 137 90 244
f 1467 1385 1337
f 1122 1095 1043
f 1511 1407 1495
f 642 544 513
f 1036 1011 953
f 1123 986 1101
f 363 362 335
f 773 686 711
f 2 1 113
f 219 191 192
f 1795 1730 1742
f 1491 1479 1560
f 1043 1034 961
f 1563 1525 1637
f 935 885 996
f 13 11 6
f 1702 1623 1705
f 502 584 548
f 378 403 290
f 485 456 403
f 1572 1498 1614
f 1795 1766 1730
f 1297 1240 1268
f 858 650 765
f 1659 1651 1547
f 1939 1870 1872
f 609 650 540
f 1283 1234 1195
f 267 232 276
f 1814 1810 1807
f 1789 1646 1763
f 1738 1856 1757
f 432 467 380
f 1382 1335 1432
f 1324 1189 1231
f 767 744 645
f 635 592 652
f 536 457 494
f 921 854 877
f 1371 1193 1322
f 865 799 752
f 18 21 15
f 349 260 251
f 692 572 666
f 638 512 568
f 626 708 604
f 787 800 715
f 540 655 501
f 640 535 529
f 1864 1714 1750
f 1692 1579 1676
f 634 610 545
f 1878 1877 1663
f 288 275 207
f 742 810 719
f 289 261 95
f 1537 1432 1536
f 259 239 220
f 968 891 842
f 232 155 208
f 1592 1477 1514
f 573 476 475
f 391 409 313
f 1441 1310 1425
f 1664 1670 1774
f 912 978 881
f 707 763 834
f 606 493 621
f 617 566 565
f 1748 1768 1910
f 126 117 116
f 243 238 109
f 951 928 937
f 281 234 317
f 770 795 745
f 1930 1867 1868
f 1237 1168 1206
f 903 884 770
f 910 794 800
f 1258 1208 1330
f 141 227 136
f 701 750 792
f 1380 1303 1253
f 675 529 668
f 893 958 901
f 457 426 494
f 1746 1680 1654
f 1076 955 1069
f 175 171 172
f 483 358 482
f 1678 1601 1518
f 879 780 853
f 900 854 921
f 1512 1317 1391
f 1759 1721 1589
f 775 881 806
f 614 443 562
f 169 167 168
f 929 972 872
f 1146 1042 1082
f 1814 1817 1810
f 1084 1020 1059
f 1507 1430 1656
f 901 771 798
f 1740 1677 1762
f 1055 972 1042
f 121 123 128
f 1345 1236 1222
f 1147 1047 1095
f 1311 1216 1247
f 1579 1515 1481
f 1903 1904 1897
f 893 798 791
f 1745 1803 1726
f 319 211 213
f 1574 1527 1603
f 1707 1684 1639
f 1011 1010 902
f 913 882 992
f 1525 1451 1428
f 1157 1171 1244
f 1443 1426 1347
f 1647 1616 1626
f 1327 1301 1159
f 502 480 454
f 717 684 598
f 432 430 552
f 620 510 572
f 909 846 782
f 1438 1433 1380
f 1030 978 912
f 1753 1834 1836
f 1456 1403 1531
f 1249 1053 1144
f 969 939 938
f 1172 1235 1096
f 1686 1714 1644
f 1149 1090 1010
f 621 535 640
f 1470 1381 1417
f 1354 1281 1431
f 1087 1071 958
f 1826 1837 1833
f 1416 1330 1339
f 584 592 548
f 1109 1064 1063
f 1833 1824 1826
f 533 469 500
f 1430 1372 1284
f 1429 1280 1419
f 489 473 416
f 998 929 1033
f 1536 1570 1670
f 1423 1520 1438
f 1282 1295 1192
f 296 137 244
f 298 288 231
f 1220 1252 1105
f 105 103 60
f 763 707 654
f 328 269 430
f 1427 1499 1409
f 1666 1520 1621
f 1459 1371 1322
f 1044 1013 940
f 1185 1052 1126
f 1444 1493 1327
f 1590 1516 1538
f 473 502 425
f 1200 1137 1156
f 99 45 96
f 1394 1341 1393
f 303 240 279
f 115 5 4
f 994 917 974
f 874 781 774
f 298 231 209
f 268 301 333
f 101 57 51
f 1326 1402 1318
f 1564 1535 1379
f 436 509 354
f 289 338 261
f 906 895 815
f 805 722 739
f 863 851 924
f 198 194 196
f 1412 1671 1517
f 37 35 29
f 992 882 891
f 632 573 679
f 1408 1296 1442
f 936 983 911
f 790 871 841
f 1067 1153 1080
f 610 619 574
f 1458 1509 1443
f 829 737 723
f 803 759 822
f 1874 1675 1873
f 1239 1180 1256
f 1580 1574 1603
f 162 157 158
f 1653 1647 1667
f 67 59 63
f 1518 1490 1526
f 1191 1316 1233
f 99 51 45
f 474 509 436
f 1164 1048 1089
f 26 25 17
f 918 848 823
f 1584 1475 1528
f 805 739 835
f 1074 935 996
f 1241 1150 1173
f 448 345 404
f 1557 1466 1476
f 1730 1660 1742
f 1214 1177 1183
f 1285 1262 1198
f 950 956 943
f 1810 1813 1809
f 272 152 271
f 567 427 456
f 257 378 290
f 569 439 606
f 565 503 488
f 421 375 381
f 556 520 460
f 321 299 94
f 1176 1135 1044
f 1449 1367 1375
f 551 550 686
f 363 335 249
f 1849 1771 1844
f 710 606 759
f 693 646 607
f 216 182 237
f 345 255 312
f 889 866 762
f 1591 1471 1496
f 659 543 605
f 1929 1926 1925
f 81 77 79
f 1181 1106 1163
f 282 372 308
f 1727 1673 1672
f 1770 1701 1751
f 1071 1045 1005
f 456 427 370
f 1764 1890 1785
f 1593 1514 1532
f 1342 1394 1428
f 77 72 73
f 965 920 839
f 173 168 171
f 1337 1316 1191
f 958 950 901
f 957 951 1021
f 1820 1817 1814
f 350 338 289
f 559 490 519
f 398 345 448
f 1523 1455 1340
f 1001 875 979
f 21 17 15
f 1098 1066 995
f 1539 1547 1410
f 694 663 712
f 369 390 445
f 1523 1340 1392
f 1848 1851 1845
f 683 563 603
f 728 614 653
f 1457 1426 1532
f 929 872 821
f 892 927 944
f 1823 1824 1819
f 1126 1052 1058
f 407 361 442
f 992 891 1004
f 1048 1007 1089
f 533 500 554
f 43 44 39
f 1018 1083 1160
f 1927 1924 1928
f 1056 875 1001
f 31 22 25
f 530 481 521
f 1905 1804 1746
f 1220 1213 1266
f 849 779 928
f 1533 1497 1543
f 396 339 321
f 1180 1179 1190
f 594 479 591
f 655 721 648
f 212 161 233
f 1127 990 1079
f 726 664 781
f 173 171 175
f 228 135 203
f 1559 1450 1471
f 1928 1830 1867
f 718 775 657
f 438 360 455
f 539 531 647
f 504 377 492
f 759 696 822
f 158 156 155
f 1003 982 1111
f 1931 1925 1927
f 1272 1108 1143
f 1405 1397 1249
f 1175 1160 1198
f 1157 1033 1171
f 870 769 721
f 1787 1742 1725
f 1171 1033 1031
f 783 765 699
f 843 804 746
f 1438 1380 1344
f 44 42 40
f 707 533 654
f 1033 929 887
f 1565 1461 1453
f 476 351 475
f 346 276 253
f 1071 1005 958
f 27 26 23
f 931 837 915
f 827 816 767
f 357 263 264
f 283 315 134
f 1219 1270 1312
f 738 697 602
f 1696 1599 1587
f 1830 1866 1750
f 366 311 383
f 730 708 626
f 1483 1461 1565
f 275 381 375
f 1068 1039 977
f 1733 1634 1681
f 765 650 699
f 1648 1621 1557
f 1310 1309 1386
f 727 597 704
f 603 576 483
f 1530 1425 1501
f 458 398 490
f 443 362 363
f 1922 1917 1923
f 141 144 149
f 948 947 840
f 1737 1855 1852
f 58 62 61
f 317 234 299
f 1698 1589 1583
f 1585 1511 1580
f 1591 1496 1611
f 1544 1509 1458
f 1596 1447 1517
f 1733 1732 1822
f 329 241 287
f 1217 1228 1161
f 1153 1085 1080
f 936 864 943
f 1878 1663 1721
f 914 865 777
f 222 250 224
f 337 305 407
f 393 523 433
f 1012 933 1051
f 582 517 469
f 1382 1432 1537
f 1139 1113 1179
f 404 345 355
f 1412 1252 1365
f 708 729 615
f 1112 1076 1178
f 470 424 419
f 826 747 737
f 63 55 56
f 716 656 789
f 1772 1850 1847
f 1524 1587 1492
f 1770 1820 1814
f 137 18 90
f 291 170 262
f 841 801 730
f 713 664 551
f 1435 1293 1387
f 1562 1499 1546
f 832 720 768
f 781 664 713
f 1870 1754 1635
f 804 735 746
f 1288 1275 1194
f 1834 1835 1825
f 1330 1208 1339
f 864 911 765
f 586 585 496
f 1018 823 1012
f 1228 1134 1161
f 1370 1271 1333
f 757 740 821
f 1239 1256 1338
f 1077 1021 1093
f 1622 1600 1660
f 30 32 26
f 340 298 209
f 774 686 773
f 1165 1147 1095
f 234 94 299
f 1594 1533 1543
f 292 237 263
f 1908 1905 1746
f 486 406 405
f 1689 1625 1615
f 1938 1936 1937
f 306 97 98
f 1387 1293 1343
f 979 875 831
f 453 421 401
f 301 274 293
f 1571 1484 1521
f 215 172 174
f 1750 1686 1690
f 513 440 514
f 1275 1287 1223
f 715 581 670
f 1210 1118 1218
f 619 567 456
f 558 474 427
f 947 996 885
f 1078 1018 1175
f 1279 1196 1261
f 307 247 258
f 748 630 756
f 1834 1825 1829
f 1429 1419 1572
f 936 956 983
f 346 284 365
f 79 73 111
f 924 851 894
f 1031 913 992
f 1888 1881 1885
f 570 665 577
f 413 388 408
f 201 195 266
f 531 434 575
f 1878 1946 1877
f 365 284 297
f 857 734 728
f 1040 977 911
f 88 3 114
f 726 608 664
f 1469 1513 1368
f 425 454 402
f 829 723 716
f 210 99 242
f 618 511 636
f 1768 1705 1718
f 430 417 461
f 790 841 730
f 641 605 544
f 1366 1265 1304
f 330 226 250
f 1367 1306 1375
f 1772 1706 1757
f 147 140 151
f 40 37 34
f 695 593 629
f 1192 1191 1162
f 130 127 131
f 238 106 107
f 1406 1288 1307
f 175 178 187
f 1626 1553 1601
f 474 436 350
f 459 392 467
f 1842 1837 1838
f 1684 1720 1582
f 1599 1619 1455
f 864 765 783
f 354 316 280
f 423 330 394
f 1597 1643 1653
f 1738 1737 1856
f 690 673 739
f 491 413 487
f 1684 1582 1639
f 546 467 432
f 1528 1400 1485
f 1738 1719 1712
f 488 414 510
f 1423 1344 1254
f 1137 1136 991
f 696 621 640
f 1748 1705 1768
f 1455 1417 1340
f 130 131 140
f 690 666 616
f 151 148 150
f 731 666 722
f 729 770 649
f 1678 1646 1789
f 1325 1238 1308
f 59 68 65
f 713 551 686
f 430 303 417
f 497 490 587
f 1126 941 1109
f 868 876 941
f 601 519 518
f 690 590 673
f 875 963 889
f 1359 1290 1346
f 1502 1453 1351
f 1576 1662 1631
f 1900 1897 1904
f 1476 1466 1388
f 1578 1568 1522
f 1617 1571 1575
f 534 464 507
f 1447 1405 1250
f 1198 1104 1284
f 1359 1346 1450
f 1276 1294 1352
f 1665 1539 1596
f 1661 1610 1668
f 396 376 437
f 1198 1083 1104
f 51 47 45
f 1887 1882 1889
f 309 222 223
f 359 331 316
f 281 242 234
f 1545 1533 1594
f 100 98 50
f 782 714 848
f 1191 1233 1156
f 1230 1188 1065
f 469 330 423
f 719 641 642
f 1885 1785 1890
f 1129 1010 1011
f 1267 1293 1221
f 881 828 806
f 1425 1386 1501
f 939 849 938
f 696 640 757
f 886 869 934
f 279 239 302
f 1817 1818 1813
f 156 153 155
f 1586 1478 1508
f 659 568 543
f 1013 1057 897
f 1911 1746 1724
f 1280 1241 1419
f 1392 1320 1301
f 644 580 579
f 402 381 387
f 968 842 922
f 1314 1110 1212
f 1623 1577 1605
f 1331 1381 1282
f 694 588 663
f 1000 988 1103
f 1171 1031 1138
f 756 685 748
f 977 858 765
f 1333 1319 1479
f 796 681 813
f 148 142 204
f 239 196 220
f 380 264 278
f 1868 1754 1870
f 1741 1782 1740
f 1715 1735 1853
f 38 34 32
f 1661 1609 1610
f 343 400 452
f 1832 1752 1728
f 160 159 157
f 863 753 851
f 1020 934 880
f 1193 1327 1182
f 1446 1269 1379
f 838 694 780
f 201 87 195
f 1050 1055 1114
f 1452 1436 1364
f 308 347 238
f 1796 1791 1792
f 729 649 615
f 1812 1907 1910
f 785 693 697
f 515 386 451
f 954 995 856
f 520 496 399
f 364 297 314
f 338 436 354
f 208 155 150
f 284 206 229
f 545 485 446
f 342 258 285
f 249 223 119
f 879 853 973
f 1159 1102 994
f 1757 1706 1655
f 252 91 143
f 81 82 77
f 810 873 777
f 1249 1356 1230
f 48 50 46
f 1941 1933 1938
f 122 117 126
f 1668 1617 1627
f 1715 1630 1735
f 1395 1241 1278
f 1719 1506 1712
f 687 552 596
f 857 856 734
f 1196 1062 1124
f 740 747 826
f 479 364 517
f 1868 1696 1754
f 1931 1934 1935
f 445 415 508
f 1315 1255 1306
f 1861 1708 1664
f 917 1009 925
f 1869 1674 1734
f 336 373 286
f 1712 1640 1658
f 1620 1624 1474
f 1197 1132 1133
f 352 294 348
f 1807 1805 1800
f 1248 1204 1323
f 1045 1154 1070
f 473 425 416
f 581 538 670
f 130 123 127
f 1881 1880 1885
f 815 724 751
f 853 754 852
f 1451 1279 1428
f 1136 1167 1067
f 1078 1175 1262
f 853 852 916
f 1571 1521 1494
f 1615 1548 1520
f 567 558 427
f 1021 951 1029
f 1747 1745 1699
f 347 313 238
f 13 16 11
f 945 865 914
f 877 886 966
f 700 637 620
f 1379 1269 1264
f 1763 1884 1886
f 1163 1120 1180
f 973 853 916
f 1456 1297 1403
f 273 213 214
f 1785 1760 1689
f 399 391 347
f 53 47 51
f 95 92 35
f 927 892 860
f 236 180 176
f 241 88 248
f 1262 1175 1198
f 1162 1191 1030
f 645 585 586
f 834 763 899
f 526 442 499
f 1105 1251 1074
f 1851 1849 1845
f 1482 1263 1460
f 185 175 187
f 298 389 288
f 949 843 967
f 1892 1889 1881
f 1186 1039 1068
f 203 125 226
f 1170 1087 1015
f 1300 1187 1299
f 1315 1306 1367
f 267 233 232
f 482 358 441
f 1911 1908 1746
f 1934 1868 1935
f 1496 1471 1416
f 1242 1197 1133
f 712 676 754
f 1792 1784 1783
f 487 408 484
f 606 439 493
f 600 504 658
f 1941 1938 1940
f 1427 1362 1291
f 555 508 594
f 1468 1325 1389
f 283 134 227
f 1732 1628 1769
f 1914 1907 1909
f 1529 1449 1540
f 516 515 451
f 1433 1303 1380
f 839 857 728
f 1893 1889 1892
f 189 237 183
f 38 32 33
f 1766 1685 1730
f 1509 1426 1443
f 921 877 966
f 1401 1406 1307
f 936 911 864
f 856 995 833
f 86 82 81
f 981 1063 971
f 604 527 470
f 1626 1566 1553
f 93 36 30
f 404 457 518
f 571 516 522
f 764 651 625
f 1701 1632 1598
f 1857 1876 1684
f 1449 1464 1540
f 511 369 445
f 1393 1341 1361
f 388 395 408
f 126 125 129
f 1229 1109 1248
f 657 558 639
f 1389 1224 1345
f 1604 1575 1567
f 873 914 777
f 972 907 872
f 47 44 43
f 744 634 645
f 230 252 143
f 1071 1154 1045
f 575 478 623
f 1294 1221 1293
f 817 693 785
f 622 560 477
f 618 529 511
f 1618 1585 1580
f 994 1009 917
f 1351 1453 1350
f 699 609 678
f 44 40 39
f 691 626 593
f 957 928 951
f 506 400 505
f 1768 1718 1812
f 695 691 593
f 684 652 584
f 1813 1816 1809
f 762 627 698
f 71 70 68
f 1090 1024 1016
f 280 230 92
f 865 820 799
f 881 871 828
f 1421 1349 1334
f 1318 1234 1283
f 215 176 172
f 256 296 343
f 1900 1896 1897
f 29 24 22
f 63 59 55
f 1076 1069 1119
f 1192 1162 1060
f 1749 1748 1920
f 813 832 868
f 560 677 523
f 1473 1546 1499
f 1279 1342 1428
f 1226 1158 1141
f 1124 1148 1261
f 1500 1389 1475
f 1663 1707 1564
f 819 778 804
f 432 380 328
f 842 716 789
f 284 229 297
f 1546 1607 1562
f 1921 1923 1919
f 238 107 109
f 1381 1295 1282
f 1553 1454 1518
f 688 624 575
f 235 166 212
f 1686 1578 1619
f 1716 1739 1651
f 1522 1467 1415
f 400 337 407
f 1667 1647 1626
f 1679 1695 1621
f 537 514 466
f 270 199 112
f 303 368 417
f 519 404 518
f 183 181 185
f 1158 1089 1094
f 657 629 599
f 1070 1040 956
f 1263 1078 1262
f 909 848 975
f 1409 1458 1360
f 512 340 422
f 1185 1229 1349
f 990 921 1026
f 94 36 93
f 1626 1616 1566
f 1907 1901 1900
f 1780 1783 1777
f 1467 1558 1476
f 736 635 652
f 1858 1945 1946
f 399 496 391
f 1134 1133 989
f 871 904 841
f 1369 1258 1330
f 1285 1198 1284
f 1114 1055 1042
f 888 784 803
f 1908 1906 1905
f 78 76 75
f 706 665 570
f 1072 1006 1113
f 1843 1674 1869
f 1237 1206 1276
f 1875 1854 1944
f 218 193 184
f 397 318 319
f 370 322 306
f 377 339 396
f 784 711 710
f 106 105 65
f 398 325 345
f 1121 1054 1008
f 251 260 202
f 1595 1453 1502
f 1700 1605 1653
f 1102 1049 1009
f 1588 1564 1436
f 426 355 366
f 1434 1358 1366
f 543 422 397
f 1216 1078 1247
f 165 166 172
f 1327 1159 1182
f 1803 1794 1726
f 450 352 348
f 688 575 745
f 636 511 555
f 1915 1908 1911
f 1605 1597 1653
f 292 273 216
f 1861 1664 1774
f 1694 1615 1666
f 1757 1856 1850
f 1652 1668 1627
f 1610 1552 1484
f 582 469 533
f 820 791 741
f 1792 1791 1784
f 1037 1072 1139
f 1556 1448 1465
f 277 110 80
f 748 658 630
f 1206 1086 1112
f 211 160 164
f 1205 1145 1154
f 975 918 1078
f 1534 1445 1506
f 1156 1041 1030
f 506 452 400
f 1730 1622 1660
f 991 1067 976
f 1028 955 1076
f 1870 1635 1711
f 84 83 78
f 1145 1070 1154
f 200 86 201
f 42 41 37
f 1529 1495 1449
f 474 350 427
f 1461 1357 1453
f 602 537 459
f 1754 1696 1635
f 927 860 843
f 1862 1678 1789
f 1067 942 976
f 393 270 352
f 1321 1360 1302
f 955 927 949
f 293 325 398
f 1341 1260 1361
f 8 2 6
f 1914 1909 1913
f 1209 1121 1115
f 1289 1225 1107
f 485 378 446
f 1251 1144 1074
f 1364 1436 1228
f 1503 1424 1511
f 919 796 813
f 1583 1452 1515
f 649 623 525
f 553 526 499
f 1528 1485 1600
f 266 294 200
f 450 326 449
f 1580 1529 1574
f 1281 1174 1292
f 1811 1700 1767
f 1519 1548 1433
f 1427 1291 1348
f 734 570 614
f 1662 1661 1652
f 602 697 607
f 1186 1184 1213
f 270 304 199
f 1767 1653 1731
f 1541 1389 1500
f 601 518 536
f 322 97 306
f 741 717 631
f 1657 1656 1715
f 1317 1401 1307
f 386 349 315
f 259 220 218
f 455 360 369
f 1839 1729 1833
f 1068 1040 1081
f 772 639 619
f 343 296 400
f 1801 1802 1795
f 1206 1112 1232
f 1738 1757 1719
f 1394 1342 1341
f 1845 1844 1839
f 128 130 136
f 766 758 837
f 1413 1399 1336
f 1048 959 1007
f 778 739 709
f 1193 1125 1116
f 111 81 79
f 1846 1842 1841
f 480 522 453
f 444 443 363
f 668 529 618
f 1605 1501 1597
f 1708 1537 1664
f 1584 1500 1475
f 1536 1432 1421
f 662 601 660
f 1892 1881 1888
f 293 274 108
f 1942 1873 1933
f 1798 1890 1764
f 222 116 117
f 1430 1429 1630
f 1334 1229 1248
f 1434 1387 1343
f 1179 1113 1190
f 1677 1665 1596
f 1872 1711 1720
f 661 659 605
f 1921 1915 1918
f 720 539 647
f 670 612 694
f 1843 1710 1674
f 1329 1276 1384
f 1617 1602 1571
f 1539 1397 1405
f 1236 1091 1222
f 883 820 865
f 768 688 855
f 1943 1939 1872
f 1732 1681 1628
f 626 604 541
f 228 203 226
f 1175 1018 1160
f 520 586 496
f 122 118 117
f 1767 1700 1653
f 1457 1289 1426
f 1117 1025 1019
f 1947 1942 1945
f 667 631 638
f 827 917 816
f 217 180 236
f 355 291 323
f 292 216 237
f 1527 1463 1554
f 671 677 560
f 570 577 463
f 643 546 597
f 349 411 260
f 1850 1852 1846
f 1889 1882 1881
f 1822 1732 1769
f 947 885 840
f 714 552 687
f 809 751 744
f 1924 1865 1866
f 940 818 1000
f 1016 908 987
f 23 26 21
f 560 523 393
f 813 681 720
f 1894 1895 1899
f 1271 1164 1158
f 739 673 709
f 1784 1778 1779
f 919 868 1052
f 13 6 7
f 1095 1047 1034
f 1409 1321 1362
f 982 899 995
f 681 539 720
f 903 770 825
f 1853 1756 1849
f 507 464 452
f 771 684 798
f 1860 1760 1785
f 1447 1313 1517
f 749 741 667
f 271 139 256
f 1383 1365 1266
f 84 199 83
f 425 402 416
f 362 435 374
f 1719 1655 1506
f 1888 1885 1890
f 1385 1476 1388
f 383 351 476
f 1525 1428 1545
f 489 416 389
f 433 410 304
f 1683 1572 1614
f 305 225 115
f 1794 1800 1793
f 892 835 819
f 890 823 847
f 157 156 158
f 1691 1606 1633
f 88 4 3
f 1371 1327 1193
f 1819 1824 1822
f 985 1030 912
f 579 578 651
f 1857 1946 1876
f 806 828 732
f 1301 1209 1159
f 1871 1675 1710
f 1421 1334 1474
f 1024 993 962
f 747 618 636
f 294 352 270
f 511 455 369
f 608 547 551
f 120 119 118
f 1799 1678 1862
f 1851 1853 1849
f 1744 1794 1765
f 175 172 176
f 757 668 740
f 960 915 959
f 409 378 300
f 784 710 803
f 492 396 503
f 711 595 569
f 751 724 634
f 638 557 512
f 1650 1493 1582
f 680 601 662
f 1505 1458 1409
f 1819 1816 1818
f 551 486 550
f 1361 1260 1300
f 794 788 671
f 1933 1932 1936
f 416 387 288
f 554 500 524
f 229 148 204
f 181 173 175
f 1261 1196 1124
f 1302 1277 1165
f 1019 909 975
f 1651 1502 1547
f 915 924 959
f 1665 1659 1539
f 503 437 488
f 97 289 95
f 1276 1232 1294
f 509 593 528
f 1245 1239 1338
f 1160 1083 1198
f 333 371 428
f 592 635 571
f 1776 1590 1682
f 1140 1060 1032
f 621 493 535
f 790 730 695
f 1378 1348 1272
f 1454 1398 1518
f 1799 1891 1898
f 1785 1689 1694
f 503 396 437
f 1231 1111 1110
f 329 287 358
f 1355 1312 1210
f 335 362 309
f 29 28 24
f 1339 1244 1377
f 1040 983 956
f 945 883 865
f 1597 1618 1643
f 461 385 547
f 704 552 714
f 357 292 263
f 546 459 467
f 1682 1708 1775
f 1782 1786 1781
f 1711 1650 1582
f 1776 1682 1775
f 266 200 201
f 597 432 552
f 1423 1438 1344
f 97 95 41
f 814 833 706
f 395 388 344
f 441 334 434
f 523 613 468
f 949 967 1027
f 246 132 91
f 1525 1594 1613
f 1562 1544 1505
f 1688 1641 1595
f 367 254 360
f 1552 1462 1484
f 1172 1096 1149
f 825 770 729
f 1893 1891 1889
f 119 120 121
f 615 649 525
f 1611 1550 1628
f 1027 967 990
f 1640 1506 1482
f 747 636 737
f 787 715 670
f 578 506 505
f 836 776 761
f 570 463 443
f 1658 1608 1704
f 1102 1115 1049
f 1613 1594 1645
f 1876 1720 1684
f 980 898 971
f 1005 956 950
f 1610 1484 1602
f 278 221 269
f 1094 1046 1106
f 1576 1631 1513
f 1774 1670 1860
f 528 541 465
f 1310 1386 1425
f 31 29 22
f 1227 1166 1114
f 1307 1288 1170
f 1712 1658 1737
f 1708 1538 1537
f 1182 1159 1142
f 202 119 121
f 885 935 870
f 1747 1576 1632
f 639 558 567
f 1211 1212 1066
f 822 696 757
f 1455 1470 1417
f 869 733 880
f 1576 1513 1487
f 214 213 169
f 43 39 38
f 918 823 1018
f 901 798 893
f 1364 1228 1217
f 856 833 814
f 1531 1403 1441
f 123 121 120
f 1414 1352 1435
f 1183 1079 1219
f 539 482 531
f 764 760 824
f 1152 1063 981
f 1741 1740 1762
f 1872 1870 1711
f 1827 1832 1728
f 1680 1709 1648
f 1933 1929 1932
f 961 945 914
f 403 370 306
f 185 187 190
f 1566 1510 1553
f 845 810 742
f 1790 1792 1783
f 336 286 295
f 835 739 819
f 316 246 252
f 404 355 457
f 430 269 303
f 1432 1349 1421
f 1032 985 923
f 1660 1600 1565
f 1548 1620 1437
f 145 140 142
f 1611 1542 1550
f 486 385 406
f 1470 1522 1415
f 1749 1691 1702
f 1589 1663 1588
f 1665 1722 1659
f 1867 1830 1690
f 1605 1577 1530
f 583 580 644
f 143 91 20
f 428 371 458
f 300 378 257
f 1057 989 897
f 1902 1894 1899
f 576 553 499
f 1002 919 1052
f 639 718 657
f 1094 1106 1141
f 446 378 409
f 600 475 504
f 1195 1131 1088
f 1648 1679 1621
f 770 745 649
f 1388 1353 1305
f 1709 1717 1679
f 579 506 578
f 722 690 739
f 930 914 873
f 140 133 142
f 964 781 874
f 25 22 16
f 547 385 551
f 531 482 441
f 945 1023 883
f 1065 954 920
f 897 794 910
f 539 483 482
f 1737 1658 1704
f 127 126 131
f 1891 1887 1889
f 933 890 781
f 1395 1278 1359
f 89 8 12
f 1871 1933 1873
f 1510 1486 1434
f 505 407 526
f 1925 1922 1923
f 746 689 651
f 1025 953 932
f 1871 1710 1843
f 245 124 89
f 1398 1366 1304
f 1166 1050 1114
f 876 832 768
f 736 783 678
f 1132 1116 1073
f 75 71 72
f 1321 1409 1360
f 1525 1545 1594
f 982 834 899
f 754 680 743
f 9 7 4
f 923 985 830
f 705 683 682
f 358 248 334
f 777 752 719
f 1006 1077 1113
f 465 470 419
f 209 231 154
f 1663 1564 1588
f 1936 1931 1937
f 1334 1323 1474
f 1101 960 1048
f 1782 1781 1740
f 1446 1459 1322
f 1806 1808 1802
f 640 529 675
f 247 217 258
f 989 1073 979
f 774 773 874
f 271 152 139
f 1629 1612 1607
f 1403 1297 1310
f 1531 1441 1577
f 1478 1319 1297
f 1180 1139 1179
f 1326 1487 1469
f 1454 1366 1398
f 1467 1337 1415
f 1044 1000 1103
f 950 861 901
f 371 398 458
f 1485 1324 1483
f 154 147 157
f 144 141 130
f 1744 1713 1661
f 114 3 2
f 335 309 223
f 1567 1575 1465
f 1412 1313 1252
f 851 792 808
f 587 559 663
f 823 726 847
f 1299 1164 1271
f 1799 1862 1891
f 102 306 98
f 22 19 16
f 537 466 459
f 730 801 708
f 318 340 209
f 669 645 586
f 1470 1415 1381
f 1745 1807 1803
f 1075 1130 1151
f 1321 1302 1235
f 1210 1151 1118
f 385 259 307
f 108 69 177
f 1865 1864 1750
f 1624 1570 1474
f 1360 1277 1302
f 564 534 590
f 1268 1181 1245
f 1836 1829 1751
f 1828 1691 1749
f 1717 1798 1695
f 462 373 336
f 689 644 579
f 1033 887 1031
f 1919 1915 1921
f 1783 1784 1779
f 872 822 757
f 1772 1755 1636
f 1356 1188 1230
f 146 143 24
f 1632 1576 1487
f 1566 1616 1554
f 1550 1541 1672
f 660 633 632
f 1163 1180 1239
f 100 50 54
f 1077 1093 1169
f 272 320 376
f 530 449 538
f 324 327 273
f 327 213 273
f 1717 1695 1679
f 1016 1024 962
f 1145 1081 1070
f 1227 1215 1290
f 61 62 56
f 277 410 282
f 1265 1219 1304
f 1756 1683 1771
f 1880 1861 1774
f 1483 1314 1461
f 976 942 904
f 598 473 549
f 646 642 513
f 1920 1916 1922
f 393 433 304
f 1577 1441 1530
f 1396 1445 1378
f 654 577 665
f 423 394 435
f 1209 1259 1121
f 907 822 872
f 1437 1323 1303
f 1604 1567 1549
f 1743 1741 1671
f 1256 1180 1243
f 1736 1853 1855
f 75 74 71
f 157 147 156
f 329 358 418
f 490 448 519
f 1788 1786 1782
f 73 72 67
f 1618 1580 1642
f 1841 1835 1834
f 1340 1331 1259
f 1103 988 1062
f 429 428 498
f 928 862 937
f 499 418 483
f 1410 1502 1351
f 207 149 154
f 1117 1143 1025
f 1243 1190 1255
f 1340 1417 1331
f 151 145 148
f 1848 1842 1846
f 1778 1725 1761
f 323 291 262
f 1054 1032 895
f 1141 1181 1240
f 1773 1758 1947
f 742 719 642
f 811 786 846
f 1722 1716 1659
f 481 477 352
f 1010 1090 1016
f 1676 1638 1758
f 1862 1789 1886
f 255 177 104
f 235 212 254
f 1913 1909 1906
f 1354 1364 1217
f 1750 1714 1686
f 1162 1030 1060
f 1932 1929 1925
f 538 498 588
f 1633 1606 1456
f 536 494 426
f 728 734 614
f 1622 1528 1600
f 902 878 785
f 265 255 325
f 691 730 626
f 33 32 30
f 939 836 849
f 733 796 880
f 598 502 473
f 980 876 898
f 1857 1684 1707
f 1305 1353 1254
f 200 270 112
f 414 382 413
f 637 565 620
f 962 946 845
f 1822 1769 1815
f 59 60 55
f 562 443 444
f 32 34 31
f 101 99 210
f 901 861 771
f 1375 1439 1449
f 1000 818 896
f 1555 1423 1466
f 1009 1049 925
f 1287 1205 1223
f 999 931 986
f 1027 955 949
f 989 979 867
f 800 794 715
f 333 301 371
f 903 971 884
f 1108 1011 1036
f 1127 1177 1119
f 1805 1809 1806
f 127 120 118
f 563 505 526
f 484 412 464
f 1877 1707 1663
f 1660 1565 1641
f 1585 1618 1597
f 1481 1451 1551
f 1019 932 909
f 1823 1819 1818
f 645 545 585
f 554 524 577
f 650 797 655
f 1659 1547 1539
f 1835 1831 1825
f 1627 1617 1575
f 309 250 222
f 1130 1084 1059
f 263 237 189
f 225 10 115
f 200 112 85
f 1850 1856 1852
f 807 923 830
f 1407 1256 1390
f 435 394 374
f 1414 1435 1463
f 1674 1606 1691
f 1462 1365 1383
f 1784 1725 1778
f 1317 1512 1401
f 1042 998 1082
f 538 429 498
f 167 164 162
f 1797 1796 1792
f 167 162 168
f 1187 1164 1299
f 1166 1097 1050
f 15 9 14
f 540 386 515
f 1080 1085 942
f 188 73 108
f 571 522 548
f 1489 1445 1396
f 761 692 731
f 1363 1378 1272
f 677 698 613
f 1475 1389 1345
f 1396 1247 1263
f 1686 1644 1578
f 1407 1390 1495
f 1550 1468 1541
f 443 463 362
f 1501 1386 1376
f 1438 1519 1433
f 1585 1503 1511
f 92 28 35
f 392 357 264
f 1673 1628 1550
f 703 662 702
f 588 498 497
f 583 507 580
f 6 2 3
f 926 952 1035
f 1831 1837 1826
f 1235 1122 1096
f 549 473 489
f 1452 1354 1431
f 782 727 704
f 963 1038 974
f 483 418 358
f 817 845 693
f 47 43 45
f 1808 1769 1727
f 1492 1392 1301
f 1292 1279 1451
f 1886 1883 1887
f 1598 1408 1477
f 985 912 830
f 411 349 386
f 209 154 159
f 304 277 199
f 1174 1044 1103
f 1014 996 947
f 773 784 888
f 661 667 659
f 133 126 129
f 702 660 701
f 63 56 62
f 898 855 884
f 80 76 83
f 1642 1603 1616
f 523 468 433
f 864 783 736
f 1925 1923 1927
f 1177 1267 1221
f 191 189 186
f 845 742 693
f 154 144 147
f 1030 1041 978
f 449 429 538
f 95 35 41
f 1298 1277 1347
f 1186 1105 1039
f 1649 1634 1752
f 677 812 698
f 351 281 317
f 656 591 582
f 1586 1560 1478
f 577 524 463
f 1883 1775 1882
f 1681 1591 1611
f 885 870 721
f 447 431 324
f 1521 1399 1494
f 721 769 653
f 134 202 121
f 490 398 448
f 300 257 105
f 1570 1421 1474
f 401 421 381
f 1844 1729 1839
f 1446 1322 1269
f 968 922 1003
f 132 245 89
f 314 228 226
f 1418 1524 1492
f 664 608 551
f 1772 1636 1706
f 1811 1901 1812
f 1768 1812 1910
f 1779 1778 1739
f 1208 1082 1157
f 56 55 52
f 1508 1478 1456
f 984 955 1028
f 1203 1010 1129
f 559 519 611
f 1813 1818 1816
f 165 161 166
f 1819 1815 1816
f 1781 1722 1723
f 1515 1431 1481
f 15 13 9
f 1376 1245 1338
f 426 383 476
f 1610 1602 1617
f 207 205 149
f 935 1053 965
f 698 627 556
f 1827 1733 1824
f 1770 1632 1701
f 860 819 804
f 534 507 583
f 896 780 879
f 624 531 575
f 1507 1420 1430
f 500 423 435
f 1755 1840 1753
f 1292 1174 1279
f 1193 1116 1197
f 1933 1941 1942
f 385 486 551
f 1306 1237 1329
f 572 491 542
f 1807 1810 1805
f 1694 1689 1615
f 454 401 402
f 1345 1224 1236
f 656 582 707
f 1689 1687 1625
f 1377 1244 1325
f 1383 1328 1399
f 433 468 410
f 1003 834 982
f 1629 1593 1612
f 1060 985 1032
f 1358 1214 1265
f 1693 1677 1517
f 1351 1350 1188
f 1260 1187 1300
f 1625 1624 1620
f 1392 1340 1320
f 1612 1532 1561
f 1727 1685 1766
f 1885 1880 1879
f 1516 1382 1538
f 1134 989 1057
f 1579 1583 1515
f 48 42 44
f 772 718 639
f 1670 1669 1860
f 851 808 894
f 192 191 185
f 1010 878 902
f 1199 1152 1085
f 900 746 854
f 1521 1484 1399
f 1412 1517 1313
f 1090 1096 1024
f 1017 1035 1097
f 409 300 313
f 215 174 235
f 240 196 239
f 1261 1148 1260
f 840 885 797
f 508 365 479
f 725 767 669
f 1600 1485 1483
f 1749 1702 1748
f 88 114 248
f 631 598 549
f 525 462 424
f 475 377 504
f 1891 1886 1887
f 382 388 413
f 1692 1698 1583
f 1864 1918 1821
f 779 731 805
f 212 166 161
f 975 848 918
f 842 829 716
f 1460 1404 1420
f 1685 1584 1622
f 1062 973 1124
f 1189 1091 1111
f 1773 1692 1676
f 480 453 401
f 429 326 333
f 744 751 634
f 804 778 735
f 1188 1098 1065
f 1526 1516 1590
f 470 527 424
f 672 671 622
f 1590 1538 1682
f 236 215 235
f 1375 1329 1384
f 1128 1015 1022
f 1111 1091 1003
f 1936 1932 1931
f 617 565 630
f 1807 1800 1803
f 973 916 1061
f 1726 1661 1662
f 356 292 357
f 1674 1613 1645
f 1747 1699 1576
f 1165 1095 1122
f 1564 1639 1535
f 1210 1335 1382
f 1828 1926 1929
f 312 170 291
f 1319 1240 1297
f 485 403 378
f 487 413 408
f 894 939 969
f 946 930 810
f 894 836 939
f 260 119 202
f 1471 1369 1416
f 550 486 405
f 1140 1192 1060
f 367 332 254
f 1535 1639 1459
f 280 252 230
f 492 377 396
f 36 33 30
f 661 605 641
f 1704 1657 1736
f 1010 1016 987
f 449 326 429
f 1436 1564 1379
f 557 389 512
f 1594 1586 1645
f 1828 1749 1920
f 1272 1348 1203
f 631 549 557
f 875 889 762
f 495 405 379
f 1940 1939 1943
f 1769 1673 1727
f 630 637 700
f 1543 1491 1560
f 1085 981 942
f 434 373 478
f 1049 906 925
f 324 431 327
f 561 481 530
f 1366 1358 1265
f 1195 1088 1107
f 277 282 110
f 674 594 716
f 440 356 357
f 663 559 676
f 1509 1532 1426
f 223 222 117
f 194 185 190
f 387 381 275
f 259 247 307
f 457 355 426
f 195 81 111
f 369 276 390
f 697 693 607
f 866 827 725
f 1117 1019 975
f 1161 1134 1057
f 1206 1232 1276
f 1254 1274 1167
f 1540 1527 1574
f 725 669 627
f 1454 1434 1366
f 1631 1549 1513
f 1863 1798 1717
f 1852 1855 1848
f 1513 1549 1368
f 502 548 480
f 1855 1853 1851
f 1333 1271 1226
f 1787 1725 1784
f 1945 1941 1940
f 1093 1029 1086
f 1134 1264 1133
f 1372 1285 1284
f 460 399 372
f 890 847 781
f 1738 1712 1737
f 1604 1627 1575
f 1850 1846 1847
f 1094 997 1046
f 935 965 839
f 1299 1271 1370
f 487 484 542
f 1854 1874 1944
f 1671 1412 1609
f 1178 1119 1177
f 934 869 880
f 1012 890 933
f 405 342 379
f 1815 1769 1808
f 420 452 464
f 1614 1498 1569
f 1912 1908 1915
f 1058 868 941
f 1847 1841 1840
f 1685 1622 1730
f 1854 1675 1874
f 417 368 302
f 288 207 231
f 109 70 74
f 1410 1351 1356
f 105 60 65
f 1298 1147 1277
f 715 622 581
f 213 211 164
f 1207 1128 1100
f 693 742 642
f 1496 1416 1440
f 1828 1920 1926
f 1859 1945 1759
f 468 372 410
f 685 632 679
f 1566 1554 1510
f 658 504 617
f 1561 1532 1509
f 773 711 784
f 1434 1343 1358
f 205 141 149
f 1898 1891 1896
f 1922 1916 1917
f 82 84 78
f 1401 1465 1406
f 127 122 126
f 345 312 355
f 1836 1834 1829
f 1493 1418 1327
f 532 562 444
f 1718 1605 1700
f 316 331 246
f 1105 948 1039
f 735 644 689
f 133 138 142
f 647 624 688
f 1673 1550 1672
f 1085 1152 981
f 1390 1367 1449
f 1151 1059 1118
f 897 867 794
f 1882 1775 1861
f 1278 1173 1227
f 1232 1112 1178
f 281 210 242
f 734 706 570
f 152 30 27
f 38 39 34
f 1917 1914 1919
f 969 1006 1072
f 849 761 779
f 1345 1222 1400
f 87 86 81
f 808 850 894
f 557 549 489
f 119 223 118
f 596 461 608
f 1466 1353 1388
f 177 69 64
f 1308 1224 1389
f 862 805 835
f 440 447 356
f 1469 1402 1326
f 1099 1004 968
f 269 240 303
f 1264 1269 1242
f 595 405 569
f 1845 1849 1844
f 611 519 601
f 174 172 166
f 256 137 296
f 1439 1375 1384
f 1909 1904 1906
f 1075 966 1084
f 1006 938 957
f 514 440 466
f 1005 950 958
f 1113 1077 1190
f 1903 1902 1906
f 348 266 326
f 360 254 267
f 274 111 188
f 676 611 680
f 848 714 823
f 972 929 998
f 1244 1171 1238
f 1006 957 1021
f 1790 1783 1780
f 228 204 135
f 1526 1490 1516
f 1804 1709 1680
f 1416 1369 1330
f 611 601 680
f 963 974 889
f 1222 1091 1189
f 355 323 366
f 867 979 831
f 424 462 336
f 613 556 468
f 419 424 331
f 673 590 583
f 522 471 453
f 1324 1231 1314
f 859 825 729
f 72 71 67
f 109 74 76
f 330 250 394
f 142 138 135
f 1753 1703 1629
f 1282 1140 1201
f 317 299 339
f 227 205 207
f 1535 1459 1446
f 496 545 409
f 67 68 59
f 1645 1606 1674
f 246 310 132
f 1763 1590 1776
f 1493 1650 1524
f 304 410 277
f 1101 986 960
f 1190 1169 1255
f 353 363 249
f 1329 1237 1276
f 1670 1570 1669
f 767 816 744
f 1256 1243 1315
f 1680 1581 1558
f 294 270 200
f 108 73 69
f 974 917 866
f 724 772 619
f 261 280 92
f 907 803 822
f 630 565 637
f 1253 1199 1153
f 140 131 133
f 809 815 751
f 132 89 12
f 987 908 878
f 379 341 439
f 1117 1216 1143
f 1359 1227 1290
f 1607 1561 1562
f 1426 1298 1347
f 89 124 8
f 1271 1158 1226
f 1718 1700 1812
f 369 267 276
f 694 712 780
f 384 367 438
f 1008 1054 895
f 1773 1859 1698
f 997 894 969
f 463 435 362
f 908 845 817
f 58 61 57
f 17 16 13
f 222 224 116
f 1328 1336 1399
f 1008 895 906
f 1281 1354 1217
f 1637 1525 1613
f 669 767 645
f 1120 1139 1180
f 1649 1569 1559
f 1499 1505 1409
f 1582 1493 1444
f 1381 1415 1295
f 6 11 8
f 348 294 266
f 1229 1126 1109
f 1728 1634 1733
f 1226 1141 1240
f 870 839 769
f 450 481 352
f 1630 1429 1572
f 1745 1726 1699
f 614 570 443
f 1314 1212 1286
f 1759 1858 1721
f 721 653 648
f 1906 1902 1905
f 1870 1935 1868
f 1061 916 999
f 734 814 706
f 206 150 148
f 39 40 34
f 1104 1017 1150
f 213 164 167
f 48 54 50
f 1762 1677 1693
f 422 340 318
f 1625 1620 1548
f 1499 1562 1505
f 315 251 134
f 442 361 418
f 1219 1075 1151
f 866 917 827
f 828 871 790
f 1049 1008 906
f 1275 1373 1287
f 1576 1699 1662
f 468 460 372
f 782 704 714
f 700 620 692
f 37 41 35
f 1687 1669 1624
f 1075 1084 1130
f 940 910 800
f 257 102 103
f 1170 1194 1087
f 670 538 612
f 1895 1890 1798
f 1000 896 988
f 276 232 253
f 1946 1945 1940
f 390 346 415
f 8 124 1
f 1702 1633 1623
f 606 696 759
f 662 660 702
f 227 141 205
f 543 568 422
f 763 654 706
f 569 495 439
f 1937 1931 1935
f 1827 1728 1733
f 1288 1194 1170
f 1924 1866 1830
f 1648 1557 1581
f 525 478 462
f 1530 1501 1605
f 1683 1614 1569
f 529 455 511
f 390 276 346
f 1182 1038 1125
f 308 238 243
f 258 236 285
f 1086 984 1028
f 16 19 11
f 794 867 788
f 1266 1213 1273
f 410 372 282
f 1433 1437 1303
f 1866 1865 1750
f 1144 1053 935
f 1444 1327 1371
f 1188 1211 1098
f 1480 1393 1497
f 1096 1122 1043
f 1240 1181 1268
f 1332 1225 1289
f 743 766 844
f 1746 1804 1680
f 1547 1502 1410
f 756 755 802
f 1320 1259 1209
f 1259 1201 1121
f 597 546 432
f 153 151 150
f 1176 1217 1135
f 1123 1187 1260
f 906 815 809
f 1567 1512 1549
f 1862 1886 1891
f 846 786 782
f 1723 1722 1665
f 162 158 163
f 812 762 698
f 451 375 421
f 1731 1667 1799
f 1555 1621 1520
f 521 450 449
f 1214 1343 1267
f 1672 1584 1685
f 1017 926 1035
f 244 225 305
f 1344 1274 1254
f 891 829 842
f 1536 1421 1570
f 1903 1894 1902
f 1722 1777 1716
f 354 359 316
f 1503 1376 1424
f 927 843 949
f 967 900 990
f 1651 1688 1595
f 1460 1420 1573
f 1123 1061 986
f 544 431 447
f 1174 1196 1279
f 1404 1263 1262
f 131 126 133
f 234 96 94
f 755 630 700
f 1635 1696 1587
f 1287 1273 1205
f 1747 1632 1770
f 295 286 113
f 1578 1522 1470
f 1039 948 977
f 815 807 772
f 1010 987 878
f 311 210 281
f 1234 1317 1131
f 1939 1938 1935
f 383 311 351
f 1452 1589 1436
f 1877 1857 1707
f 310 295 245
f 1490 1411 1422
f 614 562 653
f 182 179 181
f 1773 1947 1859
f 1534 1546 1445
f 1810 1809 1805
f 1798 1764 1695
f 1835 1838 1831
f 686 595 711
f 925 906 809
f 339 299 321
f 1068 1081 1184
f 217 184 180
f 1927 1923 1921
f 1463 1435 1387
f 385 307 406
f 1629 1703 1592
f 1650 1635 1524
f 1819 1822 1815
f 146 24 28
f 599 509 474
f 574 456 485
f 1227 1114 1215
f 1825 1817 1820
f 287 241 248
f 1743 1782 1741
f 1155 1004 1099
f 1896 1891 1893
f 149 144 154
f 254 212 233
f 1739 1761 1651
f 1322 1193 1242
f 1220 1105 1186
f 194 190 193
f 951 944 984
f 1830 1750 1690
f 186 183 185
f 1416 1339 1440
f 1558 1467 1568
f 638 631 557
f 1623 1605 1718
f 414 413 491
f 1158 1094 1141
f 1217 1161 1135
f 918 1018 1078
f 1320 1340 1259
f 1334 1248 1323
f 1386 1245 1376
f 931 844 837
f 757 640 675
f 573 475 600
f 471 421 453
f 1643 1642 1647
f 1517 1677 1596
f 1656 1430 1630
f 279 240 239
f 915 837 863
f 988 896 970
f 1946 1940 1943
f 320 272 271
f 1609 1552 1610
f 1417 1381 1331
f 1056 963 875
f 1796 1795 1791
f 528 465 472
f 1852 1848 1846
f 1621 1695 1666
f 1875 1638 1854
f 1173 1166 1227
f 1272 1143 1216
f 1109 941 1064
f 64 67 66
f 1396 1378 1363
f 452 420 343
f 659 667 568
f 852 754 743
f 1475 1345 1400
f 332 235 254
f 645 634 545
f 1462 1383 1484
f 1615 1625 1548
f 925 809 816
f 526 407 442
f 338 280 261
f 1655 1546 1534
f 828 790 695
f 672 622 715
f 1167 1153 1067
f 1307 1170 1207
f 1360 1347 1277
f 810 777 719
f 1833 1827 1824
f 1398 1304 1411
f 265 108 177
f 1599 1455 1523
f 463 524 435
f 1110 982 1066
f 592 571 548
f 90 10 225
f 1067 1080 942
f 168 163 165
f 620 565 510
f 564 484 534
f 1194 1071 1087
f 1463 1387 1486
f 1027 1119 1069
f 280 316 252
f 1116 1056 1001
f 942 825 859
f 1150 1097 1173
f 1901 1898 1896
f 1176 1044 1174
f 1742 1641 1725
f 1228 1379 1264
f 951 937 944
f 295 113 245
f 1682 1538 1708
f 842 789 922
f 1655 1706 1546
f 1938 1937 1935
f 1169 1168 1237
f 1731 1799 1898
f 929 821 887
f 578 505 625
f 1245 1181 1163
f 775 806 732
f 602 607 537
f 178 176 180
f 68 70 65
f 1079 1075 1219
f 1303 1204 1152
f 826 737 829
f 1901 1896 1900
f 797 885 721
f 178 175 176
f 1931 1927 1934
f 1742 1660 1641
f 1918 1864 1865
f 597 552 704
f 1487 1326 1504
f 221 240 269
f 715 794 672
f 1833 1752 1832
f 106 300 105
f 1135 1013 1044
f 277 80 199
f 341 285 235
f 53 52 47
f 889 974 866
f 536 573 632
f 228 229 204
f 353 249 260
f 1447 1250 1313
f 1598 1504 1408
f 1565 1453 1595
f 1130 1059 1151
f 1899 1895 1863
f 1733 1681 1732
f 780 712 853
f 735 689 746
f 1443 1347 1360
f 1744 1765 1713
f 368 279 302
f 510 414 491
f 1105 1074 1014
f 111 73 188
f 1479 1319 1478
f 1096 1043 1024
f 47 49 44
f 811 902 785
f 1202 1172 1149
f 1005 1045 956
f 1335 1210 1218
f 1765 1794 1788
f 561 477 481
f 591 517 582
f 1483 1324 1314
f 818 670 793
f 1331 1201 1259
f 103 102 54
f 1088 1100 1022
f 1555 1520 1423
f 341 235 332
f 60 103 54
f 1759 1945 1858
f 920 954 857
f 1373 1336 1287
f 717 598 631
f 928 779 862
f 371 293 398
f 813 720 832
f 692 666 731
f 775 732 657
f 1715 1656 1630
f 1894 1890 1895
f 1137 991 1041
f 226 224 250
f 43 38 36
f 1055 907 972
f 1740 1723 1677
f 1377 1325 1468
f 695 730 691
f 364 314 330
f 991 976 904
f 26 32 25
f 344 256 343
f 1133 1132 1073
f 769 728 653
f 869 824 733
f 1515 1452 1431
f 658 617 630
f 566 492 503
f 1335 1185 1349
f 1511 1424 1407
f 1405 1249 1250
f 45 43 36
f 977 948 858
f 1404 1262 1420
f 760 625 705
f 158 155 161
f 170 57 101
f 753 701 792
f 1422 1355 1210
f 1915 1911 1821
f 1769 1628 1673
f 56 53 57
f 1317 1307 1207
f 1083 1051 1104
f 1775 1708 1861
f 1848 1845 1842
f 847 726 781
f 273 214 216
f 1041 991 905
f 1461 1314 1357
f 1934 1927 1930
f 1836 1703 1753
f 1589 1588 1436
f 1793 1792 1790
f 888 803 952
f 1400 1222 1324
f 771 652 684
f 862 835 937
f 596 430 461
f 880 919 1002
f 1556 1494 1448
f 1235 1165 1122
f 174 166 235
f 1490 1398 1411
f 966 1020 1084
f 1920 1910 1916
f 47 52 49
f 1522 1568 1467
f 536 476 573
f 429 333 428
f 403 456 370
f 1420 1262 1372
f 938 849 928
f 677 613 523
f 1384 1352 1414
f 1229 1185 1126
f 1512 1465 1401
f 1783 1779 1777
f 1234 1391 1317
f 513 447 440
f 1692 1583 1579
f 1904 1903 1906
f 877 764 824
f 552 430 596
f 1291 1246 1202
f 598 584 502
f 30 26 27
f 1308 1238 1224
f 1119 1027 1127
f 1220 1186 1213
f 1841 1838 1835
f 504 566 617
f 500 435 524
f 1913 1906 1912
f 1047 1023 945
f 916 852 931
f 1261 1260 1341
f 1346 1215 1258
f 1763 1776 1884
f 1640 1482 1658
f 1751 1829 1825
f 1468 1440 1377
f 59 65 60
f 941 876 980
f 1878 1858 1946
f 144 130 140
f 852 844 931
f 424 310 331
f 720 647 768
f 393 304 270
f 1726 1744 1661
f 1247 1078 1263
f 1301 1320 1209
f 233 161 155
f 1441 1403 1310
f 1939 1935 1870
f 1286 1212 1211
f 1508 1456 1606
f 1720 1711 1582
f 505 400 407
f 1197 1116 1132
f 1691 1633 1702
f 42 46 41
f 140 145 151
f 1506 1489 1482
f 98 46 50
f 1194 1223 1071
f 256 139 137
f 203 135 129
f 85 84 82
f 1646 1526 1590
f 1736 1715 1853
f 1311 1272 1216
f 340 389 298
f 1840 1841 1834
f 1571 1556 1575
f 1118 1002 1052
f 1408 1326 1296
f 1770 1814 1747
f 868 832 876
f 1800 1797 1793
f 797 650 840
f 1430 1284 1429
f 769 839 728
f 1011 902 953
f 1296 1283 1257
f 512 389 340
f 1203 1348 1291
f 1164 1089 1158
f 581 622 561
f 970 896 879
f 1793 1797 1792
f 1374 1373 1275
f 1747 1807 1745
f 1223 1205 1154
f 973 1061 1148
f 946 961 930
f 1266 1273 1328
f 1448 1413 1374
f 877 854 764
f 546 602 459
f 27 23 139
f 216 179 182
f 197 192 194
f 1884 1776 1775
f 581 530 538
f 1510 1434 1454
f 1393 1299 1472
f 816 809 744
f 361 305 329
f 1054 1140 1032
f 1379 1535 1446
f 1133 1073 989
f 1918 1915 1821
f 522 516 471
f 705 682 733
f 646 513 607
f 1298 1107 1147
f 171 168 165
f 1177 1127 1183
f 993 961 946
f 1043 961 993
f 1520 1519 1438
f 1402 1469 1368
f 676 559 611
f 1501 1376 1503
f 756 630 755
f 1224 1155 1236
f 18 15 14
f 1683 1569 1697
f 1553 1510 1454
f 1051 964 1104
f 334 114 286
f 224 125 116
f 862 779 805
f 1805 1806 1797
f 19 24 20
f 802 755 776
f 1734 1691 1828
f 1496 1440 1542
f 1466 1423 1353
f 1257 1225 1332
f 334 248 114
f 1786 1780 1781
f 1840 1834 1753
f 657 599 558
f 1070 956 1045
f 1943 1872 1720
f 1847 1846 1841
f 940 1000 1044
f 1318 1402 1368
f 1780 1777 1722
f 1741 1693 1671
f 464 412 420
f 1439 1414 1464
f 1295 1337 1191
f 555 445 508
f 990 1026 1079
f 346 365 415
f 1608 1482 1460
f 1914 1912 1919
f 439 384 493
f 416 402 387
f 479 365 364
f 650 609 699
f 259 218 247
f 1108 1203 1129
f 350 436 338
f 808 750 756
f 607 514 537
f 904 859 841
f 1388 1305 1316
f 1498 1419 1395
f 1638 1675 1854
f 626 541 528
f 293 265 325
f 915 863 924
f 634 724 610
f 887 821 740
f 633 601 536
f 1109 1063 1204
f 655 540 650
f 1584 1528 1622
f 1844 1771 1729
f 109 107 70
f 258 217 236
f 501 532 411
f 1756 1630 1683
f 1710 1613 1674
f 1572 1419 1498
f 1031 992 1092
f 1071 1223 1154
f 855 795 884
f 674 555 594
f 1035 952 1050
f 1714 1654 1644
f 1094 1007 997
f 1106 1046 1120
f 1062 970 973
f 1052 868 1058
f 1093 1021 1029
f 1046 997 1037
f 1060 1030 985
f 1698 1759 1589
f 220 196 193
f 1022 1015 893
f 1231 1110 1314
f 32 31 25
f 737 555 723
f 69 67 64
f 104 58 170
f 1487 1513 1469
f 1709 1679 1648
f 169 168 173
f 461 302 385
f 220 193 218
f 1344 1380 1253
f 1505 1544 1458
f 1413 1336 1373
f 1428 1394 1480
f 1926 1922 1925
f 1398 1490 1518
f 114 2 113
f 17 25 16
f 722 666 690
f 604 615 527
f 1884 1775 1883
f 558 599 474
f 1638 1563 1637
f 1016 962 908
f 1362 1246 1291
f 1093 1086 1168
f 1506 1640 1712
f 461 417 302
f 1620 1474 1437
f 1050 907 1055
f 505 563 625
f 883 791 820
f 1707 1639 1564
f 1004 891 968
f 1944 1873 1942
f 1946 1943 1876
f 1702 1705 1748
f 1040 1068 977
f 1621 1555 1557
f 11 12 8
f 1268 1245 1309
f 898 876 855
f 1034 945 961
f 288 387 275
f 177 64 104
f 779 761 731
f 1331 1282 1201
f 1671 1693 1517
f 424 336 310
f 1219 1151 1270
f 850 802 836
f 1703 1598 1592
f 319 318 211
f 542 491 487
f 993 946 962
f 1153 1199 1085
f 85 112 84
f 1806 1802 1801
f 909 932 846
f 1737 1704 1736
f 1658 1482 1608
f 1481 1292 1451
f 310 336 295
f 1203 1202 1010
f 1277 1147 1165
f 94 93 152
f 1871 1843 1933
f 920 857 839
f 1418 1301 1327
f 1781 1780 1722
f 1350 1357 1286
f 252 246 91
f 541 470 465
f 240 198 196
f 79 77 73
f 699 678 783
f 10 9 5
f 961 914 930
f 609 540 515
f 1291 1202 1203
f 82 78 77
f 1250 1249 1144
f 360 267 369
f 1242 1193 1197
f 786 738 643
f 1262 1285 1372
f 104 64 58
f 1778 1761 1739
f 221 197 240
f 572 542 616
f 471 451 421
f 1845 1839 1842
f 296 337 400
f 798 684 791
f 1771 1697 1729
f 1704 1608 1657
f 1383 1266 1328
f 399 347 308
f 1253 1303 1199
f 736 652 771
f 1911 1724 1821
f 727 643 597
f 274 188 108
f 529 438 455
f 931 960 986
f 1225 1195 1107
f 1265 1183 1219
f 845 946 810
f 1811 1767 1901
f 680 662 703
f 1026 966 1079
f 1115 1121 1049
f 1633 1456 1531
f 145 142 148
f 472 465 359
f 1678 1518 1646
f 1413 1373 1374
f 469 423 500
f 77 78 75
f 1029 951 984
f 1919 1912 1915
f 34 37 29
f 49 48 44
f 91 12 20
f 701 685 750
f 1232 1178 1221
f 544 605 431
f 1104 964 1017
f 1460 1263 1404
f 568 512 422
f 71 68 67
f 1895 1798 1863
f 102 98 100
f 497 428 458
f 1335 1218 1185
f 1304 1312 1355
f 268 111 301
f 1831 1826 1823
f 216 173 179
f 1468 1389 1541
f 701 660 685
f 616 542 564
f 698 556 613
f 52 55 48
f 684 717 791
f 1251 1250 1144
f 1230 1065 1053
f 347 391 313
f 616 564 590
f 1514 1332 1457
f 136 130 141
f 1205 1184 1145
f 407 305 361
f 90 14 10
f 926 888 952
f 307 258 342
f 841 859 801
f 1297 1268 1310
f 1280 1150 1241
f 200 85 86
f 1152 1204 1063
f 1657 1573 1507
f 1467 1476 1385
f 1714 1724 1654
f 1672 1541 1584
f 1188 1286 1211
f 1559 1471 1591
f 338 354 280
f 932 811 846
f 837 758 863
f 1139 1072 1113
f 653 628 648
f 1081 1145 1184
f 1222 1189 1324
f 1316 1305 1233
f 843 746 900
f 1253 1153 1167
f 1603 1527 1554
f 710 569 606
f 42 37 40
f 92 230 146
f 1905 1899 1804
f 1489 1396 1482
f 1771 1683 1697
f 1611 1496 1542
f 445 390 415
f 1654 1558 1568
f 738 602 643
f 1295 1191 1192
f 753 792 851
f 418 361 329
f 797 721 655
f 1607 1612 1561
f 594 508 479
f 859 729 801
f 292 356 273
f 201 86 87
f 1514 1442 1332
f 1543 1560 1586
f 498 428 497
f 190 187 184
f 1752 1634 1728
f 356 324 273
f 395 343 420
f 241 4 88
f 1026 921 966
f 1867 1690 1696
f 572 510 491
f 732 629 657
f 1482 1396 1263
f 1634 1559 1591
f 807 830 718
f 1431 1292 1481
f 819 739 778
f 575 623 745
f 942 981 903
f 1201 1140 1054
f 501 648 532
f 787 670 818
f 1295 1415 1337
f 808 756 802
f 284 253 206
f 312 291 355
f 1235 1302 1165
f 625 563 683
f 219 264 189
f 1703 1701 1598
f 327 319 213
f 264 263 189
f 550 405 595
f 1303 1323 1204
f 647 531 624
f 1727 1672 1685
f 627 669 586
f 1439 1384 1414
f 831 875 812
f 628 653 562
f 1027 1069 955
f 1354 1452 1364
f 310 245 132
f 561 622 477
f 1440 1468 1550
f 126 116 125
f 1681 1611 1628
f 581 561 530
f 1729 1649 1752
f 615 525 527
f 1710 1637 1613
f 191 186 185
f 1216 1117 1078
f 1441 1425 1530
f 1823 1818 1817
f 1118 1059 1002
f 1559 1488 1450
f 591 479 517
f 346 253 284
f 652 592 584
f 1523 1392 1492
f 419 331 359
f 1755 1847 1840
f 1238 1138 1224
f 124 113 1

