-- The C compiler identification is GNU 11.4.0
-- The CXX compiler identification is GNU 11.4.0
-- Detecting C compiler ABI info
-- Detecting C compiler ABI info - done
-- Check for working C compiler: /usr/bin/cc - skipped
-- Detecting C compile features
-- Detecting C compile features - done
-- Detecting CXX compiler ABI info
-- Detecting CXX compiler ABI info - done
-- Check for working CXX compiler: /usr/bin/c++ - skipped
-- Detecting CXX compile features
-- Detecting CXX compile features - done
-- Doxygen >= 1.7.0 not found, cannot generate documentation
-- Configuring done
-- Generating done
-- Build files have been written to: /root/autodl-tmp/graduation_project/build/geogram
[  0%] Building C object src/lib/geogram/third_party/CMakeFiles/geogram_third_party.dir/libMeshb/sources/libmeshb7.c.o
[  0%] Building C object src/lib/geogram/third_party/CMakeFiles/geogram_third_party.dir/rply/rply.c.o
[  0%] Building C object src/lib/geogram/third_party/CMakeFiles/geogram_third_party.dir/zlib/compress.c.o
[  0%] Building C object src/lib/geogram/third_party/CMakeFiles/geogram_third_party.dir/zlib/adler32.c.o
[  0%] Building C object src/lib/geogram/third_party/CMakeFiles/geogram_third_party.dir/zlib/crc32.c.o
[  5%] Building C object src/lib/geogram/third_party/CMakeFiles/geogram_third_party.dir/zlib/deflate.c.o
[  5%] Building C object src/lib/geogram/third_party/CMakeFiles/geogram_third_party.dir/zlib/gzclose.c.o
[  5%] Building C object src/lib/geogram/third_party/CMakeFiles/geogram_third_party.dir/zlib/gzlib.c.o
[  5%] Building C object src/lib/geogram/third_party/CMakeFiles/geogram_third_party.dir/zlib/gzread.c.o
[  5%] Building C object src/lib/geogram/third_party/CMakeFiles/geogram_third_party.dir/zlib/gzwrite.c.o
[  5%] Building C object src/lib/geogram/third_party/CMakeFiles/geogram_third_party.dir/zlib/infback.c.o
[  5%] Building C object src/lib/geogram/third_party/CMakeFiles/geogram_third_party.dir/zlib/inffast.c.o
[  5%] Building C object src/lib/geogram/third_party/CMakeFiles/geogram_third_party.dir/zlib/inflate.c.o
[  5%] Building C object src/lib/geogram/third_party/CMakeFiles/geogram_third_party.dir/zlib/inftrees.c.o
[ 10%] Building C object src/lib/geogram/third_party/CMakeFiles/geogram_third_party.dir/zlib/trees.c.o
[ 10%] Building C object src/lib/geogram/third_party/CMakeFiles/geogram_third_party.dir/zlib/uncompr.c.o
[ 10%] Building C object src/lib/geogram/third_party/CMakeFiles/geogram_third_party.dir/zlib/zutil.c.o
[ 10%] Building CXX object src/lib/geogram/third_party/CMakeFiles/geogram_third_party.dir/PoissonRecon/Factor.cpp.o
[ 10%] Building CXX object src/lib/geogram/third_party/CMakeFiles/geogram_third_party.dir/PoissonRecon/Geometry.cpp.o
[ 10%] Building CXX object src/lib/geogram/third_party/CMakeFiles/geogram_third_party.dir/PoissonRecon/MarchingCubes.cpp.o
[ 10%] Building CXX object src/lib/geogram/third_party/CMakeFiles/geogram_third_party.dir/PoissonRecon/poisson_geogram.cpp.o
[ 10%] Building CXX object src/lib/geogram/third_party/CMakeFiles/geogram_third_party.dir/xatlas/xatlas.cpp.o
[ 10%] Building CXX object src/lib/geogram/third_party/CMakeFiles/geogram_third_party.dir/OpenNL/nl_amgcl.cpp.o
[ 10%] Building C object src/lib/geogram/third_party/CMakeFiles/geogram_third_party.dir/OpenNL/nl_api.c.o
[ 15%] Building C object src/lib/geogram/third_party/CMakeFiles/geogram_third_party.dir/OpenNL/nl_arpack.c.o
[ 15%] Building C object src/lib/geogram/third_party/CMakeFiles/geogram_third_party.dir/OpenNL/nl_blas.c.o
[ 15%] Building C object src/lib/geogram/third_party/CMakeFiles/geogram_third_party.dir/OpenNL/nl_cholmod.c.o
[ 15%] Building C object src/lib/geogram/third_party/CMakeFiles/geogram_third_party.dir/OpenNL/nl_context.c.o
[ 15%] Building C object src/lib/geogram/third_party/CMakeFiles/geogram_third_party.dir/OpenNL/nl_cuda.c.o
[ 15%] Building C object src/lib/geogram/third_party/CMakeFiles/geogram_third_party.dir/OpenNL/nl_iterative_solvers.c.o
[ 15%] Building C object src/lib/geogram/third_party/CMakeFiles/geogram_third_party.dir/OpenNL/nl_matrix.c.o
[ 15%] Building C object src/lib/geogram/third_party/CMakeFiles/geogram_third_party.dir/OpenNL/nl_mkl.c.o
[ 15%] Building C object src/lib/geogram/third_party/CMakeFiles/geogram_third_party.dir/OpenNL/nl_os.c.o
[ 20%] Building C object src/lib/geogram/third_party/CMakeFiles/geogram_third_party.dir/OpenNL/nl_preconditioners.c.o
[ 20%] Building C object src/lib/geogram/third_party/CMakeFiles/geogram_third_party.dir/OpenNL/nl_superlu.c.o
[ 20%] Building C object src/lib/geogram/third_party/CMakeFiles/geogram_third_party.dir/lua/lapi.c.o
[ 20%] Building C object src/lib/geogram/third_party/CMakeFiles/geogram_third_party.dir/lua/lauxlib.c.o
[ 20%] Building C object src/lib/geogram/third_party/CMakeFiles/geogram_third_party.dir/lua/lbaselib.c.o
[ 20%] Building C object src/lib/geogram/third_party/CMakeFiles/geogram_third_party.dir/lua/lbitlib.c.o
[ 20%] Building C object src/lib/geogram/third_party/CMakeFiles/geogram_third_party.dir/lua/lcode.c.o
[ 20%] Building C object src/lib/geogram/third_party/CMakeFiles/geogram_third_party.dir/lua/lcorolib.c.o
[ 20%] Building C object src/lib/geogram/third_party/CMakeFiles/geogram_third_party.dir/lua/lctype.c.o
[ 20%] Building C object src/lib/geogram/third_party/CMakeFiles/geogram_third_party.dir/lua/ldblib.c.o
[ 25%] Building C object src/lib/geogram/third_party/CMakeFiles/geogram_third_party.dir/lua/ldebug.c.o
[ 25%] Building C object src/lib/geogram/third_party/CMakeFiles/geogram_third_party.dir/lua/ldo.c.o
[ 25%] Building C object src/lib/geogram/third_party/CMakeFiles/geogram_third_party.dir/lua/ldump.c.o
[ 25%] Building C object src/lib/geogram/third_party/CMakeFiles/geogram_third_party.dir/lua/lfunc.c.o
[ 25%] Building C object src/lib/geogram/third_party/CMakeFiles/geogram_third_party.dir/lua/lgc.c.o
[ 25%] Building C object src/lib/geogram/third_party/CMakeFiles/geogram_third_party.dir/lua/linit.c.o
[ 25%] Building C object src/lib/geogram/third_party/CMakeFiles/geogram_third_party.dir/lua/liolib.c.o
[ 25%] Building C object src/lib/geogram/third_party/CMakeFiles/geogram_third_party.dir/lua/llex.c.o
[ 25%] Building C object src/lib/geogram/third_party/CMakeFiles/geogram_third_party.dir/lua/lmathlib.c.o
[ 25%] Building C object src/lib/geogram/third_party/CMakeFiles/geogram_third_party.dir/lua/lmem.c.o
[ 30%] Building C object src/lib/geogram/third_party/CMakeFiles/geogram_third_party.dir/lua/loadlib.c.o
[ 30%] Building C object src/lib/geogram/third_party/CMakeFiles/geogram_third_party.dir/lua/lobject.c.o
[ 30%] Building C object src/lib/geogram/third_party/CMakeFiles/geogram_third_party.dir/lua/lopcodes.c.o
[ 30%] Building C object src/lib/geogram/third_party/CMakeFiles/geogram_third_party.dir/lua/loslib.c.o
[ 30%] Building C object src/lib/geogram/third_party/CMakeFiles/geogram_third_party.dir/lua/lparser.c.o
[ 30%] Building C object src/lib/geogram/third_party/CMakeFiles/geogram_third_party.dir/lua/lstate.c.o
[ 30%] Building C object src/lib/geogram/third_party/CMakeFiles/geogram_third_party.dir/lua/lstring.c.o
[ 30%] Building C object src/lib/geogram/third_party/CMakeFiles/geogram_third_party.dir/lua/lstrlib.c.o
[ 30%] Building C object src/lib/geogram/third_party/CMakeFiles/geogram_third_party.dir/lua/ltable.c.o
[ 35%] Building C object src/lib/geogram/third_party/CMakeFiles/geogram_third_party.dir/lua/ltablib.c.o
[ 35%] Building C object src/lib/geogram/third_party/CMakeFiles/geogram_third_party.dir/lua/ltm.c.o
[ 35%] Building C object src/lib/geogram/third_party/CMakeFiles/geogram_third_party.dir/lua/lundump.c.o
[ 35%] Building C object src/lib/geogram/third_party/CMakeFiles/geogram_third_party.dir/lua/lutf8lib.c.o
[ 35%] Building C object src/lib/geogram/third_party/CMakeFiles/geogram_third_party.dir/lua/lzio.c.o
[ 35%] Building C object src/lib/geogram/third_party/CMakeFiles/geogram_third_party.dir/lua/lvm.c.o
[ 35%] Building CXX object src/lib/geogram/third_party/CMakeFiles/geogram_third_party.dir/HLBFGS/HLBFGS.cpp.o
[ 35%] Building CXX object src/lib/geogram/third_party/CMakeFiles/geogram_third_party.dir/HLBFGS/HLBFGS_BLAS.cpp.o
[ 35%] Building CXX object src/lib/geogram/third_party/CMakeFiles/geogram_third_party.dir/HLBFGS/ICFS.cpp.o
[ 35%] Building CXX object src/lib/geogram/third_party/CMakeFiles/geogram_third_party.dir/HLBFGS/LineSearch.cpp.o
[ 40%] Building CXX object src/lib/geogram/third_party/CMakeFiles/geogram_third_party.dir/HLBFGS/Lite_Sparse_Matrix.cpp.o
[ 40%] Built target geogram_third_party
[ 45%] Building CXX object src/lib/geogram/CMakeFiles/geogram.dir/basic/algorithm.cpp.o
[ 45%] Building CXX object src/lib/geogram/CMakeFiles/geogram.dir/basic/android_utils.cpp.o
[ 45%] Building CXX object src/lib/geogram/CMakeFiles/geogram.dir/basic/boolean_expression.cpp.o
[ 45%] Building CXX object src/lib/geogram/CMakeFiles/geogram.dir/basic/assert.cpp.o
[ 45%] Building CXX object src/lib/geogram/CMakeFiles/geogram.dir/basic/attributes.cpp.o
[ 45%] Building CXX object src/lib/geogram/CMakeFiles/geogram.dir/basic/b_stream.cpp.o
[ 45%] Building CXX object src/lib/geogram/CMakeFiles/geogram.dir/basic/command_line.cpp.o
[ 45%] Building CXX object src/lib/geogram/CMakeFiles/geogram.dir/basic/command_line_args.cpp.o
[ 45%] Building CXX object src/lib/geogram/CMakeFiles/geogram.dir/basic/common.cpp.o
[ 45%] Building CXX object src/lib/geogram/CMakeFiles/geogram.dir/basic/counted.cpp.o
[ 45%] Building CXX object src/lib/geogram/CMakeFiles/geogram.dir/basic/debug_stream.cpp.o
[ 45%] Building CXX object src/lib/geogram/CMakeFiles/geogram.dir/basic/environment.cpp.o
[ 45%] Building CXX object src/lib/geogram/CMakeFiles/geogram.dir/basic/factory.cpp.o
[ 45%] Building CXX object src/lib/geogram/CMakeFiles/geogram.dir/basic/file_system.cpp.o
[ 50%] Building CXX object src/lib/geogram/CMakeFiles/geogram.dir/basic/geofile.cpp.o
[ 50%] Building CXX object src/lib/geogram/CMakeFiles/geogram.dir/basic/geometry.cpp.o
[ 50%] Building CXX object src/lib/geogram/CMakeFiles/geogram.dir/basic/life_cycle.cpp.o
[ 50%] Building CXX object src/lib/geogram/CMakeFiles/geogram.dir/basic/line_stream.cpp.o
[ 50%] Building CXX object src/lib/geogram/CMakeFiles/geogram.dir/basic/logger.cpp.o
[ 50%] Building CXX object src/lib/geogram/CMakeFiles/geogram.dir/basic/numeric.cpp.o
[ 50%] Building CXX object src/lib/geogram/CMakeFiles/geogram.dir/basic/packed_arrays.cpp.o
[ 50%] Building CXX object src/lib/geogram/CMakeFiles/geogram.dir/basic/process.cpp.o
[ 50%] Building CXX object src/lib/geogram/CMakeFiles/geogram.dir/basic/process_unix.cpp.o
[ 50%] Building CXX object src/lib/geogram/CMakeFiles/geogram.dir/basic/process_win.cpp.o
[ 55%] Building CXX object src/lib/geogram/CMakeFiles/geogram.dir/basic/progress.cpp.o
[ 55%] Building CXX object src/lib/geogram/CMakeFiles/geogram.dir/basic/quaternion.cpp.o
[ 55%] Building CXX object src/lib/geogram/CMakeFiles/geogram.dir/basic/stopwatch.cpp.o
[ 55%] Building CXX object src/lib/geogram/CMakeFiles/geogram.dir/basic/string.cpp.o
[ 55%] Building CXX object src/lib/geogram/CMakeFiles/geogram.dir/numerics/PCK.cpp.o
[ 55%] Building CXX object src/lib/geogram/CMakeFiles/geogram.dir/numerics/exact_geometry.cpp.o
[ 55%] Building CXX object src/lib/geogram/CMakeFiles/geogram.dir/numerics/expansion_nt.cpp.o
[ 55%] Building CXX object src/lib/geogram/CMakeFiles/geogram.dir/numerics/lbfgs_optimizers.cpp.o
[ 55%] Building CXX object src/lib/geogram/CMakeFiles/geogram.dir/numerics/matrix_util.cpp.o
[ 55%] Building CXX object src/lib/geogram/CMakeFiles/geogram.dir/numerics/multi_precision.cpp.o
[ 60%] Building CXX object src/lib/geogram/CMakeFiles/geogram.dir/numerics/optimizer.cpp.o
[ 60%] Building CXX object src/lib/geogram/CMakeFiles/geogram.dir/numerics/predicates.cpp.o
[ 60%] Building CXX object src/lib/geogram/CMakeFiles/geogram.dir/mesh/boxes_intersections.cpp.o
[ 60%] Building CXX object src/lib/geogram/CMakeFiles/geogram.dir/mesh/mesh.cpp.o
[ 60%] Building CXX object src/lib/geogram/CMakeFiles/geogram.dir/mesh/mesh_AABB.cpp.o
[ 60%] Building CXX object src/lib/geogram/CMakeFiles/geogram.dir/mesh/mesh_CSG_builder.cpp.o
[ 60%] Building CXX object src/lib/geogram/CMakeFiles/geogram.dir/mesh/mesh_CSG_compiler.cpp.o
[ 60%] Building CXX object src/lib/geogram/CMakeFiles/geogram.dir/mesh/mesh_CSG_utils.cpp.o
[ 60%] Building CXX object src/lib/geogram/CMakeFiles/geogram.dir/mesh/mesh_baking.cpp.o
[ 65%] Building CXX object src/lib/geogram/CMakeFiles/geogram.dir/mesh/mesh_compare.cpp.o
[ 65%] Building CXX object src/lib/geogram/CMakeFiles/geogram.dir/mesh/mesh_convex_hull.cpp.o
[ 65%] Building CXX object src/lib/geogram/CMakeFiles/geogram.dir/mesh/mesh_decimate.cpp.o
[ 65%] Building CXX object src/lib/geogram/CMakeFiles/geogram.dir/mesh/mesh_degree3_vertices.cpp.o
[ 65%] Building CXX object src/lib/geogram/CMakeFiles/geogram.dir/mesh/mesh_distance.cpp.o
[ 65%] Building CXX object src/lib/geogram/CMakeFiles/geogram.dir/mesh/mesh_fill_holes.cpp.o
[ 65%] Building CXX object src/lib/geogram/CMakeFiles/geogram.dir/mesh/mesh_frame_field.cpp.o
[ 65%] Building CXX object src/lib/geogram/CMakeFiles/geogram.dir/mesh/mesh_geometry.cpp.o
[ 65%] Building CXX object src/lib/geogram/CMakeFiles/geogram.dir/mesh/mesh_halfedges.cpp.o
[ 65%] Building CXX object src/lib/geogram/CMakeFiles/geogram.dir/mesh/mesh_io.cpp.o
[ 70%] Building CXX object src/lib/geogram/CMakeFiles/geogram.dir/mesh/mesh_local_operations.cpp.o
[ 70%] Building CXX object src/lib/geogram/CMakeFiles/geogram.dir/mesh/mesh_manifold_harmonics.cpp.o
[ 70%] Building CXX object src/lib/geogram/CMakeFiles/geogram.dir/mesh/mesh_minkowski.cpp.o
[ 70%] Building CXX object src/lib/geogram/CMakeFiles/geogram.dir/mesh/mesh_partition.cpp.o
[ 70%] Building CXX object src/lib/geogram/CMakeFiles/geogram.dir/mesh/mesh_preprocessing.cpp.o
[ 70%] Building CXX object src/lib/geogram/CMakeFiles/geogram.dir/mesh/mesh_remesh.cpp.o
[ 70%] Building CXX object src/lib/geogram/CMakeFiles/geogram.dir/mesh/mesh_reorder.cpp.o
[ 70%] Building CXX object src/lib/geogram/CMakeFiles/geogram.dir/mesh/mesh_repair.cpp.o
[ 70%] Building CXX object src/lib/geogram/CMakeFiles/geogram.dir/mesh/mesh_smoothing.cpp.o
[ 75%] Building CXX object src/lib/geogram/CMakeFiles/geogram.dir/mesh/mesh_subdivision.cpp.o
[ 75%] Building CXX object src/lib/geogram/CMakeFiles/geogram.dir/mesh/mesh_surface_intersection.cpp.o
[ 75%] Building CXX object src/lib/geogram/CMakeFiles/geogram.dir/mesh/mesh_surface_intersection_internal.cpp.o
[ 75%] Building CXX object src/lib/geogram/CMakeFiles/geogram.dir/mesh/mesh_tetrahedralize.cpp.o
[ 75%] Building CXX object src/lib/geogram/CMakeFiles/geogram.dir/mesh/mesh_topology.cpp.o
[ 75%] Building CXX object src/lib/geogram/CMakeFiles/geogram.dir/mesh/triangle_intersection.cpp.o
[ 75%] Building CXX object src/lib/geogram/CMakeFiles/geogram.dir/delaunay/CDT_2d.cpp.o
[ 75%] Building CXX object src/lib/geogram/CMakeFiles/geogram.dir/delaunay/LFS.cpp.o
[ 75%] Building CXX object src/lib/geogram/CMakeFiles/geogram.dir/delaunay/delaunay.cpp.o
[ 75%] Building CXX object src/lib/geogram/CMakeFiles/geogram.dir/delaunay/delaunay_2d.cpp.o
[ 80%] Building CXX object src/lib/geogram/CMakeFiles/geogram.dir/delaunay/delaunay_3d.cpp.o
[ 80%] Building CXX object src/lib/geogram/CMakeFiles/geogram.dir/delaunay/delaunay_nn.cpp.o
[ 80%] Building CXX object src/lib/geogram/CMakeFiles/geogram.dir/delaunay/delaunay_tetgen.cpp.o
[ 80%] Building CXX object src/lib/geogram/CMakeFiles/geogram.dir/delaunay/delaunay_triangle.cpp.o
[ 80%] Building CXX object src/lib/geogram/CMakeFiles/geogram.dir/delaunay/parallel_delaunay_3d.cpp.o
[ 80%] Building CXX object src/lib/geogram/CMakeFiles/geogram.dir/delaunay/periodic.cpp.o
[ 80%] Building CXX object src/lib/geogram/CMakeFiles/geogram.dir/delaunay/periodic_delaunay_3d.cpp.o
[ 80%] Building CXX object src/lib/geogram/CMakeFiles/geogram.dir/voronoi/CVT.cpp.o
[ 80%] Building CXX object src/lib/geogram/CMakeFiles/geogram.dir/voronoi/RVD.cpp.o
[ 80%] Building CXX object src/lib/geogram/CMakeFiles/geogram.dir/voronoi/RVD_callback.cpp.o
[ 85%] Building CXX object src/lib/geogram/CMakeFiles/geogram.dir/voronoi/RVD_mesh_builder.cpp.o
[ 85%] Building CXX object src/lib/geogram/CMakeFiles/geogram.dir/voronoi/convex_cell.cpp.o
[ 85%] Building CXX object src/lib/geogram/CMakeFiles/geogram.dir/voronoi/generic_RVD_cell.cpp.o
[ 85%] Building CXX object src/lib/geogram/CMakeFiles/geogram.dir/voronoi/generic_RVD_polygon.cpp.o
[ 85%] Building CXX object src/lib/geogram/CMakeFiles/geogram.dir/voronoi/integration_simplex.cpp.o
[ 85%] Building CXX object src/lib/geogram/CMakeFiles/geogram.dir/points/co3ne.cpp.o
[ 85%] Building CXX object src/lib/geogram/CMakeFiles/geogram.dir/points/colocate.cpp.o
[ 85%] Building CXX object src/lib/geogram/CMakeFiles/geogram.dir/points/kd_tree.cpp.o
[ 85%] Building CXX object src/lib/geogram/CMakeFiles/geogram.dir/points/nn_search.cpp.o
[ 90%] Building CXX object src/lib/geogram/CMakeFiles/geogram.dir/points/principal_axes.cpp.o
[ 90%] Building CXX object src/lib/geogram/CMakeFiles/geogram.dir/image/color.cpp.o
[ 90%] Building CXX object src/lib/geogram/CMakeFiles/geogram.dir/image/colormap.cpp.o
[ 90%] Building CXX object src/lib/geogram/CMakeFiles/geogram.dir/image/image.cpp.o
[ 90%] Building CXX object src/lib/geogram/CMakeFiles/geogram.dir/image/image_library.cpp.o
[ 90%] Building CXX object src/lib/geogram/CMakeFiles/geogram.dir/image/image_rasterizer.cpp.o
[ 90%] Building CXX object src/lib/geogram/CMakeFiles/geogram.dir/image/image_serializer.cpp.o
[ 90%] Building CXX object src/lib/geogram/CMakeFiles/geogram.dir/image/image_serializer_pgm.cpp.o
[ 90%] Building CXX object src/lib/geogram/CMakeFiles/geogram.dir/image/image_serializer_stb.cpp.o
[ 90%] Building CXX object src/lib/geogram/CMakeFiles/geogram.dir/image/image_serializer_xpm.cpp.o
[ 95%] Building CXX object src/lib/geogram/CMakeFiles/geogram.dir/image/morpho_math.cpp.o
[ 95%] Building CXX object src/lib/geogram/CMakeFiles/geogram.dir/parameterization/mesh_ABF.cpp.o
[ 95%] Building CXX object src/lib/geogram/CMakeFiles/geogram.dir/parameterization/mesh_LSCM.cpp.o
[ 95%] Building CXX object src/lib/geogram/CMakeFiles/geogram.dir/parameterization/mesh_PGP_2d.cpp.o
[ 95%] Building CXX object src/lib/geogram/CMakeFiles/geogram.dir/parameterization/mesh_atlas_maker.cpp.o
[ 95%] Building CXX object src/lib/geogram/CMakeFiles/geogram.dir/parameterization/mesh_global_param.cpp.o
[ 95%] Building CXX object src/lib/geogram/CMakeFiles/geogram.dir/parameterization/mesh_param_packer.cpp.o
[ 95%] Building CXX object src/lib/geogram/CMakeFiles/geogram.dir/parameterization/mesh_param_validator.cpp.o
[ 95%] Building CXX object src/lib/geogram/CMakeFiles/geogram.dir/parameterization/mesh_segmentation.cpp.o
[100%] Building CXX object src/lib/geogram/CMakeFiles/geogram.dir/bibliography/bibliography.cpp.o
[100%] Building CXX object src/lib/geogram/CMakeFiles/geogram.dir/bibliography/embedded_references.cpp.o
[100%] Building CXX object src/lib/geogram/CMakeFiles/geogram.dir/lua/lua_io.cpp.o
[100%] Linking CXX shared library ../../../lib/libgeogram.so
/usr/bin/ld: CMakeFiles/geogram.dir/mesh/boxes_intersections.cpp.o: in function `__pstl::__tbb_backend::__root_task<__pstl::__tbb_backend::__stable_sort_func<unsigned int*, unsigned int*, (anonymous namespace)::BoxesCompare, __pstl::__internal::__pattern_sort<__pstl::execution::v1::parallel_policy const&, unsigned int*, (anonymous namespace)::BoxesCompare, std::integral_constant<bool, false> >(__pstl::execution::v1::parallel_policy const&, unsigned int*, unsigned int*, (anonymous namespace)::BoxesCompare, std::integral_constant<bool, false>, std::integral_constant<bool, true>, std::integral_constant<bool, true>)::{lambda()#1}::operator()() const::{lambda(unsigned int*, unsigned int*, (anonymous namespace)::BoxesCompare)#1}> >::~__root_task()':
boxes_intersections.cpp:(.text+0x3b8): undefined reference to `tbb::detail::r1::destroy(tbb::detail::d1::task_group_context&)'
/usr/bin/ld: CMakeFiles/geogram.dir/mesh/boxes_intersections.cpp.o: in function `__pstl::__tbb_backend::__root_task<__pstl::__tbb_backend::__stable_sort_func<unsigned int*, unsigned int*, (anonymous namespace)::BoxesCompare, __pstl::__internal::__pattern_sort<__pstl::execution::v1::parallel_policy const&, unsigned int*, (anonymous namespace)::BoxesCompare, std::integral_constant<bool, false> >(__pstl::execution::v1::parallel_policy const&, unsigned int*, unsigned int*, (anonymous namespace)::BoxesCompare, std::integral_constant<bool, false>, std::integral_constant<bool, true>, std::integral_constant<bool, true>)::{lambda()#1}::operator()() const::{lambda(unsigned int*, unsigned int*, (anonymous namespace)::BoxesCompare)#1}> >::~__root_task()':
boxes_intersections.cpp:(.text+0x3e8): undefined reference to `tbb::detail::r1::destroy(tbb::detail::d1::task_group_context&)'
/usr/bin/ld: CMakeFiles/geogram.dir/mesh/boxes_intersections.cpp.o: in function `__pstl::__tbb_backend::__root_task<__pstl::__tbb_backend::__stable_sort_func<unsigned int*, unsigned int*, (anonymous namespace)::BoxesCompare, __pstl::__internal::__pattern_sort<__pstl::execution::v1::parallel_policy const&, unsigned int*, (anonymous namespace)::BoxesCompare, std::integral_constant<bool, false> >(__pstl::execution::v1::parallel_policy const&, unsigned int*, unsigned int*, (anonymous namespace)::BoxesCompare, std::integral_constant<bool, false>, std::integral_constant<bool, true>, std::integral_constant<bool, true>)::{lambda()#1}::operator()() const::{lambda(unsigned int*, unsigned int*, (anonymous namespace)::BoxesCompare)#1}> >::execute(tbb::detail::d1::execution_data&)':
boxes_intersections.cpp:(.text+0x13c9): undefined reference to `tbb::detail::r1::notify_waiters(unsigned long)'
/usr/bin/ld: CMakeFiles/geogram.dir/mesh/boxes_intersections.cpp.o: in function `__pstl::__tbb_backend::__func_task<__pstl::__tbb_backend::__stable_sort_func<unsigned int*, unsigned int*, (anonymous namespace)::BoxesCompare, __pstl::__internal::__pattern_sort<__pstl::execution::v1::parallel_policy const&, unsigned int*, (anonymous namespace)::BoxesCompare, std::integral_constant<bool, false> >(__pstl::execution::v1::parallel_policy const&, unsigned int*, unsigned int*, (anonymous namespace)::BoxesCompare, std::integral_constant<bool, false>, std::integral_constant<bool, true>, std::integral_constant<bool, true>)::{lambda()#1}::operator()() const::{lambda(unsigned int*, unsigned int*, (anonymous namespace)::BoxesCompare)#1}> >::cancel(tbb::detail::d1::execution_data&)':
boxes_intersections.cpp:(.text+0x141d): undefined reference to `tbb::detail::r1::deallocate(tbb::detail::d1::small_object_pool&, void*, unsigned long, tbb::detail::d1::execution_data const&)'
/usr/bin/ld: CMakeFiles/geogram.dir/mesh/boxes_intersections.cpp.o: in function `__pstl::__tbb_backend::__func_task<__pstl::__tbb_backend::__merge_func<unsigned int*, unsigned int*, (anonymous namespace)::BoxesCompare, __pstl::__utils::__serial_destroy, __pstl::__utils::__serial_move_merge> >::cancel(tbb::detail::d1::execution_data&)':
boxes_intersections.cpp:(.text+0x146d): undefined reference to `tbb::detail::r1::deallocate(tbb::detail::d1::small_object_pool&, void*, unsigned long, tbb::detail::d1::execution_data const&)'
/usr/bin/ld: CMakeFiles/geogram.dir/mesh/boxes_intersections.cpp.o: in function `__pstl::__tbb_backend::__func_task<__pstl::__tbb_backend::__stable_sort_func<unsigned int*, unsigned int*, (anonymous namespace)::BoxesCompare, __pstl::__internal::__pattern_sort<__pstl::execution::v1::parallel_policy const&, unsigned int*, (anonymous namespace)::BoxesCompare, std::integral_constant<bool, false> >(__pstl::execution::v1::parallel_policy const&, unsigned int*, unsigned int*, (anonymous namespace)::BoxesCompare, std::integral_constant<bool, false>, std::integral_constant<bool, true>, std::integral_constant<bool, true>)::{lambda()#1}::operator()() const::{lambda(unsigned int*, unsigned int*, (anonymous namespace)::BoxesCompare)#1}> >::execute(tbb::detail::d1::execution_data&)':
boxes_intersections.cpp:(.text+0x166c): undefined reference to `tbb::detail::r1::allocate(tbb::detail::d1::small_object_pool*&, unsigned long, tbb::detail::d1::execution_data const&)'
/usr/bin/ld: boxes_intersections.cpp:(.text+0x17a6): undefined reference to `tbb::detail::r1::allocate(tbb::detail::d1::small_object_pool*&, unsigned long, tbb::detail::d1::execution_data const&)'
/usr/bin/ld: boxes_intersections.cpp:(.text+0x182d): undefined reference to `tbb::detail::r1::spawn(tbb::detail::d1::task&, tbb::detail::d1::task_group_context&)'
/usr/bin/ld: boxes_intersections.cpp:(.text+0x18f9): undefined reference to `tbb::detail::r1::deallocate(tbb::detail::d1::small_object_pool&, void*, unsigned long, tbb::detail::d1::execution_data const&)'
/usr/bin/ld: CMakeFiles/geogram.dir/mesh/boxes_intersections.cpp.o: in function `__pstl::__tbb_backend::__parallel_stable_sort<__pstl::execution::v1::parallel_policy const&, unsigned int*, (anonymous namespace)::BoxesCompare, __pstl::__internal::__pattern_sort<__pstl::execution::v1::parallel_policy const&, unsigned int*, (anonymous namespace)::BoxesCompare, std::integral_constant<bool, false> >(__pstl::execution::v1::parallel_policy const&, unsigned int*, unsigned int*, (anonymous namespace)::BoxesCompare, std::integral_constant<bool, false>, std::integral_constant<bool, true>, std::integral_constant<bool, true>)::{lambda()#1}::operator()() const::{lambda(unsigned int*, unsigned int*, (anonymous namespace)::BoxesCompare)#1}>(__pstl::execution::v1::parallel_policy const&, unsigned int*, unsigned int*, (anonymous namespace)::BoxesCompare, __pstl::__internal::__pattern_sort<__pstl::execution::v1::parallel_policy const&, unsigned int*, (anonymous namespace)::BoxesCompare, std::integral_constant<bool, false> >(__pstl::execution::v1::parallel_policy const&, unsigned int*, unsigned int*, (anonymous namespace)::BoxesCompare, std::integral_constant<bool, false>, std::integral_constant<bool, true>, std::integral_constant<bool, true>)::{lambda()#1}::operator()() const::{lambda(unsigned int*, unsigned int*, (anonymous namespace)::BoxesCompare)#1}, unsigned long)::{lambda()#1}::operator()() const':
boxes_intersections.cpp:(.text+0x1e71): undefined reference to `tbb::detail::r1::allocate_memory(unsigned long)'
/usr/bin/ld: boxes_intersections.cpp:(.text+0x1f15): undefined reference to `tbb::detail::r1::initialize(tbb::detail::d1::task_group_context&)'
/usr/bin/ld: boxes_intersections.cpp:(.text+0x1f4e): undefined reference to `tbb::detail::r1::allocate(tbb::detail::d1::small_object_pool*&, unsigned long)'
/usr/bin/ld: boxes_intersections.cpp:(.text+0x200c): undefined reference to `tbb::detail::r1::execute_and_wait(tbb::detail::d1::task&, tbb::detail::d1::task_group_context&, tbb::detail::d1::wait_context&, tbb::detail::d1::task_group_context&)'
/usr/bin/ld: boxes_intersections.cpp:(.text+0x2019): undefined reference to `tbb::detail::r1::destroy(tbb::detail::d1::task_group_context&)'
/usr/bin/ld: boxes_intersections.cpp:(.text+0x2021): undefined reference to `tbb::detail::r1::deallocate_memory(void*)'
/usr/bin/ld: CMakeFiles/geogram.dir/mesh/boxes_intersections.cpp.o: in function `tbb::detail::d1::start_for<tbb::detail::d1::blocked_range<long>, __pstl::__tbb_backend::__merge_func<unsigned int*, unsigned int*, (anonymous namespace)::BoxesCompare, __pstl::__utils::__serial_destroy, __pstl::__utils::__serial_move_merge>::__cleanup_range::operator()<unsigned int*>(unsigned int*, unsigned int*)::{lambda(tbb::detail::d1::blocked_range<long> const&)#1}, tbb::detail::d1::auto_partitioner const>::cancel(tbb::detail::d1::execution_data&)':
boxes_intersections.cpp:(.text+0x20c5): undefined reference to `tbb::detail::r1::deallocate(tbb::detail::d1::small_object_pool&, void*, unsigned long, tbb::detail::d1::execution_data const&)'
/usr/bin/ld: boxes_intersections.cpp:(.text+0x20ec): undefined reference to `tbb::detail::r1::deallocate(tbb::detail::d1::small_object_pool&, void*, unsigned long, tbb::detail::d1::execution_data const&)'
/usr/bin/ld: boxes_intersections.cpp:(.text+0x210d): undefined reference to `tbb::detail::r1::notify_waiters(unsigned long)'
/usr/bin/ld: CMakeFiles/geogram.dir/mesh/boxes_intersections.cpp.o: in function `tbb::detail::d1::start_for<tbb::detail::d1::blocked_range<long>, __pstl::__tbb_backend::__merge_func<unsigned int*, unsigned int*, (anonymous namespace)::BoxesCompare, __pstl::__utils::__serial_destroy, __pstl::__utils::__serial_move_merge>::__move_range::operator()<unsigned int*, unsigned int*>(unsigned int*, unsigned int*, unsigned int*)::{lambda(tbb::detail::d1::blocked_range<long> const&)#1}, tbb::detail::d1::auto_partitioner const>::cancel(tbb::detail::d1::execution_data&)':
boxes_intersections.cpp:(.text+0x215d): undefined reference to `tbb::detail::r1::deallocate(tbb::detail::d1::small_object_pool&, void*, unsigned long, tbb::detail::d1::execution_data const&)'
/usr/bin/ld: boxes_intersections.cpp:(.text+0x2184): undefined reference to `tbb::detail::r1::deallocate(tbb::detail::d1::small_object_pool&, void*, unsigned long, tbb::detail::d1::execution_data const&)'
/usr/bin/ld: boxes_intersections.cpp:(.text+0x21a5): undefined reference to `tbb::detail::r1::notify_waiters(unsigned long)'
/usr/bin/ld: CMakeFiles/geogram.dir/mesh/boxes_intersections.cpp.o: in function `tbb::detail::d1::start_for<tbb::detail::d1::blocked_range<long>, __pstl::__tbb_backend::__merge_func<unsigned int*, unsigned int*, (anonymous namespace)::BoxesCompare, __pstl::__utils::__serial_destroy, __pstl::__utils::__serial_move_merge>::__move_range_construct::operator()<unsigned int*, unsigned int*>(unsigned int*, unsigned int*, unsigned int*)::{lambda(tbb::detail::d1::blocked_range<long> const&)#1}, tbb::detail::d1::auto_partitioner const>::cancel(tbb::detail::d1::execution_data&)':
boxes_intersections.cpp:(.text+0x21ed): undefined reference to `tbb::detail::r1::deallocate(tbb::detail::d1::small_object_pool&, void*, unsigned long, tbb::detail::d1::execution_data const&)'
/usr/bin/ld: boxes_intersections.cpp:(.text+0x2214): undefined reference to `tbb::detail::r1::deallocate(tbb::detail::d1::small_object_pool&, void*, unsigned long, tbb::detail::d1::execution_data const&)'
/usr/bin/ld: boxes_intersections.cpp:(.text+0x2235): undefined reference to `tbb::detail::r1::notify_waiters(unsigned long)'
/usr/bin/ld: CMakeFiles/geogram.dir/mesh/boxes_intersections.cpp.o: in function `tbb::detail::d1::start_for<tbb::detail::d1::blocked_range<long>, __pstl::__tbb_backend::__merge_func<unsigned int*, unsigned int*, (anonymous namespace)::BoxesCompare, __pstl::__utils::__serial_destroy, __pstl::__utils::__serial_move_merge>::__move_range::operator()<unsigned int*, unsigned int*>(unsigned int*, unsigned int*, unsigned int*)::{lambda(tbb::detail::d1::blocked_range<long> const&)#1}, tbb::detail::d1::auto_partitioner const>::execute(tbb::detail::d1::execution_data&)':
boxes_intersections.cpp:(.text+0x22ef): undefined reference to `tbb::detail::r1::allocate(tbb::detail::d1::small_object_pool*&, unsigned long, tbb::detail::d1::execution_data const&)'
/usr/bin/ld: boxes_intersections.cpp:(.text+0x238d): undefined reference to `tbb::detail::r1::allocate(tbb::detail::d1::small_object_pool*&, unsigned long, tbb::detail::d1::execution_data const&)'
/usr/bin/ld: boxes_intersections.cpp:(.text+0x23bc): undefined reference to `tbb::detail::r1::spawn(tbb::detail::d1::task&, tbb::detail::d1::task_group_context&)'
/usr/bin/ld: boxes_intersections.cpp:(.text+0x2461): undefined reference to `tbb::detail::r1::deallocate(tbb::detail::d1::small_object_pool&, void*, unsigned long, tbb::detail::d1::execution_data const&)'
/usr/bin/ld: boxes_intersections.cpp:(.text+0x2488): undefined reference to `tbb::detail::r1::deallocate(tbb::detail::d1::small_object_pool&, void*, unsigned long, tbb::detail::d1::execution_data const&)'
/usr/bin/ld: boxes_intersections.cpp:(.text+0x2678): undefined reference to `tbb::detail::r1::is_group_execution_cancelled(tbb::detail::d1::task_group_context&)'
/usr/bin/ld: boxes_intersections.cpp:(.text+0x26b4): undefined reference to `tbb::detail::r1::execution_slot(tbb::detail::d1::execution_data const*)'
/usr/bin/ld: boxes_intersections.cpp:(.text+0x26c5): undefined reference to `tbb::detail::r1::execution_slot(tbb::detail::d1::execution_data const*)'
/usr/bin/ld: boxes_intersections.cpp:(.text+0x26e0): undefined reference to `tbb::detail::r1::execution_slot(tbb::detail::d1::execution_data const*)'
/usr/bin/ld: boxes_intersections.cpp:(.text+0x2739): undefined reference to `tbb::detail::r1::notify_waiters(unsigned long)'
/usr/bin/ld: boxes_intersections.cpp:(.text+0x2780): undefined reference to `tbb::detail::r1::allocate(tbb::detail::d1::small_object_pool*&, unsigned long, tbb::detail::d1::execution_data const&)'
/usr/bin/ld: boxes_intersections.cpp:(.text+0x2815): undefined reference to `tbb::detail::r1::allocate(tbb::detail::d1::small_object_pool*&, unsigned long, tbb::detail::d1::execution_data const&)'
/usr/bin/ld: boxes_intersections.cpp:(.text+0x2844): undefined reference to `tbb::detail::r1::spawn(tbb::detail::d1::task&, tbb::detail::d1::task_group_context&)'
/usr/bin/ld: CMakeFiles/geogram.dir/mesh/boxes_intersections.cpp.o: in function `(anonymous namespace)::modified_two_way_scan((anonymous namespace)::BoxesRange, (anonymous namespace)::BoxesRange, unsigned int, std::function<void (unsigned int, unsigned int)>, bool)':
boxes_intersections.cpp:(.text+0x295f): undefined reference to `tbb::detail::r1::isolate_within_arena(tbb::detail::d1::delegate_base&, long)'
/usr/bin/ld: boxes_intersections.cpp:(.text+0x29ea): undefined reference to `tbb::detail::r1::isolate_within_arena(tbb::detail::d1::delegate_base&, long)'
/usr/bin/ld: CMakeFiles/geogram.dir/mesh/boxes_intersections.cpp.o: in function `tbb::detail::d1::start_for<tbb::detail::d1::blocked_range<long>, __pstl::__tbb_backend::__merge_func<unsigned int*, unsigned int*, (anonymous namespace)::BoxesCompare, __pstl::__utils::__serial_destroy, __pstl::__utils::__serial_move_merge>::__cleanup_range::operator()<unsigned int*>(unsigned int*, unsigned int*)::{lambda(tbb::detail::d1::blocked_range<long> const&)#1}, tbb::detail::d1::auto_partitioner const>::execute(tbb::detail::d1::execution_data&)':
boxes_intersections.cpp:(.text+0x2ef9): undefined reference to `tbb::detail::r1::allocate(tbb::detail::d1::small_object_pool*&, unsigned long, tbb::detail::d1::execution_data const&)'
/usr/bin/ld: boxes_intersections.cpp:(.text+0x2f99): undefined reference to `tbb::detail::r1::allocate(tbb::detail::d1::small_object_pool*&, unsigned long, tbb::detail::d1::execution_data const&)'
/usr/bin/ld: boxes_intersections.cpp:(.text+0x2fc9): undefined reference to `tbb::detail::r1::spawn(tbb::detail::d1::task&, tbb::detail::d1::task_group_context&)'
/usr/bin/ld: boxes_intersections.cpp:(.text+0x3029): undefined reference to `tbb::detail::r1::deallocate(tbb::detail::d1::small_object_pool&, void*, unsigned long, tbb::detail::d1::execution_data const&)'
/usr/bin/ld: boxes_intersections.cpp:(.text+0x3050): undefined reference to `tbb::detail::r1::deallocate(tbb::detail::d1::small_object_pool&, void*, unsigned long, tbb::detail::d1::execution_data const&)'
/usr/bin/ld: boxes_intersections.cpp:(.text+0x3209): undefined reference to `tbb::detail::r1::is_group_execution_cancelled(tbb::detail::d1::task_group_context&)'
/usr/bin/ld: boxes_intersections.cpp:(.text+0x3234): undefined reference to `tbb::detail::r1::execution_slot(tbb::detail::d1::execution_data const*)'
/usr/bin/ld: boxes_intersections.cpp:(.text+0x3245): undefined reference to `tbb::detail::r1::execution_slot(tbb::detail::d1::execution_data const*)'
/usr/bin/ld: boxes_intersections.cpp:(.text+0x3260): undefined reference to `tbb::detail::r1::execution_slot(tbb::detail::d1::execution_data const*)'
/usr/bin/ld: boxes_intersections.cpp:(.text+0x32b1): undefined reference to `tbb::detail::r1::notify_waiters(unsigned long)'
/usr/bin/ld: boxes_intersections.cpp:(.text+0x32f8): undefined reference to `tbb::detail::r1::allocate(tbb::detail::d1::small_object_pool*&, unsigned long, tbb::detail::d1::execution_data const&)'
/usr/bin/ld: boxes_intersections.cpp:(.text+0x3388): undefined reference to `tbb::detail::r1::allocate(tbb::detail::d1::small_object_pool*&, unsigned long, tbb::detail::d1::execution_data const&)'
/usr/bin/ld: boxes_intersections.cpp:(.text+0x33b7): undefined reference to `tbb::detail::r1::spawn(tbb::detail::d1::task&, tbb::detail::d1::task_group_context&)'
/usr/bin/ld: CMakeFiles/geogram.dir/mesh/boxes_intersections.cpp.o: in function `tbb::detail::d1::start_for<tbb::detail::d1::blocked_range<long>, __pstl::__tbb_backend::__merge_func<unsigned int*, unsigned int*, (anonymous namespace)::BoxesCompare, __pstl::__utils::__serial_destroy, __pstl::__utils::__serial_move_merge>::__move_range_construct::operator()<unsigned int*, unsigned int*>(unsigned int*, unsigned int*, unsigned int*)::{lambda(tbb::detail::d1::blocked_range<long> const&)#1}, tbb::detail::d1::auto_partitioner const>::execute(tbb::detail::d1::execution_data&)':
boxes_intersections.cpp:(.text+0x34ad): undefined reference to `tbb::detail::r1::allocate(tbb::detail::d1::small_object_pool*&, unsigned long, tbb::detail::d1::execution_data const&)'
/usr/bin/ld: boxes_intersections.cpp:(.text+0x354b): undefined reference to `tbb::detail::r1::allocate(tbb::detail::d1::small_object_pool*&, unsigned long, tbb::detail::d1::execution_data const&)'
/usr/bin/ld: boxes_intersections.cpp:(.text+0x357a): undefined reference to `tbb::detail::r1::spawn(tbb::detail::d1::task&, tbb::detail::d1::task_group_context&)'
/usr/bin/ld: boxes_intersections.cpp:(.text+0x36b1): undefined reference to `tbb::detail::r1::deallocate(tbb::detail::d1::small_object_pool&, void*, unsigned long, tbb::detail::d1::execution_data const&)'
/usr/bin/ld: boxes_intersections.cpp:(.text+0x36d8): undefined reference to `tbb::detail::r1::deallocate(tbb::detail::d1::small_object_pool&, void*, unsigned long, tbb::detail::d1::execution_data const&)'
/usr/bin/ld: boxes_intersections.cpp:(.text+0x3968): undefined reference to `tbb::detail::r1::is_group_execution_cancelled(tbb::detail::d1::task_group_context&)'
/usr/bin/ld: boxes_intersections.cpp:(.text+0x39c4): undefined reference to `tbb::detail::r1::execution_slot(tbb::detail::d1::execution_data const*)'
/usr/bin/ld: boxes_intersections.cpp:(.text+0x39d5): undefined reference to `tbb::detail::r1::execution_slot(tbb::detail::d1::execution_data const*)'
/usr/bin/ld: boxes_intersections.cpp:(.text+0x39f0): undefined reference to `tbb::detail::r1::execution_slot(tbb::detail::d1::execution_data const*)'
/usr/bin/ld: boxes_intersections.cpp:(.text+0x3a49): undefined reference to `tbb::detail::r1::notify_waiters(unsigned long)'
/usr/bin/ld: boxes_intersections.cpp:(.text+0x3a8a): undefined reference to `tbb::detail::r1::allocate(tbb::detail::d1::small_object_pool*&, unsigned long, tbb::detail::d1::execution_data const&)'
/usr/bin/ld: boxes_intersections.cpp:(.text+0x3b19): undefined reference to `tbb::detail::r1::allocate(tbb::detail::d1::small_object_pool*&, unsigned long, tbb::detail::d1::execution_data const&)'
/usr/bin/ld: boxes_intersections.cpp:(.text+0x3b48): undefined reference to `tbb::detail::r1::spawn(tbb::detail::d1::task&, tbb::detail::d1::task_group_context&)'
/usr/bin/ld: CMakeFiles/geogram.dir/mesh/boxes_intersections.cpp.o: in function `__pstl::__tbb_backend::__merge_func<unsigned int*, unsigned int*, (anonymous namespace)::BoxesCompare, __pstl::__utils::__serial_destroy, __pstl::__utils::__serial_move_merge>::move_x_range()':
boxes_intersections.cpp:(.text+0x3ed7): undefined reference to `tbb::detail::r1::initialize(tbb::detail::d1::task_group_context&)'
/usr/bin/ld: boxes_intersections.cpp:(.text+0x3eef): undefined reference to `tbb::detail::r1::allocate(tbb::detail::d1::small_object_pool*&, unsigned long)'
/usr/bin/ld: boxes_intersections.cpp:(.text+0x3f3b): undefined reference to `tbb::detail::r1::max_concurrency(tbb::detail::d1::task_arena_base const*)'
/usr/bin/ld: boxes_intersections.cpp:(.text+0x3fa0): undefined reference to `tbb::detail::r1::execute_and_wait(tbb::detail::d1::task&, tbb::detail::d1::task_group_context&, tbb::detail::d1::wait_context&, tbb::detail::d1::task_group_context&)'
/usr/bin/ld: boxes_intersections.cpp:(.text+0x3fa8): undefined reference to `tbb::detail::r1::destroy(tbb::detail::d1::task_group_context&)'
/usr/bin/ld: boxes_intersections.cpp:(.text+0x3fe5): undefined reference to `tbb::detail::r1::initialize(tbb::detail::d1::task_group_context&)'
/usr/bin/ld: boxes_intersections.cpp:(.text+0x3ffd): undefined reference to `tbb::detail::r1::allocate(tbb::detail::d1::small_object_pool*&, unsigned long)'
/usr/bin/ld: boxes_intersections.cpp:(.text+0x4054): undefined reference to `tbb::detail::r1::max_concurrency(tbb::detail::d1::task_arena_base const*)'
/usr/bin/ld: boxes_intersections.cpp:(.text+0x40be): undefined reference to `tbb::detail::r1::execute_and_wait(tbb::detail::d1::task&, tbb::detail::d1::task_group_context&, tbb::detail::d1::wait_context&, tbb::detail::d1::task_group_context&)'
/usr/bin/ld: boxes_intersections.cpp:(.text+0x40c6): undefined reference to `tbb::detail::r1::destroy(tbb::detail::d1::task_group_context&)'
/usr/bin/ld: boxes_intersections.cpp:(.text+0x412d): undefined reference to `tbb::detail::r1::initialize(tbb::detail::d1::task_group_context&)'
/usr/bin/ld: boxes_intersections.cpp:(.text+0x4145): undefined reference to `tbb::detail::r1::allocate(tbb::detail::d1::small_object_pool*&, unsigned long)'
/usr/bin/ld: boxes_intersections.cpp:(.text+0x419d): undefined reference to `tbb::detail::r1::max_concurrency(tbb::detail::d1::task_arena_base const*)'
/usr/bin/ld: boxes_intersections.cpp:(.text+0x4207): undefined reference to `tbb::detail::r1::execute_and_wait(tbb::detail::d1::task&, tbb::detail::d1::task_group_context&, tbb::detail::d1::wait_context&, tbb::detail::d1::task_group_context&)'
/usr/bin/ld: boxes_intersections.cpp:(.text+0x420f): undefined reference to `tbb::detail::r1::destroy(tbb::detail::d1::task_group_context&)'
/usr/bin/ld: CMakeFiles/geogram.dir/mesh/boxes_intersections.cpp.o: in function `__pstl::__tbb_backend::__merge_func<unsigned int*, unsigned int*, (anonymous namespace)::BoxesCompare, __pstl::__utils::__serial_destroy, __pstl::__utils::__serial_move_merge>::move_y_range()':
boxes_intersections.cpp:(.text+0x443e): undefined reference to `tbb::detail::r1::initialize(tbb::detail::d1::task_group_context&)'
/usr/bin/ld: boxes_intersections.cpp:(.text+0x4456): undefined reference to `tbb::detail::r1::allocate(tbb::detail::d1::small_object_pool*&, unsigned long)'
/usr/bin/ld: boxes_intersections.cpp:(.text+0x44a2): undefined reference to `tbb::detail::r1::max_concurrency(tbb::detail::d1::task_arena_base const*)'
/usr/bin/ld: boxes_intersections.cpp:(.text+0x4509): undefined reference to `tbb::detail::r1::execute_and_wait(tbb::detail::d1::task&, tbb::detail::d1::task_group_context&, tbb::detail::d1::wait_context&, tbb::detail::d1::task_group_context&)'
/usr/bin/ld: boxes_intersections.cpp:(.text+0x4511): undefined reference to `tbb::detail::r1::destroy(tbb::detail::d1::task_group_context&)'
/usr/bin/ld: boxes_intersections.cpp:(.text+0x454d): undefined reference to `tbb::detail::r1::initialize(tbb::detail::d1::task_group_context&)'
/usr/bin/ld: boxes_intersections.cpp:(.text+0x4565): undefined reference to `tbb::detail::r1::allocate(tbb::detail::d1::small_object_pool*&, unsigned long)'
/usr/bin/ld: boxes_intersections.cpp:(.text+0x45bc): undefined reference to `tbb::detail::r1::max_concurrency(tbb::detail::d1::task_arena_base const*)'
/usr/bin/ld: boxes_intersections.cpp:(.text+0x4626): undefined reference to `tbb::detail::r1::execute_and_wait(tbb::detail::d1::task&, tbb::detail::d1::task_group_context&, tbb::detail::d1::wait_context&, tbb::detail::d1::task_group_context&)'
/usr/bin/ld: boxes_intersections.cpp:(.text+0x462e): undefined reference to `tbb::detail::r1::destroy(tbb::detail::d1::task_group_context&)'
/usr/bin/ld: boxes_intersections.cpp:(.text+0x4695): undefined reference to `tbb::detail::r1::initialize(tbb::detail::d1::task_group_context&)'
/usr/bin/ld: boxes_intersections.cpp:(.text+0x46ad): undefined reference to `tbb::detail::r1::allocate(tbb::detail::d1::small_object_pool*&, unsigned long)'
/usr/bin/ld: boxes_intersections.cpp:(.text+0x4709): undefined reference to `tbb::detail::r1::max_concurrency(tbb::detail::d1::task_arena_base const*)'
/usr/bin/ld: boxes_intersections.cpp:(.text+0x4773): undefined reference to `tbb::detail::r1::execute_and_wait(tbb::detail::d1::task&, tbb::detail::d1::task_group_context&, tbb::detail::d1::wait_context&, tbb::detail::d1::task_group_context&)'
/usr/bin/ld: boxes_intersections.cpp:(.text+0x477b): undefined reference to `tbb::detail::r1::destroy(tbb::detail::d1::task_group_context&)'
/usr/bin/ld: CMakeFiles/geogram.dir/mesh/boxes_intersections.cpp.o: in function `__pstl::__tbb_backend::__merge_func<unsigned int*, unsigned int*, (anonymous namespace)::BoxesCompare, __pstl::__utils::__serial_destroy, __pstl::__utils::__serial_move_merge>::merge_ranges(__pstl::__tbb_backend::__task*)':
boxes_intersections.cpp:(.text+0x490e): undefined reference to `tbb::detail::r1::initialize(tbb::detail::d1::task_group_context&)'
/usr/bin/ld: boxes_intersections.cpp:(.text+0x492c): undefined reference to `tbb::detail::r1::allocate(tbb::detail::d1::small_object_pool*&, unsigned long)'
/usr/bin/ld: boxes_intersections.cpp:(.text+0x4987): undefined reference to `tbb::detail::r1::max_concurrency(tbb::detail::d1::task_arena_base const*)'
/usr/bin/ld: boxes_intersections.cpp:(.text+0x4a03): undefined reference to `tbb::detail::r1::execute_and_wait(tbb::detail::d1::task&, tbb::detail::d1::task_group_context&, tbb::detail::d1::wait_context&, tbb::detail::d1::task_group_context&)'
/usr/bin/ld: boxes_intersections.cpp:(.text+0x4a0b): undefined reference to `tbb::detail::r1::destroy(tbb::detail::d1::task_group_context&)'
/usr/bin/ld: boxes_intersections.cpp:(.text+0x4fb6): undefined reference to `tbb::detail::r1::initialize(tbb::detail::d1::task_group_context&)'
/usr/bin/ld: boxes_intersections.cpp:(.text+0x4fd4): undefined reference to `tbb::detail::r1::allocate(tbb::detail::d1::small_object_pool*&, unsigned long)'
/usr/bin/ld: boxes_intersections.cpp:(.text+0x502b): undefined reference to `tbb::detail::r1::max_concurrency(tbb::detail::d1::task_arena_base const*)'
/usr/bin/ld: boxes_intersections.cpp:(.text+0x50a7): undefined reference to `tbb::detail::r1::execute_and_wait(tbb::detail::d1::task&, tbb::detail::d1::task_group_context&, tbb::detail::d1::wait_context&, tbb::detail::d1::task_group_context&)'
/usr/bin/ld: boxes_intersections.cpp:(.text+0x50af): undefined reference to `tbb::detail::r1::destroy(tbb::detail::d1::task_group_context&)'
/usr/bin/ld: boxes_intersections.cpp:(.text+0x50f6): undefined reference to `tbb::detail::r1::initialize(tbb::detail::d1::task_group_context&)'
/usr/bin/ld: boxes_intersections.cpp:(.text+0x5114): undefined reference to `tbb::detail::r1::allocate(tbb::detail::d1::small_object_pool*&, unsigned long)'
/usr/bin/ld: boxes_intersections.cpp:(.text+0x5165): undefined reference to `tbb::detail::r1::max_concurrency(tbb::detail::d1::task_arena_base const*)'
/usr/bin/ld: boxes_intersections.cpp:(.text+0x51de): undefined reference to `tbb::detail::r1::execute_and_wait(tbb::detail::d1::task&, tbb::detail::d1::task_group_context&, tbb::detail::d1::wait_context&, tbb::detail::d1::task_group_context&)'
/usr/bin/ld: boxes_intersections.cpp:(.text+0x51e6): undefined reference to `tbb::detail::r1::destroy(tbb::detail::d1::task_group_context&)'
/usr/bin/ld: boxes_intersections.cpp:(.text+0x522e): undefined reference to `tbb::detail::r1::initialize(tbb::detail::d1::task_group_context&)'
/usr/bin/ld: boxes_intersections.cpp:(.text+0x524c): undefined reference to `tbb::detail::r1::allocate(tbb::detail::d1::small_object_pool*&, unsigned long)'
/usr/bin/ld: boxes_intersections.cpp:(.text+0x529d): undefined reference to `tbb::detail::r1::max_concurrency(tbb::detail::d1::task_arena_base const*)'
/usr/bin/ld: boxes_intersections.cpp:(.text+0x5314): undefined reference to `tbb::detail::r1::execute_and_wait(tbb::detail::d1::task&, tbb::detail::d1::task_group_context&, tbb::detail::d1::wait_context&, tbb::detail::d1::task_group_context&)'
/usr/bin/ld: boxes_intersections.cpp:(.text+0x531c): undefined reference to `tbb::detail::r1::destroy(tbb::detail::d1::task_group_context&)'
/usr/bin/ld: boxes_intersections.cpp:(.text+0x53be): undefined reference to `tbb::detail::r1::allocate(tbb::detail::d1::small_object_pool*&, unsigned long, tbb::detail::d1::execution_data const&)'
/usr/bin/ld: boxes_intersections.cpp:(.text+0x5481): undefined reference to `tbb::detail::r1::spawn(tbb::detail::d1::task&, tbb::detail::d1::task_group_context&)'
/usr/bin/ld: boxes_intersections.cpp:(.text+0x571b): undefined reference to `tbb::detail::r1::initialize(tbb::detail::d1::task_group_context&)'
/usr/bin/ld: boxes_intersections.cpp:(.text+0x5739): undefined reference to `tbb::detail::r1::allocate(tbb::detail::d1::small_object_pool*&, unsigned long)'
/usr/bin/ld: boxes_intersections.cpp:(.text+0x5798): undefined reference to `tbb::detail::r1::max_concurrency(tbb::detail::d1::task_arena_base const*)'
/usr/bin/ld: boxes_intersections.cpp:(.text+0x5814): undefined reference to `tbb::detail::r1::execute_and_wait(tbb::detail::d1::task&, tbb::detail::d1::task_group_context&, tbb::detail::d1::wait_context&, tbb::detail::d1::task_group_context&)'
/usr/bin/ld: boxes_intersections.cpp:(.text+0x581f): undefined reference to `tbb::detail::r1::destroy(tbb::detail::d1::task_group_context&)'
/usr/bin/ld: boxes_intersections.cpp:(.text+0x585e): undefined reference to `tbb::detail::r1::initialize(tbb::detail::d1::task_group_context&)'
/usr/bin/ld: boxes_intersections.cpp:(.text+0x587c): undefined reference to `tbb::detail::r1::allocate(tbb::detail::d1::small_object_pool*&, unsigned long)'
/usr/bin/ld: boxes_intersections.cpp:(.text+0x58d8): undefined reference to `tbb::detail::r1::max_concurrency(tbb::detail::d1::task_arena_base const*)'
/usr/bin/ld: boxes_intersections.cpp:(.text+0x5959): undefined reference to `tbb::detail::r1::execute_and_wait(tbb::detail::d1::task&, tbb::detail::d1::task_group_context&, tbb::detail::d1::wait_context&, tbb::detail::d1::task_group_context&)'
/usr/bin/ld: boxes_intersections.cpp:(.text+0x5964): undefined reference to `tbb::detail::r1::destroy(tbb::detail::d1::task_group_context&)'
/usr/bin/ld: boxes_intersections.cpp:(.text+0x5c36): undefined reference to `tbb::detail::r1::initialize(tbb::detail::d1::task_group_context&)'
/usr/bin/ld: boxes_intersections.cpp:(.text+0x5c54): undefined reference to `tbb::detail::r1::allocate(tbb::detail::d1::small_object_pool*&, unsigned long)'
/usr/bin/ld: boxes_intersections.cpp:(.text+0x5cac): undefined reference to `tbb::detail::r1::max_concurrency(tbb::detail::d1::task_arena_base const*)'
/usr/bin/ld: boxes_intersections.cpp:(.text+0x5d28): undefined reference to `tbb::detail::r1::execute_and_wait(tbb::detail::d1::task&, tbb::detail::d1::task_group_context&, tbb::detail::d1::wait_context&, tbb::detail::d1::task_group_context&)'
/usr/bin/ld: boxes_intersections.cpp:(.text+0x5d30): undefined reference to `tbb::detail::r1::destroy(tbb::detail::d1::task_group_context&)'
/usr/bin/ld: boxes_intersections.cpp:(.text+0x5d71): undefined reference to `tbb::detail::r1::initialize(tbb::detail::d1::task_group_context&)'
/usr/bin/ld: boxes_intersections.cpp:(.text+0x5d8f): undefined reference to `tbb::detail::r1::allocate(tbb::detail::d1::small_object_pool*&, unsigned long)'
/usr/bin/ld: boxes_intersections.cpp:(.text+0x5de7): undefined reference to `tbb::detail::r1::max_concurrency(tbb::detail::d1::task_arena_base const*)'
/usr/bin/ld: boxes_intersections.cpp:(.text+0x5e63): undefined reference to `tbb::detail::r1::execute_and_wait(tbb::detail::d1::task&, tbb::detail::d1::task_group_context&, tbb::detail::d1::wait_context&, tbb::detail::d1::task_group_context&)'
/usr/bin/ld: boxes_intersections.cpp:(.text+0x5e6b): undefined reference to `tbb::detail::r1::destroy(tbb::detail::d1::task_group_context&)'
/usr/bin/ld: boxes_intersections.cpp:(.text+0x5eac): undefined reference to `tbb::detail::r1::initialize(tbb::detail::d1::task_group_context&)'
/usr/bin/ld: boxes_intersections.cpp:(.text+0x5eca): undefined reference to `tbb::detail::r1::allocate(tbb::detail::d1::small_object_pool*&, unsigned long)'
/usr/bin/ld: boxes_intersections.cpp:(.text+0x5f25): undefined reference to `tbb::detail::r1::max_concurrency(tbb::detail::d1::task_arena_base const*)'
/usr/bin/ld: boxes_intersections.cpp:(.text+0x5f9f): undefined reference to `tbb::detail::r1::execute_and_wait(tbb::detail::d1::task&, tbb::detail::d1::task_group_context&, tbb::detail::d1::wait_context&, tbb::detail::d1::task_group_context&)'
/usr/bin/ld: boxes_intersections.cpp:(.text+0x5faa): undefined reference to `tbb::detail::r1::destroy(tbb::detail::d1::task_group_context&)'
/usr/bin/ld: boxes_intersections.cpp:(.text+0x5fe9): undefined reference to `tbb::detail::r1::initialize(tbb::detail::d1::task_group_context&)'
/usr/bin/ld: boxes_intersections.cpp:(.text+0x6007): undefined reference to `tbb::detail::r1::allocate(tbb::detail::d1::small_object_pool*&, unsigned long)'
/usr/bin/ld: boxes_intersections.cpp:(.text+0x605e): undefined reference to `tbb::detail::r1::max_concurrency(tbb::detail::d1::task_arena_base const*)'
/usr/bin/ld: boxes_intersections.cpp:(.text+0x60da): undefined reference to `tbb::detail::r1::execute_and_wait(tbb::detail::d1::task&, tbb::detail::d1::task_group_context&, tbb::detail::d1::wait_context&, tbb::detail::d1::task_group_context&)'
/usr/bin/ld: boxes_intersections.cpp:(.text+0x60e2): undefined reference to `tbb::detail::r1::destroy(tbb::detail::d1::task_group_context&)'
/usr/bin/ld: boxes_intersections.cpp:(.text+0x6121): undefined reference to `tbb::detail::r1::initialize(tbb::detail::d1::task_group_context&)'
/usr/bin/ld: boxes_intersections.cpp:(.text+0x613f): undefined reference to `tbb::detail::r1::allocate(tbb::detail::d1::small_object_pool*&, unsigned long)'
/usr/bin/ld: boxes_intersections.cpp:(.text+0x6196): undefined reference to `tbb::detail::r1::max_concurrency(tbb::detail::d1::task_arena_base const*)'
/usr/bin/ld: boxes_intersections.cpp:(.text+0x6212): undefined reference to `tbb::detail::r1::execute_and_wait(tbb::detail::d1::task&, tbb::detail::d1::task_group_context&, tbb::detail::d1::wait_context&, tbb::detail::d1::task_group_context&)'
/usr/bin/ld: boxes_intersections.cpp:(.text+0x621a): undefined reference to `tbb::detail::r1::destroy(tbb::detail::d1::task_group_context&)'
/usr/bin/ld: boxes_intersections.cpp:(.text+0x6259): undefined reference to `tbb::detail::r1::initialize(tbb::detail::d1::task_group_context&)'
/usr/bin/ld: boxes_intersections.cpp:(.text+0x6277): undefined reference to `tbb::detail::r1::allocate(tbb::detail::d1::small_object_pool*&, unsigned long)'
/usr/bin/ld: boxes_intersections.cpp:(.text+0x62d3): undefined reference to `tbb::detail::r1::max_concurrency(tbb::detail::d1::task_arena_base const*)'
/usr/bin/ld: boxes_intersections.cpp:(.text+0x634f): undefined reference to `tbb::detail::r1::execute_and_wait(tbb::detail::d1::task&, tbb::detail::d1::task_group_context&, tbb::detail::d1::wait_context&, tbb::detail::d1::task_group_context&)'
/usr/bin/ld: boxes_intersections.cpp:(.text+0x635a): undefined reference to `tbb::detail::r1::destroy(tbb::detail::d1::task_group_context&)'
/usr/bin/ld: CMakeFiles/geogram.dir/mesh/boxes_intersections.cpp.o: in function `__pstl::__tbb_backend::__func_task<__pstl::__tbb_backend::__merge_func<unsigned int*, unsigned int*, (anonymous namespace)::BoxesCompare, __pstl::__utils::__serial_destroy, __pstl::__utils::__serial_move_merge> >::execute(tbb::detail::d1::execution_data&)':
boxes_intersections.cpp:(.text+0x657c): undefined reference to `tbb::detail::r1::deallocate(tbb::detail::d1::small_object_pool&, void*, unsigned long, tbb::detail::d1::execution_data const&)'
/usr/bin/ld: CMakeFiles/geogram.dir/mesh/boxes_intersections.cpp.o: in function `(anonymous namespace)::hybrid((anonymous namespace)::BoxesRange, (anonymous namespace)::BoxesRange, unsigned int, std::function<void (unsigned int, unsigned int)>, bool, double, double, std::mersenne_twister_engine<unsigned long, 32ul, 624ul, 397ul, 31ul, 2567483615ul, 11ul, 4294967295ul, 7ul, 2636928640ul, 15ul, 4022730752ul, 18ul, 1812433253ul>&, (anonymous namespace)::JobsGroup*)':
boxes_intersections.cpp:(.text+0x80a1): undefined reference to `tbb::detail::r1::isolate_within_arena(tbb::detail::d1::delegate_base&, long)'
/usr/bin/ld: boxes_intersections.cpp:(.text+0x81ba): undefined reference to `tbb::detail::r1::isolate_within_arena(tbb::detail::d1::delegate_base&, long)'
/usr/bin/ld: CMakeFiles/geogram.dir/mesh/boxes_intersections.cpp.o: in function `__pstl::__tbb_backend::__parallel_stable_sort<__pstl::execution::v1::parallel_policy const&, unsigned int*, (anonymous namespace)::BoxesCompare, __pstl::__internal::__pattern_sort<__pstl::execution::v1::parallel_policy const&, unsigned int*, (anonymous namespace)::BoxesCompare, std::integral_constant<bool, false> >(__pstl::execution::v1::parallel_policy const&, unsigned int*, unsigned int*, (anonymous namespace)::BoxesCompare, std::integral_constant<bool, false>, std::integral_constant<bool, true>, std::integral_constant<bool, true>)::{lambda()#1}::operator()() const::{lambda(unsigned int*, unsigned int*, (anonymous namespace)::BoxesCompare)#1}>(__pstl::execution::v1::parallel_policy const&, unsigned int*, unsigned int*, (anonymous namespace)::BoxesCompare, __pstl::__internal::__pattern_sort<__pstl::execution::v1::parallel_policy const&, unsigned int*, (anonymous namespace)::BoxesCompare, std::integral_constant<bool, false> >(__pstl::execution::v1::parallel_policy const&, unsigned int*, unsigned int*, (anonymous namespace)::BoxesCompare, std::integral_constant<bool, false>, std::integral_constant<bool, true>, std::integral_constant<bool, true>)::{lambda()#1}::operator()() const::{lambda(unsigned int*, unsigned int*, (anonymous namespace)::BoxesCompare)#1}, unsigned long)::{lambda()#1}::operator()() const [clone .cold]':
boxes_intersections.cpp:(.text.unlikely+0x10c): undefined reference to `tbb::detail::r1::destroy(tbb::detail::d1::task_group_context&)'
/usr/bin/ld: boxes_intersections.cpp:(.text.unlikely+0x114): undefined reference to `tbb::detail::r1::deallocate_memory(void*)'
/usr/bin/ld: boxes_intersections.cpp:(.text.unlikely+0x129): undefined reference to `tbb::detail::r1::destroy(tbb::detail::d1::task_group_context&)'
/usr/bin/ld: CMakeFiles/geogram.dir/mesh/boxes_intersections.cpp.o: in function `__pstl::__tbb_backend::__merge_func<unsigned int*, unsigned int*, (anonymous namespace)::BoxesCompare, __pstl::__utils::__serial_destroy, __pstl::__utils::__serial_move_merge>::move_x_range() [clone .cold]':
boxes_intersections.cpp:(.text.unlikely+0x1b0): undefined reference to `tbb::detail::r1::destroy(tbb::detail::d1::task_group_context&)'
/usr/bin/ld: boxes_intersections.cpp:(.text.unlikely+0x1c0): undefined reference to `tbb::detail::r1::destroy(tbb::detail::d1::task_group_context&)'
/usr/bin/ld: boxes_intersections.cpp:(.text.unlikely+0x1d0): undefined reference to `tbb::detail::r1::destroy(tbb::detail::d1::task_group_context&)'
/usr/bin/ld: CMakeFiles/geogram.dir/mesh/boxes_intersections.cpp.o: in function `__pstl::__tbb_backend::__merge_func<unsigned int*, unsigned int*, (anonymous namespace)::BoxesCompare, __pstl::__utils::__serial_destroy, __pstl::__utils::__serial_move_merge>::move_y_range() [clone .cold]':
boxes_intersections.cpp:(.text.unlikely+0x1e0): undefined reference to `tbb::detail::r1::destroy(tbb::detail::d1::task_group_context&)'
/usr/bin/ld: CMakeFiles/geogram.dir/mesh/boxes_intersections.cpp.o:boxes_intersections.cpp:(.text.unlikely+0x1f0): more undefined references to `tbb::detail::r1::destroy(tbb::detail::d1::task_group_context&)' follow
/usr/bin/ld: CMakeFiles/geogram.dir/mesh/mesh_repair.cpp.o: in function `__pstl::__tbb_backend::__root_task<__pstl::__tbb_backend::__stable_sort_func<__gnu_cxx::__normal_iterator<unsigned int*, std::vector<unsigned int, GEO::Memory::aligned_allocator<unsigned int, 64> > >, unsigned int*, (anonymous namespace)::CompareFacets, __pstl::__internal::__pattern_sort<__pstl::execution::v1::parallel_policy const&, __gnu_cxx::__normal_iterator<unsigned int*, std::vector<unsigned int, GEO::Memory::aligned_allocator<unsigned int, 64> > >, (anonymous namespace)::CompareFacets, std::integral_constant<bool, false> >(__pstl::execution::v1::parallel_policy const&, __gnu_cxx::__normal_iterator<unsigned int*, std::vector<unsigned int, GEO::Memory::aligned_allocator<unsigned int, 64> > >, __gnu_cxx::__normal_iterator<unsigned int*, std::vector<unsigned int, GEO::Memory::aligned_allocator<unsigned int, 64> > >, (anonymous namespace)::CompareFacets, std::integral_constant<bool, false>, std::integral_constant<bool, true>, std::integral_constant<bool, true>)::{lambda()#1}::operator()() const::{lambda(__gnu_cxx::__normal_iterator<unsigned int*, std::vector<unsigned int, GEO::Memory::aligned_allocator<unsigned int, 64> > >, __gnu_cxx::__normal_iterator<unsigned int*, std::vector<unsigned int, GEO::Memory::aligned_allocator<unsigned int, 64> > >, (anonymous namespace)::CompareFacets)#1}> >::execute(tbb::detail::d1::execution_data&)':
mesh_repair.cpp:(.text+0x609): undefined reference to `tbb::detail::r1::notify_waiters(unsigned long)'
/usr/bin/ld: CMakeFiles/geogram.dir/mesh/mesh_repair.cpp.o: in function `__pstl::__tbb_backend::__func_task<__pstl::__tbb_backend::__merge_func<__gnu_cxx::__normal_iterator<unsigned int*, std::vector<unsigned int, GEO::Memory::aligned_allocator<unsigned int, 64> > >, unsigned int*, (anonymous namespace)::CompareFacets, __pstl::__utils::__serial_destroy, __pstl::__utils::__serial_move_merge> >::cancel(tbb::detail::d1::execution_data&)':
mesh_repair.cpp:(.text+0x65d): undefined reference to `tbb::detail::r1::deallocate(tbb::detail::d1::small_object_pool&, void*, unsigned long, tbb::detail::d1::execution_data const&)'
/usr/bin/ld: CMakeFiles/geogram.dir/mesh/mesh_repair.cpp.o: in function `__pstl::__tbb_backend::__func_task<__pstl::__tbb_backend::__stable_sort_func<__gnu_cxx::__normal_iterator<unsigned int*, std::vector<unsigned int, GEO::Memory::aligned_allocator<unsigned int, 64> > >, unsigned int*, (anonymous namespace)::CompareFacets, __pstl::__internal::__pattern_sort<__pstl::execution::v1::parallel_policy const&, __gnu_cxx::__normal_iterator<unsigned int*, std::vector<unsigned int, GEO::Memory::aligned_allocator<unsigned int, 64> > >, (anonymous namespace)::CompareFacets, std::integral_constant<bool, false> >(__pstl::execution::v1::parallel_policy const&, __gnu_cxx::__normal_iterator<unsigned int*, std::vector<unsigned int, GEO::Memory::aligned_allocator<unsigned int, 64> > >, __gnu_cxx::__normal_iterator<unsigned int*, std::vector<unsigned int, GEO::Memory::aligned_allocator<unsigned int, 64> > >, (anonymous namespace)::CompareFacets, std::integral_constant<bool, false>, std::integral_constant<bool, true>, std::integral_constant<bool, true>)::{lambda()#1}::operator()() const::{lambda(__gnu_cxx::__normal_iterator<unsigned int*, std::vector<unsigned int, GEO::Memory::aligned_allocator<unsigned int, 64> > >, __gnu_cxx::__normal_iterator<unsigned int*, std::vector<unsigned int, GEO::Memory::aligned_allocator<unsigned int, 64> > >, (anonymous namespace)::CompareFacets)#1}> >::cancel(tbb::detail::d1::execution_data&)':
mesh_repair.cpp:(.text+0x6ad): undefined reference to `tbb::detail::r1::deallocate(tbb::detail::d1::small_object_pool&, void*, unsigned long, tbb::detail::d1::execution_data const&)'
/usr/bin/ld: CMakeFiles/geogram.dir/mesh/mesh_repair.cpp.o: in function `tbb::detail::d1::start_for<tbb::detail::d1::blocked_range<long>, __pstl::__tbb_backend::__merge_func<__gnu_cxx::__normal_iterator<unsigned int*, std::vector<unsigned int, GEO::Memory::aligned_allocator<unsigned int, 64> > >, unsigned int*, (anonymous namespace)::CompareFacets, __pstl::__utils::__serial_destroy, __pstl::__utils::__serial_move_merge>::__cleanup_range::operator()<unsigned int*>(unsigned int*, unsigned int*)::{lambda(tbb::detail::d1::blocked_range<long> const&)#1}, tbb::detail::d1::auto_partitioner const>::cancel(tbb::detail::d1::execution_data&)':
mesh_repair.cpp:(.text+0x6f5): undefined reference to `tbb::detail::r1::deallocate(tbb::detail::d1::small_object_pool&, void*, unsigned long, tbb::detail::d1::execution_data const&)'
/usr/bin/ld: mesh_repair.cpp:(.text+0x71c): undefined reference to `tbb::detail::r1::deallocate(tbb::detail::d1::small_object_pool&, void*, unsigned long, tbb::detail::d1::execution_data const&)'
/usr/bin/ld: mesh_repair.cpp:(.text+0x73d): undefined reference to `tbb::detail::r1::notify_waiters(unsigned long)'
/usr/bin/ld: CMakeFiles/geogram.dir/mesh/mesh_repair.cpp.o: in function `tbb::detail::d1::start_for<tbb::detail::d1::blocked_range<long>, __pstl::__tbb_backend::__merge_func<__gnu_cxx::__normal_iterator<unsigned int*, std::vector<unsigned int, GEO::Memory::aligned_allocator<unsigned int, 64> > >, unsigned int*, (anonymous namespace)::CompareFacets, __pstl::__utils::__serial_destroy, __pstl::__utils::__serial_move_merge>::__move_range_construct::operator()<__gnu_cxx::__normal_iterator<unsigned int*, std::vector<unsigned int, GEO::Memory::aligned_allocator<unsigned int, 64> > >, unsigned int*>(__gnu_cxx::__normal_iterator<unsigned int*, std::vector<unsigned int, GEO::Memory::aligned_allocator<unsigned int, 64> > >, __gnu_cxx::__normal_iterator<unsigned int*, std::vector<unsigned int, GEO::Memory::aligned_allocator<unsigned int, 64> > >, unsigned int*)::{lambda(tbb::detail::d1::blocked_range<long> const&)#1}, tbb::detail::d1::auto_partitioner const>::cancel(tbb::detail::d1::execution_data&)':
mesh_repair.cpp:(.text+0x78d): undefined reference to `tbb::detail::r1::deallocate(tbb::detail::d1::small_object_pool&, void*, unsigned long, tbb::detail::d1::execution_data const&)'
/usr/bin/ld: mesh_repair.cpp:(.text+0x7b4): undefined reference to `tbb::detail::r1::deallocate(tbb::detail::d1::small_object_pool&, void*, unsigned long, tbb::detail::d1::execution_data const&)'
/usr/bin/ld: mesh_repair.cpp:(.text+0x7d5): undefined reference to `tbb::detail::r1::notify_waiters(unsigned long)'
/usr/bin/ld: CMakeFiles/geogram.dir/mesh/mesh_repair.cpp.o: in function `tbb::detail::d1::start_for<tbb::detail::d1::blocked_range<long>, __pstl::__tbb_backend::__merge_func<__gnu_cxx::__normal_iterator<unsigned int*, std::vector<unsigned int, GEO::Memory::aligned_allocator<unsigned int, 64> > >, unsigned int*, (anonymous namespace)::CompareFacets, __pstl::__utils::__serial_destroy, __pstl::__utils::__serial_move_merge>::__move_range::operator()<unsigned int*, __gnu_cxx::__normal_iterator<unsigned int*, std::vector<unsigned int, GEO::Memory::aligned_allocator<unsigned int, 64> > > >(unsigned int*, unsigned int*, __gnu_cxx::__normal_iterator<unsigned int*, std::vector<unsigned int, GEO::Memory::aligned_allocator<unsigned int, 64> > >)::{lambda(tbb::detail::d1::blocked_range<long> const&)#1}, tbb::detail::d1::auto_partitioner const>::cancel(tbb::detail::d1::execution_data&)':
mesh_repair.cpp:(.text+0x81d): undefined reference to `tbb::detail::r1::deallocate(tbb::detail::d1::small_object_pool&, void*, unsigned long, tbb::detail::d1::execution_data const&)'
/usr/bin/ld: mesh_repair.cpp:(.text+0x844): undefined reference to `tbb::detail::r1::deallocate(tbb::detail::d1::small_object_pool&, void*, unsigned long, tbb::detail::d1::execution_data const&)'
/usr/bin/ld: mesh_repair.cpp:(.text+0x865): undefined reference to `tbb::detail::r1::notify_waiters(unsigned long)'
/usr/bin/ld: CMakeFiles/geogram.dir/mesh/mesh_repair.cpp.o: in function `tbb::detail::d1::start_for<tbb::detail::d1::blocked_range<long>, __pstl::__tbb_backend::__merge_func<__gnu_cxx::__normal_iterator<unsigned int*, std::vector<unsigned int, GEO::Memory::aligned_allocator<unsigned int, 64> > >, unsigned int*, (anonymous namespace)::CompareFacets, __pstl::__utils::__serial_destroy, __pstl::__utils::__serial_move_merge>::__move_range::operator()<unsigned int*, __gnu_cxx::__normal_iterator<unsigned int*, std::vector<unsigned int, GEO::Memory::aligned_allocator<unsigned int, 64> > > >(unsigned int*, unsigned int*, __gnu_cxx::__normal_iterator<unsigned int*, std::vector<unsigned int, GEO::Memory::aligned_allocator<unsigned int, 64> > >)::{lambda(tbb::detail::d1::blocked_range<long> const&)#1}, tbb::detail::d1::auto_partitioner const>::execute(tbb::detail::d1::execution_data&)':
mesh_repair.cpp:(.text+0x91f): undefined reference to `tbb::detail::r1::allocate(tbb::detail::d1::small_object_pool*&, unsigned long, tbb::detail::d1::execution_data const&)'
/usr/bin/ld: mesh_repair.cpp:(.text+0x9bd): undefined reference to `tbb::detail::r1::allocate(tbb::detail::d1::small_object_pool*&, unsigned long, tbb::detail::d1::execution_data const&)'
/usr/bin/ld: mesh_repair.cpp:(.text+0x9ec): undefined reference to `tbb::detail::r1::spawn(tbb::detail::d1::task&, tbb::detail::d1::task_group_context&)'
/usr/bin/ld: mesh_repair.cpp:(.text+0xa91): undefined reference to `tbb::detail::r1::deallocate(tbb::detail::d1::small_object_pool&, void*, unsigned long, tbb::detail::d1::execution_data const&)'
/usr/bin/ld: mesh_repair.cpp:(.text+0xab8): undefined reference to `tbb::detail::r1::deallocate(tbb::detail::d1::small_object_pool&, void*, unsigned long, tbb::detail::d1::execution_data const&)'
/usr/bin/ld: mesh_repair.cpp:(.text+0xca8): undefined reference to `tbb::detail::r1::is_group_execution_cancelled(tbb::detail::d1::task_group_context&)'
/usr/bin/ld: mesh_repair.cpp:(.text+0xce4): undefined reference to `tbb::detail::r1::execution_slot(tbb::detail::d1::execution_data const*)'
/usr/bin/ld: mesh_repair.cpp:(.text+0xcf5): undefined reference to `tbb::detail::r1::execution_slot(tbb::detail::d1::execution_data const*)'
/usr/bin/ld: mesh_repair.cpp:(.text+0xd10): undefined reference to `tbb::detail::r1::execution_slot(tbb::detail::d1::execution_data const*)'
/usr/bin/ld: mesh_repair.cpp:(.text+0xd69): undefined reference to `tbb::detail::r1::notify_waiters(unsigned long)'
/usr/bin/ld: mesh_repair.cpp:(.text+0xdb0): undefined reference to `tbb::detail::r1::allocate(tbb::detail::d1::small_object_pool*&, unsigned long, tbb::detail::d1::execution_data const&)'
/usr/bin/ld: mesh_repair.cpp:(.text+0xe45): undefined reference to `tbb::detail::r1::allocate(tbb::detail::d1::small_object_pool*&, unsigned long, tbb::detail::d1::execution_data const&)'
/usr/bin/ld: mesh_repair.cpp:(.text+0xe74): undefined reference to `tbb::detail::r1::spawn(tbb::detail::d1::task&, tbb::detail::d1::task_group_context&)'
/usr/bin/ld: CMakeFiles/geogram.dir/mesh/mesh_repair.cpp.o: in function `tbb::detail::d1::start_for<tbb::detail::d1::blocked_range<long>, __pstl::__tbb_backend::__merge_func<__gnu_cxx::__normal_iterator<unsigned int*, std::vector<unsigned int, GEO::Memory::aligned_allocator<unsigned int, 64> > >, unsigned int*, (anonymous namespace)::CompareFacets, __pstl::__utils::__serial_destroy, __pstl::__utils::__serial_move_merge>::__cleanup_range::operator()<unsigned int*>(unsigned int*, unsigned int*)::{lambda(tbb::detail::d1::blocked_range<long> const&)#1}, tbb::detail::d1::auto_partitioner const>::execute(tbb::detail::d1::execution_data&)':
mesh_repair.cpp:(.text+0x1299): undefined reference to `tbb::detail::r1::allocate(tbb::detail::d1::small_object_pool*&, unsigned long, tbb::detail::d1::execution_data const&)'
/usr/bin/ld: mesh_repair.cpp:(.text+0x1339): undefined reference to `tbb::detail::r1::allocate(tbb::detail::d1::small_object_pool*&, unsigned long, tbb::detail::d1::execution_data const&)'
/usr/bin/ld: mesh_repair.cpp:(.text+0x1369): undefined reference to `tbb::detail::r1::spawn(tbb::detail::d1::task&, tbb::detail::d1::task_group_context&)'
/usr/bin/ld: mesh_repair.cpp:(.text+0x13c9): undefined reference to `tbb::detail::r1::deallocate(tbb::detail::d1::small_object_pool&, void*, unsigned long, tbb::detail::d1::execution_data const&)'
/usr/bin/ld: mesh_repair.cpp:(.text+0x13f0): undefined reference to `tbb::detail::r1::deallocate(tbb::detail::d1::small_object_pool&, void*, unsigned long, tbb::detail::d1::execution_data const&)'
/usr/bin/ld: mesh_repair.cpp:(.text+0x15a9): undefined reference to `tbb::detail::r1::is_group_execution_cancelled(tbb::detail::d1::task_group_context&)'
/usr/bin/ld: mesh_repair.cpp:(.text+0x15d4): undefined reference to `tbb::detail::r1::execution_slot(tbb::detail::d1::execution_data const*)'
/usr/bin/ld: mesh_repair.cpp:(.text+0x15e5): undefined reference to `tbb::detail::r1::execution_slot(tbb::detail::d1::execution_data const*)'
/usr/bin/ld: mesh_repair.cpp:(.text+0x1600): undefined reference to `tbb::detail::r1::execution_slot(tbb::detail::d1::execution_data const*)'
/usr/bin/ld: mesh_repair.cpp:(.text+0x1651): undefined reference to `tbb::detail::r1::notify_waiters(unsigned long)'
/usr/bin/ld: mesh_repair.cpp:(.text+0x1698): undefined reference to `tbb::detail::r1::allocate(tbb::detail::d1::small_object_pool*&, unsigned long, tbb::detail::d1::execution_data const&)'
/usr/bin/ld: mesh_repair.cpp:(.text+0x1728): undefined reference to `tbb::detail::r1::allocate(tbb::detail::d1::small_object_pool*&, unsigned long, tbb::detail::d1::execution_data const&)'
/usr/bin/ld: mesh_repair.cpp:(.text+0x1757): undefined reference to `tbb::detail::r1::spawn(tbb::detail::d1::task&, tbb::detail::d1::task_group_context&)'
/usr/bin/ld: CMakeFiles/geogram.dir/mesh/mesh_repair.cpp.o: in function `tbb::detail::d1::start_for<tbb::detail::d1::blocked_range<long>, __pstl::__tbb_backend::__merge_func<__gnu_cxx::__normal_iterator<unsigned int*, std::vector<unsigned int, GEO::Memory::aligned_allocator<unsigned int, 64> > >, unsigned int*, (anonymous namespace)::CompareFacets, __pstl::__utils::__serial_destroy, __pstl::__utils::__serial_move_merge>::__move_range_construct::operator()<__gnu_cxx::__normal_iterator<unsigned int*, std::vector<unsigned int, GEO::Memory::aligned_allocator<unsigned int, 64> > >, unsigned int*>(__gnu_cxx::__normal_iterator<unsigned int*, std::vector<unsigned int, GEO::Memory::aligned_allocator<unsigned int, 64> > >, __gnu_cxx::__normal_iterator<unsigned int*, std::vector<unsigned int, GEO::Memory::aligned_allocator<unsigned int, 64> > >, unsigned int*)::{lambda(tbb::detail::d1::blocked_range<long> const&)#1}, tbb::detail::d1::auto_partitioner const>::execute(tbb::detail::d1::execution_data&)':
mesh_repair.cpp:(.text+0x184d): undefined reference to `tbb::detail::r1::allocate(tbb::detail::d1::small_object_pool*&, unsigned long, tbb::detail::d1::execution_data const&)'
/usr/bin/ld: mesh_repair.cpp:(.text+0x18eb): undefined reference to `tbb::detail::r1::allocate(tbb::detail::d1::small_object_pool*&, unsigned long, tbb::detail::d1::execution_data const&)'
/usr/bin/ld: mesh_repair.cpp:(.text+0x191a): undefined reference to `tbb::detail::r1::spawn(tbb::detail::d1::task&, tbb::detail::d1::task_group_context&)'
/usr/bin/ld: mesh_repair.cpp:(.text+0x1a51): undefined reference to `tbb::detail::r1::deallocate(tbb::detail::d1::small_object_pool&, void*, unsigned long, tbb::detail::d1::execution_data const&)'
/usr/bin/ld: mesh_repair.cpp:(.text+0x1a78): undefined reference to `tbb::detail::r1::deallocate(tbb::detail::d1::small_object_pool&, void*, unsigned long, tbb::detail::d1::execution_data const&)'
/usr/bin/ld: mesh_repair.cpp:(.text+0x1d08): undefined reference to `tbb::detail::r1::is_group_execution_cancelled(tbb::detail::d1::task_group_context&)'
/usr/bin/ld: mesh_repair.cpp:(.text+0x1d64): undefined reference to `tbb::detail::r1::execution_slot(tbb::detail::d1::execution_data const*)'
/usr/bin/ld: mesh_repair.cpp:(.text+0x1d75): undefined reference to `tbb::detail::r1::execution_slot(tbb::detail::d1::execution_data const*)'
/usr/bin/ld: mesh_repair.cpp:(.text+0x1d90): undefined reference to `tbb::detail::r1::execution_slot(tbb::detail::d1::execution_data const*)'
/usr/bin/ld: mesh_repair.cpp:(.text+0x1de9): undefined reference to `tbb::detail::r1::notify_waiters(unsigned long)'
/usr/bin/ld: mesh_repair.cpp:(.text+0x1e2a): undefined reference to `tbb::detail::r1::allocate(tbb::detail::d1::small_object_pool*&, unsigned long, tbb::detail::d1::execution_data const&)'
/usr/bin/ld: mesh_repair.cpp:(.text+0x1eb9): undefined reference to `tbb::detail::r1::allocate(tbb::detail::d1::small_object_pool*&, unsigned long, tbb::detail::d1::execution_data const&)'
/usr/bin/ld: mesh_repair.cpp:(.text+0x1ee8): undefined reference to `tbb::detail::r1::spawn(tbb::detail::d1::task&, tbb::detail::d1::task_group_context&)'
/usr/bin/ld: CMakeFiles/geogram.dir/mesh/mesh_repair.cpp.o: in function `__pstl::__tbb_backend::__merge_func<__gnu_cxx::__normal_iterator<unsigned int*, std::vector<unsigned int, GEO::Memory::aligned_allocator<unsigned int, 64> > >, unsigned int*, (anonymous namespace)::CompareFacets, __pstl::__utils::__serial_destroy, __pstl::__utils::__serial_move_merge>::move_x_range()':
mesh_repair.cpp:(.text+0x2bd7): undefined reference to `tbb::detail::r1::initialize(tbb::detail::d1::task_group_context&)'
/usr/bin/ld: mesh_repair.cpp:(.text+0x2bef): undefined reference to `tbb::detail::r1::allocate(tbb::detail::d1::small_object_pool*&, unsigned long)'
/usr/bin/ld: mesh_repair.cpp:(.text+0x2c3b): undefined reference to `tbb::detail::r1::max_concurrency(tbb::detail::d1::task_arena_base const*)'
/usr/bin/ld: mesh_repair.cpp:(.text+0x2ca0): undefined reference to `tbb::detail::r1::execute_and_wait(tbb::detail::d1::task&, tbb::detail::d1::task_group_context&, tbb::detail::d1::wait_context&, tbb::detail::d1::task_group_context&)'
/usr/bin/ld: mesh_repair.cpp:(.text+0x2ca8): undefined reference to `tbb::detail::r1::destroy(tbb::detail::d1::task_group_context&)'
/usr/bin/ld: mesh_repair.cpp:(.text+0x2ce5): undefined reference to `tbb::detail::r1::initialize(tbb::detail::d1::task_group_context&)'
/usr/bin/ld: mesh_repair.cpp:(.text+0x2cfd): undefined reference to `tbb::detail::r1::allocate(tbb::detail::d1::small_object_pool*&, unsigned long)'
/usr/bin/ld: mesh_repair.cpp:(.text+0x2d54): undefined reference to `tbb::detail::r1::max_concurrency(tbb::detail::d1::task_arena_base const*)'
/usr/bin/ld: mesh_repair.cpp:(.text+0x2dbe): undefined reference to `tbb::detail::r1::execute_and_wait(tbb::detail::d1::task&, tbb::detail::d1::task_group_context&, tbb::detail::d1::wait_context&, tbb::detail::d1::task_group_context&)'
/usr/bin/ld: mesh_repair.cpp:(.text+0x2dc6): undefined reference to `tbb::detail::r1::destroy(tbb::detail::d1::task_group_context&)'
/usr/bin/ld: mesh_repair.cpp:(.text+0x2e2d): undefined reference to `tbb::detail::r1::initialize(tbb::detail::d1::task_group_context&)'
/usr/bin/ld: mesh_repair.cpp:(.text+0x2e45): undefined reference to `tbb::detail::r1::allocate(tbb::detail::d1::small_object_pool*&, unsigned long)'
/usr/bin/ld: mesh_repair.cpp:(.text+0x2e9d): undefined reference to `tbb::detail::r1::max_concurrency(tbb::detail::d1::task_arena_base const*)'
/usr/bin/ld: mesh_repair.cpp:(.text+0x2f07): undefined reference to `tbb::detail::r1::execute_and_wait(tbb::detail::d1::task&, tbb::detail::d1::task_group_context&, tbb::detail::d1::wait_context&, tbb::detail::d1::task_group_context&)'
/usr/bin/ld: mesh_repair.cpp:(.text+0x2f0f): undefined reference to `tbb::detail::r1::destroy(tbb::detail::d1::task_group_context&)'
/usr/bin/ld: CMakeFiles/geogram.dir/mesh/mesh_repair.cpp.o: in function `__pstl::__tbb_backend::__merge_func<__gnu_cxx::__normal_iterator<unsigned int*, std::vector<unsigned int, GEO::Memory::aligned_allocator<unsigned int, 64> > >, unsigned int*, (anonymous namespace)::CompareFacets, __pstl::__utils::__serial_destroy, __pstl::__utils::__serial_move_merge>::move_y_range()':
mesh_repair.cpp:(.text+0x313e): undefined reference to `tbb::detail::r1::initialize(tbb::detail::d1::task_group_context&)'
/usr/bin/ld: mesh_repair.cpp:(.text+0x3156): undefined reference to `tbb::detail::r1::allocate(tbb::detail::d1::small_object_pool*&, unsigned long)'
/usr/bin/ld: mesh_repair.cpp:(.text+0x31a2): undefined reference to `tbb::detail::r1::max_concurrency(tbb::detail::d1::task_arena_base const*)'
/usr/bin/ld: mesh_repair.cpp:(.text+0x3209): undefined reference to `tbb::detail::r1::execute_and_wait(tbb::detail::d1::task&, tbb::detail::d1::task_group_context&, tbb::detail::d1::wait_context&, tbb::detail::d1::task_group_context&)'
/usr/bin/ld: mesh_repair.cpp:(.text+0x3211): undefined reference to `tbb::detail::r1::destroy(tbb::detail::d1::task_group_context&)'
/usr/bin/ld: mesh_repair.cpp:(.text+0x324d): undefined reference to `tbb::detail::r1::initialize(tbb::detail::d1::task_group_context&)'
/usr/bin/ld: mesh_repair.cpp:(.text+0x3265): undefined reference to `tbb::detail::r1::allocate(tbb::detail::d1::small_object_pool*&, unsigned long)'
/usr/bin/ld: mesh_repair.cpp:(.text+0x32bc): undefined reference to `tbb::detail::r1::max_concurrency(tbb::detail::d1::task_arena_base const*)'
/usr/bin/ld: mesh_repair.cpp:(.text+0x3326): undefined reference to `tbb::detail::r1::execute_and_wait(tbb::detail::d1::task&, tbb::detail::d1::task_group_context&, tbb::detail::d1::wait_context&, tbb::detail::d1::task_group_context&)'
/usr/bin/ld: mesh_repair.cpp:(.text+0x332e): undefined reference to `tbb::detail::r1::destroy(tbb::detail::d1::task_group_context&)'
/usr/bin/ld: mesh_repair.cpp:(.text+0x3395): undefined reference to `tbb::detail::r1::initialize(tbb::detail::d1::task_group_context&)'
/usr/bin/ld: mesh_repair.cpp:(.text+0x33ad): undefined reference to `tbb::detail::r1::allocate(tbb::detail::d1::small_object_pool*&, unsigned long)'
/usr/bin/ld: mesh_repair.cpp:(.text+0x3409): undefined reference to `tbb::detail::r1::max_concurrency(tbb::detail::d1::task_arena_base const*)'
/usr/bin/ld: mesh_repair.cpp:(.text+0x3473): undefined reference to `tbb::detail::r1::execute_and_wait(tbb::detail::d1::task&, tbb::detail::d1::task_group_context&, tbb::detail::d1::wait_context&, tbb::detail::d1::task_group_context&)'
/usr/bin/ld: mesh_repair.cpp:(.text+0x347b): undefined reference to `tbb::detail::r1::destroy(tbb::detail::d1::task_group_context&)'
/usr/bin/ld: CMakeFiles/geogram.dir/mesh/mesh_repair.cpp.o: in function `__pstl::__tbb_backend::__parallel_stable_sort<__pstl::execution::v1::parallel_policy const&, __gnu_cxx::__normal_iterator<unsigned int*, std::vector<unsigned int, GEO::Memory::aligned_allocator<unsigned int, 64> > >, (anonymous namespace)::CompareFacets, __pstl::__internal::__pattern_sort<__pstl::execution::v1::parallel_policy const&, __gnu_cxx::__normal_iterator<unsigned int*, std::vector<unsigned int, GEO::Memory::aligned_allocator<unsigned int, 64> > >, (anonymous namespace)::CompareFacets, std::integral_constant<bool, false> >(__pstl::execution::v1::parallel_policy const&, __gnu_cxx::__normal_iterator<unsigned int*, std::vector<unsigned int, GEO::Memory::aligned_allocator<unsigned int, 64> > >, __gnu_cxx::__normal_iterator<unsigned int*, std::vector<unsigned int, GEO::Memory::aligned_allocator<unsigned int, 64> > >, (anonymous namespace)::CompareFacets, std::integral_constant<bool, false>, std::integral_constant<bool, true>, std::integral_constant<bool, true>)::{lambda()#1}::operator()() const::{lambda(__gnu_cxx::__normal_iterator<unsigned int*, std::vector<unsigned int, GEO::Memory::aligned_allocator<unsigned int, 64> > >, __gnu_cxx::__normal_iterator<unsigned int*, std::vector<unsigned int, GEO::Memory::aligned_allocator<unsigned int, 64> > >, (anonymous namespace)::CompareFacets)#1}>(__pstl::execution::v1::parallel_policy const&, __gnu_cxx::__normal_iterator<unsigned int*, std::vector<unsigned int, GEO::Memory::aligned_allocator<unsigned int, 64> > >, __gnu_cxx::__normal_iterator<unsigned int*, std::vector<unsigned int, GEO::Memory::aligned_allocator<unsigned int, 64> > >, (anonymous namespace)::CompareFacets, __pstl::__internal::__pattern_sort<__pstl::execution::v1::parallel_policy const&, __gnu_cxx::__normal_iterator<unsigned int*, std::vector<unsigned int, GEO::Memory::aligned_allocator<unsigned int, 64> > >, (anonymous namespace)::CompareFacets, std::integral_constant<bool, false> >(__pstl::execution::v1::parallel_policy const&, __gnu_cxx::__normal_iterator<unsigned int*, std::vector<unsigned int, GEO::Memory::aligned_allocator<unsigned int, 64> > >, __gnu_cxx::__normal_iterator<unsigned int*, std::vector<unsigned int, GEO::Memory::aligned_allocator<unsigned int, 64> > >, (anonymous namespace)::CompareFacets, std::integral_constant<bool, false>, std::integral_constant<bool, true>, std::integral_constant<bool, true>)::{lambda()#1}::operator()() const::{lambda(__gnu_cxx::__normal_iterator<unsigned int*, std::vector<unsigned int, GEO::Memory::aligned_allocator<unsigned int, 64> > >, __gnu_cxx::__normal_iterator<unsigned int*, std::vector<unsigned int, GEO::Memory::aligned_allocator<unsigned int, 64> > >, (anonymous namespace)::CompareFacets)#1}, unsigned long)::{lambda()#1}::operator()() const':
mesh_repair.cpp:(.text+0x3eb2): undefined reference to `tbb::detail::r1::allocate_memory(unsigned long)'
/usr/bin/ld: mesh_repair.cpp:(.text+0x3f47): undefined reference to `tbb::detail::r1::initialize(tbb::detail::d1::task_group_context&)'
/usr/bin/ld: mesh_repair.cpp:(.text+0x3f78): undefined reference to `tbb::detail::r1::allocate(tbb::detail::d1::small_object_pool*&, unsigned long)'
/usr/bin/ld: mesh_repair.cpp:(.text+0x4034): undefined reference to `tbb::detail::r1::execute_and_wait(tbb::detail::d1::task&, tbb::detail::d1::task_group_context&, tbb::detail::d1::wait_context&, tbb::detail::d1::task_group_context&)'
/usr/bin/ld: mesh_repair.cpp:(.text+0x4041): undefined reference to `tbb::detail::r1::destroy(tbb::detail::d1::task_group_context&)'
/usr/bin/ld: mesh_repair.cpp:(.text+0x4049): undefined reference to `tbb::detail::r1::deallocate_memory(void*)'
/usr/bin/ld: CMakeFiles/geogram.dir/mesh/mesh_repair.cpp.o: in function `__pstl::__tbb_backend::__func_task<__pstl::__tbb_backend::__stable_sort_func<__gnu_cxx::__normal_iterator<unsigned int*, std::vector<unsigned int, GEO::Memory::aligned_allocator<unsigned int, 64> > >, unsigned int*, (anonymous namespace)::CompareFacets, __pstl::__internal::__pattern_sort<__pstl::execution::v1::parallel_policy const&, __gnu_cxx::__normal_iterator<unsigned int*, std::vector<unsigned int, GEO::Memory::aligned_allocator<unsigned int, 64> > >, (anonymous namespace)::CompareFacets, std::integral_constant<bool, false> >(__pstl::execution::v1::parallel_policy const&, __gnu_cxx::__normal_iterator<unsigned int*, std::vector<unsigned int, GEO::Memory::aligned_allocator<unsigned int, 64> > >, __gnu_cxx::__normal_iterator<unsigned int*, std::vector<unsigned int, GEO::Memory::aligned_allocator<unsigned int, 64> > >, (anonymous namespace)::CompareFacets, std::integral_constant<bool, false>, std::integral_constant<bool, true>, std::integral_constant<bool, true>)::{lambda()#1}::operator()() const::{lambda(__gnu_cxx::__normal_iterator<unsigned int*, std::vector<unsigned int, GEO::Memory::aligned_allocator<unsigned int, 64> > >, __gnu_cxx::__normal_iterator<unsigned int*, std::vector<unsigned int, GEO::Memory::aligned_allocator<unsigned int, 64> > >, (anonymous namespace)::CompareFacets)#1}> >::execute(tbb::detail::d1::execution_data&)':
mesh_repair.cpp:(.text+0x4233): undefined reference to `tbb::detail::r1::allocate(tbb::detail::d1::small_object_pool*&, unsigned long, tbb::detail::d1::execution_data const&)'
/usr/bin/ld: mesh_repair.cpp:(.text+0x434e): undefined reference to `tbb::detail::r1::allocate(tbb::detail::d1::small_object_pool*&, unsigned long, tbb::detail::d1::execution_data const&)'
/usr/bin/ld: mesh_repair.cpp:(.text+0x43cd): undefined reference to `tbb::detail::r1::spawn(tbb::detail::d1::task&, tbb::detail::d1::task_group_context&)'
/usr/bin/ld: mesh_repair.cpp:(.text+0x45b2): undefined reference to `tbb::detail::r1::deallocate(tbb::detail::d1::small_object_pool&, void*, unsigned long, tbb::detail::d1::execution_data const&)'
/usr/bin/ld: CMakeFiles/geogram.dir/mesh/mesh_repair.cpp.o: in function `__pstl::__tbb_backend::__merge_func<__gnu_cxx::__normal_iterator<unsigned int*, std::vector<unsigned int, GEO::Memory::aligned_allocator<unsigned int, 64> > >, unsigned int*, (anonymous namespace)::CompareFacets, __pstl::__utils::__serial_destroy, __pstl::__utils::__serial_move_merge>::merge_ranges(__pstl::__tbb_backend::__task*)':
mesh_repair.cpp:(.text+0x4da5): undefined reference to `tbb::detail::r1::initialize(tbb::detail::d1::task_group_context&)'
/usr/bin/ld: mesh_repair.cpp:(.text+0x4dc3): undefined reference to `tbb::detail::r1::allocate(tbb::detail::d1::small_object_pool*&, unsigned long)'
/usr/bin/ld: mesh_repair.cpp:(.text+0x4e1b): undefined reference to `tbb::detail::r1::max_concurrency(tbb::detail::d1::task_arena_base const*)'
/usr/bin/ld: mesh_repair.cpp:(.text+0x4e9c): undefined reference to `tbb::detail::r1::execute_and_wait(tbb::detail::d1::task&, tbb::detail::d1::task_group_context&, tbb::detail::d1::wait_context&, tbb::detail::d1::task_group_context&)'
/usr/bin/ld: mesh_repair.cpp:(.text+0x4ea4): undefined reference to `tbb::detail::r1::destroy(tbb::detail::d1::task_group_context&)'
/usr/bin/ld: mesh_repair.cpp:(.text+0x506a): undefined reference to `tbb::detail::r1::initialize(tbb::detail::d1::task_group_context&)'
/usr/bin/ld: mesh_repair.cpp:(.text+0x5088): undefined reference to `tbb::detail::r1::allocate(tbb::detail::d1::small_object_pool*&, unsigned long)'
/usr/bin/ld: mesh_repair.cpp:(.text+0x50dc): undefined reference to `tbb::detail::r1::max_concurrency(tbb::detail::d1::task_arena_base const*)'
/usr/bin/ld: mesh_repair.cpp:(.text+0x5153): undefined reference to `tbb::detail::r1::execute_and_wait(tbb::detail::d1::task&, tbb::detail::d1::task_group_context&, tbb::detail::d1::wait_context&, tbb::detail::d1::task_group_context&)'
/usr/bin/ld: mesh_repair.cpp:(.text+0x515b): undefined reference to `tbb::detail::r1::destroy(tbb::detail::d1::task_group_context&)'
/usr/bin/ld: mesh_repair.cpp:(.text+0x51a0): undefined reference to `tbb::detail::r1::initialize(tbb::detail::d1::task_group_context&)'
/usr/bin/ld: mesh_repair.cpp:(.text+0x51be): undefined reference to `tbb::detail::r1::allocate(tbb::detail::d1::small_object_pool*&, unsigned long)'
/usr/bin/ld: mesh_repair.cpp:(.text+0x520f): undefined reference to `tbb::detail::r1::max_concurrency(tbb::detail::d1::task_arena_base const*)'
/usr/bin/ld: mesh_repair.cpp:(.text+0x5286): undefined reference to `tbb::detail::r1::execute_and_wait(tbb::detail::d1::task&, tbb::detail::d1::task_group_context&, tbb::detail::d1::wait_context&, tbb::detail::d1::task_group_context&)'
/usr/bin/ld: mesh_repair.cpp:(.text+0x528e): undefined reference to `tbb::detail::r1::destroy(tbb::detail::d1::task_group_context&)'
/usr/bin/ld: mesh_repair.cpp:(.text+0x5345): undefined reference to `tbb::detail::r1::allocate(tbb::detail::d1::small_object_pool*&, unsigned long, tbb::detail::d1::execution_data const&)'
/usr/bin/ld: mesh_repair.cpp:(.text+0x5401): undefined reference to `tbb::detail::r1::spawn(tbb::detail::d1::task&, tbb::detail::d1::task_group_context&)'
/usr/bin/ld: mesh_repair.cpp:(.text+0x5733): undefined reference to `tbb::detail::r1::initialize(tbb::detail::d1::task_group_context&)'
/usr/bin/ld: mesh_repair.cpp:(.text+0x5751): undefined reference to `tbb::detail::r1::allocate(tbb::detail::d1::small_object_pool*&, unsigned long)'
/usr/bin/ld: mesh_repair.cpp:(.text+0x57a8): undefined reference to `tbb::detail::r1::max_concurrency(tbb::detail::d1::task_arena_base const*)'
/usr/bin/ld: mesh_repair.cpp:(.text+0x5822): undefined reference to `tbb::detail::r1::execute_and_wait(tbb::detail::d1::task&, tbb::detail::d1::task_group_context&, tbb::detail::d1::wait_context&, tbb::detail::d1::task_group_context&)'
/usr/bin/ld: mesh_repair.cpp:(.text+0x582a): undefined reference to `tbb::detail::r1::destroy(tbb::detail::d1::task_group_context&)'
/usr/bin/ld: mesh_repair.cpp:(.text+0x5c2c): undefined reference to `tbb::detail::r1::initialize(tbb::detail::d1::task_group_context&)'
/usr/bin/ld: mesh_repair.cpp:(.text+0x5c4a): undefined reference to `tbb::detail::r1::allocate(tbb::detail::d1::small_object_pool*&, unsigned long)'
/usr/bin/ld: mesh_repair.cpp:(.text+0x5ca9): undefined reference to `tbb::detail::r1::max_concurrency(tbb::detail::d1::task_arena_base const*)'
/usr/bin/ld: mesh_repair.cpp:(.text+0x5d2a): undefined reference to `tbb::detail::r1::execute_and_wait(tbb::detail::d1::task&, tbb::detail::d1::task_group_context&, tbb::detail::d1::wait_context&, tbb::detail::d1::task_group_context&)'
/usr/bin/ld: mesh_repair.cpp:(.text+0x5d32): undefined reference to `tbb::detail::r1::destroy(tbb::detail::d1::task_group_context&)'
/usr/bin/ld: mesh_repair.cpp:(.text+0x5d7c): undefined reference to `tbb::detail::r1::initialize(tbb::detail::d1::task_group_context&)'
/usr/bin/ld: mesh_repair.cpp:(.text+0x5d9a): undefined reference to `tbb::detail::r1::allocate(tbb::detail::d1::small_object_pool*&, unsigned long)'
/usr/bin/ld: mesh_repair.cpp:(.text+0x5df6): undefined reference to `tbb::detail::r1::max_concurrency(tbb::detail::d1::task_arena_base const*)'
/usr/bin/ld: mesh_repair.cpp:(.text+0x5e77): undefined reference to `tbb::detail::r1::execute_and_wait(tbb::detail::d1::task&, tbb::detail::d1::task_group_context&, tbb::detail::d1::wait_context&, tbb::detail::d1::task_group_context&)'
/usr/bin/ld: mesh_repair.cpp:(.text+0x5e7f): undefined reference to `tbb::detail::r1::destroy(tbb::detail::d1::task_group_context&)'
/usr/bin/ld: mesh_repair.cpp:(.text+0x5ec4): undefined reference to `tbb::detail::r1::initialize(tbb::detail::d1::task_group_context&)'
/usr/bin/ld: mesh_repair.cpp:(.text+0x5ee2): undefined reference to `tbb::detail::r1::allocate(tbb::detail::d1::small_object_pool*&, unsigned long)'
/usr/bin/ld: mesh_repair.cpp:(.text+0x5f3b): undefined reference to `tbb::detail::r1::max_concurrency(tbb::detail::d1::task_arena_base const*)'
/usr/bin/ld: mesh_repair.cpp:(.text+0x5fb9): undefined reference to `tbb::detail::r1::execute_and_wait(tbb::detail::d1::task&, tbb::detail::d1::task_group_context&, tbb::detail::d1::wait_context&, tbb::detail::d1::task_group_context&)'
/usr/bin/ld: mesh_repair.cpp:(.text+0x5fc4): undefined reference to `tbb::detail::r1::destroy(tbb::detail::d1::task_group_context&)'
/usr/bin/ld: mesh_repair.cpp:(.text+0x6007): undefined reference to `tbb::detail::r1::initialize(tbb::detail::d1::task_group_context&)'
/usr/bin/ld: mesh_repair.cpp:(.text+0x6025): undefined reference to `tbb::detail::r1::allocate(tbb::detail::d1::small_object_pool*&, unsigned long)'
/usr/bin/ld: mesh_repair.cpp:(.text+0x607c): undefined reference to `tbb::detail::r1::max_concurrency(tbb::detail::d1::task_arena_base const*)'
/usr/bin/ld: mesh_repair.cpp:(.text+0x60f6): undefined reference to `tbb::detail::r1::execute_and_wait(tbb::detail::d1::task&, tbb::detail::d1::task_group_context&, tbb::detail::d1::wait_context&, tbb::detail::d1::task_group_context&)'
/usr/bin/ld: mesh_repair.cpp:(.text+0x60fe): undefined reference to `tbb::detail::r1::destroy(tbb::detail::d1::task_group_context&)'
/usr/bin/ld: mesh_repair.cpp:(.text+0x6167): undefined reference to `tbb::detail::r1::initialize(tbb::detail::d1::task_group_context&)'
/usr/bin/ld: mesh_repair.cpp:(.text+0x6185): undefined reference to `tbb::detail::r1::allocate(tbb::detail::d1::small_object_pool*&, unsigned long)'
/usr/bin/ld: mesh_repair.cpp:(.text+0x61dc): undefined reference to `tbb::detail::r1::max_concurrency(tbb::detail::d1::task_arena_base const*)'
/usr/bin/ld: mesh_repair.cpp:(.text+0x6256): undefined reference to `tbb::detail::r1::execute_and_wait(tbb::detail::d1::task&, tbb::detail::d1::task_group_context&, tbb::detail::d1::wait_context&, tbb::detail::d1::task_group_context&)'
/usr/bin/ld: mesh_repair.cpp:(.text+0x625e): undefined reference to `tbb::detail::r1::destroy(tbb::detail::d1::task_group_context&)'
/usr/bin/ld: mesh_repair.cpp:(.text+0x62a1): undefined reference to `tbb::detail::r1::initialize(tbb::detail::d1::task_group_context&)'
/usr/bin/ld: mesh_repair.cpp:(.text+0x62bf): undefined reference to `tbb::detail::r1::allocate(tbb::detail::d1::small_object_pool*&, unsigned long)'
/usr/bin/ld: mesh_repair.cpp:(.text+0x6319): undefined reference to `tbb::detail::r1::max_concurrency(tbb::detail::d1::task_arena_base const*)'
/usr/bin/ld: mesh_repair.cpp:(.text+0x6395): undefined reference to `tbb::detail::r1::execute_and_wait(tbb::detail::d1::task&, tbb::detail::d1::task_group_context&, tbb::detail::d1::wait_context&, tbb::detail::d1::task_group_context&)'
/usr/bin/ld: mesh_repair.cpp:(.text+0x63a0): undefined reference to `tbb::detail::r1::destroy(tbb::detail::d1::task_group_context&)'
/usr/bin/ld: mesh_repair.cpp:(.text+0x63e3): undefined reference to `tbb::detail::r1::initialize(tbb::detail::d1::task_group_context&)'
/usr/bin/ld: mesh_repair.cpp:(.text+0x6401): undefined reference to `tbb::detail::r1::allocate(tbb::detail::d1::small_object_pool*&, unsigned long)'
/usr/bin/ld: mesh_repair.cpp:(.text+0x645b): undefined reference to `tbb::detail::r1::max_concurrency(tbb::detail::d1::task_arena_base const*)'
/usr/bin/ld: mesh_repair.cpp:(.text+0x64d7): undefined reference to `tbb::detail::r1::execute_and_wait(tbb::detail::d1::task&, tbb::detail::d1::task_group_context&, tbb::detail::d1::wait_context&, tbb::detail::d1::task_group_context&)'
/usr/bin/ld: mesh_repair.cpp:(.text+0x64e4): undefined reference to `tbb::detail::r1::destroy(tbb::detail::d1::task_group_context&)'
/usr/bin/ld: mesh_repair.cpp:(.text+0x6527): undefined reference to `tbb::detail::r1::initialize(tbb::detail::d1::task_group_context&)'
/usr/bin/ld: mesh_repair.cpp:(.text+0x6545): undefined reference to `tbb::detail::r1::allocate(tbb::detail::d1::small_object_pool*&, unsigned long)'
/usr/bin/ld: mesh_repair.cpp:(.text+0x659c): undefined reference to `tbb::detail::r1::max_concurrency(tbb::detail::d1::task_arena_base const*)'
/usr/bin/ld: mesh_repair.cpp:(.text+0x6618): undefined reference to `tbb::detail::r1::execute_and_wait(tbb::detail::d1::task&, tbb::detail::d1::task_group_context&, tbb::detail::d1::wait_context&, tbb::detail::d1::task_group_context&)'
/usr/bin/ld: mesh_repair.cpp:(.text+0x6620): undefined reference to `tbb::detail::r1::destroy(tbb::detail::d1::task_group_context&)'
/usr/bin/ld: CMakeFiles/geogram.dir/mesh/mesh_repair.cpp.o: in function `__pstl::__tbb_backend::__func_task<__pstl::__tbb_backend::__merge_func<__gnu_cxx::__normal_iterator<unsigned int*, std::vector<unsigned int, GEO::Memory::aligned_allocator<unsigned int, 64> > >, unsigned int*, (anonymous namespace)::CompareFacets, __pstl::__utils::__serial_destroy, __pstl::__utils::__serial_move_merge> >::execute(tbb::detail::d1::execution_data&)':
mesh_repair.cpp:(.text+0x70dc): undefined reference to `tbb::detail::r1::deallocate(tbb::detail::d1::small_object_pool&, void*, unsigned long, tbb::detail::d1::execution_data const&)'
/usr/bin/ld: CMakeFiles/geogram.dir/mesh/mesh_repair.cpp.o: in function `(anonymous namespace)::detect_bad_facets(GEO::Mesh&, bool, GEO::vector<unsigned int>&, GEO::vector<unsigned int>*, GEO::vector<unsigned int>*, bool)':
mesh_repair.cpp:(.text+0x8315): undefined reference to `tbb::detail::r1::isolate_within_arena(tbb::detail::d1::delegate_base&, long)'
/usr/bin/ld: CMakeFiles/geogram.dir/mesh/mesh_repair.cpp.o: in function `__pstl::__tbb_backend::__merge_func<__gnu_cxx::__normal_iterator<unsigned int*, std::vector<unsigned int, GEO::Memory::aligned_allocator<unsigned int, 64> > >, unsigned int*, (anonymous namespace)::CompareFacets, __pstl::__utils::__serial_destroy, __pstl::__utils::__serial_move_merge>::move_x_range() [clone .cold]':
mesh_repair.cpp:(.text.unlikely+0x7c): undefined reference to `tbb::detail::r1::destroy(tbb::detail::d1::task_group_context&)'
/usr/bin/ld: mesh_repair.cpp:(.text.unlikely+0x8c): undefined reference to `tbb::detail::r1::destroy(tbb::detail::d1::task_group_context&)'
/usr/bin/ld: mesh_repair.cpp:(.text.unlikely+0x9c): undefined reference to `tbb::detail::r1::destroy(tbb::detail::d1::task_group_context&)'
/usr/bin/ld: CMakeFiles/geogram.dir/mesh/mesh_repair.cpp.o: in function `__pstl::__tbb_backend::__merge_func<__gnu_cxx::__normal_iterator<unsigned int*, std::vector<unsigned int, GEO::Memory::aligned_allocator<unsigned int, 64> > >, unsigned int*, (anonymous namespace)::CompareFacets, __pstl::__utils::__serial_destroy, __pstl::__utils::__serial_move_merge>::move_y_range() [clone .cold]':
mesh_repair.cpp:(.text.unlikely+0xac): undefined reference to `tbb::detail::r1::destroy(tbb::detail::d1::task_group_context&)'
/usr/bin/ld: mesh_repair.cpp:(.text.unlikely+0xbc): undefined reference to `tbb::detail::r1::destroy(tbb::detail::d1::task_group_context&)'
/usr/bin/ld: CMakeFiles/geogram.dir/mesh/mesh_repair.cpp.o:mesh_repair.cpp:(.text.unlikely+0xcc): more undefined references to `tbb::detail::r1::destroy(tbb::detail::d1::task_group_context&)' follow
/usr/bin/ld: CMakeFiles/geogram.dir/mesh/mesh_repair.cpp.o: in function `__pstl::__tbb_backend::__parallel_stable_sort<__pstl::execution::v1::parallel_policy const&, __gnu_cxx::__normal_iterator<unsigned int*, std::vector<unsigned int, GEO::Memory::aligned_allocator<unsigned int, 64> > >, (anonymous namespace)::CompareFacets, __pstl::__internal::__pattern_sort<__pstl::execution::v1::parallel_policy const&, __gnu_cxx::__normal_iterator<unsigned int*, std::vector<unsigned int, GEO::Memory::aligned_allocator<unsigned int, 64> > >, (anonymous namespace)::CompareFacets, std::integral_constant<bool, false> >(__pstl::execution::v1::parallel_policy const&, __gnu_cxx::__normal_iterator<unsigned int*, std::vector<unsigned int, GEO::Memory::aligned_allocator<unsigned int, 64> > >, __gnu_cxx::__normal_iterator<unsigned int*, std::vector<unsigned int, GEO::Memory::aligned_allocator<unsigned int, 64> > >, (anonymous namespace)::CompareFacets, std::integral_constant<bool, false>, std::integral_constant<bool, true>, std::integral_constant<bool, true>)::{lambda()#1}::operator()() const::{lambda(__gnu_cxx::__normal_iterator<unsigned int*, std::vector<unsigned int, GEO::Memory::aligned_allocator<unsigned int, 64> > >, __gnu_cxx::__normal_iterator<unsigned int*, std::vector<unsigned int, GEO::Memory::aligned_allocator<unsigned int, 64> > >, (anonymous namespace)::CompareFacets)#1}>(__pstl::execution::v1::parallel_policy const&, __gnu_cxx::__normal_iterator<unsigned int*, std::vector<unsigned int, GEO::Memory::aligned_allocator<unsigned int, 64> > >, __gnu_cxx::__normal_iterator<unsigned int*, std::vector<unsigned int, GEO::Memory::aligned_allocator<unsigned int, 64> > >, (anonymous namespace)::CompareFacets, __pstl::__internal::__pattern_sort<__pstl::execution::v1::parallel_policy const&, __gnu_cxx::__normal_iterator<unsigned int*, std::vector<unsigned int, GEO::Memory::aligned_allocator<unsigned int, 64> > >, (anonymous namespace)::CompareFacets, std::integral_constant<bool, false> >(__pstl::execution::v1::parallel_policy const&, __gnu_cxx::__normal_iterator<unsigned int*, std::vector<unsigned int, GEO::Memory::aligned_allocator<unsigned int, 64> > >, __gnu_cxx::__normal_iterator<unsigned int*, std::vector<unsigned int, GEO::Memory::aligned_allocator<unsigned int, 64> > >, (anonymous namespace)::CompareFacets, std::integral_constant<bool, false>, std::integral_constant<bool, true>, std::integral_constant<bool, true>)::{lambda()#1}::operator()() const::{lambda(__gnu_cxx::__normal_iterator<unsigned int*, std::vector<unsigned int, GEO::Memory::aligned_allocator<unsigned int, 64> > >, __gnu_cxx::__normal_iterator<unsigned int*, std::vector<unsigned int, GEO::Memory::aligned_allocator<unsigned int, 64> > >, (anonymous namespace)::CompareFacets)#1}, unsigned long)::{lambda()#1}::operator()() const [clone .cold]':
mesh_repair.cpp:(.text.unlikely+0xe4): undefined reference to `tbb::detail::r1::deallocate_memory(void*)'
/usr/bin/ld: mesh_repair.cpp:(.text.unlikely+0xf9): undefined reference to `tbb::detail::r1::destroy(tbb::detail::d1::task_group_context&)'
/usr/bin/ld: CMakeFiles/geogram.dir/mesh/mesh_repair.cpp.o: in function `__pstl::__tbb_backend::__merge_func<__gnu_cxx::__normal_iterator<unsigned int*, std::vector<unsigned int, GEO::Memory::aligned_allocator<unsigned int, 64> > >, unsigned int*, (anonymous namespace)::CompareFacets, __pstl::__utils::__serial_destroy, __pstl::__utils::__serial_move_merge>::merge_ranges(__pstl::__tbb_backend::__task*) [clone .cold]':
mesh_repair.cpp:(.text.unlikely+0x105): undefined reference to `tbb::detail::r1::destroy(tbb::detail::d1::task_group_context&)'
/usr/bin/ld: mesh_repair.cpp:(.text.unlikely+0x116): undefined reference to `tbb::detail::r1::destroy(tbb::detail::d1::task_group_context&)'
/usr/bin/ld: mesh_repair.cpp:(.text.unlikely+0x127): undefined reference to `tbb::detail::r1::destroy(tbb::detail::d1::task_group_context&)'
/usr/bin/ld: mesh_repair.cpp:(.text.unlikely+0x138): undefined reference to `tbb::detail::r1::destroy(tbb::detail::d1::task_group_context&)'
/usr/bin/ld: CMakeFiles/geogram.dir/mesh/mesh_repair.cpp.o:mesh_repair.cpp:(.text.unlikely+0x149): more undefined references to `tbb::detail::r1::destroy(tbb::detail::d1::task_group_context&)' follow
/usr/bin/ld: CMakeFiles/geogram.dir/mesh/mesh_surface_intersection.cpp.o: in function `__gnu_cxx::__normal_iterator<unsigned int*, std::vector<unsigned int, GEO::Memory::aligned_allocator<unsigned int, 64> > > __pstl::__tbb_backend::__merge_func<__gnu_cxx::__normal_iterator<unsigned int*, std::vector<unsigned int, GEO::Memory::aligned_allocator<unsigned int, 64> > >, unsigned int*, GEO::MeshSurfaceIntersection::RadialBundles::initialize()::{lambda(unsigned int, unsigned int)#1}, __pstl::__utils::__serial_destroy, __pstl::__utils::__serial_move_merge>::__move_range::operator()<unsigned int*, __gnu_cxx::__normal_iterator<unsigned int*, std::vector<unsigned int, GEO::Memory::aligned_allocator<unsigned int, 64> > > >(unsigned int*, unsigned int*, __gnu_cxx::__normal_iterator<unsigned int*, std::vector<unsigned int, GEO::Memory::aligned_allocator<unsigned int, 64> > >) [clone .constprop.0]':
mesh_surface_intersection.cpp:(.text+0xa12): undefined reference to `tbb::detail::r1::initialize(tbb::detail::d1::task_group_context&)'
/usr/bin/ld: mesh_surface_intersection.cpp:(.text+0xa2a): undefined reference to `tbb::detail::r1::allocate(tbb::detail::d1::small_object_pool*&, unsigned long)'
/usr/bin/ld: mesh_surface_intersection.cpp:(.text+0xa89): undefined reference to `tbb::detail::r1::max_concurrency(tbb::detail::d1::task_arena_base const*)'
/usr/bin/ld: mesh_surface_intersection.cpp:(.text+0xaf8): undefined reference to `tbb::detail::r1::execute_and_wait(tbb::detail::d1::task&, tbb::detail::d1::task_group_context&, tbb::detail::d1::wait_context&, tbb::detail::d1::task_group_context&)'
/usr/bin/ld: mesh_surface_intersection.cpp:(.text+0xb00): undefined reference to `tbb::detail::r1::destroy(tbb::detail::d1::task_group_context&)'
/usr/bin/ld: CMakeFiles/geogram.dir/mesh/mesh_surface_intersection.cpp.o: in function `unsigned int* __pstl::__tbb_backend::__merge_func<__gnu_cxx::__normal_iterator<unsigned int*, std::vector<unsigned int, GEO::Memory::aligned_allocator<unsigned int, 64> > >, unsigned int*, GEO::MeshSurfaceIntersection::RadialBundles::initialize()::{lambda(unsigned int, unsigned int)#1}, __pstl::__utils::__serial_destroy, __pstl::__utils::__serial_move_merge>::__move_range_construct::operator()<__gnu_cxx::__normal_iterator<unsigned int*, std::vector<unsigned int, GEO::Memory::aligned_allocator<unsigned int, 64> > >, unsigned int*>(__gnu_cxx::__normal_iterator<unsigned int*, std::vector<unsigned int, GEO::Memory::aligned_allocator<unsigned int, 64> > >, __gnu_cxx::__normal_iterator<unsigned int*, std::vector<unsigned int, GEO::Memory::aligned_allocator<unsigned int, 64> > >, unsigned int*) [clone .constprop.0]':
mesh_surface_intersection.cpp:(.text+0xc4a): undefined reference to `tbb::detail::r1::initialize(tbb::detail::d1::task_group_context&)'
/usr/bin/ld: mesh_surface_intersection.cpp:(.text+0xc62): undefined reference to `tbb::detail::r1::allocate(tbb::detail::d1::small_object_pool*&, unsigned long)'
/usr/bin/ld: mesh_surface_intersection.cpp:(.text+0xcc1): undefined reference to `tbb::detail::r1::max_concurrency(tbb::detail::d1::task_arena_base const*)'
/usr/bin/ld: mesh_surface_intersection.cpp:(.text+0xd30): undefined reference to `tbb::detail::r1::execute_and_wait(tbb::detail::d1::task&, tbb::detail::d1::task_group_context&, tbb::detail::d1::wait_context&, tbb::detail::d1::task_group_context&)'
/usr/bin/ld: mesh_surface_intersection.cpp:(.text+0xd38): undefined reference to `tbb::detail::r1::destroy(tbb::detail::d1::task_group_context&)'
/usr/bin/ld: CMakeFiles/geogram.dir/mesh/mesh_surface_intersection.cpp.o: in function `__gnu_cxx::__normal_iterator<GEO::IsectInfo*, std::vector<GEO::IsectInfo, GEO::Memory::aligned_allocator<GEO::IsectInfo, 64> > > __pstl::__tbb_backend::__merge_func<__gnu_cxx::__normal_iterator<GEO::IsectInfo*, std::vector<GEO::IsectInfo, GEO::Memory::aligned_allocator<GEO::IsectInfo, 64> > >, GEO::IsectInfo*, GEO::MeshSurfaceIntersection::intersect_remesh_intersections(GEO::vector<GEO::IsectInfo>&)::{lambda(GEO::IsectInfo const&, GEO::IsectInfo const&)#1}, __pstl::__utils::__serial_destroy, __pstl::__utils::__serial_move_merge>::__move_range::operator()<GEO::IsectInfo*, __gnu_cxx::__normal_iterator<GEO::IsectInfo*, std::vector<GEO::IsectInfo, GEO::Memory::aligned_allocator<GEO::IsectInfo, 64> > > >(GEO::IsectInfo*, GEO::IsectInfo*, __gnu_cxx::__normal_iterator<GEO::IsectInfo*, std::vector<GEO::IsectInfo, GEO::Memory::aligned_allocator<GEO::IsectInfo, 64> > >) [clone .constprop.0]':
mesh_surface_intersection.cpp:(.text+0xe22): undefined reference to `tbb::detail::r1::initialize(tbb::detail::d1::task_group_context&)'
/usr/bin/ld: mesh_surface_intersection.cpp:(.text+0xe3a): undefined reference to `tbb::detail::r1::allocate(tbb::detail::d1::small_object_pool*&, unsigned long)'
/usr/bin/ld: mesh_surface_intersection.cpp:(.text+0xea7): undefined reference to `tbb::detail::r1::max_concurrency(tbb::detail::d1::task_arena_base const*)'
/usr/bin/ld: mesh_surface_intersection.cpp:(.text+0xf16): undefined reference to `tbb::detail::r1::execute_and_wait(tbb::detail::d1::task&, tbb::detail::d1::task_group_context&, tbb::detail::d1::wait_context&, tbb::detail::d1::task_group_context&)'
/usr/bin/ld: mesh_surface_intersection.cpp:(.text+0xf1e): undefined reference to `tbb::detail::r1::destroy(tbb::detail::d1::task_group_context&)'
/usr/bin/ld: CMakeFiles/geogram.dir/mesh/mesh_surface_intersection.cpp.o: in function `GEO::IsectInfo* __pstl::__tbb_backend::__merge_func<__gnu_cxx::__normal_iterator<GEO::IsectInfo*, std::vector<GEO::IsectInfo, GEO::Memory::aligned_allocator<GEO::IsectInfo, 64> > >, GEO::IsectInfo*, GEO::MeshSurfaceIntersection::intersect_remesh_intersections(GEO::vector<GEO::IsectInfo>&)::{lambda(GEO::IsectInfo const&, GEO::IsectInfo const&)#1}, __pstl::__utils::__serial_destroy, __pstl::__utils::__serial_move_merge>::__move_range_construct::operator()<__gnu_cxx::__normal_iterator<GEO::IsectInfo*, std::vector<GEO::IsectInfo, GEO::Memory::aligned_allocator<GEO::IsectInfo, 64> > >, GEO::IsectInfo*>(__gnu_cxx::__normal_iterator<GEO::IsectInfo*, std::vector<GEO::IsectInfo, GEO::Memory::aligned_allocator<GEO::IsectInfo, 64> > >, __gnu_cxx::__normal_iterator<GEO::IsectInfo*, std::vector<GEO::IsectInfo, GEO::Memory::aligned_allocator<GEO::IsectInfo, 64> > >, GEO::IsectInfo*) [clone .constprop.0]':
mesh_surface_intersection.cpp:(.text+0x100a): undefined reference to `tbb::detail::r1::initialize(tbb::detail::d1::task_group_context&)'
/usr/bin/ld: mesh_surface_intersection.cpp:(.text+0x1022): undefined reference to `tbb::detail::r1::allocate(tbb::detail::d1::small_object_pool*&, unsigned long)'
/usr/bin/ld: mesh_surface_intersection.cpp:(.text+0x108f): undefined reference to `tbb::detail::r1::max_concurrency(tbb::detail::d1::task_arena_base const*)'
/usr/bin/ld: mesh_surface_intersection.cpp:(.text+0x10fe): undefined reference to `tbb::detail::r1::execute_and_wait(tbb::detail::d1::task&, tbb::detail::d1::task_group_context&, tbb::detail::d1::wait_context&, tbb::detail::d1::task_group_context&)'
/usr/bin/ld: mesh_surface_intersection.cpp:(.text+0x1106): undefined reference to `tbb::detail::r1::destroy(tbb::detail::d1::task_group_context&)'
/usr/bin/ld: CMakeFiles/geogram.dir/mesh/mesh_surface_intersection.cpp.o: in function `__pstl::__tbb_backend::__func_task<__pstl::__tbb_backend::__stable_sort_func<__gnu_cxx::__normal_iterator<GEO::IsectInfo*, std::vector<GEO::IsectInfo, GEO::Memory::aligned_allocator<GEO::IsectInfo, 64> > >, GEO::IsectInfo*, GEO::MeshSurfaceIntersection::intersect_remesh_intersections(GEO::vector<GEO::IsectInfo>&)::{lambda(GEO::IsectInfo const&, GEO::IsectInfo const&)#1}, __pstl::__internal::__pattern_sort<__pstl::execution::v1::parallel_policy const&, __gnu_cxx::__normal_iterator<GEO::IsectInfo*, std::vector<GEO::IsectInfo, GEO::Memory::aligned_allocator<GEO::IsectInfo, 64> > >, GEO::MeshSurfaceIntersection::intersect_remesh_intersections(GEO::vector<GEO::IsectInfo>&)::{lambda(GEO::IsectInfo const&, GEO::IsectInfo const&)#1}, std::integral_constant<bool, false> >(__pstl::execution::v1::parallel_policy const&, __gnu_cxx::__normal_iterator<GEO::IsectInfo*, std::vector<GEO::IsectInfo, GEO::Memory::aligned_allocator<GEO::IsectInfo, 64> > >, __gnu_cxx::__normal_iterator<GEO::IsectInfo*, std::vector<GEO::IsectInfo, GEO::Memory::aligned_allocator<GEO::IsectInfo, 64> > >, GEO::MeshSurfaceIntersection::intersect_remesh_intersections(GEO::vector<GEO::IsectInfo>&)::{lambda(GEO::IsectInfo const&, GEO::IsectInfo const&)#1}, std::integral_constant<bool, false>, std::integral_constant<bool, true>, std::integral_constant<bool, true>)::{lambda()#1}::operator()() const::{lambda(__gnu_cxx::__normal_iterator<GEO::IsectInfo*, std::vector<GEO::IsectInfo, GEO::Memory::aligned_allocator<GEO::IsectInfo, 64> > >, __gnu_cxx::__normal_iterator<GEO::IsectInfo*, std::vector<GEO::IsectInfo, GEO::Memory::aligned_allocator<GEO::IsectInfo, 64> > >, GEO::MeshSurfaceIntersection::intersect_remesh_intersections(GEO::vector<GEO::IsectInfo>&)::{lambda(GEO::IsectInfo const&, GEO::IsectInfo const&)#1})#1}> >::cancel(tbb::detail::d1::execution_data&)':
mesh_surface_intersection.cpp:(.text+0x1c8d): undefined reference to `tbb::detail::r1::deallocate(tbb::detail::d1::small_object_pool&, void*, unsigned long, tbb::detail::d1::execution_data const&)'
/usr/bin/ld: CMakeFiles/geogram.dir/mesh/mesh_surface_intersection.cpp.o: in function `__pstl::__tbb_backend::__func_task<__pstl::__tbb_backend::__merge_func<__gnu_cxx::__normal_iterator<unsigned int*, std::vector<unsigned int, GEO::Memory::aligned_allocator<unsigned int, 64> > >, unsigned int*, GEO::MeshSurfaceIntersection::RadialBundles::initialize()::{lambda(unsigned int, unsigned int)#1}, __pstl::__utils::__serial_destroy, __pstl::__utils::__serial_move_merge> >::cancel(tbb::detail::d1::execution_data&)':
mesh_surface_intersection.cpp:(.text+0x1cdd): undefined reference to `tbb::detail::r1::deallocate(tbb::detail::d1::small_object_pool&, void*, unsigned long, tbb::detail::d1::execution_data const&)'
/usr/bin/ld: CMakeFiles/geogram.dir/mesh/mesh_surface_intersection.cpp.o: in function `__pstl::__tbb_backend::__func_task<__pstl::__tbb_backend::__merge_func<__gnu_cxx::__normal_iterator<GEO::IsectInfo*, std::vector<GEO::IsectInfo, GEO::Memory::aligned_allocator<GEO::IsectInfo, 64> > >, GEO::IsectInfo*, GEO::MeshSurfaceIntersection::intersect_remesh_intersections(GEO::vector<GEO::IsectInfo>&)::{lambda(GEO::IsectInfo const&, GEO::IsectInfo const&)#1}, __pstl::__utils::__serial_destroy, __pstl::__utils::__serial_move_merge> >::cancel(tbb::detail::d1::execution_data&)':
mesh_surface_intersection.cpp:(.text+0x1d2d): undefined reference to `tbb::detail::r1::deallocate(tbb::detail::d1::small_object_pool&, void*, unsigned long, tbb::detail::d1::execution_data const&)'
/usr/bin/ld: CMakeFiles/geogram.dir/mesh/mesh_surface_intersection.cpp.o: in function `__pstl::__tbb_backend::__func_task<__pstl::__tbb_backend::__stable_sort_func<__gnu_cxx::__normal_iterator<unsigned int*, std::vector<unsigned int, GEO::Memory::aligned_allocator<unsigned int, 64> > >, unsigned int*, GEO::MeshSurfaceIntersection::RadialBundles::initialize()::{lambda(unsigned int, unsigned int)#1}, __pstl::__internal::__pattern_sort<__pstl::execution::v1::parallel_policy const&, __gnu_cxx::__normal_iterator<unsigned int*, std::vector<unsigned int, GEO::Memory::aligned_allocator<unsigned int, 64> > >, GEO::MeshSurfaceIntersection::RadialBundles::initialize()::{lambda(unsigned int, unsigned int)#1}, std::integral_constant<bool, false> >(__pstl::execution::v1::parallel_policy const&, __gnu_cxx::__normal_iterator<unsigned int*, std::vector<unsigned int, GEO::Memory::aligned_allocator<unsigned int, 64> > >, __gnu_cxx::__normal_iterator<unsigned int*, std::vector<unsigned int, GEO::Memory::aligned_allocator<unsigned int, 64> > >, GEO::MeshSurfaceIntersection::RadialBundles::initialize()::{lambda(unsigned int, unsigned int)#1}, std::integral_constant<bool, false>, std::integral_constant<bool, true>, std::integral_constant<bool, true>)::{lambda()#1}::operator()() const::{lambda(__gnu_cxx::__normal_iterator<unsigned int*, std::vector<unsigned int, GEO::Memory::aligned_allocator<unsigned int, 64> > >, __gnu_cxx::__normal_iterator<unsigned int*, std::vector<unsigned int, GEO::Memory::aligned_allocator<unsigned int, 64> > >, GEO::MeshSurfaceIntersection::RadialBundles::initialize()::{lambda(unsigned int, unsigned int)#1})#1}> >::cancel(tbb::detail::d1::execution_data&)':
mesh_surface_intersection.cpp:(.text+0x1d7d): undefined reference to `tbb::detail::r1::deallocate(tbb::detail::d1::small_object_pool&, void*, unsigned long, tbb::detail::d1::execution_data const&)'
/usr/bin/ld: CMakeFiles/geogram.dir/mesh/mesh_surface_intersection.cpp.o: in function `__pstl::__tbb_backend::__root_task<__pstl::__tbb_backend::__stable_sort_func<__gnu_cxx::__normal_iterator<unsigned int*, std::vector<unsigned int, GEO::Memory::aligned_allocator<unsigned int, 64> > >, unsigned int*, GEO::MeshSurfaceIntersection::RadialBundles::initialize()::{lambda(unsigned int, unsigned int)#1}, __pstl::__internal::__pattern_sort<__pstl::execution::v1::parallel_policy const&, __gnu_cxx::__normal_iterator<unsigned int*, std::vector<unsigned int, GEO::Memory::aligned_allocator<unsigned int, 64> > >, GEO::MeshSurfaceIntersection::RadialBundles::initialize()::{lambda(unsigned int, unsigned int)#1}, std::integral_constant<bool, false> >(__pstl::execution::v1::parallel_policy const&, __gnu_cxx::__normal_iterator<unsigned int*, std::vector<unsigned int, GEO::Memory::aligned_allocator<unsigned int, 64> > >, __gnu_cxx::__normal_iterator<unsigned int*, std::vector<unsigned int, GEO::Memory::aligned_allocator<unsigned int, 64> > >, GEO::MeshSurfaceIntersection::RadialBundles::initialize()::{lambda(unsigned int, unsigned int)#1}, std::integral_constant<bool, false>, std::integral_constant<bool, true>, std::integral_constant<bool, true>)::{lambda()#1}::operator()() const::{lambda(__gnu_cxx::__normal_iterator<unsigned int*, std::vector<unsigned int, GEO::Memory::aligned_allocator<unsigned int, 64> > >, __gnu_cxx::__normal_iterator<unsigned int*, std::vector<unsigned int, GEO::Memory::aligned_allocator<unsigned int, 64> > >, GEO::MeshSurfaceIntersection::RadialBundles::initialize()::{lambda(unsigned int, unsigned int)#1})#1}> >::execute(tbb::detail::d1::execution_data&)':
mesh_surface_intersection.cpp:(.text+0x1da9): undefined reference to `tbb::detail::r1::notify_waiters(unsigned long)'
/usr/bin/ld: CMakeFiles/geogram.dir/mesh/mesh_surface_intersection.cpp.o: in function `__pstl::__tbb_backend::__root_task<__pstl::__tbb_backend::__stable_sort_func<__gnu_cxx::__normal_iterator<GEO::IsectInfo*, std::vector<GEO::IsectInfo, GEO::Memory::aligned_allocator<GEO::IsectInfo, 64> > >, GEO::IsectInfo*, GEO::MeshSurfaceIntersection::intersect_remesh_intersections(GEO::vector<GEO::IsectInfo>&)::{lambda(GEO::IsectInfo const&, GEO::IsectInfo const&)#1}, __pstl::__internal::__pattern_sort<__pstl::execution::v1::parallel_policy const&, __gnu_cxx::__normal_iterator<GEO::IsectInfo*, std::vector<GEO::IsectInfo, GEO::Memory::aligned_allocator<GEO::IsectInfo, 64> > >, GEO::MeshSurfaceIntersection::intersect_remesh_intersections(GEO::vector<GEO::IsectInfo>&)::{lambda(GEO::IsectInfo const&, GEO::IsectInfo const&)#1}, std::integral_constant<bool, false> >(__pstl::execution::v1::parallel_policy const&, __gnu_cxx::__normal_iterator<GEO::IsectInfo*, std::vector<GEO::IsectInfo, GEO::Memory::aligned_allocator<GEO::IsectInfo, 64> > >, __gnu_cxx::__normal_iterator<GEO::IsectInfo*, std::vector<GEO::IsectInfo, GEO::Memory::aligned_allocator<GEO::IsectInfo, 64> > >, GEO::MeshSurfaceIntersection::intersect_remesh_intersections(GEO::vector<GEO::IsectInfo>&)::{lambda(GEO::IsectInfo const&, GEO::IsectInfo const&)#1}, std::integral_constant<bool, false>, std::integral_constant<bool, true>, std::integral_constant<bool, true>)::{lambda()#1}::operator()() const::{lambda(__gnu_cxx::__normal_iterator<GEO::IsectInfo*, std::vector<GEO::IsectInfo, GEO::Memory::aligned_allocator<GEO::IsectInfo, 64> > >, __gnu_cxx::__normal_iterator<GEO::IsectInfo*, std::vector<GEO::IsectInfo, GEO::Memory::aligned_allocator<GEO::IsectInfo, 64> > >, GEO::MeshSurfaceIntersection::intersect_remesh_intersections(GEO::vector<GEO::IsectInfo>&)::{lambda(GEO::IsectInfo const&, GEO::IsectInfo const&)#1})#1}> >::execute(tbb::detail::d1::execution_data&)':
mesh_surface_intersection.cpp:(.text+0x1dd9): undefined reference to `tbb::detail::r1::notify_waiters(unsigned long)'
/usr/bin/ld: CMakeFiles/geogram.dir/mesh/mesh_surface_intersection.cpp.o: in function `__pstl::__tbb_backend::__func_task<__pstl::__tbb_backend::__stable_sort_func<__gnu_cxx::__normal_iterator<GEO::IsectInfo*, std::vector<GEO::IsectInfo, GEO::Memory::aligned_allocator<GEO::IsectInfo, 64> > >, GEO::IsectInfo*, GEO::MeshSurfaceIntersection::intersect_remesh_intersections(GEO::vector<GEO::IsectInfo>&)::{lambda(GEO::IsectInfo const&, GEO::IsectInfo const&)#1}, __pstl::__internal::__pattern_sort<__pstl::execution::v1::parallel_policy const&, __gnu_cxx::__normal_iterator<GEO::IsectInfo*, std::vector<GEO::IsectInfo, GEO::Memory::aligned_allocator<GEO::IsectInfo, 64> > >, GEO::MeshSurfaceIntersection::intersect_remesh_intersections(GEO::vector<GEO::IsectInfo>&)::{lambda(GEO::IsectInfo const&, GEO::IsectInfo const&)#1}, std::integral_constant<bool, false> >(__pstl::execution::v1::parallel_policy const&, __gnu_cxx::__normal_iterator<GEO::IsectInfo*, std::vector<GEO::IsectInfo, GEO::Memory::aligned_allocator<GEO::IsectInfo, 64> > >, __gnu_cxx::__normal_iterator<GEO::IsectInfo*, std::vector<GEO::IsectInfo, GEO::Memory::aligned_allocator<GEO::IsectInfo, 64> > >, GEO::MeshSurfaceIntersection::intersect_remesh_intersections(GEO::vector<GEO::IsectInfo>&)::{lambda(GEO::IsectInfo const&, GEO::IsectInfo const&)#1}, std::integral_constant<bool, false>, std::integral_constant<bool, true>, std::integral_constant<bool, true>)::{lambda()#1}::operator()() const::{lambda(__gnu_cxx::__normal_iterator<GEO::IsectInfo*, std::vector<GEO::IsectInfo, GEO::Memory::aligned_allocator<GEO::IsectInfo, 64> > >, __gnu_cxx::__normal_iterator<GEO::IsectInfo*, std::vector<GEO::IsectInfo, GEO::Memory::aligned_allocator<GEO::IsectInfo, 64> > >, GEO::MeshSurfaceIntersection::intersect_remesh_intersections(GEO::vector<GEO::IsectInfo>&)::{lambda(GEO::IsectInfo const&, GEO::IsectInfo const&)#1})#1}> >::execute(tbb::detail::d1::execution_data&)':
mesh_surface_intersection.cpp:(.text+0x1fc5): undefined reference to `tbb::detail::r1::allocate(tbb::detail::d1::small_object_pool*&, unsigned long, tbb::detail::d1::execution_data const&)'
/usr/bin/ld: mesh_surface_intersection.cpp:(.text+0x20da): undefined reference to `tbb::detail::r1::allocate(tbb::detail::d1::small_object_pool*&, unsigned long, tbb::detail::d1::execution_data const&)'
/usr/bin/ld: mesh_surface_intersection.cpp:(.text+0x2154): undefined reference to `tbb::detail::r1::spawn(tbb::detail::d1::task&, tbb::detail::d1::task_group_context&)'
/usr/bin/ld: mesh_surface_intersection.cpp:(.text+0x2209): undefined reference to `tbb::detail::r1::deallocate(tbb::detail::d1::small_object_pool&, void*, unsigned long, tbb::detail::d1::execution_data const&)'
/usr/bin/ld: CMakeFiles/geogram.dir/mesh/mesh_surface_intersection.cpp.o: in function `__pstl::__tbb_backend::__parallel_stable_sort<__pstl::execution::v1::parallel_policy const&, __gnu_cxx::__normal_iterator<GEO::IsectInfo*, std::vector<GEO::IsectInfo, GEO::Memory::aligned_allocator<GEO::IsectInfo, 64> > >, GEO::MeshSurfaceIntersection::intersect_remesh_intersections(GEO::vector<GEO::IsectInfo>&)::{lambda(GEO::IsectInfo const&, GEO::IsectInfo const&)#1}, __pstl::__internal::__pattern_sort<__pstl::execution::v1::parallel_policy const&, __gnu_cxx::__normal_iterator<GEO::IsectInfo*, std::vector<GEO::IsectInfo, GEO::Memory::aligned_allocator<GEO::IsectInfo, 64> > >, GEO::MeshSurfaceIntersection::intersect_remesh_intersections(GEO::vector<GEO::IsectInfo>&)::{lambda(GEO::IsectInfo const&, GEO::IsectInfo const&)#1}, std::integral_constant<bool, false> >(__pstl::execution::v1::parallel_policy const&, __gnu_cxx::__normal_iterator<GEO::IsectInfo*, std::vector<GEO::IsectInfo, GEO::Memory::aligned_allocator<GEO::IsectInfo, 64> > >, __gnu_cxx::__normal_iterator<GEO::IsectInfo*, std::vector<GEO::IsectInfo, GEO::Memory::aligned_allocator<GEO::IsectInfo, 64> > >, GEO::MeshSurfaceIntersection::intersect_remesh_intersections(GEO::vector<GEO::IsectInfo>&)::{lambda(GEO::IsectInfo const&, GEO::IsectInfo const&)#1}, std::integral_constant<bool, false>, std::integral_constant<bool, true>, std::integral_constant<bool, true>)::{lambda()#1}::operator()() const::{lambda(__gnu_cxx::__normal_iterator<GEO::IsectInfo*, std::vector<GEO::IsectInfo, GEO::Memory::aligned_allocator<GEO::IsectInfo, 64> > >, __gnu_cxx::__normal_iterator<GEO::IsectInfo*, std::vector<GEO::IsectInfo, GEO::Memory::aligned_allocator<GEO::IsectInfo, 64> > >, GEO::MeshSurfaceIntersection::intersect_remesh_intersections(GEO::vector<GEO::IsectInfo>&)::{lambda(GEO::IsectInfo const&, GEO::IsectInfo const&)#1})#1}>(__pstl::execution::v1::parallel_policy const&, __gnu_cxx::__normal_iterator<GEO::IsectInfo*, std::vector<GEO::IsectInfo, GEO::Memory::aligned_allocator<GEO::IsectInfo, 64> > >, __gnu_cxx::__normal_iterator<GEO::IsectInfo*, std::vector<GEO::IsectInfo, GEO::Memory::aligned_allocator<GEO::IsectInfo, 64> > >, GEO::MeshSurfaceIntersection::intersect_remesh_intersections(GEO::vector<GEO::IsectInfo>&)::{lambda(GEO::IsectInfo const&, GEO::IsectInfo const&)#1}, __pstl::__internal::__pattern_sort<__pstl::execution::v1::parallel_policy const&, __gnu_cxx::__normal_iterator<GEO::IsectInfo*, std::vector<GEO::IsectInfo, GEO::Memory::aligned_allocator<GEO::IsectInfo, 64> > >, GEO::MeshSurfaceIntersection::intersect_remesh_intersections(GEO::vector<GEO::IsectInfo>&)::{lambda(GEO::IsectInfo const&, GEO::IsectInfo const&)#1}, std::integral_constant<bool, false> >(__pstl::execution::v1::parallel_policy const&, __gnu_cxx::__normal_iterator<GEO::IsectInfo*, std::vector<GEO::IsectInfo, GEO::Memory::aligned_allocator<GEO::IsectInfo, 64> > >, __gnu_cxx::__normal_iterator<GEO::IsectInfo*, std::vector<GEO::IsectInfo, GEO::Memory::aligned_allocator<GEO::IsectInfo, 64> > >, GEO::MeshSurfaceIntersection::intersect_remesh_intersections(GEO::vector<GEO::IsectInfo>&)::{lambda(GEO::IsectInfo const&, GEO::IsectInfo const&)#1}, std::integral_constant<bool, false>, std::integral_constant<bool, true>, std::integral_constant<bool, true>)::{lambda()#1}::operator()() const::{lambda(__gnu_cxx::__normal_iterator<GEO::IsectInfo*, std::vector<GEO::IsectInfo, GEO::Memory::aligned_allocator<GEO::IsectInfo, 64> > >, __gnu_cxx::__normal_iterator<GEO::IsectInfo*, std::vector<GEO::IsectInfo, GEO::Memory::aligned_allocator<GEO::IsectInfo, 64> > >, GEO::MeshSurfaceIntersection::intersect_remesh_intersections(GEO::vector<GEO::IsectInfo>&)::{lambda(GEO::IsectInfo const&, GEO::IsectInfo const&)#1})#1}, unsigned long)::{lambda()#1}::operator()() const':
mesh_surface_intersection.cpp:(.text+0x22f1): undefined reference to `tbb::detail::r1::allocate_memory(unsigned long)'
/usr/bin/ld: mesh_surface_intersection.cpp:(.text+0x2396): undefined reference to `tbb::detail::r1::initialize(tbb::detail::d1::task_group_context&)'
/usr/bin/ld: mesh_surface_intersection.cpp:(.text+0x23c4): undefined reference to `tbb::detail::r1::allocate(tbb::detail::d1::small_object_pool*&, unsigned long)'
/usr/bin/ld: mesh_surface_intersection.cpp:(.text+0x2478): undefined reference to `tbb::detail::r1::execute_and_wait(tbb::detail::d1::task&, tbb::detail::d1::task_group_context&, tbb::detail::d1::wait_context&, tbb::detail::d1::task_group_context&)'
/usr/bin/ld: mesh_surface_intersection.cpp:(.text+0x2487): undefined reference to `tbb::detail::r1::destroy(tbb::detail::d1::task_group_context&)'
/usr/bin/ld: mesh_surface_intersection.cpp:(.text+0x248f): undefined reference to `tbb::detail::r1::deallocate_memory(void*)'
/usr/bin/ld: CMakeFiles/geogram.dir/mesh/mesh_surface_intersection.cpp.o: in function `tbb::detail::d1::start_for<tbb::detail::d1::blocked_range<long>, __pstl::__tbb_backend::__merge_func<__gnu_cxx::__normal_iterator<GEO::IsectInfo*, std::vector<GEO::IsectInfo, GEO::Memory::aligned_allocator<GEO::IsectInfo, 64> > >, GEO::IsectInfo*, GEO::MeshSurfaceIntersection::intersect_remesh_intersections(GEO::vector<GEO::IsectInfo>&)::{lambda(GEO::IsectInfo const&, GEO::IsectInfo const&)#1}, __pstl::__utils::__serial_destroy, __pstl::__utils::__serial_move_merge>::__move_range::operator()<GEO::IsectInfo*, __gnu_cxx::__normal_iterator<GEO::IsectInfo*, std::vector<GEO::IsectInfo, GEO::Memory::aligned_allocator<GEO::IsectInfo, 64> > > >(GEO::IsectInfo*, GEO::IsectInfo*, __gnu_cxx::__normal_iterator<GEO::IsectInfo*, std::vector<GEO::IsectInfo, GEO::Memory::aligned_allocator<GEO::IsectInfo, 64> > >)::{lambda(tbb::detail::d1::blocked_range<long> const&)#1}, tbb::detail::d1::auto_partitioner const>::cancel(tbb::detail::d1::execution_data&)':
mesh_surface_intersection.cpp:(.text+0x27ed): undefined reference to `tbb::detail::r1::deallocate(tbb::detail::d1::small_object_pool&, void*, unsigned long, tbb::detail::d1::execution_data const&)'
/usr/bin/ld: mesh_surface_intersection.cpp:(.text+0x2814): undefined reference to `tbb::detail::r1::deallocate(tbb::detail::d1::small_object_pool&, void*, unsigned long, tbb::detail::d1::execution_data const&)'
/usr/bin/ld: mesh_surface_intersection.cpp:(.text+0x2835): undefined reference to `tbb::detail::r1::notify_waiters(unsigned long)'
/usr/bin/ld: CMakeFiles/geogram.dir/mesh/mesh_surface_intersection.cpp.o: in function `tbb::detail::d1::start_for<tbb::detail::d1::blocked_range<long>, __pstl::__tbb_backend::__merge_func<__gnu_cxx::__normal_iterator<GEO::IsectInfo*, std::vector<GEO::IsectInfo, GEO::Memory::aligned_allocator<GEO::IsectInfo, 64> > >, GEO::IsectInfo*, GEO::MeshSurfaceIntersection::intersect_remesh_intersections(GEO::vector<GEO::IsectInfo>&)::{lambda(GEO::IsectInfo const&, GEO::IsectInfo const&)#1}, __pstl::__utils::__serial_destroy, __pstl::__utils::__serial_move_merge>::__cleanup_range::operator()<GEO::IsectInfo*>(GEO::IsectInfo*, GEO::IsectInfo*)::{lambda(tbb::detail::d1::blocked_range<long> const&)#1}, tbb::detail::d1::auto_partitioner const>::cancel(tbb::detail::d1::execution_data&)':
mesh_surface_intersection.cpp:(.text+0x2875): undefined reference to `tbb::detail::r1::deallocate(tbb::detail::d1::small_object_pool&, void*, unsigned long, tbb::detail::d1::execution_data const&)'
/usr/bin/ld: mesh_surface_intersection.cpp:(.text+0x289c): undefined reference to `tbb::detail::r1::deallocate(tbb::detail::d1::small_object_pool&, void*, unsigned long, tbb::detail::d1::execution_data const&)'
/usr/bin/ld: mesh_surface_intersection.cpp:(.text+0x28bd): undefined reference to `tbb::detail::r1::notify_waiters(unsigned long)'
/usr/bin/ld: CMakeFiles/geogram.dir/mesh/mesh_surface_intersection.cpp.o: in function `tbb::detail::d1::start_for<tbb::detail::d1::blocked_range<long>, __pstl::__tbb_backend::__merge_func<__gnu_cxx::__normal_iterator<unsigned int*, std::vector<unsigned int, GEO::Memory::aligned_allocator<unsigned int, 64> > >, unsigned int*, GEO::MeshSurfaceIntersection::RadialBundles::initialize()::{lambda(unsigned int, unsigned int)#1}, __pstl::__utils::__serial_destroy, __pstl::__utils::__serial_move_merge>::__move_range::operator()<unsigned int*, __gnu_cxx::__normal_iterator<unsigned int*, std::vector<unsigned int, GEO::Memory::aligned_allocator<unsigned int, 64> > > >(unsigned int*, unsigned int*, __gnu_cxx::__normal_iterator<unsigned int*, std::vector<unsigned int, GEO::Memory::aligned_allocator<unsigned int, 64> > >)::{lambda(tbb::detail::d1::blocked_range<long> const&)#1}, tbb::detail::d1::auto_partitioner const>::cancel(tbb::detail::d1::execution_data&)':
mesh_surface_intersection.cpp:(.text+0x290d): undefined reference to `tbb::detail::r1::deallocate(tbb::detail::d1::small_object_pool&, void*, unsigned long, tbb::detail::d1::execution_data const&)'
/usr/bin/ld: mesh_surface_intersection.cpp:(.text+0x2934): undefined reference to `tbb::detail::r1::deallocate(tbb::detail::d1::small_object_pool&, void*, unsigned long, tbb::detail::d1::execution_data const&)'
/usr/bin/ld: mesh_surface_intersection.cpp:(.text+0x2955): undefined reference to `tbb::detail::r1::notify_waiters(unsigned long)'
/usr/bin/ld: CMakeFiles/geogram.dir/mesh/mesh_surface_intersection.cpp.o: in function `tbb::detail::d1::start_for<tbb::detail::d1::blocked_range<long>, __pstl::__tbb_backend::__merge_func<__gnu_cxx::__normal_iterator<unsigned int*, std::vector<unsigned int, GEO::Memory::aligned_allocator<unsigned int, 64> > >, unsigned int*, GEO::MeshSurfaceIntersection::RadialBundles::initialize()::{lambda(unsigned int, unsigned int)#1}, __pstl::__utils::__serial_destroy, __pstl::__utils::__serial_move_merge>::__move_range_construct::operator()<__gnu_cxx::__normal_iterator<unsigned int*, std::vector<unsigned int, GEO::Memory::aligned_allocator<unsigned int, 64> > >, unsigned int*>(__gnu_cxx::__normal_iterator<unsigned int*, std::vector<unsigned int, GEO::Memory::aligned_allocator<unsigned int, 64> > >, __gnu_cxx::__normal_iterator<unsigned int*, std::vector<unsigned int, GEO::Memory::aligned_allocator<unsigned int, 64> > >, unsigned int*)::{lambda(tbb::detail::d1::blocked_range<long> const&)#1}, tbb::detail::d1::auto_partitioner const>::cancel(tbb::detail::d1::execution_data&)':
mesh_surface_intersection.cpp:(.text+0x299d): undefined reference to `tbb::detail::r1::deallocate(tbb::detail::d1::small_object_pool&, void*, unsigned long, tbb::detail::d1::execution_data const&)'
/usr/bin/ld: mesh_surface_intersection.cpp:(.text+0x29c4): undefined reference to `tbb::detail::r1::deallocate(tbb::detail::d1::small_object_pool&, void*, unsigned long, tbb::detail::d1::execution_data const&)'
/usr/bin/ld: mesh_surface_intersection.cpp:(.text+0x29e5): undefined reference to `tbb::detail::r1::notify_waiters(unsigned long)'
/usr/bin/ld: CMakeFiles/geogram.dir/mesh/mesh_surface_intersection.cpp.o: in function `tbb::detail::d1::start_for<tbb::detail::d1::blocked_range<long>, __pstl::__tbb_backend::__merge_func<__gnu_cxx::__normal_iterator<unsigned int*, std::vector<unsigned int, GEO::Memory::aligned_allocator<unsigned int, 64> > >, unsigned int*, GEO::MeshSurfaceIntersection::RadialBundles::initialize()::{lambda(unsigned int, unsigned int)#1}, __pstl::__utils::__serial_destroy, __pstl::__utils::__serial_move_merge>::__cleanup_range::operator()<unsigned int*>(unsigned int*, unsigned int*)::{lambda(tbb::detail::d1::blocked_range<long> const&)#1}, tbb::detail::d1::auto_partitioner const>::cancel(tbb::detail::d1::execution_data&)':
mesh_surface_intersection.cpp:(.text+0x2a25): undefined reference to `tbb::detail::r1::deallocate(tbb::detail::d1::small_object_pool&, void*, unsigned long, tbb::detail::d1::execution_data const&)'
/usr/bin/ld: mesh_surface_intersection.cpp:(.text+0x2a4c): undefined reference to `tbb::detail::r1::deallocate(tbb::detail::d1::small_object_pool&, void*, unsigned long, tbb::detail::d1::execution_data const&)'
/usr/bin/ld: mesh_surface_intersection.cpp:(.text+0x2a6d): undefined reference to `tbb::detail::r1::notify_waiters(unsigned long)'
/usr/bin/ld: CMakeFiles/geogram.dir/mesh/mesh_surface_intersection.cpp.o: in function `tbb::detail::d1::start_for<tbb::detail::d1::blocked_range<long>, __pstl::__tbb_backend::__merge_func<__gnu_cxx::__normal_iterator<GEO::IsectInfo*, std::vector<GEO::IsectInfo, GEO::Memory::aligned_allocator<GEO::IsectInfo, 64> > >, GEO::IsectInfo*, GEO::MeshSurfaceIntersection::intersect_remesh_intersections(GEO::vector<GEO::IsectInfo>&)::{lambda(GEO::IsectInfo const&, GEO::IsectInfo const&)#1}, __pstl::__utils::__serial_destroy, __pstl::__utils::__serial_move_merge>::__move_range_construct::operator()<__gnu_cxx::__normal_iterator<GEO::IsectInfo*, std::vector<GEO::IsectInfo, GEO::Memory::aligned_allocator<GEO::IsectInfo, 64> > >, GEO::IsectInfo*>(__gnu_cxx::__normal_iterator<GEO::IsectInfo*, std::vector<GEO::IsectInfo, GEO::Memory::aligned_allocator<GEO::IsectInfo, 64> > >, __gnu_cxx::__normal_iterator<GEO::IsectInfo*, std::vector<GEO::IsectInfo, GEO::Memory::aligned_allocator<GEO::IsectInfo, 64> > >, GEO::IsectInfo*)::{lambda(tbb::detail::d1::blocked_range<long> const&)#1}, tbb::detail::d1::auto_partitioner const>::cancel(tbb::detail::d1::execution_data&)':
mesh_surface_intersection.cpp:(.text+0x2abd): undefined reference to `tbb::detail::r1::deallocate(tbb::detail::d1::small_object_pool&, void*, unsigned long, tbb::detail::d1::execution_data const&)'
/usr/bin/ld: mesh_surface_intersection.cpp:(.text+0x2ae4): undefined reference to `tbb::detail::r1::deallocate(tbb::detail::d1::small_object_pool&, void*, unsigned long, tbb::detail::d1::execution_data const&)'
/usr/bin/ld: mesh_surface_intersection.cpp:(.text+0x2b05): undefined reference to `tbb::detail::r1::notify_waiters(unsigned long)'
/usr/bin/ld: CMakeFiles/geogram.dir/mesh/mesh_surface_intersection.cpp.o: in function `tbb::detail::d1::start_for<tbb::detail::d1::blocked_range<long>, __pstl::__tbb_backend::__merge_func<__gnu_cxx::__normal_iterator<GEO::IsectInfo*, std::vector<GEO::IsectInfo, GEO::Memory::aligned_allocator<GEO::IsectInfo, 64> > >, GEO::IsectInfo*, GEO::MeshSurfaceIntersection::intersect_remesh_intersections(GEO::vector<GEO::IsectInfo>&)::{lambda(GEO::IsectInfo const&, GEO::IsectInfo const&)#1}, __pstl::__utils::__serial_destroy, __pstl::__utils::__serial_move_merge>::__move_range::operator()<GEO::IsectInfo*, __gnu_cxx::__normal_iterator<GEO::IsectInfo*, std::vector<GEO::IsectInfo, GEO::Memory::aligned_allocator<GEO::IsectInfo, 64> > > >(GEO::IsectInfo*, GEO::IsectInfo*, __gnu_cxx::__normal_iterator<GEO::IsectInfo*, std::vector<GEO::IsectInfo, GEO::Memory::aligned_allocator<GEO::IsectInfo, 64> > >)::{lambda(tbb::detail::d1::blocked_range<long> const&)#1}, tbb::detail::d1::auto_partitioner const>::execute(tbb::detail::d1::execution_data&)':
mesh_surface_intersection.cpp:(.text+0x33af): undefined reference to `tbb::detail::r1::allocate(tbb::detail::d1::small_object_pool*&, unsigned long, tbb::detail::d1::execution_data const&)'
/usr/bin/ld: mesh_surface_intersection.cpp:(.text+0x344d): undefined reference to `tbb::detail::r1::allocate(tbb::detail::d1::small_object_pool*&, unsigned long, tbb::detail::d1::execution_data const&)'
/usr/bin/ld: mesh_surface_intersection.cpp:(.text+0x347c): undefined reference to `tbb::detail::r1::spawn(tbb::detail::d1::task&, tbb::detail::d1::task_group_context&)'
/usr/bin/ld: mesh_surface_intersection.cpp:(.text+0x3529): undefined reference to `tbb::detail::r1::deallocate(tbb::detail::d1::small_object_pool&, void*, unsigned long, tbb::detail::d1::execution_data const&)'
/usr/bin/ld: mesh_surface_intersection.cpp:(.text+0x3550): undefined reference to `tbb::detail::r1::deallocate(tbb::detail::d1::small_object_pool&, void*, unsigned long, tbb::detail::d1::execution_data const&)'
/usr/bin/ld: mesh_surface_intersection.cpp:(.text+0x3740): undefined reference to `tbb::detail::r1::is_group_execution_cancelled(tbb::detail::d1::task_group_context&)'
/usr/bin/ld: mesh_surface_intersection.cpp:(.text+0x3784): undefined reference to `tbb::detail::r1::execution_slot(tbb::detail::d1::execution_data const*)'
/usr/bin/ld: mesh_surface_intersection.cpp:(.text+0x3795): undefined reference to `tbb::detail::r1::execution_slot(tbb::detail::d1::execution_data const*)'
/usr/bin/ld: mesh_surface_intersection.cpp:(.text+0x37b0): undefined reference to `tbb::detail::r1::execution_slot(tbb::detail::d1::execution_data const*)'
/usr/bin/ld: mesh_surface_intersection.cpp:(.text+0x3809): undefined reference to `tbb::detail::r1::notify_waiters(unsigned long)'
/usr/bin/ld: mesh_surface_intersection.cpp:(.text+0x3850): undefined reference to `tbb::detail::r1::allocate(tbb::detail::d1::small_object_pool*&, unsigned long, tbb::detail::d1::execution_data const&)'
/usr/bin/ld: mesh_surface_intersection.cpp:(.text+0x38e5): undefined reference to `tbb::detail::r1::allocate(tbb::detail::d1::small_object_pool*&, unsigned long, tbb::detail::d1::execution_data const&)'
/usr/bin/ld: mesh_surface_intersection.cpp:(.text+0x3914): undefined reference to `tbb::detail::r1::spawn(tbb::detail::d1::task&, tbb::detail::d1::task_group_context&)'
/usr/bin/ld: CMakeFiles/geogram.dir/mesh/mesh_surface_intersection.cpp.o: in function `__pstl::__tbb_backend::__merge_func<__gnu_cxx::__normal_iterator<unsigned int*, std::vector<unsigned int, GEO::Memory::aligned_allocator<unsigned int, 64> > >, unsigned int*, GEO::MeshSurfaceIntersection::RadialBundles::initialize()::{lambda(unsigned int, unsigned int)#1}, __pstl::__utils::__serial_destroy, __pstl::__utils::__serial_move_merge>::move_x_range()':
mesh_surface_intersection.cpp:(.text+0x3d17): undefined reference to `tbb::detail::r1::initialize(tbb::detail::d1::task_group_context&)'
/usr/bin/ld: mesh_surface_intersection.cpp:(.text+0x3d2f): undefined reference to `tbb::detail::r1::allocate(tbb::detail::d1::small_object_pool*&, unsigned long)'
/usr/bin/ld: mesh_surface_intersection.cpp:(.text+0x3d7b): undefined reference to `tbb::detail::r1::max_concurrency(tbb::detail::d1::task_arena_base const*)'
/usr/bin/ld: mesh_surface_intersection.cpp:(.text+0x3de0): undefined reference to `tbb::detail::r1::execute_and_wait(tbb::detail::d1::task&, tbb::detail::d1::task_group_context&, tbb::detail::d1::wait_context&, tbb::detail::d1::task_group_context&)'
/usr/bin/ld: mesh_surface_intersection.cpp:(.text+0x3de8): undefined reference to `tbb::detail::r1::destroy(tbb::detail::d1::task_group_context&)'
/usr/bin/ld: mesh_surface_intersection.cpp:(.text+0x3e25): undefined reference to `tbb::detail::r1::initialize(tbb::detail::d1::task_group_context&)'
/usr/bin/ld: mesh_surface_intersection.cpp:(.text+0x3e3d): undefined reference to `tbb::detail::r1::allocate(tbb::detail::d1::small_object_pool*&, unsigned long)'
/usr/bin/ld: mesh_surface_intersection.cpp:(.text+0x3e94): undefined reference to `tbb::detail::r1::max_concurrency(tbb::detail::d1::task_arena_base const*)'
/usr/bin/ld: mesh_surface_intersection.cpp:(.text+0x3efe): undefined reference to `tbb::detail::r1::execute_and_wait(tbb::detail::d1::task&, tbb::detail::d1::task_group_context&, tbb::detail::d1::wait_context&, tbb::detail::d1::task_group_context&)'
/usr/bin/ld: mesh_surface_intersection.cpp:(.text+0x3f06): undefined reference to `tbb::detail::r1::destroy(tbb::detail::d1::task_group_context&)'
/usr/bin/ld: mesh_surface_intersection.cpp:(.text+0x3f6d): undefined reference to `tbb::detail::r1::initialize(tbb::detail::d1::task_group_context&)'
/usr/bin/ld: mesh_surface_intersection.cpp:(.text+0x3f85): undefined reference to `tbb::detail::r1::allocate(tbb::detail::d1::small_object_pool*&, unsigned long)'
/usr/bin/ld: mesh_surface_intersection.cpp:(.text+0x3fdd): undefined reference to `tbb::detail::r1::max_concurrency(tbb::detail::d1::task_arena_base const*)'
/usr/bin/ld: mesh_surface_intersection.cpp:(.text+0x4047): undefined reference to `tbb::detail::r1::execute_and_wait(tbb::detail::d1::task&, tbb::detail::d1::task_group_context&, tbb::detail::d1::wait_context&, tbb::detail::d1::task_group_context&)'
/usr/bin/ld: mesh_surface_intersection.cpp:(.text+0x404f): undefined reference to `tbb::detail::r1::destroy(tbb::detail::d1::task_group_context&)'
/usr/bin/ld: CMakeFiles/geogram.dir/mesh/mesh_surface_intersection.cpp.o: in function `__pstl::__tbb_backend::__merge_func<__gnu_cxx::__normal_iterator<GEO::IsectInfo*, std::vector<GEO::IsectInfo, GEO::Memory::aligned_allocator<GEO::IsectInfo, 64> > >, GEO::IsectInfo*, GEO::MeshSurfaceIntersection::intersect_remesh_intersections(GEO::vector<GEO::IsectInfo>&)::{lambda(GEO::IsectInfo const&, GEO::IsectInfo const&)#1}, __pstl::__utils::__serial_destroy, __pstl::__utils::__serial_move_merge>::move_x_range()':
mesh_surface_intersection.cpp:(.text+0x41fa): undefined reference to `tbb::detail::r1::initialize(tbb::detail::d1::task_group_context&)'
/usr/bin/ld: mesh_surface_intersection.cpp:(.text+0x4212): undefined reference to `tbb::detail::r1::allocate(tbb::detail::d1::small_object_pool*&, unsigned long)'
/usr/bin/ld: mesh_surface_intersection.cpp:(.text+0x426b): undefined reference to `tbb::detail::r1::max_concurrency(tbb::detail::d1::task_arena_base const*)'
/usr/bin/ld: mesh_surface_intersection.cpp:(.text+0x42d2): undefined reference to `tbb::detail::r1::execute_and_wait(tbb::detail::d1::task&, tbb::detail::d1::task_group_context&, tbb::detail::d1::wait_context&, tbb::detail::d1::task_group_context&)'
/usr/bin/ld: mesh_surface_intersection.cpp:(.text+0x42da): undefined reference to `tbb::detail::r1::destroy(tbb::detail::d1::task_group_context&)'
/usr/bin/ld: mesh_surface_intersection.cpp:(.text+0x431d): undefined reference to `tbb::detail::r1::initialize(tbb::detail::d1::task_group_context&)'
/usr/bin/ld: mesh_surface_intersection.cpp:(.text+0x4335): undefined reference to `tbb::detail::r1::allocate(tbb::detail::d1::small_object_pool*&, unsigned long)'
/usr/bin/ld: mesh_surface_intersection.cpp:(.text+0x439a): undefined reference to `tbb::detail::r1::max_concurrency(tbb::detail::d1::task_arena_base const*)'
/usr/bin/ld: mesh_surface_intersection.cpp:(.text+0x4404): undefined reference to `tbb::detail::r1::execute_and_wait(tbb::detail::d1::task&, tbb::detail::d1::task_group_context&, tbb::detail::d1::wait_context&, tbb::detail::d1::task_group_context&)'
/usr/bin/ld: mesh_surface_intersection.cpp:(.text+0x440c): undefined reference to `tbb::detail::r1::destroy(tbb::detail::d1::task_group_context&)'
/usr/bin/ld: mesh_surface_intersection.cpp:(.text+0x4475): undefined reference to `tbb::detail::r1::initialize(tbb::detail::d1::task_group_context&)'
/usr/bin/ld: mesh_surface_intersection.cpp:(.text+0x448d): undefined reference to `tbb::detail::r1::allocate(tbb::detail::d1::small_object_pool*&, unsigned long)'
/usr/bin/ld: mesh_surface_intersection.cpp:(.text+0x44f3): undefined reference to `tbb::detail::r1::max_concurrency(tbb::detail::d1::task_arena_base const*)'
/usr/bin/ld: mesh_surface_intersection.cpp:(.text+0x455d): undefined reference to `tbb::detail::r1::execute_and_wait(tbb::detail::d1::task&, tbb::detail::d1::task_group_context&, tbb::detail::d1::wait_context&, tbb::detail::d1::task_group_context&)'
/usr/bin/ld: mesh_surface_intersection.cpp:(.text+0x4565): undefined reference to `tbb::detail::r1::destroy(tbb::detail::d1::task_group_context&)'
/usr/bin/ld: CMakeFiles/geogram.dir/mesh/mesh_surface_intersection.cpp.o: in function `__pstl::__tbb_backend::__merge_func<__gnu_cxx::__normal_iterator<unsigned int*, std::vector<unsigned int, GEO::Memory::aligned_allocator<unsigned int, 64> > >, unsigned int*, GEO::MeshSurfaceIntersection::RadialBundles::initialize()::{lambda(unsigned int, unsigned int)#1}, __pstl::__utils::__serial_destroy, __pstl::__utils::__serial_move_merge>::move_y_range()':
mesh_surface_intersection.cpp:(.text+0x476e): undefined reference to `tbb::detail::r1::initialize(tbb::detail::d1::task_group_context&)'
/usr/bin/ld: mesh_surface_intersection.cpp:(.text+0x4786): undefined reference to `tbb::detail::r1::allocate(tbb::detail::d1::small_object_pool*&, unsigned long)'
/usr/bin/ld: mesh_surface_intersection.cpp:(.text+0x47d2): undefined reference to `tbb::detail::r1::max_concurrency(tbb::detail::d1::task_arena_base const*)'
/usr/bin/ld: mesh_surface_intersection.cpp:(.text+0x4839): undefined reference to `tbb::detail::r1::execute_and_wait(tbb::detail::d1::task&, tbb::detail::d1::task_group_context&, tbb::detail::d1::wait_context&, tbb::detail::d1::task_group_context&)'
/usr/bin/ld: mesh_surface_intersection.cpp:(.text+0x4841): undefined reference to `tbb::detail::r1::destroy(tbb::detail::d1::task_group_context&)'
/usr/bin/ld: mesh_surface_intersection.cpp:(.text+0x487d): undefined reference to `tbb::detail::r1::initialize(tbb::detail::d1::task_group_context&)'
/usr/bin/ld: mesh_surface_intersection.cpp:(.text+0x4895): undefined reference to `tbb::detail::r1::allocate(tbb::detail::d1::small_object_pool*&, unsigned long)'
/usr/bin/ld: mesh_surface_intersection.cpp:(.text+0x48ec): undefined reference to `tbb::detail::r1::max_concurrency(tbb::detail::d1::task_arena_base const*)'
/usr/bin/ld: mesh_surface_intersection.cpp:(.text+0x4956): undefined reference to `tbb::detail::r1::execute_and_wait(tbb::detail::d1::task&, tbb::detail::d1::task_group_context&, tbb::detail::d1::wait_context&, tbb::detail::d1::task_group_context&)'
/usr/bin/ld: mesh_surface_intersection.cpp:(.text+0x495e): undefined reference to `tbb::detail::r1::destroy(tbb::detail::d1::task_group_context&)'
/usr/bin/ld: mesh_surface_intersection.cpp:(.text+0x49c5): undefined reference to `tbb::detail::r1::initialize(tbb::detail::d1::task_group_context&)'
/usr/bin/ld: mesh_surface_intersection.cpp:(.text+0x49dd): undefined reference to `tbb::detail::r1::allocate(tbb::detail::d1::small_object_pool*&, unsigned long)'
/usr/bin/ld: mesh_surface_intersection.cpp:(.text+0x4a39): undefined reference to `tbb::detail::r1::max_concurrency(tbb::detail::d1::task_arena_base const*)'
/usr/bin/ld: mesh_surface_intersection.cpp:(.text+0x4aa3): undefined reference to `tbb::detail::r1::execute_and_wait(tbb::detail::d1::task&, tbb::detail::d1::task_group_context&, tbb::detail::d1::wait_context&, tbb::detail::d1::task_group_context&)'
/usr/bin/ld: mesh_surface_intersection.cpp:(.text+0x4aab): undefined reference to `tbb::detail::r1::destroy(tbb::detail::d1::task_group_context&)'
/usr/bin/ld: CMakeFiles/geogram.dir/mesh/mesh_surface_intersection.cpp.o: in function `__pstl::__tbb_backend::__merge_func<__gnu_cxx::__normal_iterator<GEO::IsectInfo*, std::vector<GEO::IsectInfo, GEO::Memory::aligned_allocator<GEO::IsectInfo, 64> > >, GEO::IsectInfo*, GEO::MeshSurfaceIntersection::intersect_remesh_intersections(GEO::vector<GEO::IsectInfo>&)::{lambda(GEO::IsectInfo const&, GEO::IsectInfo const&)#1}, __pstl::__utils::__serial_destroy, __pstl::__utils::__serial_move_merge>::move_y_range()':
mesh_surface_intersection.cpp:(.text+0x4c61): undefined reference to `tbb::detail::r1::initialize(tbb::detail::d1::task_group_context&)'
/usr/bin/ld: mesh_surface_intersection.cpp:(.text+0x4c79): undefined reference to `tbb::detail::r1::allocate(tbb::detail::d1::small_object_pool*&, unsigned long)'
/usr/bin/ld: mesh_surface_intersection.cpp:(.text+0x4cd2): undefined reference to `tbb::detail::r1::max_concurrency(tbb::detail::d1::task_arena_base const*)'
/usr/bin/ld: mesh_surface_intersection.cpp:(.text+0x4d39): undefined reference to `tbb::detail::r1::execute_and_wait(tbb::detail::d1::task&, tbb::detail::d1::task_group_context&, tbb::detail::d1::wait_context&, tbb::detail::d1::task_group_context&)'
/usr/bin/ld: mesh_surface_intersection.cpp:(.text+0x4d41): undefined reference to `tbb::detail::r1::destroy(tbb::detail::d1::task_group_context&)'
/usr/bin/ld: mesh_surface_intersection.cpp:(.text+0x4d7d): undefined reference to `tbb::detail::r1::initialize(tbb::detail::d1::task_group_context&)'
/usr/bin/ld: mesh_surface_intersection.cpp:(.text+0x4d95): undefined reference to `tbb::detail::r1::allocate(tbb::detail::d1::small_object_pool*&, unsigned long)'
/usr/bin/ld: mesh_surface_intersection.cpp:(.text+0x4dfa): undefined reference to `tbb::detail::r1::max_concurrency(tbb::detail::d1::task_arena_base const*)'
/usr/bin/ld: mesh_surface_intersection.cpp:(.text+0x4e64): undefined reference to `tbb::detail::r1::execute_and_wait(tbb::detail::d1::task&, tbb::detail::d1::task_group_context&, tbb::detail::d1::wait_context&, tbb::detail::d1::task_group_context&)'
/usr/bin/ld: mesh_surface_intersection.cpp:(.text+0x4e6c): undefined reference to `tbb::detail::r1::destroy(tbb::detail::d1::task_group_context&)'
/usr/bin/ld: mesh_surface_intersection.cpp:(.text+0x4ed5): undefined reference to `tbb::detail::r1::initialize(tbb::detail::d1::task_group_context&)'
/usr/bin/ld: mesh_surface_intersection.cpp:(.text+0x4eed): undefined reference to `tbb::detail::r1::allocate(tbb::detail::d1::small_object_pool*&, unsigned long)'
/usr/bin/ld: mesh_surface_intersection.cpp:(.text+0x4f57): undefined reference to `tbb::detail::r1::max_concurrency(tbb::detail::d1::task_arena_base const*)'
/usr/bin/ld: mesh_surface_intersection.cpp:(.text+0x4fc1): undefined reference to `tbb::detail::r1::execute_and_wait(tbb::detail::d1::task&, tbb::detail::d1::task_group_context&, tbb::detail::d1::wait_context&, tbb::detail::d1::task_group_context&)'
/usr/bin/ld: mesh_surface_intersection.cpp:(.text+0x4fc9): undefined reference to `tbb::detail::r1::destroy(tbb::detail::d1::task_group_context&)'
/usr/bin/ld: CMakeFiles/geogram.dir/mesh/mesh_surface_intersection.cpp.o: in function `tbb::detail::d1::start_for<tbb::detail::d1::blocked_range<long>, __pstl::__tbb_backend::__merge_func<__gnu_cxx::__normal_iterator<GEO::IsectInfo*, std::vector<GEO::IsectInfo, GEO::Memory::aligned_allocator<GEO::IsectInfo, 64> > >, GEO::IsectInfo*, GEO::MeshSurfaceIntersection::intersect_remesh_intersections(GEO::vector<GEO::IsectInfo>&)::{lambda(GEO::IsectInfo const&, GEO::IsectInfo const&)#1}, __pstl::__utils::__serial_destroy, __pstl::__utils::__serial_move_merge>::__cleanup_range::operator()<GEO::IsectInfo*>(GEO::IsectInfo*, GEO::IsectInfo*)::{lambda(tbb::detail::d1::blocked_range<long> const&)#1}, tbb::detail::d1::auto_partitioner const>::execute(tbb::detail::d1::execution_data&)':
mesh_surface_intersection.cpp:(.text+0x50a9): undefined reference to `tbb::detail::r1::allocate(tbb::detail::d1::small_object_pool*&, unsigned long, tbb::detail::d1::execution_data const&)'
/usr/bin/ld: mesh_surface_intersection.cpp:(.text+0x5149): undefined reference to `tbb::detail::r1::allocate(tbb::detail::d1::small_object_pool*&, unsigned long, tbb::detail::d1::execution_data const&)'
/usr/bin/ld: mesh_surface_intersection.cpp:(.text+0x5179): undefined reference to `tbb::detail::r1::spawn(tbb::detail::d1::task&, tbb::detail::d1::task_group_context&)'
/usr/bin/ld: mesh_surface_intersection.cpp:(.text+0x51d9): undefined reference to `tbb::detail::r1::deallocate(tbb::detail::d1::small_object_pool&, void*, unsigned long, tbb::detail::d1::execution_data const&)'
/usr/bin/ld: mesh_surface_intersection.cpp:(.text+0x5200): undefined reference to `tbb::detail::r1::deallocate(tbb::detail::d1::small_object_pool&, void*, unsigned long, tbb::detail::d1::execution_data const&)'
/usr/bin/ld: mesh_surface_intersection.cpp:(.text+0x53b9): undefined reference to `tbb::detail::r1::is_group_execution_cancelled(tbb::detail::d1::task_group_context&)'
/usr/bin/ld: mesh_surface_intersection.cpp:(.text+0x53e4): undefined reference to `tbb::detail::r1::execution_slot(tbb::detail::d1::execution_data const*)'
/usr/bin/ld: mesh_surface_intersection.cpp:(.text+0x53f5): undefined reference to `tbb::detail::r1::execution_slot(tbb::detail::d1::execution_data const*)'
/usr/bin/ld: mesh_surface_intersection.cpp:(.text+0x5410): undefined reference to `tbb::detail::r1::execution_slot(tbb::detail::d1::execution_data const*)'
/usr/bin/ld: mesh_surface_intersection.cpp:(.text+0x5461): undefined reference to `tbb::detail::r1::notify_waiters(unsigned long)'
/usr/bin/ld: mesh_surface_intersection.cpp:(.text+0x54a8): undefined reference to `tbb::detail::r1::allocate(tbb::detail::d1::small_object_pool*&, unsigned long, tbb::detail::d1::execution_data const&)'
/usr/bin/ld: mesh_surface_intersection.cpp:(.text+0x5538): undefined reference to `tbb::detail::r1::allocate(tbb::detail::d1::small_object_pool*&, unsigned long, tbb::detail::d1::execution_data const&)'
/usr/bin/ld: mesh_surface_intersection.cpp:(.text+0x5567): undefined reference to `tbb::detail::r1::spawn(tbb::detail::d1::task&, tbb::detail::d1::task_group_context&)'
/usr/bin/ld: CMakeFiles/geogram.dir/mesh/mesh_surface_intersection.cpp.o: in function `tbb::detail::d1::start_for<tbb::detail::d1::blocked_range<long>, __pstl::__tbb_backend::__merge_func<__gnu_cxx::__normal_iterator<unsigned int*, std::vector<unsigned int, GEO::Memory::aligned_allocator<unsigned int, 64> > >, unsigned int*, GEO::MeshSurfaceIntersection::RadialBundles::initialize()::{lambda(unsigned int, unsigned int)#1}, __pstl::__utils::__serial_destroy, __pstl::__utils::__serial_move_merge>::__cleanup_range::operator()<unsigned int*>(unsigned int*, unsigned int*)::{lambda(tbb::detail::d1::blocked_range<long> const&)#1}, tbb::detail::d1::auto_partitioner const>::execute(tbb::detail::d1::execution_data&)':
mesh_surface_intersection.cpp:(.text+0x5659): undefined reference to `tbb::detail::r1::allocate(tbb::detail::d1::small_object_pool*&, unsigned long, tbb::detail::d1::execution_data const&)'
/usr/bin/ld: mesh_surface_intersection.cpp:(.text+0x56f9): undefined reference to `tbb::detail::r1::allocate(tbb::detail::d1::small_object_pool*&, unsigned long, tbb::detail::d1::execution_data const&)'
/usr/bin/ld: mesh_surface_intersection.cpp:(.text+0x5729): undefined reference to `tbb::detail::r1::spawn(tbb::detail::d1::task&, tbb::detail::d1::task_group_context&)'
/usr/bin/ld: mesh_surface_intersection.cpp:(.text+0x5789): undefined reference to `tbb::detail::r1::deallocate(tbb::detail::d1::small_object_pool&, void*, unsigned long, tbb::detail::d1::execution_data const&)'
/usr/bin/ld: mesh_surface_intersection.cpp:(.text+0x57b0): undefined reference to `tbb::detail::r1::deallocate(tbb::detail::d1::small_object_pool&, void*, unsigned long, tbb::detail::d1::execution_data const&)'
/usr/bin/ld: mesh_surface_intersection.cpp:(.text+0x5969): undefined reference to `tbb::detail::r1::is_group_execution_cancelled(tbb::detail::d1::task_group_context&)'
/usr/bin/ld: mesh_surface_intersection.cpp:(.text+0x5994): undefined reference to `tbb::detail::r1::execution_slot(tbb::detail::d1::execution_data const*)'
/usr/bin/ld: mesh_surface_intersection.cpp:(.text+0x59a5): undefined reference to `tbb::detail::r1::execution_slot(tbb::detail::d1::execution_data const*)'
/usr/bin/ld: mesh_surface_intersection.cpp:(.text+0x59c0): undefined reference to `tbb::detail::r1::execution_slot(tbb::detail::d1::execution_data const*)'
/usr/bin/ld: mesh_surface_intersection.cpp:(.text+0x5a11): undefined reference to `tbb::detail::r1::notify_waiters(unsigned long)'
/usr/bin/ld: mesh_surface_intersection.cpp:(.text+0x5a58): undefined reference to `tbb::detail::r1::allocate(tbb::detail::d1::small_object_pool*&, unsigned long, tbb::detail::d1::execution_data const&)'
/usr/bin/ld: mesh_surface_intersection.cpp:(.text+0x5ae8): undefined reference to `tbb::detail::r1::allocate(tbb::detail::d1::small_object_pool*&, unsigned long, tbb::detail::d1::execution_data const&)'
/usr/bin/ld: mesh_surface_intersection.cpp:(.text+0x5b17): undefined reference to `tbb::detail::r1::spawn(tbb::detail::d1::task&, tbb::detail::d1::task_group_context&)'
/usr/bin/ld: CMakeFiles/geogram.dir/mesh/mesh_surface_intersection.cpp.o: in function `tbb::detail::d1::start_for<tbb::detail::d1::blocked_range<long>, __pstl::__tbb_backend::__merge_func<__gnu_cxx::__normal_iterator<unsigned int*, std::vector<unsigned int, GEO::Memory::aligned_allocator<unsigned int, 64> > >, unsigned int*, GEO::MeshSurfaceIntersection::RadialBundles::initialize()::{lambda(unsigned int, unsigned int)#1}, __pstl::__utils::__serial_destroy, __pstl::__utils::__serial_move_merge>::__move_range_construct::operator()<__gnu_cxx::__normal_iterator<unsigned int*, std::vector<unsigned int, GEO::Memory::aligned_allocator<unsigned int, 64> > >, unsigned int*>(__gnu_cxx::__normal_iterator<unsigned int*, std::vector<unsigned int, GEO::Memory::aligned_allocator<unsigned int, 64> > >, __gnu_cxx::__normal_iterator<unsigned int*, std::vector<unsigned int, GEO::Memory::aligned_allocator<unsigned int, 64> > >, unsigned int*)::{lambda(tbb::detail::d1::blocked_range<long> const&)#1}, tbb::detail::d1::auto_partitioner const>::execute(tbb::detail::d1::execution_data&)':
mesh_surface_intersection.cpp:(.text+0x5c0d): undefined reference to `tbb::detail::r1::allocate(tbb::detail::d1::small_object_pool*&, unsigned long, tbb::detail::d1::execution_data const&)'
/usr/bin/ld: mesh_surface_intersection.cpp:(.text+0x5cab): undefined reference to `tbb::detail::r1::allocate(tbb::detail::d1::small_object_pool*&, unsigned long, tbb::detail::d1::execution_data const&)'
/usr/bin/ld: mesh_surface_intersection.cpp:(.text+0x5cda): undefined reference to `tbb::detail::r1::spawn(tbb::detail::d1::task&, tbb::detail::d1::task_group_context&)'
/usr/bin/ld: mesh_surface_intersection.cpp:(.text+0x5e11): undefined reference to `tbb::detail::r1::deallocate(tbb::detail::d1::small_object_pool&, void*, unsigned long, tbb::detail::d1::execution_data const&)'
/usr/bin/ld: mesh_surface_intersection.cpp:(.text+0x5e38): undefined reference to `tbb::detail::r1::deallocate(tbb::detail::d1::small_object_pool&, void*, unsigned long, tbb::detail::d1::execution_data const&)'
/usr/bin/ld: mesh_surface_intersection.cpp:(.text+0x60c8): undefined reference to `tbb::detail::r1::is_group_execution_cancelled(tbb::detail::d1::task_group_context&)'
/usr/bin/ld: mesh_surface_intersection.cpp:(.text+0x6124): undefined reference to `tbb::detail::r1::execution_slot(tbb::detail::d1::execution_data const*)'
/usr/bin/ld: mesh_surface_intersection.cpp:(.text+0x6135): undefined reference to `tbb::detail::r1::execution_slot(tbb::detail::d1::execution_data const*)'
/usr/bin/ld: mesh_surface_intersection.cpp:(.text+0x6150): undefined reference to `tbb::detail::r1::execution_slot(tbb::detail::d1::execution_data const*)'
/usr/bin/ld: mesh_surface_intersection.cpp:(.text+0x61a9): undefined reference to `tbb::detail::r1::notify_waiters(unsigned long)'
/usr/bin/ld: mesh_surface_intersection.cpp:(.text+0x61ea): undefined reference to `tbb::detail::r1::allocate(tbb::detail::d1::small_object_pool*&, unsigned long, tbb::detail::d1::execution_data const&)'
/usr/bin/ld: mesh_surface_intersection.cpp:(.text+0x6279): undefined reference to `tbb::detail::r1::allocate(tbb::detail::d1::small_object_pool*&, unsigned long, tbb::detail::d1::execution_data const&)'
/usr/bin/ld: mesh_surface_intersection.cpp:(.text+0x62a8): undefined reference to `tbb::detail::r1::spawn(tbb::detail::d1::task&, tbb::detail::d1::task_group_context&)'
/usr/bin/ld: CMakeFiles/geogram.dir/mesh/mesh_surface_intersection.cpp.o: in function `tbb::detail::d1::start_for<tbb::detail::d1::blocked_range<long>, __pstl::__tbb_backend::__merge_func<__gnu_cxx::__normal_iterator<GEO::IsectInfo*, std::vector<GEO::IsectInfo, GEO::Memory::aligned_allocator<GEO::IsectInfo, 64> > >, GEO::IsectInfo*, GEO::MeshSurfaceIntersection::intersect_remesh_intersections(GEO::vector<GEO::IsectInfo>&)::{lambda(GEO::IsectInfo const&, GEO::IsectInfo const&)#1}, __pstl::__utils::__serial_destroy, __pstl::__utils::__serial_move_merge>::__move_range_construct::operator()<__gnu_cxx::__normal_iterator<GEO::IsectInfo*, std::vector<GEO::IsectInfo, GEO::Memory::aligned_allocator<GEO::IsectInfo, 64> > >, GEO::IsectInfo*>(__gnu_cxx::__normal_iterator<GEO::IsectInfo*, std::vector<GEO::IsectInfo, GEO::Memory::aligned_allocator<GEO::IsectInfo, 64> > >, __gnu_cxx::__normal_iterator<GEO::IsectInfo*, std::vector<GEO::IsectInfo, GEO::Memory::aligned_allocator<GEO::IsectInfo, 64> > >, GEO::IsectInfo*)::{lambda(tbb::detail::d1::blocked_range<long> const&)#1}, tbb::detail::d1::auto_partitioner const>::execute(tbb::detail::d1::execution_data&)':
mesh_surface_intersection.cpp:(.text+0x6390): undefined reference to `tbb::detail::r1::allocate(tbb::detail::d1::small_object_pool*&, unsigned long, tbb::detail::d1::execution_data const&)'
/usr/bin/ld: mesh_surface_intersection.cpp:(.text+0x642c): undefined reference to `tbb::detail::r1::allocate(tbb::detail::d1::small_object_pool*&, unsigned long, tbb::detail::d1::execution_data const&)'
/usr/bin/ld: mesh_surface_intersection.cpp:(.text+0x645a): undefined reference to `tbb::detail::r1::spawn(tbb::detail::d1::task&, tbb::detail::d1::task_group_context&)'
/usr/bin/ld: mesh_surface_intersection.cpp:(.text+0x6509): undefined reference to `tbb::detail::r1::deallocate(tbb::detail::d1::small_object_pool&, void*, unsigned long, tbb::detail::d1::execution_data const&)'
/usr/bin/ld: mesh_surface_intersection.cpp:(.text+0x6530): undefined reference to `tbb::detail::r1::deallocate(tbb::detail::d1::small_object_pool&, void*, unsigned long, tbb::detail::d1::execution_data const&)'
/usr/bin/ld: mesh_surface_intersection.cpp:(.text+0x672f): undefined reference to `tbb::detail::r1::is_group_execution_cancelled(tbb::detail::d1::task_group_context&)'
/usr/bin/ld: mesh_surface_intersection.cpp:(.text+0x6774): undefined reference to `tbb::detail::r1::execution_slot(tbb::detail::d1::execution_data const*)'
/usr/bin/ld: mesh_surface_intersection.cpp:(.text+0x6785): undefined reference to `tbb::detail::r1::execution_slot(tbb::detail::d1::execution_data const*)'
/usr/bin/ld: mesh_surface_intersection.cpp:(.text+0x67a0): undefined reference to `tbb::detail::r1::execution_slot(tbb::detail::d1::execution_data const*)'
/usr/bin/ld: mesh_surface_intersection.cpp:(.text+0x67f9): undefined reference to `tbb::detail::r1::notify_waiters(unsigned long)'
/usr/bin/ld: mesh_surface_intersection.cpp:(.text+0x6840): undefined reference to `tbb::detail::r1::allocate(tbb::detail::d1::small_object_pool*&, unsigned long, tbb::detail::d1::execution_data const&)'
/usr/bin/ld: mesh_surface_intersection.cpp:(.text+0x68d7): undefined reference to `tbb::detail::r1::allocate(tbb::detail::d1::small_object_pool*&, unsigned long, tbb::detail::d1::execution_data const&)'
/usr/bin/ld: mesh_surface_intersection.cpp:(.text+0x6905): undefined reference to `tbb::detail::r1::spawn(tbb::detail::d1::task&, tbb::detail::d1::task_group_context&)'
/usr/bin/ld: CMakeFiles/geogram.dir/mesh/mesh_surface_intersection.cpp.o: in function `tbb::detail::d1::start_for<tbb::detail::d1::blocked_range<long>, __pstl::__tbb_backend::__merge_func<__gnu_cxx::__normal_iterator<unsigned int*, std::vector<unsigned int, GEO::Memory::aligned_allocator<unsigned int, 64> > >, unsigned int*, GEO::MeshSurfaceIntersection::RadialBundles::initialize()::{lambda(unsigned int, unsigned int)#1}, __pstl::__utils::__serial_destroy, __pstl::__utils::__serial_move_merge>::__move_range::operator()<unsigned int*, __gnu_cxx::__normal_iterator<unsigned int*, std::vector<unsigned int, GEO::Memory::aligned_allocator<unsigned int, 64> > > >(unsigned int*, unsigned int*, __gnu_cxx::__normal_iterator<unsigned int*, std::vector<unsigned int, GEO::Memory::aligned_allocator<unsigned int, 64> > >)::{lambda(tbb::detail::d1::blocked_range<long> const&)#1}, tbb::detail::d1::auto_partitioner const>::execute(tbb::detail::d1::execution_data&)':
mesh_surface_intersection.cpp:(.text+0x69ef): undefined reference to `tbb::detail::r1::allocate(tbb::detail::d1::small_object_pool*&, unsigned long, tbb::detail::d1::execution_data const&)'
/usr/bin/ld: mesh_surface_intersection.cpp:(.text+0x6a8d): undefined reference to `tbb::detail::r1::allocate(tbb::detail::d1::small_object_pool*&, unsigned long, tbb::detail::d1::execution_data const&)'
/usr/bin/ld: mesh_surface_intersection.cpp:(.text+0x6abc): undefined reference to `tbb::detail::r1::spawn(tbb::detail::d1::task&, tbb::detail::d1::task_group_context&)'
/usr/bin/ld: mesh_surface_intersection.cpp:(.text+0x6b61): undefined reference to `tbb::detail::r1::deallocate(tbb::detail::d1::small_object_pool&, void*, unsigned long, tbb::detail::d1::execution_data const&)'
/usr/bin/ld: mesh_surface_intersection.cpp:(.text+0x6b88): undefined reference to `tbb::detail::r1::deallocate(tbb::detail::d1::small_object_pool&, void*, unsigned long, tbb::detail::d1::execution_data const&)'
/usr/bin/ld: mesh_surface_intersection.cpp:(.text+0x6d78): undefined reference to `tbb::detail::r1::is_group_execution_cancelled(tbb::detail::d1::task_group_context&)'
/usr/bin/ld: mesh_surface_intersection.cpp:(.text+0x6db4): undefined reference to `tbb::detail::r1::execution_slot(tbb::detail::d1::execution_data const*)'
/usr/bin/ld: mesh_surface_intersection.cpp:(.text+0x6dc5): undefined reference to `tbb::detail::r1::execution_slot(tbb::detail::d1::execution_data const*)'
/usr/bin/ld: mesh_surface_intersection.cpp:(.text+0x6de0): undefined reference to `tbb::detail::r1::execution_slot(tbb::detail::d1::execution_data const*)'
/usr/bin/ld: mesh_surface_intersection.cpp:(.text+0x6e39): undefined reference to `tbb::detail::r1::notify_waiters(unsigned long)'
/usr/bin/ld: mesh_surface_intersection.cpp:(.text+0x6e80): undefined reference to `tbb::detail::r1::allocate(tbb::detail::d1::small_object_pool*&, unsigned long, tbb::detail::d1::execution_data const&)'
/usr/bin/ld: mesh_surface_intersection.cpp:(.text+0x6f15): undefined reference to `tbb::detail::r1::allocate(tbb::detail::d1::small_object_pool*&, unsigned long, tbb::detail::d1::execution_data const&)'
/usr/bin/ld: mesh_surface_intersection.cpp:(.text+0x6f44): undefined reference to `tbb::detail::r1::spawn(tbb::detail::d1::task&, tbb::detail::d1::task_group_context&)'
/usr/bin/ld: CMakeFiles/geogram.dir/mesh/mesh_surface_intersection.cpp.o: in function `__pstl::__tbb_backend::__merge_func<__gnu_cxx::__normal_iterator<unsigned int*, std::vector<unsigned int, GEO::Memory::aligned_allocator<unsigned int, 64> > >, unsigned int*, GEO::MeshSurfaceIntersection::RadialBundles::initialize()::{lambda(unsigned int, unsigned int)#1}, __pstl::__utils::__serial_destroy, __pstl::__utils::__serial_move_merge>::merge_ranges(__pstl::__tbb_backend::__task*)':
mesh_surface_intersection.cpp:(.text+0x7b75): undefined reference to `tbb::detail::r1::allocate(tbb::detail::d1::small_object_pool*&, unsigned long, tbb::detail::d1::execution_data const&)'
/usr/bin/ld: mesh_surface_intersection.cpp:(.text+0x7c30): undefined reference to `tbb::detail::r1::spawn(tbb::detail::d1::task&, tbb::detail::d1::task_group_context&)'
/usr/bin/ld: mesh_surface_intersection.cpp:(.text+0x7caa): undefined reference to `tbb::detail::r1::initialize(tbb::detail::d1::task_group_context&)'
/usr/bin/ld: mesh_surface_intersection.cpp:(.text+0x7cc2): undefined reference to `tbb::detail::r1::allocate(tbb::detail::d1::small_object_pool*&, unsigned long)'
/usr/bin/ld: mesh_surface_intersection.cpp:(.text+0x7d15): undefined reference to `tbb::detail::r1::max_concurrency(tbb::detail::d1::task_arena_base const*)'
/usr/bin/ld: mesh_surface_intersection.cpp:(.text+0x7d8c): undefined reference to `tbb::detail::r1::execute_and_wait(tbb::detail::d1::task&, tbb::detail::d1::task_group_context&, tbb::detail::d1::wait_context&, tbb::detail::d1::task_group_context&)'
/usr/bin/ld: mesh_surface_intersection.cpp:(.text+0x7d94): undefined reference to `tbb::detail::r1::destroy(tbb::detail::d1::task_group_context&)'
/usr/bin/ld: mesh_surface_intersection.cpp:(.text+0x7df6): undefined reference to `tbb::detail::r1::initialize(tbb::detail::d1::task_group_context&)'
/usr/bin/ld: mesh_surface_intersection.cpp:(.text+0x7e0e): undefined reference to `tbb::detail::r1::allocate(tbb::detail::d1::small_object_pool*&, unsigned long)'
/usr/bin/ld: mesh_surface_intersection.cpp:(.text+0x7e59): undefined reference to `tbb::detail::r1::max_concurrency(tbb::detail::d1::task_arena_base const*)'
/usr/bin/ld: mesh_surface_intersection.cpp:(.text+0x7ecf): undefined reference to `tbb::detail::r1::execute_and_wait(tbb::detail::d1::task&, tbb::detail::d1::task_group_context&, tbb::detail::d1::wait_context&, tbb::detail::d1::task_group_context&)'
/usr/bin/ld: mesh_surface_intersection.cpp:(.text+0x7ed7): undefined reference to `tbb::detail::r1::destroy(tbb::detail::d1::task_group_context&)'
/usr/bin/ld: mesh_surface_intersection.cpp:(.text+0x7f1e): undefined reference to `tbb::detail::r1::initialize(tbb::detail::d1::task_group_context&)'
/usr/bin/ld: mesh_surface_intersection.cpp:(.text+0x7f36): undefined reference to `tbb::detail::r1::allocate(tbb::detail::d1::small_object_pool*&, unsigned long)'
/usr/bin/ld: mesh_surface_intersection.cpp:(.text+0x7f82): undefined reference to `tbb::detail::r1::max_concurrency(tbb::detail::d1::task_arena_base const*)'
/usr/bin/ld: mesh_surface_intersection.cpp:(.text+0x7ff8): undefined reference to `tbb::detail::r1::execute_and_wait(tbb::detail::d1::task&, tbb::detail::d1::task_group_context&, tbb::detail::d1::wait_context&, tbb::detail::d1::task_group_context&)'
/usr/bin/ld: mesh_surface_intersection.cpp:(.text+0x8000): undefined reference to `tbb::detail::r1::destroy(tbb::detail::d1::task_group_context&)'
/usr/bin/ld: CMakeFiles/geogram.dir/mesh/mesh_surface_intersection.cpp.o: in function `__pstl::__tbb_backend::__func_task<__pstl::__tbb_backend::__merge_func<__gnu_cxx::__normal_iterator<unsigned int*, std::vector<unsigned int, GEO::Memory::aligned_allocator<unsigned int, 64> > >, unsigned int*, GEO::MeshSurfaceIntersection::RadialBundles::initialize()::{lambda(unsigned int, unsigned int)#1}, __pstl::__utils::__serial_destroy, __pstl::__utils::__serial_move_merge> >::execute(tbb::detail::d1::execution_data&)':
mesh_surface_intersection.cpp:(.text+0x83b7): undefined reference to `tbb::detail::r1::deallocate(tbb::detail::d1::small_object_pool&, void*, unsigned long, tbb::detail::d1::execution_data const&)'
/usr/bin/ld: CMakeFiles/geogram.dir/mesh/mesh_surface_intersection.cpp.o: in function `__pstl::__tbb_backend::__func_task<__pstl::__tbb_backend::__stable_sort_func<__gnu_cxx::__normal_iterator<unsigned int*, std::vector<unsigned int, GEO::Memory::aligned_allocator<unsigned int, 64> > >, unsigned int*, GEO::MeshSurfaceIntersection::RadialBundles::initialize()::{lambda(unsigned int, unsigned int)#1}, __pstl::__internal::__pattern_sort<__pstl::execution::v1::parallel_policy const&, __gnu_cxx::__normal_iterator<unsigned int*, std::vector<unsigned int, GEO::Memory::aligned_allocator<unsigned int, 64> > >, GEO::MeshSurfaceIntersection::RadialBundles::initialize()::{lambda(unsigned int, unsigned int)#1}, std::integral_constant<bool, false> >(__pstl::execution::v1::parallel_policy const&, __gnu_cxx::__normal_iterator<unsigned int*, std::vector<unsigned int, GEO::Memory::aligned_allocator<unsigned int, 64> > >, __gnu_cxx::__normal_iterator<unsigned int*, std::vector<unsigned int, GEO::Memory::aligned_allocator<unsigned int, 64> > >, GEO::MeshSurfaceIntersection::RadialBundles::initialize()::{lambda(unsigned int, unsigned int)#1}, std::integral_constant<bool, false>, std::integral_constant<bool, true>, std::integral_constant<bool, true>)::{lambda()#1}::operator()() const::{lambda(__gnu_cxx::__normal_iterator<unsigned int*, std::vector<unsigned int, GEO::Memory::aligned_allocator<unsigned int, 64> > >, __gnu_cxx::__normal_iterator<unsigned int*, std::vector<unsigned int, GEO::Memory::aligned_allocator<unsigned int, 64> > >, GEO::MeshSurfaceIntersection::RadialBundles::initialize()::{lambda(unsigned int, unsigned int)#1})#1}> >::execute(tbb::detail::d1::execution_data&)':
mesh_surface_intersection.cpp:(.text+0x8ce3): undefined reference to `tbb::detail::r1::allocate(tbb::detail::d1::small_object_pool*&, unsigned long, tbb::detail::d1::execution_data const&)'
/usr/bin/ld: mesh_surface_intersection.cpp:(.text+0x8e06): undefined reference to `tbb::detail::r1::allocate(tbb::detail::d1::small_object_pool*&, unsigned long, tbb::detail::d1::execution_data const&)'
/usr/bin/ld: mesh_surface_intersection.cpp:(.text+0x8e86): undefined reference to `tbb::detail::r1::spawn(tbb::detail::d1::task&, tbb::detail::d1::task_group_context&)'
/usr/bin/ld: mesh_surface_intersection.cpp:(.text+0x908c): undefined reference to `tbb::detail::r1::deallocate(tbb::detail::d1::small_object_pool&, void*, unsigned long, tbb::detail::d1::execution_data const&)'
/usr/bin/ld: CMakeFiles/geogram.dir/mesh/mesh_surface_intersection.cpp.o: in function `__pstl::__tbb_backend::__parallel_stable_sort<__pstl::execution::v1::parallel_policy const&, __gnu_cxx::__normal_iterator<unsigned int*, std::vector<unsigned int, GEO::Memory::aligned_allocator<unsigned int, 64> > >, GEO::MeshSurfaceIntersection::RadialBundles::initialize()::{lambda(unsigned int, unsigned int)#1}, __pstl::__internal::__pattern_sort<__pstl::execution::v1::parallel_policy const&, __gnu_cxx::__normal_iterator<unsigned int*, std::vector<unsigned int, GEO::Memory::aligned_allocator<unsigned int, 64> > >, GEO::MeshSurfaceIntersection::RadialBundles::initialize()::{lambda(unsigned int, unsigned int)#1}, std::integral_constant<bool, false> >(__pstl::execution::v1::parallel_policy const&, __gnu_cxx::__normal_iterator<unsigned int*, std::vector<unsigned int, GEO::Memory::aligned_allocator<unsigned int, 64> > >, __gnu_cxx::__normal_iterator<unsigned int*, std::vector<unsigned int, GEO::Memory::aligned_allocator<unsigned int, 64> > >, GEO::MeshSurfaceIntersection::RadialBundles::initialize()::{lambda(unsigned int, unsigned int)#1}, std::integral_constant<bool, false>, std::integral_constant<bool, true>, std::integral_constant<bool, true>)::{lambda()#1}::operator()() const::{lambda(__gnu_cxx::__normal_iterator<unsigned int*, std::vector<unsigned int, GEO::Memory::aligned_allocator<unsigned int, 64> > >, __gnu_cxx::__normal_iterator<unsigned int*, std::vector<unsigned int, GEO::Memory::aligned_allocator<unsigned int, 64> > >, GEO::MeshSurfaceIntersection::RadialBundles::initialize()::{lambda(unsigned int, unsigned int)#1})#1}>(__pstl::execution::v1::parallel_policy const&, __gnu_cxx::__normal_iterator<unsigned int*, std::vector<unsigned int, GEO::Memory::aligned_allocator<unsigned int, 64> > >, __gnu_cxx::__normal_iterator<unsigned int*, std::vector<unsigned int, GEO::Memory::aligned_allocator<unsigned int, 64> > >, GEO::MeshSurfaceIntersection::RadialBundles::initialize()::{lambda(unsigned int, unsigned int)#1}, __pstl::__internal::__pattern_sort<__pstl::execution::v1::parallel_policy const&, __gnu_cxx::__normal_iterator<unsigned int*, std::vector<unsigned int, GEO::Memory::aligned_allocator<unsigned int, 64> > >, GEO::MeshSurfaceIntersection::RadialBundles::initialize()::{lambda(unsigned int, unsigned int)#1}, std::integral_constant<bool, false> >(__pstl::execution::v1::parallel_policy const&, __gnu_cxx::__normal_iterator<unsigned int*, std::vector<unsigned int, GEO::Memory::aligned_allocator<unsigned int, 64> > >, __gnu_cxx::__normal_iterator<unsigned int*, std::vector<unsigned int, GEO::Memory::aligned_allocator<unsigned int, 64> > >, GEO::MeshSurfaceIntersection::RadialBundles::initialize()::{lambda(unsigned int, unsigned int)#1}, std::integral_constant<bool, false>, std::integral_constant<bool, true>, std::integral_constant<bool, true>)::{lambda()#1}::operator()() const::{lambda(__gnu_cxx::__normal_iterator<unsigned int*, std::vector<unsigned int, GEO::Memory::aligned_allocator<unsigned int, 64> > >, __gnu_cxx::__normal_iterator<unsigned int*, std::vector<unsigned int, GEO::Memory::aligned_allocator<unsigned int, 64> > >, GEO::MeshSurfaceIntersection::RadialBundles::initialize()::{lambda(unsigned int, unsigned int)#1})#1}, unsigned long)::{lambda()#1}::operator()() const':
mesh_surface_intersection.cpp:(.text+0x9323): undefined reference to `tbb::detail::r1::allocate_memory(unsigned long)'
/usr/bin/ld: mesh_surface_intersection.cpp:(.text+0x93b8): undefined reference to `tbb::detail::r1::initialize(tbb::detail::d1::task_group_context&)'
/usr/bin/ld: mesh_surface_intersection.cpp:(.text+0x93e9): undefined reference to `tbb::detail::r1::allocate(tbb::detail::d1::small_object_pool*&, unsigned long)'
/usr/bin/ld: mesh_surface_intersection.cpp:(.text+0x94a5): undefined reference to `tbb::detail::r1::execute_and_wait(tbb::detail::d1::task&, tbb::detail::d1::task_group_context&, tbb::detail::d1::wait_context&, tbb::detail::d1::task_group_context&)'
/usr/bin/ld: mesh_surface_intersection.cpp:(.text+0x94b2): undefined reference to `tbb::detail::r1::destroy(tbb::detail::d1::task_group_context&)'
/usr/bin/ld: mesh_surface_intersection.cpp:(.text+0x94ba): undefined reference to `tbb::detail::r1::deallocate_memory(void*)'
/usr/bin/ld: CMakeFiles/geogram.dir/mesh/mesh_surface_intersection.cpp.o: in function `__pstl::__tbb_backend::__merge_func<__gnu_cxx::__normal_iterator<GEO::IsectInfo*, std::vector<GEO::IsectInfo, GEO::Memory::aligned_allocator<GEO::IsectInfo, 64> > >, GEO::IsectInfo*, GEO::MeshSurfaceIntersection::intersect_remesh_intersections(GEO::vector<GEO::IsectInfo>&)::{lambda(GEO::IsectInfo const&, GEO::IsectInfo const&)#1}, __pstl::__utils::__serial_destroy, __pstl::__utils::__serial_move_merge>::merge_ranges(__pstl::__tbb_backend::__task*)':
mesh_surface_intersection.cpp:(.text+0x9a17): undefined reference to `tbb::detail::r1::allocate(tbb::detail::d1::small_object_pool*&, unsigned long, tbb::detail::d1::execution_data const&)'
/usr/bin/ld: mesh_surface_intersection.cpp:(.text+0x9acc): undefined reference to `tbb::detail::r1::spawn(tbb::detail::d1::task&, tbb::detail::d1::task_group_context&)'
/usr/bin/ld: mesh_surface_intersection.cpp:(.text+0x9c08): undefined reference to `tbb::detail::r1::initialize(tbb::detail::d1::task_group_context&)'
/usr/bin/ld: mesh_surface_intersection.cpp:(.text+0x9c20): undefined reference to `tbb::detail::r1::allocate(tbb::detail::d1::small_object_pool*&, unsigned long)'
/usr/bin/ld: mesh_surface_intersection.cpp:(.text+0x9c73): undefined reference to `tbb::detail::r1::max_concurrency(tbb::detail::d1::task_arena_base const*)'
/usr/bin/ld: mesh_surface_intersection.cpp:(.text+0x9cdd): undefined reference to `tbb::detail::r1::execute_and_wait(tbb::detail::d1::task&, tbb::detail::d1::task_group_context&, tbb::detail::d1::wait_context&, tbb::detail::d1::task_group_context&)'
/usr/bin/ld: mesh_surface_intersection.cpp:(.text+0x9ce5): undefined reference to `tbb::detail::r1::destroy(tbb::detail::d1::task_group_context&)'
/usr/bin/ld: mesh_surface_intersection.cpp:(.text+0x9d46): undefined reference to `tbb::detail::r1::initialize(tbb::detail::d1::task_group_context&)'
/usr/bin/ld: mesh_surface_intersection.cpp:(.text+0x9d5e): undefined reference to `tbb::detail::r1::allocate(tbb::detail::d1::small_object_pool*&, unsigned long)'
/usr/bin/ld: mesh_surface_intersection.cpp:(.text+0x9db8): undefined reference to `tbb::detail::r1::max_concurrency(tbb::detail::d1::task_arena_base const*)'
/usr/bin/ld: mesh_surface_intersection.cpp:(.text+0x9e1d): undefined reference to `tbb::detail::r1::execute_and_wait(tbb::detail::d1::task&, tbb::detail::d1::task_group_context&, tbb::detail::d1::wait_context&, tbb::detail::d1::task_group_context&)'
/usr/bin/ld: mesh_surface_intersection.cpp:(.text+0x9e25): undefined reference to `tbb::detail::r1::destroy(tbb::detail::d1::task_group_context&)'
/usr/bin/ld: mesh_surface_intersection.cpp:(.text+0x9e66): undefined reference to `tbb::detail::r1::initialize(tbb::detail::d1::task_group_context&)'
/usr/bin/ld: mesh_surface_intersection.cpp:(.text+0x9e7e): undefined reference to `tbb::detail::r1::allocate(tbb::detail::d1::small_object_pool*&, unsigned long)'
/usr/bin/ld: mesh_surface_intersection.cpp:(.text+0x9ed7): undefined reference to `tbb::detail::r1::max_concurrency(tbb::detail::d1::task_arena_base const*)'
/usr/bin/ld: mesh_surface_intersection.cpp:(.text+0x9f3e): undefined reference to `tbb::detail::r1::execute_and_wait(tbb::detail::d1::task&, tbb::detail::d1::task_group_context&, tbb::detail::d1::wait_context&, tbb::detail::d1::task_group_context&)'
/usr/bin/ld: mesh_surface_intersection.cpp:(.text+0x9f46): undefined reference to `tbb::detail::r1::destroy(tbb::detail::d1::task_group_context&)'
/usr/bin/ld: CMakeFiles/geogram.dir/mesh/mesh_surface_intersection.cpp.o: in function `__pstl::__tbb_backend::__func_task<__pstl::__tbb_backend::__merge_func<__gnu_cxx::__normal_iterator<GEO::IsectInfo*, std::vector<GEO::IsectInfo, GEO::Memory::aligned_allocator<GEO::IsectInfo, 64> > >, GEO::IsectInfo*, GEO::MeshSurfaceIntersection::intersect_remesh_intersections(GEO::vector<GEO::IsectInfo>&)::{lambda(GEO::IsectInfo const&, GEO::IsectInfo const&)#1}, __pstl::__utils::__serial_destroy, __pstl::__utils::__serial_move_merge> >::execute(tbb::detail::d1::execution_data&)':
mesh_surface_intersection.cpp:(.text+0xa15c): undefined reference to `tbb::detail::r1::deallocate(tbb::detail::d1::small_object_pool&, void*, unsigned long, tbb::detail::d1::execution_data const&)'
/usr/bin/ld: CMakeFiles/geogram.dir/mesh/mesh_surface_intersection.cpp.o: in function `GEO::MeshSurfaceIntersection::intersect_remesh_intersections(GEO::vector<GEO::IsectInfo>&)':
mesh_surface_intersection.cpp:(.text+0xd2ca): undefined reference to `tbb::detail::r1::isolate_within_arena(tbb::detail::d1::delegate_base&, long)'
/usr/bin/ld: CMakeFiles/geogram.dir/mesh/mesh_surface_intersection.cpp.o: in function `GEO::MeshSurfaceIntersection::RadialBundles::initialize()':
mesh_surface_intersection.cpp:(.text+0x1087d): undefined reference to `tbb::detail::r1::isolate_within_arena(tbb::detail::d1::delegate_base&, long)'
/usr/bin/ld: CMakeFiles/geogram.dir/mesh/mesh_surface_intersection.cpp.o: in function `__gnu_cxx::__normal_iterator<unsigned int*, std::vector<unsigned int, GEO::Memory::aligned_allocator<unsigned int, 64> > > __pstl::__tbb_backend::__merge_func<__gnu_cxx::__normal_iterator<unsigned int*, std::vector<unsigned int, GEO::Memory::aligned_allocator<unsigned int, 64> > >, unsigned int*, GEO::MeshSurfaceIntersection::RadialBundles::initialize()::{lambda(unsigned int, unsigned int)#1}, __pstl::__utils::__serial_destroy, __pstl::__utils::__serial_move_merge>::__move_range::operator()<unsigned int*, __gnu_cxx::__normal_iterator<unsigned int*, std::vector<unsigned int, GEO::Memory::aligned_allocator<unsigned int, 64> > > >(unsigned int*, unsigned int*, __gnu_cxx::__normal_iterator<unsigned int*, std::vector<unsigned int, GEO::Memory::aligned_allocator<unsigned int, 64> > >) [clone .constprop.0] [clone .cold]':
mesh_surface_intersection.cpp:(.text.unlikely+0x36): undefined reference to `tbb::detail::r1::destroy(tbb::detail::d1::task_group_context&)'
/usr/bin/ld: CMakeFiles/geogram.dir/mesh/mesh_surface_intersection.cpp.o: in function `unsigned int* __pstl::__tbb_backend::__merge_func<__gnu_cxx::__normal_iterator<unsigned int*, std::vector<unsigned int, GEO::Memory::aligned_allocator<unsigned int, 64> > >, unsigned int*, GEO::MeshSurfaceIntersection::RadialBundles::initialize()::{lambda(unsigned int, unsigned int)#1}, __pstl::__utils::__serial_destroy, __pstl::__utils::__serial_move_merge>::__move_range_construct::operator()<__gnu_cxx::__normal_iterator<unsigned int*, std::vector<unsigned int, GEO::Memory::aligned_allocator<unsigned int, 64> > >, unsigned int*>(__gnu_cxx::__normal_iterator<unsigned int*, std::vector<unsigned int, GEO::Memory::aligned_allocator<unsigned int, 64> > >, __gnu_cxx::__normal_iterator<unsigned int*, std::vector<unsigned int, GEO::Memory::aligned_allocator<unsigned int, 64> > >, unsigned int*) [clone .constprop.0] [clone .cold]':
mesh_surface_intersection.cpp:(.text.unlikely+0x46): undefined reference to `tbb::detail::r1::destroy(tbb::detail::d1::task_group_context&)'
/usr/bin/ld: CMakeFiles/geogram.dir/mesh/mesh_surface_intersection.cpp.o: in function `__gnu_cxx::__normal_iterator<GEO::IsectInfo*, std::vector<GEO::IsectInfo, GEO::Memory::aligned_allocator<GEO::IsectInfo, 64> > > __pstl::__tbb_backend::__merge_func<__gnu_cxx::__normal_iterator<GEO::IsectInfo*, std::vector<GEO::IsectInfo, GEO::Memory::aligned_allocator<GEO::IsectInfo, 64> > >, GEO::IsectInfo*, GEO::MeshSurfaceIntersection::intersect_remesh_intersections(GEO::vector<GEO::IsectInfo>&)::{lambda(GEO::IsectInfo const&, GEO::IsectInfo const&)#1}, __pstl::__utils::__serial_destroy, __pstl::__utils::__serial_move_merge>::__move_range::operator()<GEO::IsectInfo*, __gnu_cxx::__normal_iterator<GEO::IsectInfo*, std::vector<GEO::IsectInfo, GEO::Memory::aligned_allocator<GEO::IsectInfo, 64> > > >(GEO::IsectInfo*, GEO::IsectInfo*, __gnu_cxx::__normal_iterator<GEO::IsectInfo*, std::vector<GEO::IsectInfo, GEO::Memory::aligned_allocator<GEO::IsectInfo, 64> > >) [clone .constprop.0] [clone .cold]':
mesh_surface_intersection.cpp:(.text.unlikely+0x56): undefined reference to `tbb::detail::r1::destroy(tbb::detail::d1::task_group_context&)'
/usr/bin/ld: CMakeFiles/geogram.dir/mesh/mesh_surface_intersection.cpp.o: in function `GEO::IsectInfo* __pstl::__tbb_backend::__merge_func<__gnu_cxx::__normal_iterator<GEO::IsectInfo*, std::vector<GEO::IsectInfo, GEO::Memory::aligned_allocator<GEO::IsectInfo, 64> > >, GEO::IsectInfo*, GEO::MeshSurfaceIntersection::intersect_remesh_intersections(GEO::vector<GEO::IsectInfo>&)::{lambda(GEO::IsectInfo const&, GEO::IsectInfo const&)#1}, __pstl::__utils::__serial_destroy, __pstl::__utils::__serial_move_merge>::__move_range_construct::operator()<__gnu_cxx::__normal_iterator<GEO::IsectInfo*, std::vector<GEO::IsectInfo, GEO::Memory::aligned_allocator<GEO::IsectInfo, 64> > >, GEO::IsectInfo*>(__gnu_cxx::__normal_iterator<GEO::IsectInfo*, std::vector<GEO::IsectInfo, GEO::Memory::aligned_allocator<GEO::IsectInfo, 64> > >, __gnu_cxx::__normal_iterator<GEO::IsectInfo*, std::vector<GEO::IsectInfo, GEO::Memory::aligned_allocator<GEO::IsectInfo, 64> > >, GEO::IsectInfo*) [clone .constprop.0] [clone .cold]':
mesh_surface_intersection.cpp:(.text.unlikely+0x66): undefined reference to `tbb::detail::r1::destroy(tbb::detail::d1::task_group_context&)'
/usr/bin/ld: CMakeFiles/geogram.dir/mesh/mesh_surface_intersection.cpp.o: in function `__pstl::__tbb_backend::__parallel_stable_sort<__pstl::execution::v1::parallel_policy const&, __gnu_cxx::__normal_iterator<GEO::IsectInfo*, std::vector<GEO::IsectInfo, GEO::Memory::aligned_allocator<GEO::IsectInfo, 64> > >, GEO::MeshSurfaceIntersection::intersect_remesh_intersections(GEO::vector<GEO::IsectInfo>&)::{lambda(GEO::IsectInfo const&, GEO::IsectInfo const&)#1}, __pstl::__internal::__pattern_sort<__pstl::execution::v1::parallel_policy const&, __gnu_cxx::__normal_iterator<GEO::IsectInfo*, std::vector<GEO::IsectInfo, GEO::Memory::aligned_allocator<GEO::IsectInfo, 64> > >, GEO::MeshSurfaceIntersection::intersect_remesh_intersections(GEO::vector<GEO::IsectInfo>&)::{lambda(GEO::IsectInfo const&, GEO::IsectInfo const&)#1}, std::integral_constant<bool, false> >(__pstl::execution::v1::parallel_policy const&, __gnu_cxx::__normal_iterator<GEO::IsectInfo*, std::vector<GEO::IsectInfo, GEO::Memory::aligned_allocator<GEO::IsectInfo, 64> > >, __gnu_cxx::__normal_iterator<GEO::IsectInfo*, std::vector<GEO::IsectInfo, GEO::Memory::aligned_allocator<GEO::IsectInfo, 64> > >, GEO::MeshSurfaceIntersection::intersect_remesh_intersections(GEO::vector<GEO::IsectInfo>&)::{lambda(GEO::IsectInfo const&, GEO::IsectInfo const&)#1}, std::integral_constant<bool, false>, std::integral_constant<bool, true>, std::integral_constant<bool, true>)::{lambda()#1}::operator()() const::{lambda(__gnu_cxx::__normal_iterator<GEO::IsectInfo*, std::vector<GEO::IsectInfo, GEO::Memory::aligned_allocator<GEO::IsectInfo, 64> > >, __gnu_cxx::__normal_iterator<GEO::IsectInfo*, std::vector<GEO::IsectInfo, GEO::Memory::aligned_allocator<GEO::IsectInfo, 64> > >, GEO::MeshSurfaceIntersection::intersect_remesh_intersections(GEO::vector<GEO::IsectInfo>&)::{lambda(GEO::IsectInfo const&, GEO::IsectInfo const&)#1})#1}>(__pstl::execution::v1::parallel_policy const&, __gnu_cxx::__normal_iterator<GEO::IsectInfo*, std::vector<GEO::IsectInfo, GEO::Memory::aligned_allocator<GEO::IsectInfo, 64> > >, __gnu_cxx::__normal_iterator<GEO::IsectInfo*, std::vector<GEO::IsectInfo, GEO::Memory::aligned_allocator<GEO::IsectInfo, 64> > >, GEO::MeshSurfaceIntersection::intersect_remesh_intersections(GEO::vector<GEO::IsectInfo>&)::{lambda(GEO::IsectInfo const&, GEO::IsectInfo const&)#1}, __pstl::__internal::__pattern_sort<__pstl::execution::v1::parallel_policy const&, __gnu_cxx::__normal_iterator<GEO::IsectInfo*, std::vector<GEO::IsectInfo, GEO::Memory::aligned_allocator<GEO::IsectInfo, 64> > >, GEO::MeshSurfaceIntersection::intersect_remesh_intersections(GEO::vector<GEO::IsectInfo>&)::{lambda(GEO::IsectInfo const&, GEO::IsectInfo const&)#1}, std::integral_constant<bool, false> >(__pstl::execution::v1::parallel_policy const&, __gnu_cxx::__normal_iterator<GEO::IsectInfo*, std::vector<GEO::IsectInfo, GEO::Memory::aligned_allocator<GEO::IsectInfo, 64> > >, __gnu_cxx::__normal_iterator<GEO::IsectInfo*, std::vector<GEO::IsectInfo, GEO::Memory::aligned_allocator<GEO::IsectInfo, 64> > >, GEO::MeshSurfaceIntersection::intersect_remesh_intersections(GEO::vector<GEO::IsectInfo>&)::{lambda(GEO::IsectInfo const&, GEO::IsectInfo const&)#1}, std::integral_constant<bool, false>, std::integral_constant<bool, true>, std::integral_constant<bool, true>)::{lambda()#1}::operator()() const::{lambda(__gnu_cxx::__normal_iterator<GEO::IsectInfo*, std::vector<GEO::IsectInfo, GEO::Memory::aligned_allocator<GEO::IsectInfo, 64> > >, __gnu_cxx::__normal_iterator<GEO::IsectInfo*, std::vector<GEO::IsectInfo, GEO::Memory::aligned_allocator<GEO::IsectInfo, 64> > >, GEO::MeshSurfaceIntersection::intersect_remesh_intersections(GEO::vector<GEO::IsectInfo>&)::{lambda(GEO::IsectInfo const&, GEO::IsectInfo const&)#1})#1}, unsigned long)::{lambda()#1}::operator()() const [clone .cold]':
mesh_surface_intersection.cpp:(.text.unlikely+0xd0): undefined reference to `tbb::detail::r1::destroy(tbb::detail::d1::task_group_context&)'
/usr/bin/ld: mesh_surface_intersection.cpp:(.text.unlikely+0xd8): undefined reference to `tbb::detail::r1::deallocate_memory(void*)'
/usr/bin/ld: mesh_surface_intersection.cpp:(.text.unlikely+0xef): undefined reference to `tbb::detail::r1::destroy(tbb::detail::d1::task_group_context&)'
/usr/bin/ld: CMakeFiles/geogram.dir/mesh/mesh_surface_intersection.cpp.o: in function `__pstl::__tbb_backend::__merge_func<__gnu_cxx::__normal_iterator<unsigned int*, std::vector<unsigned int, GEO::Memory::aligned_allocator<unsigned int, 64> > >, unsigned int*, GEO::MeshSurfaceIntersection::RadialBundles::initialize()::{lambda(unsigned int, unsigned int)#1}, __pstl::__utils::__serial_destroy, __pstl::__utils::__serial_move_merge>::move_x_range() [clone .cold]':
mesh_surface_intersection.cpp:(.text.unlikely+0x106): undefined reference to `tbb::detail::r1::destroy(tbb::detail::d1::task_group_context&)'
/usr/bin/ld: mesh_surface_intersection.cpp:(.text.unlikely+0x116): undefined reference to `tbb::detail::r1::destroy(tbb::detail::d1::task_group_context&)'
/usr/bin/ld: mesh_surface_intersection.cpp:(.text.unlikely+0x126): undefined reference to `tbb::detail::r1::destroy(tbb::detail::d1::task_group_context&)'
/usr/bin/ld: CMakeFiles/geogram.dir/mesh/mesh_surface_intersection.cpp.o: in function `__pstl::__tbb_backend::__merge_func<__gnu_cxx::__normal_iterator<GEO::IsectInfo*, std::vector<GEO::IsectInfo, GEO::Memory::aligned_allocator<GEO::IsectInfo, 64> > >, GEO::IsectInfo*, GEO::MeshSurfaceIntersection::intersect_remesh_intersections(GEO::vector<GEO::IsectInfo>&)::{lambda(GEO::IsectInfo const&, GEO::IsectInfo const&)#1}, __pstl::__utils::__serial_destroy, __pstl::__utils::__serial_move_merge>::move_x_range() [clone .cold]':
mesh_surface_intersection.cpp:(.text.unlikely+0x136): undefined reference to `tbb::detail::r1::destroy(tbb::detail::d1::task_group_context&)'
/usr/bin/ld: CMakeFiles/geogram.dir/mesh/mesh_surface_intersection.cpp.o:mesh_surface_intersection.cpp:(.text.unlikely+0x146): more undefined references to `tbb::detail::r1::destroy(tbb::detail::d1::task_group_context&)' follow
/usr/bin/ld: CMakeFiles/geogram.dir/mesh/mesh_surface_intersection.cpp.o: in function `__pstl::__tbb_backend::__parallel_stable_sort<__pstl::execution::v1::parallel_policy const&, __gnu_cxx::__normal_iterator<unsigned int*, std::vector<unsigned int, GEO::Memory::aligned_allocator<unsigned int, 64> > >, GEO::MeshSurfaceIntersection::RadialBundles::initialize()::{lambda(unsigned int, unsigned int)#1}, __pstl::__internal::__pattern_sort<__pstl::execution::v1::parallel_policy const&, __gnu_cxx::__normal_iterator<unsigned int*, std::vector<unsigned int, GEO::Memory::aligned_allocator<unsigned int, 64> > >, GEO::MeshSurfaceIntersection::RadialBundles::initialize()::{lambda(unsigned int, unsigned int)#1}, std::integral_constant<bool, false> >(__pstl::execution::v1::parallel_policy const&, __gnu_cxx::__normal_iterator<unsigned int*, std::vector<unsigned int, GEO::Memory::aligned_allocator<unsigned int, 64> > >, __gnu_cxx::__normal_iterator<unsigned int*, std::vector<unsigned int, GEO::Memory::aligned_allocator<unsigned int, 64> > >, GEO::MeshSurfaceIntersection::RadialBundles::initialize()::{lambda(unsigned int, unsigned int)#1}, std::integral_constant<bool, false>, std::integral_constant<bool, true>, std::integral_constant<bool, true>)::{lambda()#1}::operator()() const::{lambda(__gnu_cxx::__normal_iterator<unsigned int*, std::vector<unsigned int, GEO::Memory::aligned_allocator<unsigned int, 64> > >, __gnu_cxx::__normal_iterator<unsigned int*, std::vector<unsigned int, GEO::Memory::aligned_allocator<unsigned int, 64> > >, GEO::MeshSurfaceIntersection::RadialBundles::initialize()::{lambda(unsigned int, unsigned int)#1})#1}>(__pstl::execution::v1::parallel_policy const&, __gnu_cxx::__normal_iterator<unsigned int*, std::vector<unsigned int, GEO::Memory::aligned_allocator<unsigned int, 64> > >, __gnu_cxx::__normal_iterator<unsigned int*, std::vector<unsigned int, GEO::Memory::aligned_allocator<unsigned int, 64> > >, GEO::MeshSurfaceIntersection::RadialBundles::initialize()::{lambda(unsigned int, unsigned int)#1}, __pstl::__internal::__pattern_sort<__pstl::execution::v1::parallel_policy const&, __gnu_cxx::__normal_iterator<unsigned int*, std::vector<unsigned int, GEO::Memory::aligned_allocator<unsigned int, 64> > >, GEO::MeshSurfaceIntersection::RadialBundles::initialize()::{lambda(unsigned int, unsigned int)#1}, std::integral_constant<bool, false> >(__pstl::execution::v1::parallel_policy const&, __gnu_cxx::__normal_iterator<unsigned int*, std::vector<unsigned int, GEO::Memory::aligned_allocator<unsigned int, 64> > >, __gnu_cxx::__normal_iterator<unsigned int*, std::vector<unsigned int, GEO::Memory::aligned_allocator<unsigned int, 64> > >, GEO::MeshSurfaceIntersection::RadialBundles::initialize()::{lambda(unsigned int, unsigned int)#1}, std::integral_constant<bool, false>, std::integral_constant<bool, true>, std::integral_constant<bool, true>)::{lambda()#1}::operator()() const::{lambda(__gnu_cxx::__normal_iterator<unsigned int*, std::vector<unsigned int, GEO::Memory::aligned_allocator<unsigned int, 64> > >, __gnu_cxx::__normal_iterator<unsigned int*, std::vector<unsigned int, GEO::Memory::aligned_allocator<unsigned int, 64> > >, GEO::MeshSurfaceIntersection::RadialBundles::initialize()::{lambda(unsigned int, unsigned int)#1})#1}, unsigned long)::{lambda()#1}::operator()() const [clone .cold]':
mesh_surface_intersection.cpp:(.text.unlikely+0x1fe): undefined reference to `tbb::detail::r1::deallocate_memory(void*)'
/usr/bin/ld: mesh_surface_intersection.cpp:(.text.unlikely+0x213): undefined reference to `tbb::detail::r1::destroy(tbb::detail::d1::task_group_context&)'
/usr/bin/ld: CMakeFiles/geogram.dir/mesh/mesh_surface_intersection.cpp.o: in function `__pstl::__tbb_backend::__merge_func<__gnu_cxx::__normal_iterator<GEO::IsectInfo*, std::vector<GEO::IsectInfo, GEO::Memory::aligned_allocator<GEO::IsectInfo, 64> > >, GEO::IsectInfo*, GEO::MeshSurfaceIntersection::intersect_remesh_intersections(GEO::vector<GEO::IsectInfo>&)::{lambda(GEO::IsectInfo const&, GEO::IsectInfo const&)#1}, __pstl::__utils::__serial_destroy, __pstl::__utils::__serial_move_merge>::merge_ranges(__pstl::__tbb_backend::__task*) [clone .cold]':
mesh_surface_intersection.cpp:(.text.unlikely+0x21e): undefined reference to `tbb::detail::r1::destroy(tbb::detail::d1::task_group_context&)'
/usr/bin/ld: mesh_surface_intersection.cpp:(.text.unlikely+0x22e): undefined reference to `tbb::detail::r1::destroy(tbb::detail::d1::task_group_context&)'
/usr/bin/ld: mesh_surface_intersection.cpp:(.text.unlikely+0x23e): undefined reference to `tbb::detail::r1::destroy(tbb::detail::d1::task_group_context&)'
/usr/bin/ld: CMakeFiles/geogram.dir/points/co3ne.cpp.o: in function `__pstl::__tbb_backend::__root_task<__pstl::__tbb_backend::__stable_sort_func<__gnu_cxx::__normal_iterator<unsigned int*, std::vector<unsigned int, GEO::Memory::aligned_allocator<unsigned int, 64> > >, unsigned int*, (anonymous namespace)::CompareTriangles, __pstl::__internal::__pattern_sort<__pstl::execution::v1::parallel_policy const&, __gnu_cxx::__normal_iterator<unsigned int*, std::vector<unsigned int, GEO::Memory::aligned_allocator<unsigned int, 64> > >, (anonymous namespace)::CompareTriangles, std::integral_constant<bool, false> >(__pstl::execution::v1::parallel_policy const&, __gnu_cxx::__normal_iterator<unsigned int*, std::vector<unsigned int, GEO::Memory::aligned_allocator<unsigned int, 64> > >, __gnu_cxx::__normal_iterator<unsigned int*, std::vector<unsigned int, GEO::Memory::aligned_allocator<unsigned int, 64> > >, (anonymous namespace)::CompareTriangles, std::integral_constant<bool, false>, std::integral_constant<bool, true>, std::integral_constant<bool, true>)::{lambda()#1}::operator()() const::{lambda(__gnu_cxx::__normal_iterator<unsigned int*, std::vector<unsigned int, GEO::Memory::aligned_allocator<unsigned int, 64> > >, __gnu_cxx::__normal_iterator<unsigned int*, std::vector<unsigned int, GEO::Memory::aligned_allocator<unsigned int, 64> > >, (anonymous namespace)::CompareTriangles)#1}> >::~__root_task()':
co3ne.cpp:(.text+0x158): undefined reference to `tbb::detail::r1::destroy(tbb::detail::d1::task_group_context&)'
/usr/bin/ld: CMakeFiles/geogram.dir/points/co3ne.cpp.o:co3ne.cpp:(.text+0x188): more undefined references to `tbb::detail::r1::destroy(tbb::detail::d1::task_group_context&)' follow
/usr/bin/ld: CMakeFiles/geogram.dir/points/co3ne.cpp.o: in function `__gnu_cxx::__normal_iterator<unsigned int*, std::vector<unsigned int, GEO::Memory::aligned_allocator<unsigned int, 64> > > __pstl::__tbb_backend::__merge_func<__gnu_cxx::__normal_iterator<unsigned int*, std::vector<unsigned int, GEO::Memory::aligned_allocator<unsigned int, 64> > >, unsigned int*, (anonymous namespace)::CompareTriangles, __pstl::__utils::__serial_destroy, __pstl::__utils::__serial_move_merge>::__move_range::operator()<unsigned int*, __gnu_cxx::__normal_iterator<unsigned int*, std::vector<unsigned int, GEO::Memory::aligned_allocator<unsigned int, 64> > > >(unsigned int*, unsigned int*, __gnu_cxx::__normal_iterator<unsigned int*, std::vector<unsigned int, GEO::Memory::aligned_allocator<unsigned int, 64> > >) [clone .constprop.0]':
co3ne.cpp:(.text+0x3b2): undefined reference to `tbb::detail::r1::initialize(tbb::detail::d1::task_group_context&)'
/usr/bin/ld: co3ne.cpp:(.text+0x3ca): undefined reference to `tbb::detail::r1::allocate(tbb::detail::d1::small_object_pool*&, unsigned long)'
/usr/bin/ld: co3ne.cpp:(.text+0x429): undefined reference to `tbb::detail::r1::max_concurrency(tbb::detail::d1::task_arena_base const*)'
/usr/bin/ld: co3ne.cpp:(.text+0x498): undefined reference to `tbb::detail::r1::execute_and_wait(tbb::detail::d1::task&, tbb::detail::d1::task_group_context&, tbb::detail::d1::wait_context&, tbb::detail::d1::task_group_context&)'
/usr/bin/ld: co3ne.cpp:(.text+0x4a0): undefined reference to `tbb::detail::r1::destroy(tbb::detail::d1::task_group_context&)'
/usr/bin/ld: CMakeFiles/geogram.dir/points/co3ne.cpp.o: in function `unsigned int* __pstl::__tbb_backend::__merge_func<__gnu_cxx::__normal_iterator<unsigned int*, std::vector<unsigned int, GEO::Memory::aligned_allocator<unsigned int, 64> > >, unsigned int*, (anonymous namespace)::CompareTriangles, __pstl::__utils::__serial_destroy, __pstl::__utils::__serial_move_merge>::__move_range_construct::operator()<__gnu_cxx::__normal_iterator<unsigned int*, std::vector<unsigned int, GEO::Memory::aligned_allocator<unsigned int, 64> > >, unsigned int*>(__gnu_cxx::__normal_iterator<unsigned int*, std::vector<unsigned int, GEO::Memory::aligned_allocator<unsigned int, 64> > >, __gnu_cxx::__normal_iterator<unsigned int*, std::vector<unsigned int, GEO::Memory::aligned_allocator<unsigned int, 64> > >, unsigned int*) [clone .constprop.0]':
co3ne.cpp:(.text+0x5ea): undefined reference to `tbb::detail::r1::initialize(tbb::detail::d1::task_group_context&)'
/usr/bin/ld: co3ne.cpp:(.text+0x602): undefined reference to `tbb::detail::r1::allocate(tbb::detail::d1::small_object_pool*&, unsigned long)'
/usr/bin/ld: co3ne.cpp:(.text+0x661): undefined reference to `tbb::detail::r1::max_concurrency(tbb::detail::d1::task_arena_base const*)'
/usr/bin/ld: co3ne.cpp:(.text+0x6d0): undefined reference to `tbb::detail::r1::execute_and_wait(tbb::detail::d1::task&, tbb::detail::d1::task_group_context&, tbb::detail::d1::wait_context&, tbb::detail::d1::task_group_context&)'
/usr/bin/ld: co3ne.cpp:(.text+0x6d8): undefined reference to `tbb::detail::r1::destroy(tbb::detail::d1::task_group_context&)'
/usr/bin/ld: CMakeFiles/geogram.dir/points/co3ne.cpp.o: in function `__pstl::__tbb_backend::__root_task<__pstl::__tbb_backend::__stable_sort_func<__gnu_cxx::__normal_iterator<unsigned int*, std::vector<unsigned int, GEO::Memory::aligned_allocator<unsigned int, 64> > >, unsigned int*, (anonymous namespace)::CompareTriangles, __pstl::__internal::__pattern_sort<__pstl::execution::v1::parallel_policy const&, __gnu_cxx::__normal_iterator<unsigned int*, std::vector<unsigned int, GEO::Memory::aligned_allocator<unsigned int, 64> > >, (anonymous namespace)::CompareTriangles, std::integral_constant<bool, false> >(__pstl::execution::v1::parallel_policy const&, __gnu_cxx::__normal_iterator<unsigned int*, std::vector<unsigned int, GEO::Memory::aligned_allocator<unsigned int, 64> > >, __gnu_cxx::__normal_iterator<unsigned int*, std::vector<unsigned int, GEO::Memory::aligned_allocator<unsigned int, 64> > >, (anonymous namespace)::CompareTriangles, std::integral_constant<bool, false>, std::integral_constant<bool, true>, std::integral_constant<bool, true>)::{lambda()#1}::operator()() const::{lambda(__gnu_cxx::__normal_iterator<unsigned int*, std::vector<unsigned int, GEO::Memory::aligned_allocator<unsigned int, 64> > >, __gnu_cxx::__normal_iterator<unsigned int*, std::vector<unsigned int, GEO::Memory::aligned_allocator<unsigned int, 64> > >, (anonymous namespace)::CompareTriangles)#1}> >::execute(tbb::detail::d1::execution_data&)':
co3ne.cpp:(.text+0xfd9): undefined reference to `tbb::detail::r1::notify_waiters(unsigned long)'
/usr/bin/ld: CMakeFiles/geogram.dir/points/co3ne.cpp.o: in function `__pstl::__tbb_backend::__func_task<__pstl::__tbb_backend::__merge_func<__gnu_cxx::__normal_iterator<unsigned int*, std::vector<unsigned int, GEO::Memory::aligned_allocator<unsigned int, 64> > >, unsigned int*, (anonymous namespace)::CompareTriangles, __pstl::__utils::__serial_destroy, __pstl::__utils::__serial_move_merge> >::cancel(tbb::detail::d1::execution_data&)':
co3ne.cpp:(.text+0x102d): undefined reference to `tbb::detail::r1::deallocate(tbb::detail::d1::small_object_pool&, void*, unsigned long, tbb::detail::d1::execution_data const&)'
/usr/bin/ld: CMakeFiles/geogram.dir/points/co3ne.cpp.o: in function `__pstl::__tbb_backend::__func_task<__pstl::__tbb_backend::__stable_sort_func<__gnu_cxx::__normal_iterator<unsigned int*, std::vector<unsigned int, GEO::Memory::aligned_allocator<unsigned int, 64> > >, unsigned int*, (anonymous namespace)::CompareTriangles, __pstl::__internal::__pattern_sort<__pstl::execution::v1::parallel_policy const&, __gnu_cxx::__normal_iterator<unsigned int*, std::vector<unsigned int, GEO::Memory::aligned_allocator<unsigned int, 64> > >, (anonymous namespace)::CompareTriangles, std::integral_constant<bool, false> >(__pstl::execution::v1::parallel_policy const&, __gnu_cxx::__normal_iterator<unsigned int*, std::vector<unsigned int, GEO::Memory::aligned_allocator<unsigned int, 64> > >, __gnu_cxx::__normal_iterator<unsigned int*, std::vector<unsigned int, GEO::Memory::aligned_allocator<unsigned int, 64> > >, (anonymous namespace)::CompareTriangles, std::integral_constant<bool, false>, std::integral_constant<bool, true>, std::integral_constant<bool, true>)::{lambda()#1}::operator()() const::{lambda(__gnu_cxx::__normal_iterator<unsigned int*, std::vector<unsigned int, GEO::Memory::aligned_allocator<unsigned int, 64> > >, __gnu_cxx::__normal_iterator<unsigned int*, std::vector<unsigned int, GEO::Memory::aligned_allocator<unsigned int, 64> > >, (anonymous namespace)::CompareTriangles)#1}> >::cancel(tbb::detail::d1::execution_data&)':
co3ne.cpp:(.text+0x107d): undefined reference to `tbb::detail::r1::deallocate(tbb::detail::d1::small_object_pool&, void*, unsigned long, tbb::detail::d1::execution_data const&)'
/usr/bin/ld: CMakeFiles/geogram.dir/points/co3ne.cpp.o: in function `tbb::detail::d1::start_for<tbb::detail::d1::blocked_range<long>, __pstl::__tbb_backend::__merge_func<__gnu_cxx::__normal_iterator<unsigned int*, std::vector<unsigned int, GEO::Memory::aligned_allocator<unsigned int, 64> > >, unsigned int*, (anonymous namespace)::CompareTriangles, __pstl::__utils::__serial_destroy, __pstl::__utils::__serial_move_merge>::__cleanup_range::operator()<unsigned int*>(unsigned int*, unsigned int*)::{lambda(tbb::detail::d1::blocked_range<long> const&)#1}, tbb::detail::d1::auto_partitioner const>::cancel(tbb::detail::d1::execution_data&)':
co3ne.cpp:(.text+0x1545): undefined reference to `tbb::detail::r1::deallocate(tbb::detail::d1::small_object_pool&, void*, unsigned long, tbb::detail::d1::execution_data const&)'
/usr/bin/ld: co3ne.cpp:(.text+0x156c): undefined reference to `tbb::detail::r1::deallocate(tbb::detail::d1::small_object_pool&, void*, unsigned long, tbb::detail::d1::execution_data const&)'
/usr/bin/ld: co3ne.cpp:(.text+0x158d): undefined reference to `tbb::detail::r1::notify_waiters(unsigned long)'
/usr/bin/ld: CMakeFiles/geogram.dir/points/co3ne.cpp.o: in function `tbb::detail::d1::start_for<tbb::detail::d1::blocked_range<long>, __pstl::__tbb_backend::__merge_func<__gnu_cxx::__normal_iterator<unsigned int*, std::vector<unsigned int, GEO::Memory::aligned_allocator<unsigned int, 64> > >, unsigned int*, (anonymous namespace)::CompareTriangles, __pstl::__utils::__serial_destroy, __pstl::__utils::__serial_move_merge>::__move_range::operator()<unsigned int*, __gnu_cxx::__normal_iterator<unsigned int*, std::vector<unsigned int, GEO::Memory::aligned_allocator<unsigned int, 64> > > >(unsigned int*, unsigned int*, __gnu_cxx::__normal_iterator<unsigned int*, std::vector<unsigned int, GEO::Memory::aligned_allocator<unsigned int, 64> > >)::{lambda(tbb::detail::d1::blocked_range<long> const&)#1}, tbb::detail::d1::auto_partitioner const>::cancel(tbb::detail::d1::execution_data&)':
co3ne.cpp:(.text+0x15dd): undefined reference to `tbb::detail::r1::deallocate(tbb::detail::d1::small_object_pool&, void*, unsigned long, tbb::detail::d1::execution_data const&)'
/usr/bin/ld: co3ne.cpp:(.text+0x1604): undefined reference to `tbb::detail::r1::deallocate(tbb::detail::d1::small_object_pool&, void*, unsigned long, tbb::detail::d1::execution_data const&)'
/usr/bin/ld: co3ne.cpp:(.text+0x1625): undefined reference to `tbb::detail::r1::notify_waiters(unsigned long)'
/usr/bin/ld: CMakeFiles/geogram.dir/points/co3ne.cpp.o: in function `tbb::detail::d1::start_for<tbb::detail::d1::blocked_range<long>, __pstl::__tbb_backend::__merge_func<__gnu_cxx::__normal_iterator<unsigned int*, std::vector<unsigned int, GEO::Memory::aligned_allocator<unsigned int, 64> > >, unsigned int*, (anonymous namespace)::CompareTriangles, __pstl::__utils::__serial_destroy, __pstl::__utils::__serial_move_merge>::__move_range_construct::operator()<__gnu_cxx::__normal_iterator<unsigned int*, std::vector<unsigned int, GEO::Memory::aligned_allocator<unsigned int, 64> > >, unsigned int*>(__gnu_cxx::__normal_iterator<unsigned int*, std::vector<unsigned int, GEO::Memory::aligned_allocator<unsigned int, 64> > >, __gnu_cxx::__normal_iterator<unsigned int*, std::vector<unsigned int, GEO::Memory::aligned_allocator<unsigned int, 64> > >, unsigned int*)::{lambda(tbb::detail::d1::blocked_range<long> const&)#1}, tbb::detail::d1::auto_partitioner const>::cancel(tbb::detail::d1::execution_data&)':
co3ne.cpp:(.text+0x166d): undefined reference to `tbb::detail::r1::deallocate(tbb::detail::d1::small_object_pool&, void*, unsigned long, tbb::detail::d1::execution_data const&)'
/usr/bin/ld: co3ne.cpp:(.text+0x1694): undefined reference to `tbb::detail::r1::deallocate(tbb::detail::d1::small_object_pool&, void*, unsigned long, tbb::detail::d1::execution_data const&)'
/usr/bin/ld: co3ne.cpp:(.text+0x16b5): undefined reference to `tbb::detail::r1::notify_waiters(unsigned long)'
/usr/bin/ld: CMakeFiles/geogram.dir/points/co3ne.cpp.o: in function `tbb::detail::d1::start_for<tbb::detail::d1::blocked_range<long>, __pstl::__tbb_backend::__merge_func<__gnu_cxx::__normal_iterator<unsigned int*, std::vector<unsigned int, GEO::Memory::aligned_allocator<unsigned int, 64> > >, unsigned int*, (anonymous namespace)::CompareTriangles, __pstl::__utils::__serial_destroy, __pstl::__utils::__serial_move_merge>::__move_range::operator()<unsigned int*, __gnu_cxx::__normal_iterator<unsigned int*, std::vector<unsigned int, GEO::Memory::aligned_allocator<unsigned int, 64> > > >(unsigned int*, unsigned int*, __gnu_cxx::__normal_iterator<unsigned int*, std::vector<unsigned int, GEO::Memory::aligned_allocator<unsigned int, 64> > >)::{lambda(tbb::detail::d1::blocked_range<long> const&)#1}, tbb::detail::d1::auto_partitioner const>::execute(tbb::detail::d1::execution_data&)':
co3ne.cpp:(.text+0x176f): undefined reference to `tbb::detail::r1::allocate(tbb::detail::d1::small_object_pool*&, unsigned long, tbb::detail::d1::execution_data const&)'
/usr/bin/ld: co3ne.cpp:(.text+0x180d): undefined reference to `tbb::detail::r1::allocate(tbb::detail::d1::small_object_pool*&, unsigned long, tbb::detail::d1::execution_data const&)'
/usr/bin/ld: co3ne.cpp:(.text+0x183c): undefined reference to `tbb::detail::r1::spawn(tbb::detail::d1::task&, tbb::detail::d1::task_group_context&)'
/usr/bin/ld: co3ne.cpp:(.text+0x18e1): undefined reference to `tbb::detail::r1::deallocate(tbb::detail::d1::small_object_pool&, void*, unsigned long, tbb::detail::d1::execution_data const&)'
/usr/bin/ld: co3ne.cpp:(.text+0x1908): undefined reference to `tbb::detail::r1::deallocate(tbb::detail::d1::small_object_pool&, void*, unsigned long, tbb::detail::d1::execution_data const&)'
/usr/bin/ld: co3ne.cpp:(.text+0x1af8): undefined reference to `tbb::detail::r1::is_group_execution_cancelled(tbb::detail::d1::task_group_context&)'
/usr/bin/ld: co3ne.cpp:(.text+0x1b34): undefined reference to `tbb::detail::r1::execution_slot(tbb::detail::d1::execution_data const*)'
/usr/bin/ld: co3ne.cpp:(.text+0x1b45): undefined reference to `tbb::detail::r1::execution_slot(tbb::detail::d1::execution_data const*)'
/usr/bin/ld: co3ne.cpp:(.text+0x1b60): undefined reference to `tbb::detail::r1::execution_slot(tbb::detail::d1::execution_data const*)'
/usr/bin/ld: co3ne.cpp:(.text+0x1bb9): undefined reference to `tbb::detail::r1::notify_waiters(unsigned long)'
/usr/bin/ld: co3ne.cpp:(.text+0x1c00): undefined reference to `tbb::detail::r1::allocate(tbb::detail::d1::small_object_pool*&, unsigned long, tbb::detail::d1::execution_data const&)'
/usr/bin/ld: co3ne.cpp:(.text+0x1c95): undefined reference to `tbb::detail::r1::allocate(tbb::detail::d1::small_object_pool*&, unsigned long, tbb::detail::d1::execution_data const&)'
/usr/bin/ld: co3ne.cpp:(.text+0x1cc4): undefined reference to `tbb::detail::r1::spawn(tbb::detail::d1::task&, tbb::detail::d1::task_group_context&)'
/usr/bin/ld: CMakeFiles/geogram.dir/points/co3ne.cpp.o: in function `tbb::detail::d1::start_for<tbb::detail::d1::blocked_range<long>, __pstl::__tbb_backend::__merge_func<__gnu_cxx::__normal_iterator<unsigned int*, std::vector<unsigned int, GEO::Memory::aligned_allocator<unsigned int, 64> > >, unsigned int*, (anonymous namespace)::CompareTriangles, __pstl::__utils::__serial_destroy, __pstl::__utils::__serial_move_merge>::__cleanup_range::operator()<unsigned int*>(unsigned int*, unsigned int*)::{lambda(tbb::detail::d1::blocked_range<long> const&)#1}, tbb::detail::d1::auto_partitioner const>::execute(tbb::detail::d1::execution_data&)':
co3ne.cpp:(.text+0x1f29): undefined reference to `tbb::detail::r1::allocate(tbb::detail::d1::small_object_pool*&, unsigned long, tbb::detail::d1::execution_data const&)'
/usr/bin/ld: co3ne.cpp:(.text+0x1fc9): undefined reference to `tbb::detail::r1::allocate(tbb::detail::d1::small_object_pool*&, unsigned long, tbb::detail::d1::execution_data const&)'
/usr/bin/ld: co3ne.cpp:(.text+0x1ff9): undefined reference to `tbb::detail::r1::spawn(tbb::detail::d1::task&, tbb::detail::d1::task_group_context&)'
/usr/bin/ld: co3ne.cpp:(.text+0x2059): undefined reference to `tbb::detail::r1::deallocate(tbb::detail::d1::small_object_pool&, void*, unsigned long, tbb::detail::d1::execution_data const&)'
/usr/bin/ld: co3ne.cpp:(.text+0x2080): undefined reference to `tbb::detail::r1::deallocate(tbb::detail::d1::small_object_pool&, void*, unsigned long, tbb::detail::d1::execution_data const&)'
/usr/bin/ld: co3ne.cpp:(.text+0x2239): undefined reference to `tbb::detail::r1::is_group_execution_cancelled(tbb::detail::d1::task_group_context&)'
/usr/bin/ld: co3ne.cpp:(.text+0x2264): undefined reference to `tbb::detail::r1::execution_slot(tbb::detail::d1::execution_data const*)'
/usr/bin/ld: co3ne.cpp:(.text+0x2275): undefined reference to `tbb::detail::r1::execution_slot(tbb::detail::d1::execution_data const*)'
/usr/bin/ld: co3ne.cpp:(.text+0x2290): undefined reference to `tbb::detail::r1::execution_slot(tbb::detail::d1::execution_data const*)'
/usr/bin/ld: co3ne.cpp:(.text+0x22e1): undefined reference to `tbb::detail::r1::notify_waiters(unsigned long)'
/usr/bin/ld: co3ne.cpp:(.text+0x2328): undefined reference to `tbb::detail::r1::allocate(tbb::detail::d1::small_object_pool*&, unsigned long, tbb::detail::d1::execution_data const&)'
/usr/bin/ld: co3ne.cpp:(.text+0x23b8): undefined reference to `tbb::detail::r1::allocate(tbb::detail::d1::small_object_pool*&, unsigned long, tbb::detail::d1::execution_data const&)'
/usr/bin/ld: co3ne.cpp:(.text+0x23e7): undefined reference to `tbb::detail::r1::spawn(tbb::detail::d1::task&, tbb::detail::d1::task_group_context&)'
/usr/bin/ld: CMakeFiles/geogram.dir/points/co3ne.cpp.o: in function `tbb::detail::d1::start_for<tbb::detail::d1::blocked_range<long>, __pstl::__tbb_backend::__merge_func<__gnu_cxx::__normal_iterator<unsigned int*, std::vector<unsigned int, GEO::Memory::aligned_allocator<unsigned int, 64> > >, unsigned int*, (anonymous namespace)::CompareTriangles, __pstl::__utils::__serial_destroy, __pstl::__utils::__serial_move_merge>::__move_range_construct::operator()<__gnu_cxx::__normal_iterator<unsigned int*, std::vector<unsigned int, GEO::Memory::aligned_allocator<unsigned int, 64> > >, unsigned int*>(__gnu_cxx::__normal_iterator<unsigned int*, std::vector<unsigned int, GEO::Memory::aligned_allocator<unsigned int, 64> > >, __gnu_cxx::__normal_iterator<unsigned int*, std::vector<unsigned int, GEO::Memory::aligned_allocator<unsigned int, 64> > >, unsigned int*)::{lambda(tbb::detail::d1::blocked_range<long> const&)#1}, tbb::detail::d1::auto_partitioner const>::execute(tbb::detail::d1::execution_data&)':
co3ne.cpp:(.text+0x24dd): undefined reference to `tbb::detail::r1::allocate(tbb::detail::d1::small_object_pool*&, unsigned long, tbb::detail::d1::execution_data const&)'
/usr/bin/ld: co3ne.cpp:(.text+0x257b): undefined reference to `tbb::detail::r1::allocate(tbb::detail::d1::small_object_pool*&, unsigned long, tbb::detail::d1::execution_data const&)'
/usr/bin/ld: co3ne.cpp:(.text+0x25aa): undefined reference to `tbb::detail::r1::spawn(tbb::detail::d1::task&, tbb::detail::d1::task_group_context&)'
/usr/bin/ld: co3ne.cpp:(.text+0x26e1): undefined reference to `tbb::detail::r1::deallocate(tbb::detail::d1::small_object_pool&, void*, unsigned long, tbb::detail::d1::execution_data const&)'
/usr/bin/ld: co3ne.cpp:(.text+0x2708): undefined reference to `tbb::detail::r1::deallocate(tbb::detail::d1::small_object_pool&, void*, unsigned long, tbb::detail::d1::execution_data const&)'
/usr/bin/ld: co3ne.cpp:(.text+0x2998): undefined reference to `tbb::detail::r1::is_group_execution_cancelled(tbb::detail::d1::task_group_context&)'
/usr/bin/ld: co3ne.cpp:(.text+0x29f4): undefined reference to `tbb::detail::r1::execution_slot(tbb::detail::d1::execution_data const*)'
/usr/bin/ld: co3ne.cpp:(.text+0x2a05): undefined reference to `tbb::detail::r1::execution_slot(tbb::detail::d1::execution_data const*)'
/usr/bin/ld: co3ne.cpp:(.text+0x2a20): undefined reference to `tbb::detail::r1::execution_slot(tbb::detail::d1::execution_data const*)'
/usr/bin/ld: co3ne.cpp:(.text+0x2a79): undefined reference to `tbb::detail::r1::notify_waiters(unsigned long)'
/usr/bin/ld: co3ne.cpp:(.text+0x2aba): undefined reference to `tbb::detail::r1::allocate(tbb::detail::d1::small_object_pool*&, unsigned long, tbb::detail::d1::execution_data const&)'
/usr/bin/ld: co3ne.cpp:(.text+0x2b49): undefined reference to `tbb::detail::r1::allocate(tbb::detail::d1::small_object_pool*&, unsigned long, tbb::detail::d1::execution_data const&)'
/usr/bin/ld: co3ne.cpp:(.text+0x2b78): undefined reference to `tbb::detail::r1::spawn(tbb::detail::d1::task&, tbb::detail::d1::task_group_context&)'
/usr/bin/ld: CMakeFiles/geogram.dir/points/co3ne.cpp.o: in function `__pstl::__tbb_backend::__merge_func<__gnu_cxx::__normal_iterator<unsigned int*, std::vector<unsigned int, GEO::Memory::aligned_allocator<unsigned int, 64> > >, unsigned int*, (anonymous namespace)::CompareTriangles, __pstl::__utils::__serial_destroy, __pstl::__utils::__serial_move_merge>::move_x_range()':
co3ne.cpp:(.text+0x2f87): undefined reference to `tbb::detail::r1::initialize(tbb::detail::d1::task_group_context&)'
/usr/bin/ld: co3ne.cpp:(.text+0x2f9f): undefined reference to `tbb::detail::r1::allocate(tbb::detail::d1::small_object_pool*&, unsigned long)'
/usr/bin/ld: co3ne.cpp:(.text+0x2feb): undefined reference to `tbb::detail::r1::max_concurrency(tbb::detail::d1::task_arena_base const*)'
/usr/bin/ld: co3ne.cpp:(.text+0x3050): undefined reference to `tbb::detail::r1::execute_and_wait(tbb::detail::d1::task&, tbb::detail::d1::task_group_context&, tbb::detail::d1::wait_context&, tbb::detail::d1::task_group_context&)'
/usr/bin/ld: co3ne.cpp:(.text+0x3058): undefined reference to `tbb::detail::r1::destroy(tbb::detail::d1::task_group_context&)'
/usr/bin/ld: co3ne.cpp:(.text+0x3095): undefined reference to `tbb::detail::r1::initialize(tbb::detail::d1::task_group_context&)'
/usr/bin/ld: co3ne.cpp:(.text+0x30ad): undefined reference to `tbb::detail::r1::allocate(tbb::detail::d1::small_object_pool*&, unsigned long)'
/usr/bin/ld: co3ne.cpp:(.text+0x3104): undefined reference to `tbb::detail::r1::max_concurrency(tbb::detail::d1::task_arena_base const*)'
/usr/bin/ld: co3ne.cpp:(.text+0x316e): undefined reference to `tbb::detail::r1::execute_and_wait(tbb::detail::d1::task&, tbb::detail::d1::task_group_context&, tbb::detail::d1::wait_context&, tbb::detail::d1::task_group_context&)'
/usr/bin/ld: co3ne.cpp:(.text+0x3176): undefined reference to `tbb::detail::r1::destroy(tbb::detail::d1::task_group_context&)'
/usr/bin/ld: co3ne.cpp:(.text+0x31dd): undefined reference to `tbb::detail::r1::initialize(tbb::detail::d1::task_group_context&)'
/usr/bin/ld: co3ne.cpp:(.text+0x31f5): undefined reference to `tbb::detail::r1::allocate(tbb::detail::d1::small_object_pool*&, unsigned long)'
/usr/bin/ld: co3ne.cpp:(.text+0x324d): undefined reference to `tbb::detail::r1::max_concurrency(tbb::detail::d1::task_arena_base const*)'
/usr/bin/ld: co3ne.cpp:(.text+0x32b7): undefined reference to `tbb::detail::r1::execute_and_wait(tbb::detail::d1::task&, tbb::detail::d1::task_group_context&, tbb::detail::d1::wait_context&, tbb::detail::d1::task_group_context&)'
/usr/bin/ld: co3ne.cpp:(.text+0x32bf): undefined reference to `tbb::detail::r1::destroy(tbb::detail::d1::task_group_context&)'
/usr/bin/ld: CMakeFiles/geogram.dir/points/co3ne.cpp.o: in function `__pstl::__tbb_backend::__merge_func<__gnu_cxx::__normal_iterator<unsigned int*, std::vector<unsigned int, GEO::Memory::aligned_allocator<unsigned int, 64> > >, unsigned int*, (anonymous namespace)::CompareTriangles, __pstl::__utils::__serial_destroy, __pstl::__utils::__serial_move_merge>::move_y_range()':
co3ne.cpp:(.text+0x34ee): undefined reference to `tbb::detail::r1::initialize(tbb::detail::d1::task_group_context&)'
/usr/bin/ld: co3ne.cpp:(.text+0x3506): undefined reference to `tbb::detail::r1::allocate(tbb::detail::d1::small_object_pool*&, unsigned long)'
/usr/bin/ld: co3ne.cpp:(.text+0x3552): undefined reference to `tbb::detail::r1::max_concurrency(tbb::detail::d1::task_arena_base const*)'
/usr/bin/ld: co3ne.cpp:(.text+0x35b9): undefined reference to `tbb::detail::r1::execute_and_wait(tbb::detail::d1::task&, tbb::detail::d1::task_group_context&, tbb::detail::d1::wait_context&, tbb::detail::d1::task_group_context&)'
/usr/bin/ld: co3ne.cpp:(.text+0x35c1): undefined reference to `tbb::detail::r1::destroy(tbb::detail::d1::task_group_context&)'
/usr/bin/ld: co3ne.cpp:(.text+0x35fd): undefined reference to `tbb::detail::r1::initialize(tbb::detail::d1::task_group_context&)'
/usr/bin/ld: co3ne.cpp:(.text+0x3615): undefined reference to `tbb::detail::r1::allocate(tbb::detail::d1::small_object_pool*&, unsigned long)'
/usr/bin/ld: co3ne.cpp:(.text+0x366c): undefined reference to `tbb::detail::r1::max_concurrency(tbb::detail::d1::task_arena_base const*)'
/usr/bin/ld: co3ne.cpp:(.text+0x36d6): undefined reference to `tbb::detail::r1::execute_and_wait(tbb::detail::d1::task&, tbb::detail::d1::task_group_context&, tbb::detail::d1::wait_context&, tbb::detail::d1::task_group_context&)'
/usr/bin/ld: co3ne.cpp:(.text+0x36de): undefined reference to `tbb::detail::r1::destroy(tbb::detail::d1::task_group_context&)'
/usr/bin/ld: co3ne.cpp:(.text+0x3745): undefined reference to `tbb::detail::r1::initialize(tbb::detail::d1::task_group_context&)'
/usr/bin/ld: co3ne.cpp:(.text+0x375d): undefined reference to `tbb::detail::r1::allocate(tbb::detail::d1::small_object_pool*&, unsigned long)'
/usr/bin/ld: co3ne.cpp:(.text+0x37b9): undefined reference to `tbb::detail::r1::max_concurrency(tbb::detail::d1::task_arena_base const*)'
/usr/bin/ld: co3ne.cpp:(.text+0x3823): undefined reference to `tbb::detail::r1::execute_and_wait(tbb::detail::d1::task&, tbb::detail::d1::task_group_context&, tbb::detail::d1::wait_context&, tbb::detail::d1::task_group_context&)'
/usr/bin/ld: co3ne.cpp:(.text+0x382b): undefined reference to `tbb::detail::r1::destroy(tbb::detail::d1::task_group_context&)'
/usr/bin/ld: CMakeFiles/geogram.dir/points/co3ne.cpp.o: in function `__pstl::__tbb_backend::__func_task<__pstl::__tbb_backend::__stable_sort_func<__gnu_cxx::__normal_iterator<unsigned int*, std::vector<unsigned int, GEO::Memory::aligned_allocator<unsigned int, 64> > >, unsigned int*, (anonymous namespace)::CompareTriangles, __pstl::__internal::__pattern_sort<__pstl::execution::v1::parallel_policy const&, __gnu_cxx::__normal_iterator<unsigned int*, std::vector<unsigned int, GEO::Memory::aligned_allocator<unsigned int, 64> > >, (anonymous namespace)::CompareTriangles, std::integral_constant<bool, false> >(__pstl::execution::v1::parallel_policy const&, __gnu_cxx::__normal_iterator<unsigned int*, std::vector<unsigned int, GEO::Memory::aligned_allocator<unsigned int, 64> > >, __gnu_cxx::__normal_iterator<unsigned int*, std::vector<unsigned int, GEO::Memory::aligned_allocator<unsigned int, 64> > >, (anonymous namespace)::CompareTriangles, std::integral_constant<bool, false>, std::integral_constant<bool, true>, std::integral_constant<bool, true>)::{lambda()#1}::operator()() const::{lambda(__gnu_cxx::__normal_iterator<unsigned int*, std::vector<unsigned int, GEO::Memory::aligned_allocator<unsigned int, 64> > >, __gnu_cxx::__normal_iterator<unsigned int*, std::vector<unsigned int, GEO::Memory::aligned_allocator<unsigned int, 64> > >, (anonymous namespace)::CompareTriangles)#1}> >::execute(tbb::detail::d1::execution_data&)':
co3ne.cpp:(.text+0x3dc8): undefined reference to `tbb::detail::r1::allocate(tbb::detail::d1::small_object_pool*&, unsigned long, tbb::detail::d1::execution_data const&)'
/usr/bin/ld: co3ne.cpp:(.text+0x3eeb): undefined reference to `tbb::detail::r1::allocate(tbb::detail::d1::small_object_pool*&, unsigned long, tbb::detail::d1::execution_data const&)'
/usr/bin/ld: co3ne.cpp:(.text+0x3f6b): undefined reference to `tbb::detail::r1::spawn(tbb::detail::d1::task&, tbb::detail::d1::task_group_context&)'
/usr/bin/ld: co3ne.cpp:(.text+0x4021): undefined reference to `tbb::detail::r1::deallocate(tbb::detail::d1::small_object_pool&, void*, unsigned long, tbb::detail::d1::execution_data const&)'
/usr/bin/ld: CMakeFiles/geogram.dir/points/co3ne.cpp.o: in function `__pstl::__tbb_backend::__parallel_stable_sort<__pstl::execution::v1::parallel_policy const&, __gnu_cxx::__normal_iterator<unsigned int*, std::vector<unsigned int, GEO::Memory::aligned_allocator<unsigned int, 64> > >, (anonymous namespace)::CompareTriangles, __pstl::__internal::__pattern_sort<__pstl::execution::v1::parallel_policy const&, __gnu_cxx::__normal_iterator<unsigned int*, std::vector<unsigned int, GEO::Memory::aligned_allocator<unsigned int, 64> > >, (anonymous namespace)::CompareTriangles, std::integral_constant<bool, false> >(__pstl::execution::v1::parallel_policy const&, __gnu_cxx::__normal_iterator<unsigned int*, std::vector<unsigned int, GEO::Memory::aligned_allocator<unsigned int, 64> > >, __gnu_cxx::__normal_iterator<unsigned int*, std::vector<unsigned int, GEO::Memory::aligned_allocator<unsigned int, 64> > >, (anonymous namespace)::CompareTriangles, std::integral_constant<bool, false>, std::integral_constant<bool, true>, std::integral_constant<bool, true>)::{lambda()#1}::operator()() const::{lambda(__gnu_cxx::__normal_iterator<unsigned int*, std::vector<unsigned int, GEO::Memory::aligned_allocator<unsigned int, 64> > >, __gnu_cxx::__normal_iterator<unsigned int*, std::vector<unsigned int, GEO::Memory::aligned_allocator<unsigned int, 64> > >, (anonymous namespace)::CompareTriangles)#1}>(__pstl::execution::v1::parallel_policy const&, __gnu_cxx::__normal_iterator<unsigned int*, std::vector<unsigned int, GEO::Memory::aligned_allocator<unsigned int, 64> > >, __gnu_cxx::__normal_iterator<unsigned int*, std::vector<unsigned int, GEO::Memory::aligned_allocator<unsigned int, 64> > >, (anonymous namespace)::CompareTriangles, __pstl::__internal::__pattern_sort<__pstl::execution::v1::parallel_policy const&, __gnu_cxx::__normal_iterator<unsigned int*, std::vector<unsigned int, GEO::Memory::aligned_allocator<unsigned int, 64> > >, (anonymous namespace)::CompareTriangles, std::integral_constant<bool, false> >(__pstl::execution::v1::parallel_policy const&, __gnu_cxx::__normal_iterator<unsigned int*, std::vector<unsigned int, GEO::Memory::aligned_allocator<unsigned int, 64> > >, __gnu_cxx::__normal_iterator<unsigned int*, std::vector<unsigned int, GEO::Memory::aligned_allocator<unsigned int, 64> > >, (anonymous namespace)::CompareTriangles, std::integral_constant<bool, false>, std::integral_constant<bool, true>, std::integral_constant<bool, true>)::{lambda()#1}::operator()() const::{lambda(__gnu_cxx::__normal_iterator<unsigned int*, std::vector<unsigned int, GEO::Memory::aligned_allocator<unsigned int, 64> > >, __gnu_cxx::__normal_iterator<unsigned int*, std::vector<unsigned int, GEO::Memory::aligned_allocator<unsigned int, 64> > >, (anonymous namespace)::CompareTriangles)#1}, unsigned long)::{lambda()#1}::operator()() const':
co3ne.cpp:(.text+0x40f1): undefined reference to `tbb::detail::r1::allocate_memory(unsigned long)'
/usr/bin/ld: co3ne.cpp:(.text+0x4195): undefined reference to `tbb::detail::r1::initialize(tbb::detail::d1::task_group_context&)'
/usr/bin/ld: co3ne.cpp:(.text+0x41c6): undefined reference to `tbb::detail::r1::allocate(tbb::detail::d1::small_object_pool*&, unsigned long)'
/usr/bin/ld: co3ne.cpp:(.text+0x4282): undefined reference to `tbb::detail::r1::execute_and_wait(tbb::detail::d1::task&, tbb::detail::d1::task_group_context&, tbb::detail::d1::wait_context&, tbb::detail::d1::task_group_context&)'
/usr/bin/ld: co3ne.cpp:(.text+0x428f): undefined reference to `tbb::detail::r1::destroy(tbb::detail::d1::task_group_context&)'
/usr/bin/ld: co3ne.cpp:(.text+0x4297): undefined reference to `tbb::detail::r1::deallocate_memory(void*)'
/usr/bin/ld: CMakeFiles/geogram.dir/points/co3ne.cpp.o: in function `__pstl::__tbb_backend::__merge_func<__gnu_cxx::__normal_iterator<unsigned int*, std::vector<unsigned int, GEO::Memory::aligned_allocator<unsigned int, 64> > >, unsigned int*, (anonymous namespace)::CompareTriangles, __pstl::__utils::__serial_destroy, __pstl::__utils::__serial_move_merge>::merge_ranges(__pstl::__tbb_backend::__task*)':
co3ne.cpp:(.text+0x4bde): undefined reference to `tbb::detail::r1::allocate(tbb::detail::d1::small_object_pool*&, unsigned long, tbb::detail::d1::execution_data const&)'
/usr/bin/ld: co3ne.cpp:(.text+0x4c98): undefined reference to `tbb::detail::r1::spawn(tbb::detail::d1::task&, tbb::detail::d1::task_group_context&)'
/usr/bin/ld: co3ne.cpp:(.text+0x4d0b): undefined reference to `tbb::detail::r1::initialize(tbb::detail::d1::task_group_context&)'
/usr/bin/ld: co3ne.cpp:(.text+0x4d23): undefined reference to `tbb::detail::r1::allocate(tbb::detail::d1::small_object_pool*&, unsigned long)'
/usr/bin/ld: co3ne.cpp:(.text+0x4d76): undefined reference to `tbb::detail::r1::max_concurrency(tbb::detail::d1::task_arena_base const*)'
/usr/bin/ld: co3ne.cpp:(.text+0x4ded): undefined reference to `tbb::detail::r1::execute_and_wait(tbb::detail::d1::task&, tbb::detail::d1::task_group_context&, tbb::detail::d1::wait_context&, tbb::detail::d1::task_group_context&)'
/usr/bin/ld: co3ne.cpp:(.text+0x4df5): undefined reference to `tbb::detail::r1::destroy(tbb::detail::d1::task_group_context&)'
/usr/bin/ld: co3ne.cpp:(.text+0x4e46): undefined reference to `tbb::detail::r1::initialize(tbb::detail::d1::task_group_context&)'
/usr/bin/ld: co3ne.cpp:(.text+0x4e5e): undefined reference to `tbb::detail::r1::allocate(tbb::detail::d1::small_object_pool*&, unsigned long)'
/usr/bin/ld: co3ne.cpp:(.text+0x4eaa): undefined reference to `tbb::detail::r1::max_concurrency(tbb::detail::d1::task_arena_base const*)'
/usr/bin/ld: co3ne.cpp:(.text+0x4f20): undefined reference to `tbb::detail::r1::execute_and_wait(tbb::detail::d1::task&, tbb::detail::d1::task_group_context&, tbb::detail::d1::wait_context&, tbb::detail::d1::task_group_context&)'
/usr/bin/ld: co3ne.cpp:(.text+0x4f28): undefined reference to `tbb::detail::r1::destroy(tbb::detail::d1::task_group_context&)'
/usr/bin/ld: co3ne.cpp:(.text+0x4f69): undefined reference to `tbb::detail::r1::initialize(tbb::detail::d1::task_group_context&)'
/usr/bin/ld: co3ne.cpp:(.text+0x4f81): undefined reference to `tbb::detail::r1::allocate(tbb::detail::d1::small_object_pool*&, unsigned long)'
/usr/bin/ld: co3ne.cpp:(.text+0x4fcc): undefined reference to `tbb::detail::r1::max_concurrency(tbb::detail::d1::task_arena_base const*)'
/usr/bin/ld: co3ne.cpp:(.text+0x5042): undefined reference to `tbb::detail::r1::execute_and_wait(tbb::detail::d1::task&, tbb::detail::d1::task_group_context&, tbb::detail::d1::wait_context&, tbb::detail::d1::task_group_context&)'
/usr/bin/ld: co3ne.cpp:(.text+0x504a): undefined reference to `tbb::detail::r1::destroy(tbb::detail::d1::task_group_context&)'
/usr/bin/ld: CMakeFiles/geogram.dir/points/co3ne.cpp.o: in function `__pstl::__tbb_backend::__func_task<__pstl::__tbb_backend::__merge_func<__gnu_cxx::__normal_iterator<unsigned int*, std::vector<unsigned int, GEO::Memory::aligned_allocator<unsigned int, 64> > >, unsigned int*, (anonymous namespace)::CompareTriangles, __pstl::__utils::__serial_destroy, __pstl::__utils::__serial_move_merge> >::execute(tbb::detail::d1::execution_data&)':
co3ne.cpp:(.text+0x538c): undefined reference to `tbb::detail::r1::deallocate(tbb::detail::d1::small_object_pool&, void*, unsigned long, tbb::detail::d1::execution_data const&)'
/usr/bin/ld: CMakeFiles/geogram.dir/points/co3ne.cpp.o: in function `(anonymous namespace)::Co3Ne::reconstruct(double)':
co3ne.cpp:(.text+0xe937): undefined reference to `tbb::detail::r1::isolate_within_arena(tbb::detail::d1::delegate_base&, long)'
/usr/bin/ld: CMakeFiles/geogram.dir/points/co3ne.cpp.o: in function `__gnu_cxx::__normal_iterator<unsigned int*, std::vector<unsigned int, GEO::Memory::aligned_allocator<unsigned int, 64> > > __pstl::__tbb_backend::__merge_func<__gnu_cxx::__normal_iterator<unsigned int*, std::vector<unsigned int, GEO::Memory::aligned_allocator<unsigned int, 64> > >, unsigned int*, (anonymous namespace)::CompareTriangles, __pstl::__utils::__serial_destroy, __pstl::__utils::__serial_move_merge>::__move_range::operator()<unsigned int*, __gnu_cxx::__normal_iterator<unsigned int*, std::vector<unsigned int, GEO::Memory::aligned_allocator<unsigned int, 64> > > >(unsigned int*, unsigned int*, __gnu_cxx::__normal_iterator<unsigned int*, std::vector<unsigned int, GEO::Memory::aligned_allocator<unsigned int, 64> > >) [clone .constprop.0] [clone .cold]':
co3ne.cpp:(.text.unlikely+0x36): undefined reference to `tbb::detail::r1::destroy(tbb::detail::d1::task_group_context&)'
/usr/bin/ld: CMakeFiles/geogram.dir/points/co3ne.cpp.o: in function `unsigned int* __pstl::__tbb_backend::__merge_func<__gnu_cxx::__normal_iterator<unsigned int*, std::vector<unsigned int, GEO::Memory::aligned_allocator<unsigned int, 64> > >, unsigned int*, (anonymous namespace)::CompareTriangles, __pstl::__utils::__serial_destroy, __pstl::__utils::__serial_move_merge>::__move_range_construct::operator()<__gnu_cxx::__normal_iterator<unsigned int*, std::vector<unsigned int, GEO::Memory::aligned_allocator<unsigned int, 64> > >, unsigned int*>(__gnu_cxx::__normal_iterator<unsigned int*, std::vector<unsigned int, GEO::Memory::aligned_allocator<unsigned int, 64> > >, __gnu_cxx::__normal_iterator<unsigned int*, std::vector<unsigned int, GEO::Memory::aligned_allocator<unsigned int, 64> > >, unsigned int*) [clone .constprop.0] [clone .cold]':
co3ne.cpp:(.text.unlikely+0x46): undefined reference to `tbb::detail::r1::destroy(tbb::detail::d1::task_group_context&)'
/usr/bin/ld: CMakeFiles/geogram.dir/points/co3ne.cpp.o: in function `__pstl::__tbb_backend::__merge_func<__gnu_cxx::__normal_iterator<unsigned int*, std::vector<unsigned int, GEO::Memory::aligned_allocator<unsigned int, 64> > >, unsigned int*, (anonymous namespace)::CompareTriangles, __pstl::__utils::__serial_destroy, __pstl::__utils::__serial_move_merge>::move_x_range() [clone .cold]':
co3ne.cpp:(.text.unlikely+0x180): undefined reference to `tbb::detail::r1::destroy(tbb::detail::d1::task_group_context&)'
/usr/bin/ld: co3ne.cpp:(.text.unlikely+0x190): undefined reference to `tbb::detail::r1::destroy(tbb::detail::d1::task_group_context&)'
/usr/bin/ld: co3ne.cpp:(.text.unlikely+0x1a0): undefined reference to `tbb::detail::r1::destroy(tbb::detail::d1::task_group_context&)'
/usr/bin/ld: CMakeFiles/geogram.dir/points/co3ne.cpp.o:co3ne.cpp:(.text.unlikely+0x1b0): more undefined references to `tbb::detail::r1::destroy(tbb::detail::d1::task_group_context&)' follow
/usr/bin/ld: CMakeFiles/geogram.dir/points/co3ne.cpp.o: in function `__pstl::__tbb_backend::__parallel_stable_sort<__pstl::execution::v1::parallel_policy const&, __gnu_cxx::__normal_iterator<unsigned int*, std::vector<unsigned int, GEO::Memory::aligned_allocator<unsigned int, 64> > >, (anonymous namespace)::CompareTriangles, __pstl::__internal::__pattern_sort<__pstl::execution::v1::parallel_policy const&, __gnu_cxx::__normal_iterator<unsigned int*, std::vector<unsigned int, GEO::Memory::aligned_allocator<unsigned int, 64> > >, (anonymous namespace)::CompareTriangles, std::integral_constant<bool, false> >(__pstl::execution::v1::parallel_policy const&, __gnu_cxx::__normal_iterator<unsigned int*, std::vector<unsigned int, GEO::Memory::aligned_allocator<unsigned int, 64> > >, __gnu_cxx::__normal_iterator<unsigned int*, std::vector<unsigned int, GEO::Memory::aligned_allocator<unsigned int, 64> > >, (anonymous namespace)::CompareTriangles, std::integral_constant<bool, false>, std::integral_constant<bool, true>, std::integral_constant<bool, true>)::{lambda()#1}::operator()() const::{lambda(__gnu_cxx::__normal_iterator<unsigned int*, std::vector<unsigned int, GEO::Memory::aligned_allocator<unsigned int, 64> > >, __gnu_cxx::__normal_iterator<unsigned int*, std::vector<unsigned int, GEO::Memory::aligned_allocator<unsigned int, 64> > >, (anonymous namespace)::CompareTriangles)#1}>(__pstl::execution::v1::parallel_policy const&, __gnu_cxx::__normal_iterator<unsigned int*, std::vector<unsigned int, GEO::Memory::aligned_allocator<unsigned int, 64> > >, __gnu_cxx::__normal_iterator<unsigned int*, std::vector<unsigned int, GEO::Memory::aligned_allocator<unsigned int, 64> > >, (anonymous namespace)::CompareTriangles, __pstl::__internal::__pattern_sort<__pstl::execution::v1::parallel_policy const&, __gnu_cxx::__normal_iterator<unsigned int*, std::vector<unsigned int, GEO::Memory::aligned_allocator<unsigned int, 64> > >, (anonymous namespace)::CompareTriangles, std::integral_constant<bool, false> >(__pstl::execution::v1::parallel_policy const&, __gnu_cxx::__normal_iterator<unsigned int*, std::vector<unsigned int, GEO::Memory::aligned_allocator<unsigned int, 64> > >, __gnu_cxx::__normal_iterator<unsigned int*, std::vector<unsigned int, GEO::Memory::aligned_allocator<unsigned int, 64> > >, (anonymous namespace)::CompareTriangles, std::integral_constant<bool, false>, std::integral_constant<bool, true>, std::integral_constant<bool, true>)::{lambda()#1}::operator()() const::{lambda(__gnu_cxx::__normal_iterator<unsigned int*, std::vector<unsigned int, GEO::Memory::aligned_allocator<unsigned int, 64> > >, __gnu_cxx::__normal_iterator<unsigned int*, std::vector<unsigned int, GEO::Memory::aligned_allocator<unsigned int, 64> > >, (anonymous namespace)::CompareTriangles)#1}, unsigned long)::{lambda()#1}::operator()() const [clone .cold]':
co3ne.cpp:(.text.unlikely+0x1e8): undefined reference to `tbb::detail::r1::deallocate_memory(void*)'
/usr/bin/ld: co3ne.cpp:(.text.unlikely+0x1fd): undefined reference to `tbb::detail::r1::destroy(tbb::detail::d1::task_group_context&)'
/usr/bin/ld: CMakeFiles/geogram.dir/points/co3ne.cpp.o: in function `__pstl::__tbb_backend::__merge_func<__gnu_cxx::__normal_iterator<unsigned int*, std::vector<unsigned int, GEO::Memory::aligned_allocator<unsigned int, 64> > >, unsigned int*, (anonymous namespace)::CompareTriangles, __pstl::__utils::__serial_destroy, __pstl::__utils::__serial_move_merge>::merge_ranges(__pstl::__tbb_backend::__task*) [clone .cold]':
co3ne.cpp:(.text.unlikely+0x2ba): undefined reference to `tbb::detail::r1::destroy(tbb::detail::d1::task_group_context&)'
/usr/bin/ld: co3ne.cpp:(.text.unlikely+0x2ca): undefined reference to `tbb::detail::r1::destroy(tbb::detail::d1::task_group_context&)'
/usr/bin/ld: co3ne.cpp:(.text.unlikely+0x2da): undefined reference to `tbb::detail::r1::destroy(tbb::detail::d1::task_group_context&)'
/usr/bin/ld: CMakeFiles/geogram.dir/points/colocate.cpp.o: in function `__pstl::__tbb_backend::__root_task<__pstl::__tbb_backend::__stable_sort_func<__gnu_cxx::__normal_iterator<unsigned int*, std::vector<unsigned int, GEO::Memory::aligned_allocator<unsigned int, 64> > >, unsigned int*, (anonymous namespace)::ComparePoints, __pstl::__internal::__pattern_sort<__pstl::execution::v1::parallel_policy const&, __gnu_cxx::__normal_iterator<unsigned int*, std::vector<unsigned int, GEO::Memory::aligned_allocator<unsigned int, 64> > >, (anonymous namespace)::ComparePoints, std::integral_constant<bool, false> >(__pstl::execution::v1::parallel_policy const&, __gnu_cxx::__normal_iterator<unsigned int*, std::vector<unsigned int, GEO::Memory::aligned_allocator<unsigned int, 64> > >, __gnu_cxx::__normal_iterator<unsigned int*, std::vector<unsigned int, GEO::Memory::aligned_allocator<unsigned int, 64> > >, (anonymous namespace)::ComparePoints, std::integral_constant<bool, false>, std::integral_constant<bool, true>, std::integral_constant<bool, true>)::{lambda()#1}::operator()() const::{lambda(__gnu_cxx::__normal_iterator<unsigned int*, std::vector<unsigned int, GEO::Memory::aligned_allocator<unsigned int, 64> > >, __gnu_cxx::__normal_iterator<unsigned int*, std::vector<unsigned int, GEO::Memory::aligned_allocator<unsigned int, 64> > >, (anonymous namespace)::ComparePoints)#1}> >::~__root_task()':
colocate.cpp:(.text+0x2b8): undefined reference to `tbb::detail::r1::destroy(tbb::detail::d1::task_group_context&)'
/usr/bin/ld: CMakeFiles/geogram.dir/points/colocate.cpp.o:colocate.cpp:(.text+0x2e8): more undefined references to `tbb::detail::r1::destroy(tbb::detail::d1::task_group_context&)' follow
/usr/bin/ld: CMakeFiles/geogram.dir/points/colocate.cpp.o: in function `__pstl::__tbb_backend::__root_task<__pstl::__tbb_backend::__stable_sort_func<__gnu_cxx::__normal_iterator<unsigned int*, std::vector<unsigned int, GEO::Memory::aligned_allocator<unsigned int, 64> > >, unsigned int*, (anonymous namespace)::ComparePoints, __pstl::__internal::__pattern_sort<__pstl::execution::v1::parallel_policy const&, __gnu_cxx::__normal_iterator<unsigned int*, std::vector<unsigned int, GEO::Memory::aligned_allocator<unsigned int, 64> > >, (anonymous namespace)::ComparePoints, std::integral_constant<bool, false> >(__pstl::execution::v1::parallel_policy const&, __gnu_cxx::__normal_iterator<unsigned int*, std::vector<unsigned int, GEO::Memory::aligned_allocator<unsigned int, 64> > >, __gnu_cxx::__normal_iterator<unsigned int*, std::vector<unsigned int, GEO::Memory::aligned_allocator<unsigned int, 64> > >, (anonymous namespace)::ComparePoints, std::integral_constant<bool, false>, std::integral_constant<bool, true>, std::integral_constant<bool, true>)::{lambda()#1}::operator()() const::{lambda(__gnu_cxx::__normal_iterator<unsigned int*, std::vector<unsigned int, GEO::Memory::aligned_allocator<unsigned int, 64> > >, __gnu_cxx::__normal_iterator<unsigned int*, std::vector<unsigned int, GEO::Memory::aligned_allocator<unsigned int, 64> > >, (anonymous namespace)::ComparePoints)#1}> >::execute(tbb::detail::d1::execution_data&)':
colocate.cpp:(.text+0x359): undefined reference to `tbb::detail::r1::notify_waiters(unsigned long)'
/usr/bin/ld: CMakeFiles/geogram.dir/points/colocate.cpp.o: in function `__pstl::__tbb_backend::__func_task<__pstl::__tbb_backend::__merge_func<__gnu_cxx::__normal_iterator<unsigned int*, std::vector<unsigned int, GEO::Memory::aligned_allocator<unsigned int, 64> > >, unsigned int*, (anonymous namespace)::ComparePoints, __pstl::__utils::__serial_destroy, __pstl::__utils::__serial_move_merge> >::cancel(tbb::detail::d1::execution_data&)':
colocate.cpp:(.text+0x3ad): undefined reference to `tbb::detail::r1::deallocate(tbb::detail::d1::small_object_pool&, void*, unsigned long, tbb::detail::d1::execution_data const&)'
/usr/bin/ld: CMakeFiles/geogram.dir/points/colocate.cpp.o: in function `__pstl::__tbb_backend::__func_task<__pstl::__tbb_backend::__stable_sort_func<__gnu_cxx::__normal_iterator<unsigned int*, std::vector<unsigned int, GEO::Memory::aligned_allocator<unsigned int, 64> > >, unsigned int*, (anonymous namespace)::ComparePoints, __pstl::__internal::__pattern_sort<__pstl::execution::v1::parallel_policy const&, __gnu_cxx::__normal_iterator<unsigned int*, std::vector<unsigned int, GEO::Memory::aligned_allocator<unsigned int, 64> > >, (anonymous namespace)::ComparePoints, std::integral_constant<bool, false> >(__pstl::execution::v1::parallel_policy const&, __gnu_cxx::__normal_iterator<unsigned int*, std::vector<unsigned int, GEO::Memory::aligned_allocator<unsigned int, 64> > >, __gnu_cxx::__normal_iterator<unsigned int*, std::vector<unsigned int, GEO::Memory::aligned_allocator<unsigned int, 64> > >, (anonymous namespace)::ComparePoints, std::integral_constant<bool, false>, std::integral_constant<bool, true>, std::integral_constant<bool, true>)::{lambda()#1}::operator()() const::{lambda(__gnu_cxx::__normal_iterator<unsigned int*, std::vector<unsigned int, GEO::Memory::aligned_allocator<unsigned int, 64> > >, __gnu_cxx::__normal_iterator<unsigned int*, std::vector<unsigned int, GEO::Memory::aligned_allocator<unsigned int, 64> > >, (anonymous namespace)::ComparePoints)#1}> >::cancel(tbb::detail::d1::execution_data&)':
colocate.cpp:(.text+0x3fd): undefined reference to `tbb::detail::r1::deallocate(tbb::detail::d1::small_object_pool&, void*, unsigned long, tbb::detail::d1::execution_data const&)'
/usr/bin/ld: CMakeFiles/geogram.dir/points/colocate.cpp.o: in function `tbb::detail::d1::start_for<tbb::detail::d1::blocked_range<long>, __pstl::__tbb_backend::__merge_func<__gnu_cxx::__normal_iterator<unsigned int*, std::vector<unsigned int, GEO::Memory::aligned_allocator<unsigned int, 64> > >, unsigned int*, (anonymous namespace)::ComparePoints, __pstl::__utils::__serial_destroy, __pstl::__utils::__serial_move_merge>::__move_range::operator()<unsigned int*, __gnu_cxx::__normal_iterator<unsigned int*, std::vector<unsigned int, GEO::Memory::aligned_allocator<unsigned int, 64> > > >(unsigned int*, unsigned int*, __gnu_cxx::__normal_iterator<unsigned int*, std::vector<unsigned int, GEO::Memory::aligned_allocator<unsigned int, 64> > >)::{lambda(tbb::detail::d1::blocked_range<long> const&)#1}, tbb::detail::d1::auto_partitioner const>::cancel(tbb::detail::d1::execution_data&)':
colocate.cpp:(.text+0x4ad): undefined reference to `tbb::detail::r1::deallocate(tbb::detail::d1::small_object_pool&, void*, unsigned long, tbb::detail::d1::execution_data const&)'
/usr/bin/ld: colocate.cpp:(.text+0x4d4): undefined reference to `tbb::detail::r1::deallocate(tbb::detail::d1::small_object_pool&, void*, unsigned long, tbb::detail::d1::execution_data const&)'
/usr/bin/ld: colocate.cpp:(.text+0x4f5): undefined reference to `tbb::detail::r1::notify_waiters(unsigned long)'
/usr/bin/ld: CMakeFiles/geogram.dir/points/colocate.cpp.o: in function `tbb::detail::d1::start_for<tbb::detail::d1::blocked_range<long>, __pstl::__tbb_backend::__merge_func<__gnu_cxx::__normal_iterator<unsigned int*, std::vector<unsigned int, GEO::Memory::aligned_allocator<unsigned int, 64> > >, unsigned int*, (anonymous namespace)::ComparePoints, __pstl::__utils::__serial_destroy, __pstl::__utils::__serial_move_merge>::__move_range_construct::operator()<__gnu_cxx::__normal_iterator<unsigned int*, std::vector<unsigned int, GEO::Memory::aligned_allocator<unsigned int, 64> > >, unsigned int*>(__gnu_cxx::__normal_iterator<unsigned int*, std::vector<unsigned int, GEO::Memory::aligned_allocator<unsigned int, 64> > >, __gnu_cxx::__normal_iterator<unsigned int*, std::vector<unsigned int, GEO::Memory::aligned_allocator<unsigned int, 64> > >, unsigned int*)::{lambda(tbb::detail::d1::blocked_range<long> const&)#1}, tbb::detail::d1::auto_partitioner const>::cancel(tbb::detail::d1::execution_data&)':
colocate.cpp:(.text+0x53d): undefined reference to `tbb::detail::r1::deallocate(tbb::detail::d1::small_object_pool&, void*, unsigned long, tbb::detail::d1::execution_data const&)'
/usr/bin/ld: colocate.cpp:(.text+0x564): undefined reference to `tbb::detail::r1::deallocate(tbb::detail::d1::small_object_pool&, void*, unsigned long, tbb::detail::d1::execution_data const&)'
/usr/bin/ld: colocate.cpp:(.text+0x585): undefined reference to `tbb::detail::r1::notify_waiters(unsigned long)'
/usr/bin/ld: CMakeFiles/geogram.dir/points/colocate.cpp.o: in function `tbb::detail::d1::start_for<tbb::detail::d1::blocked_range<long>, __pstl::__tbb_backend::__merge_func<__gnu_cxx::__normal_iterator<unsigned int*, std::vector<unsigned int, GEO::Memory::aligned_allocator<unsigned int, 64> > >, unsigned int*, (anonymous namespace)::ComparePoints, __pstl::__utils::__serial_destroy, __pstl::__utils::__serial_move_merge>::__cleanup_range::operator()<unsigned int*>(unsigned int*, unsigned int*)::{lambda(tbb::detail::d1::blocked_range<long> const&)#1}, tbb::detail::d1::auto_partitioner const>::cancel(tbb::detail::d1::execution_data&)':
colocate.cpp:(.text+0x5c5): undefined reference to `tbb::detail::r1::deallocate(tbb::detail::d1::small_object_pool&, void*, unsigned long, tbb::detail::d1::execution_data const&)'
/usr/bin/ld: colocate.cpp:(.text+0x5ec): undefined reference to `tbb::detail::r1::deallocate(tbb::detail::d1::small_object_pool&, void*, unsigned long, tbb::detail::d1::execution_data const&)'
/usr/bin/ld: colocate.cpp:(.text+0x60d): undefined reference to `tbb::detail::r1::notify_waiters(unsigned long)'
/usr/bin/ld: CMakeFiles/geogram.dir/points/colocate.cpp.o: in function `tbb::detail::d1::start_for<tbb::detail::d1::blocked_range<long>, __pstl::__tbb_backend::__merge_func<__gnu_cxx::__normal_iterator<unsigned int*, std::vector<unsigned int, GEO::Memory::aligned_allocator<unsigned int, 64> > >, unsigned int*, (anonymous namespace)::ComparePoints, __pstl::__utils::__serial_destroy, __pstl::__utils::__serial_move_merge>::__move_range::operator()<unsigned int*, __gnu_cxx::__normal_iterator<unsigned int*, std::vector<unsigned int, GEO::Memory::aligned_allocator<unsigned int, 64> > > >(unsigned int*, unsigned int*, __gnu_cxx::__normal_iterator<unsigned int*, std::vector<unsigned int, GEO::Memory::aligned_allocator<unsigned int, 64> > >)::{lambda(tbb::detail::d1::blocked_range<long> const&)#1}, tbb::detail::d1::auto_partitioner const>::execute(tbb::detail::d1::execution_data&)':
colocate.cpp:(.text+0xb4f): undefined reference to `tbb::detail::r1::allocate(tbb::detail::d1::small_object_pool*&, unsigned long, tbb::detail::d1::execution_data const&)'
/usr/bin/ld: colocate.cpp:(.text+0xbed): undefined reference to `tbb::detail::r1::allocate(tbb::detail::d1::small_object_pool*&, unsigned long, tbb::detail::d1::execution_data const&)'
/usr/bin/ld: colocate.cpp:(.text+0xc1c): undefined reference to `tbb::detail::r1::spawn(tbb::detail::d1::task&, tbb::detail::d1::task_group_context&)'
/usr/bin/ld: colocate.cpp:(.text+0xcc1): undefined reference to `tbb::detail::r1::deallocate(tbb::detail::d1::small_object_pool&, void*, unsigned long, tbb::detail::d1::execution_data const&)'
/usr/bin/ld: colocate.cpp:(.text+0xce8): undefined reference to `tbb::detail::r1::deallocate(tbb::detail::d1::small_object_pool&, void*, unsigned long, tbb::detail::d1::execution_data const&)'
/usr/bin/ld: colocate.cpp:(.text+0xed8): undefined reference to `tbb::detail::r1::is_group_execution_cancelled(tbb::detail::d1::task_group_context&)'
/usr/bin/ld: colocate.cpp:(.text+0xf14): undefined reference to `tbb::detail::r1::execution_slot(tbb::detail::d1::execution_data const*)'
/usr/bin/ld: colocate.cpp:(.text+0xf25): undefined reference to `tbb::detail::r1::execution_slot(tbb::detail::d1::execution_data const*)'
/usr/bin/ld: colocate.cpp:(.text+0xf40): undefined reference to `tbb::detail::r1::execution_slot(tbb::detail::d1::execution_data const*)'
/usr/bin/ld: colocate.cpp:(.text+0xf99): undefined reference to `tbb::detail::r1::notify_waiters(unsigned long)'
/usr/bin/ld: colocate.cpp:(.text+0xfe0): undefined reference to `tbb::detail::r1::allocate(tbb::detail::d1::small_object_pool*&, unsigned long, tbb::detail::d1::execution_data const&)'
/usr/bin/ld: colocate.cpp:(.text+0x1075): undefined reference to `tbb::detail::r1::allocate(tbb::detail::d1::small_object_pool*&, unsigned long, tbb::detail::d1::execution_data const&)'
/usr/bin/ld: colocate.cpp:(.text+0x10a4): undefined reference to `tbb::detail::r1::spawn(tbb::detail::d1::task&, tbb::detail::d1::task_group_context&)'
/usr/bin/ld: CMakeFiles/geogram.dir/points/colocate.cpp.o: in function `tbb::detail::d1::start_for<tbb::detail::d1::blocked_range<long>, __pstl::__tbb_backend::__merge_func<__gnu_cxx::__normal_iterator<unsigned int*, std::vector<unsigned int, GEO::Memory::aligned_allocator<unsigned int, 64> > >, unsigned int*, (anonymous namespace)::ComparePoints, __pstl::__utils::__serial_destroy, __pstl::__utils::__serial_move_merge>::__cleanup_range::operator()<unsigned int*>(unsigned int*, unsigned int*)::{lambda(tbb::detail::d1::blocked_range<long> const&)#1}, tbb::detail::d1::auto_partitioner const>::execute(tbb::detail::d1::execution_data&)':
colocate.cpp:(.text+0x1179): undefined reference to `tbb::detail::r1::allocate(tbb::detail::d1::small_object_pool*&, unsigned long, tbb::detail::d1::execution_data const&)'
/usr/bin/ld: colocate.cpp:(.text+0x1219): undefined reference to `tbb::detail::r1::allocate(tbb::detail::d1::small_object_pool*&, unsigned long, tbb::detail::d1::execution_data const&)'
/usr/bin/ld: colocate.cpp:(.text+0x1249): undefined reference to `tbb::detail::r1::spawn(tbb::detail::d1::task&, tbb::detail::d1::task_group_context&)'
/usr/bin/ld: colocate.cpp:(.text+0x12a9): undefined reference to `tbb::detail::r1::deallocate(tbb::detail::d1::small_object_pool&, void*, unsigned long, tbb::detail::d1::execution_data const&)'
/usr/bin/ld: colocate.cpp:(.text+0x12d0): undefined reference to `tbb::detail::r1::deallocate(tbb::detail::d1::small_object_pool&, void*, unsigned long, tbb::detail::d1::execution_data const&)'
/usr/bin/ld: colocate.cpp:(.text+0x1489): undefined reference to `tbb::detail::r1::is_group_execution_cancelled(tbb::detail::d1::task_group_context&)'
/usr/bin/ld: colocate.cpp:(.text+0x14b4): undefined reference to `tbb::detail::r1::execution_slot(tbb::detail::d1::execution_data const*)'
/usr/bin/ld: colocate.cpp:(.text+0x14c5): undefined reference to `tbb::detail::r1::execution_slot(tbb::detail::d1::execution_data const*)'
/usr/bin/ld: colocate.cpp:(.text+0x14e0): undefined reference to `tbb::detail::r1::execution_slot(tbb::detail::d1::execution_data const*)'
/usr/bin/ld: colocate.cpp:(.text+0x1531): undefined reference to `tbb::detail::r1::notify_waiters(unsigned long)'
/usr/bin/ld: colocate.cpp:(.text+0x1578): undefined reference to `tbb::detail::r1::allocate(tbb::detail::d1::small_object_pool*&, unsigned long, tbb::detail::d1::execution_data const&)'
/usr/bin/ld: colocate.cpp:(.text+0x1608): undefined reference to `tbb::detail::r1::allocate(tbb::detail::d1::small_object_pool*&, unsigned long, tbb::detail::d1::execution_data const&)'
/usr/bin/ld: colocate.cpp:(.text+0x1637): undefined reference to `tbb::detail::r1::spawn(tbb::detail::d1::task&, tbb::detail::d1::task_group_context&)'
/usr/bin/ld: CMakeFiles/geogram.dir/points/colocate.cpp.o: in function `tbb::detail::d1::start_for<tbb::detail::d1::blocked_range<long>, __pstl::__tbb_backend::__merge_func<__gnu_cxx::__normal_iterator<unsigned int*, std::vector<unsigned int, GEO::Memory::aligned_allocator<unsigned int, 64> > >, unsigned int*, (anonymous namespace)::ComparePoints, __pstl::__utils::__serial_destroy, __pstl::__utils::__serial_move_merge>::__move_range_construct::operator()<__gnu_cxx::__normal_iterator<unsigned int*, std::vector<unsigned int, GEO::Memory::aligned_allocator<unsigned int, 64> > >, unsigned int*>(__gnu_cxx::__normal_iterator<unsigned int*, std::vector<unsigned int, GEO::Memory::aligned_allocator<unsigned int, 64> > >, __gnu_cxx::__normal_iterator<unsigned int*, std::vector<unsigned int, GEO::Memory::aligned_allocator<unsigned int, 64> > >, unsigned int*)::{lambda(tbb::detail::d1::blocked_range<long> const&)#1}, tbb::detail::d1::auto_partitioner const>::execute(tbb::detail::d1::execution_data&)':
colocate.cpp:(.text+0x172d): undefined reference to `tbb::detail::r1::allocate(tbb::detail::d1::small_object_pool*&, unsigned long, tbb::detail::d1::execution_data const&)'
/usr/bin/ld: colocate.cpp:(.text+0x17cb): undefined reference to `tbb::detail::r1::allocate(tbb::detail::d1::small_object_pool*&, unsigned long, tbb::detail::d1::execution_data const&)'
/usr/bin/ld: colocate.cpp:(.text+0x17fa): undefined reference to `tbb::detail::r1::spawn(tbb::detail::d1::task&, tbb::detail::d1::task_group_context&)'
/usr/bin/ld: colocate.cpp:(.text+0x1931): undefined reference to `tbb::detail::r1::deallocate(tbb::detail::d1::small_object_pool&, void*, unsigned long, tbb::detail::d1::execution_data const&)'
/usr/bin/ld: colocate.cpp:(.text+0x1958): undefined reference to `tbb::detail::r1::deallocate(tbb::detail::d1::small_object_pool&, void*, unsigned long, tbb::detail::d1::execution_data const&)'
/usr/bin/ld: colocate.cpp:(.text+0x1be8): undefined reference to `tbb::detail::r1::is_group_execution_cancelled(tbb::detail::d1::task_group_context&)'
/usr/bin/ld: colocate.cpp:(.text+0x1c44): undefined reference to `tbb::detail::r1::execution_slot(tbb::detail::d1::execution_data const*)'
/usr/bin/ld: colocate.cpp:(.text+0x1c55): undefined reference to `tbb::detail::r1::execution_slot(tbb::detail::d1::execution_data const*)'
/usr/bin/ld: colocate.cpp:(.text+0x1c70): undefined reference to `tbb::detail::r1::execution_slot(tbb::detail::d1::execution_data const*)'
/usr/bin/ld: colocate.cpp:(.text+0x1cc9): undefined reference to `tbb::detail::r1::notify_waiters(unsigned long)'
/usr/bin/ld: colocate.cpp:(.text+0x1d0a): undefined reference to `tbb::detail::r1::allocate(tbb::detail::d1::small_object_pool*&, unsigned long, tbb::detail::d1::execution_data const&)'
/usr/bin/ld: colocate.cpp:(.text+0x1d99): undefined reference to `tbb::detail::r1::allocate(tbb::detail::d1::small_object_pool*&, unsigned long, tbb::detail::d1::execution_data const&)'
/usr/bin/ld: colocate.cpp:(.text+0x1dc8): undefined reference to `tbb::detail::r1::spawn(tbb::detail::d1::task&, tbb::detail::d1::task_group_context&)'
/usr/bin/ld: CMakeFiles/geogram.dir/points/colocate.cpp.o: in function `__pstl::__tbb_backend::__merge_func<__gnu_cxx::__normal_iterator<unsigned int*, std::vector<unsigned int, GEO::Memory::aligned_allocator<unsigned int, 64> > >, unsigned int*, (anonymous namespace)::ComparePoints, __pstl::__utils::__serial_destroy, __pstl::__utils::__serial_move_merge>::move_x_range()':
colocate.cpp:(.text+0x1fb7): undefined reference to `tbb::detail::r1::initialize(tbb::detail::d1::task_group_context&)'
/usr/bin/ld: colocate.cpp:(.text+0x1fcf): undefined reference to `tbb::detail::r1::allocate(tbb::detail::d1::small_object_pool*&, unsigned long)'
/usr/bin/ld: colocate.cpp:(.text+0x201b): undefined reference to `tbb::detail::r1::max_concurrency(tbb::detail::d1::task_arena_base const*)'
/usr/bin/ld: colocate.cpp:(.text+0x2080): undefined reference to `tbb::detail::r1::execute_and_wait(tbb::detail::d1::task&, tbb::detail::d1::task_group_context&, tbb::detail::d1::wait_context&, tbb::detail::d1::task_group_context&)'
/usr/bin/ld: colocate.cpp:(.text+0x2088): undefined reference to `tbb::detail::r1::destroy(tbb::detail::d1::task_group_context&)'
/usr/bin/ld: colocate.cpp:(.text+0x20c5): undefined reference to `tbb::detail::r1::initialize(tbb::detail::d1::task_group_context&)'
/usr/bin/ld: colocate.cpp:(.text+0x20dd): undefined reference to `tbb::detail::r1::allocate(tbb::detail::d1::small_object_pool*&, unsigned long)'
/usr/bin/ld: colocate.cpp:(.text+0x2134): undefined reference to `tbb::detail::r1::max_concurrency(tbb::detail::d1::task_arena_base const*)'
/usr/bin/ld: colocate.cpp:(.text+0x219e): undefined reference to `tbb::detail::r1::execute_and_wait(tbb::detail::d1::task&, tbb::detail::d1::task_group_context&, tbb::detail::d1::wait_context&, tbb::detail::d1::task_group_context&)'
/usr/bin/ld: colocate.cpp:(.text+0x21a6): undefined reference to `tbb::detail::r1::destroy(tbb::detail::d1::task_group_context&)'
/usr/bin/ld: colocate.cpp:(.text+0x220d): undefined reference to `tbb::detail::r1::initialize(tbb::detail::d1::task_group_context&)'
/usr/bin/ld: colocate.cpp:(.text+0x2225): undefined reference to `tbb::detail::r1::allocate(tbb::detail::d1::small_object_pool*&, unsigned long)'
/usr/bin/ld: colocate.cpp:(.text+0x227d): undefined reference to `tbb::detail::r1::max_concurrency(tbb::detail::d1::task_arena_base const*)'
/usr/bin/ld: colocate.cpp:(.text+0x22e7): undefined reference to `tbb::detail::r1::execute_and_wait(tbb::detail::d1::task&, tbb::detail::d1::task_group_context&, tbb::detail::d1::wait_context&, tbb::detail::d1::task_group_context&)'
/usr/bin/ld: colocate.cpp:(.text+0x22ef): undefined reference to `tbb::detail::r1::destroy(tbb::detail::d1::task_group_context&)'
/usr/bin/ld: CMakeFiles/geogram.dir/points/colocate.cpp.o: in function `__pstl::__tbb_backend::__merge_func<__gnu_cxx::__normal_iterator<unsigned int*, std::vector<unsigned int, GEO::Memory::aligned_allocator<unsigned int, 64> > >, unsigned int*, (anonymous namespace)::ComparePoints, __pstl::__utils::__serial_destroy, __pstl::__utils::__serial_move_merge>::move_y_range()':
colocate.cpp:(.text+0x251e): undefined reference to `tbb::detail::r1::initialize(tbb::detail::d1::task_group_context&)'
/usr/bin/ld: colocate.cpp:(.text+0x2536): undefined reference to `tbb::detail::r1::allocate(tbb::detail::d1::small_object_pool*&, unsigned long)'
/usr/bin/ld: colocate.cpp:(.text+0x2582): undefined reference to `tbb::detail::r1::max_concurrency(tbb::detail::d1::task_arena_base const*)'
/usr/bin/ld: colocate.cpp:(.text+0x25e9): undefined reference to `tbb::detail::r1::execute_and_wait(tbb::detail::d1::task&, tbb::detail::d1::task_group_context&, tbb::detail::d1::wait_context&, tbb::detail::d1::task_group_context&)'
/usr/bin/ld: colocate.cpp:(.text+0x25f1): undefined reference to `tbb::detail::r1::destroy(tbb::detail::d1::task_group_context&)'
/usr/bin/ld: colocate.cpp:(.text+0x262d): undefined reference to `tbb::detail::r1::initialize(tbb::detail::d1::task_group_context&)'
/usr/bin/ld: colocate.cpp:(.text+0x2645): undefined reference to `tbb::detail::r1::allocate(tbb::detail::d1::small_object_pool*&, unsigned long)'
/usr/bin/ld: colocate.cpp:(.text+0x269c): undefined reference to `tbb::detail::r1::max_concurrency(tbb::detail::d1::task_arena_base const*)'
/usr/bin/ld: colocate.cpp:(.text+0x2706): undefined reference to `tbb::detail::r1::execute_and_wait(tbb::detail::d1::task&, tbb::detail::d1::task_group_context&, tbb::detail::d1::wait_context&, tbb::detail::d1::task_group_context&)'
/usr/bin/ld: colocate.cpp:(.text+0x270e): undefined reference to `tbb::detail::r1::destroy(tbb::detail::d1::task_group_context&)'
/usr/bin/ld: colocate.cpp:(.text+0x2775): undefined reference to `tbb::detail::r1::initialize(tbb::detail::d1::task_group_context&)'
/usr/bin/ld: colocate.cpp:(.text+0x278d): undefined reference to `tbb::detail::r1::allocate(tbb::detail::d1::small_object_pool*&, unsigned long)'
/usr/bin/ld: colocate.cpp:(.text+0x27e9): undefined reference to `tbb::detail::r1::max_concurrency(tbb::detail::d1::task_arena_base const*)'
/usr/bin/ld: colocate.cpp:(.text+0x2853): undefined reference to `tbb::detail::r1::execute_and_wait(tbb::detail::d1::task&, tbb::detail::d1::task_group_context&, tbb::detail::d1::wait_context&, tbb::detail::d1::task_group_context&)'
/usr/bin/ld: colocate.cpp:(.text+0x285b): undefined reference to `tbb::detail::r1::destroy(tbb::detail::d1::task_group_context&)'
/usr/bin/ld: CMakeFiles/geogram.dir/points/colocate.cpp.o: in function `__pstl::__tbb_backend::__func_task<__pstl::__tbb_backend::__stable_sort_func<__gnu_cxx::__normal_iterator<unsigned int*, std::vector<unsigned int, GEO::Memory::aligned_allocator<unsigned int, 64> > >, unsigned int*, (anonymous namespace)::ComparePoints, __pstl::__internal::__pattern_sort<__pstl::execution::v1::parallel_policy const&, __gnu_cxx::__normal_iterator<unsigned int*, std::vector<unsigned int, GEO::Memory::aligned_allocator<unsigned int, 64> > >, (anonymous namespace)::ComparePoints, std::integral_constant<bool, false> >(__pstl::execution::v1::parallel_policy const&, __gnu_cxx::__normal_iterator<unsigned int*, std::vector<unsigned int, GEO::Memory::aligned_allocator<unsigned int, 64> > >, __gnu_cxx::__normal_iterator<unsigned int*, std::vector<unsigned int, GEO::Memory::aligned_allocator<unsigned int, 64> > >, (anonymous namespace)::ComparePoints, std::integral_constant<bool, false>, std::integral_constant<bool, true>, std::integral_constant<bool, true>)::{lambda()#1}::operator()() const::{lambda(__gnu_cxx::__normal_iterator<unsigned int*, std::vector<unsigned int, GEO::Memory::aligned_allocator<unsigned int, 64> > >, __gnu_cxx::__normal_iterator<unsigned int*, std::vector<unsigned int, GEO::Memory::aligned_allocator<unsigned int, 64> > >, (anonymous namespace)::ComparePoints)#1}> >::execute(tbb::detail::d1::execution_data&)':
colocate.cpp:(.text+0x2de3): undefined reference to `tbb::detail::r1::allocate(tbb::detail::d1::small_object_pool*&, unsigned long, tbb::detail::d1::execution_data const&)'
/usr/bin/ld: colocate.cpp:(.text+0x2f2c): undefined reference to `tbb::detail::r1::allocate(tbb::detail::d1::small_object_pool*&, unsigned long, tbb::detail::d1::execution_data const&)'
/usr/bin/ld: colocate.cpp:(.text+0x2fba): undefined reference to `tbb::detail::r1::spawn(tbb::detail::d1::task&, tbb::detail::d1::task_group_context&)'
/usr/bin/ld: colocate.cpp:(.text+0x3081): undefined reference to `tbb::detail::r1::deallocate(tbb::detail::d1::small_object_pool&, void*, unsigned long, tbb::detail::d1::execution_data const&)'
/usr/bin/ld: CMakeFiles/geogram.dir/points/colocate.cpp.o: in function `__pstl::__tbb_backend::__parallel_stable_sort<__pstl::execution::v1::parallel_policy const&, __gnu_cxx::__normal_iterator<unsigned int*, std::vector<unsigned int, GEO::Memory::aligned_allocator<unsigned int, 64> > >, (anonymous namespace)::ComparePoints, __pstl::__internal::__pattern_sort<__pstl::execution::v1::parallel_policy const&, __gnu_cxx::__normal_iterator<unsigned int*, std::vector<unsigned int, GEO::Memory::aligned_allocator<unsigned int, 64> > >, (anonymous namespace)::ComparePoints, std::integral_constant<bool, false> >(__pstl::execution::v1::parallel_policy const&, __gnu_cxx::__normal_iterator<unsigned int*, std::vector<unsigned int, GEO::Memory::aligned_allocator<unsigned int, 64> > >, __gnu_cxx::__normal_iterator<unsigned int*, std::vector<unsigned int, GEO::Memory::aligned_allocator<unsigned int, 64> > >, (anonymous namespace)::ComparePoints, std::integral_constant<bool, false>, std::integral_constant<bool, true>, std::integral_constant<bool, true>)::{lambda()#1}::operator()() const::{lambda(__gnu_cxx::__normal_iterator<unsigned int*, std::vector<unsigned int, GEO::Memory::aligned_allocator<unsigned int, 64> > >, __gnu_cxx::__normal_iterator<unsigned int*, std::vector<unsigned int, GEO::Memory::aligned_allocator<unsigned int, 64> > >, (anonymous namespace)::ComparePoints)#1}>(__pstl::execution::v1::parallel_policy const&, __gnu_cxx::__normal_iterator<unsigned int*, std::vector<unsigned int, GEO::Memory::aligned_allocator<unsigned int, 64> > >, __gnu_cxx::__normal_iterator<unsigned int*, std::vector<unsigned int, GEO::Memory::aligned_allocator<unsigned int, 64> > >, (anonymous namespace)::ComparePoints, __pstl::__internal::__pattern_sort<__pstl::execution::v1::parallel_policy const&, __gnu_cxx::__normal_iterator<unsigned int*, std::vector<unsigned int, GEO::Memory::aligned_allocator<unsigned int, 64> > >, (anonymous namespace)::ComparePoints, std::integral_constant<bool, false> >(__pstl::execution::v1::parallel_policy const&, __gnu_cxx::__normal_iterator<unsigned int*, std::vector<unsigned int, GEO::Memory::aligned_allocator<unsigned int, 64> > >, __gnu_cxx::__normal_iterator<unsigned int*, std::vector<unsigned int, GEO::Memory::aligned_allocator<unsigned int, 64> > >, (anonymous namespace)::ComparePoints, std::integral_constant<bool, false>, std::integral_constant<bool, true>, std::integral_constant<bool, true>)::{lambda()#1}::operator()() const::{lambda(__gnu_cxx::__normal_iterator<unsigned int*, std::vector<unsigned int, GEO::Memory::aligned_allocator<unsigned int, 64> > >, __gnu_cxx::__normal_iterator<unsigned int*, std::vector<unsigned int, GEO::Memory::aligned_allocator<unsigned int, 64> > >, (anonymous namespace)::ComparePoints)#1}, unsigned long)::{lambda()#1}::operator()() const':
colocate.cpp:(.text+0x322d): undefined reference to `tbb::detail::r1::allocate_memory(unsigned long)'
/usr/bin/ld: colocate.cpp:(.text+0x32c2): undefined reference to `tbb::detail::r1::initialize(tbb::detail::d1::task_group_context&)'
/usr/bin/ld: colocate.cpp:(.text+0x3303): undefined reference to `tbb::detail::r1::allocate(tbb::detail::d1::small_object_pool*&, unsigned long)'
/usr/bin/ld: colocate.cpp:(.text+0x33cd): undefined reference to `tbb::detail::r1::execute_and_wait(tbb::detail::d1::task&, tbb::detail::d1::task_group_context&, tbb::detail::d1::wait_context&, tbb::detail::d1::task_group_context&)'
/usr/bin/ld: colocate.cpp:(.text+0x33da): undefined reference to `tbb::detail::r1::destroy(tbb::detail::d1::task_group_context&)'
/usr/bin/ld: colocate.cpp:(.text+0x33e2): undefined reference to `tbb::detail::r1::deallocate_memory(void*)'
/usr/bin/ld: CMakeFiles/geogram.dir/points/colocate.cpp.o: in function `__pstl::__tbb_backend::__merge_func<__gnu_cxx::__normal_iterator<unsigned int*, std::vector<unsigned int, GEO::Memory::aligned_allocator<unsigned int, 64> > >, unsigned int*, (anonymous namespace)::ComparePoints, __pstl::__utils::__serial_destroy, __pstl::__utils::__serial_move_merge>::merge_ranges(__pstl::__tbb_backend::__task*)':
colocate.cpp:(.text+0x3acf): undefined reference to `tbb::detail::r1::initialize(tbb::detail::d1::task_group_context&)'
/usr/bin/ld: colocate.cpp:(.text+0x3aed): undefined reference to `tbb::detail::r1::allocate(tbb::detail::d1::small_object_pool*&, unsigned long)'
/usr/bin/ld: colocate.cpp:(.text+0x3b45): undefined reference to `tbb::detail::r1::max_concurrency(tbb::detail::d1::task_arena_base const*)'
/usr/bin/ld: colocate.cpp:(.text+0x3bc6): undefined reference to `tbb::detail::r1::execute_and_wait(tbb::detail::d1::task&, tbb::detail::d1::task_group_context&, tbb::detail::d1::wait_context&, tbb::detail::d1::task_group_context&)'
/usr/bin/ld: colocate.cpp:(.text+0x3bce): undefined reference to `tbb::detail::r1::destroy(tbb::detail::d1::task_group_context&)'
/usr/bin/ld: colocate.cpp:(.text+0x3d45): undefined reference to `tbb::detail::r1::allocate(tbb::detail::d1::small_object_pool*&, unsigned long, tbb::detail::d1::execution_data const&)'
/usr/bin/ld: colocate.cpp:(.text+0x3e18): undefined reference to `tbb::detail::r1::spawn(tbb::detail::d1::task&, tbb::detail::d1::task_group_context&)'
/usr/bin/ld: colocate.cpp:(.text+0x3e8e): undefined reference to `tbb::detail::r1::initialize(tbb::detail::d1::task_group_context&)'
/usr/bin/ld: colocate.cpp:(.text+0x3eac): undefined reference to `tbb::detail::r1::allocate(tbb::detail::d1::small_object_pool*&, unsigned long)'
/usr/bin/ld: colocate.cpp:(.text+0x3efd): undefined reference to `tbb::detail::r1::max_concurrency(tbb::detail::d1::task_arena_base const*)'
/usr/bin/ld: colocate.cpp:(.text+0x3f74): undefined reference to `tbb::detail::r1::execute_and_wait(tbb::detail::d1::task&, tbb::detail::d1::task_group_context&, tbb::detail::d1::wait_context&, tbb::detail::d1::task_group_context&)'
/usr/bin/ld: colocate.cpp:(.text+0x3f7c): undefined reference to `tbb::detail::r1::destroy(tbb::detail::d1::task_group_context&)'
/usr/bin/ld: colocate.cpp:(.text+0x3fbd): undefined reference to `tbb::detail::r1::initialize(tbb::detail::d1::task_group_context&)'
/usr/bin/ld: colocate.cpp:(.text+0x3fdb): undefined reference to `tbb::detail::r1::allocate(tbb::detail::d1::small_object_pool*&, unsigned long)'
/usr/bin/ld: colocate.cpp:(.text+0x402c): undefined reference to `tbb::detail::r1::max_concurrency(tbb::detail::d1::task_arena_base const*)'
/usr/bin/ld: colocate.cpp:(.text+0x40a3): undefined reference to `tbb::detail::r1::execute_and_wait(tbb::detail::d1::task&, tbb::detail::d1::task_group_context&, tbb::detail::d1::wait_context&, tbb::detail::d1::task_group_context&)'
/usr/bin/ld: colocate.cpp:(.text+0x40ab): undefined reference to `tbb::detail::r1::destroy(tbb::detail::d1::task_group_context&)'
/usr/bin/ld: colocate.cpp:(.text+0x42d5): undefined reference to `tbb::detail::r1::initialize(tbb::detail::d1::task_group_context&)'
/usr/bin/ld: colocate.cpp:(.text+0x42f3): undefined reference to `tbb::detail::r1::allocate(tbb::detail::d1::small_object_pool*&, unsigned long)'
/usr/bin/ld: colocate.cpp:(.text+0x434a): undefined reference to `tbb::detail::r1::max_concurrency(tbb::detail::d1::task_arena_base const*)'
/usr/bin/ld: colocate.cpp:(.text+0x43c4): undefined reference to `tbb::detail::r1::execute_and_wait(tbb::detail::d1::task&, tbb::detail::d1::task_group_context&, tbb::detail::d1::wait_context&, tbb::detail::d1::task_group_context&)'
/usr/bin/ld: colocate.cpp:(.text+0x43cc): undefined reference to `tbb::detail::r1::destroy(tbb::detail::d1::task_group_context&)'
/usr/bin/ld: colocate.cpp:(.text+0x47f3): undefined reference to `tbb::detail::r1::initialize(tbb::detail::d1::task_group_context&)'
/usr/bin/ld: colocate.cpp:(.text+0x4811): undefined reference to `tbb::detail::r1::allocate(tbb::detail::d1::small_object_pool*&, unsigned long)'
/usr/bin/ld: colocate.cpp:(.text+0x4875): undefined reference to `tbb::detail::r1::max_concurrency(tbb::detail::d1::task_arena_base const*)'
/usr/bin/ld: colocate.cpp:(.text+0x48f6): undefined reference to `tbb::detail::r1::execute_and_wait(tbb::detail::d1::task&, tbb::detail::d1::task_group_context&, tbb::detail::d1::wait_context&, tbb::detail::d1::task_group_context&)'
/usr/bin/ld: colocate.cpp:(.text+0x4901): undefined reference to `tbb::detail::r1::destroy(tbb::detail::d1::task_group_context&)'
/usr/bin/ld: colocate.cpp:(.text+0x4943): undefined reference to `tbb::detail::r1::initialize(tbb::detail::d1::task_group_context&)'
/usr/bin/ld: colocate.cpp:(.text+0x4961): undefined reference to `tbb::detail::r1::allocate(tbb::detail::d1::small_object_pool*&, unsigned long)'
/usr/bin/ld: colocate.cpp:(.text+0x49bd): undefined reference to `tbb::detail::r1::max_concurrency(tbb::detail::d1::task_arena_base const*)'
/usr/bin/ld: colocate.cpp:(.text+0x4a3e): undefined reference to `tbb::detail::r1::execute_and_wait(tbb::detail::d1::task&, tbb::detail::d1::task_group_context&, tbb::detail::d1::wait_context&, tbb::detail::d1::task_group_context&)'
/usr/bin/ld: colocate.cpp:(.text+0x4a46): undefined reference to `tbb::detail::r1::destroy(tbb::detail::d1::task_group_context&)'
/usr/bin/ld: colocate.cpp:(.text+0x4a87): undefined reference to `tbb::detail::r1::initialize(tbb::detail::d1::task_group_context&)'
/usr/bin/ld: colocate.cpp:(.text+0x4aa5): undefined reference to `tbb::detail::r1::allocate(tbb::detail::d1::small_object_pool*&, unsigned long)'
/usr/bin/ld: colocate.cpp:(.text+0x4b01): undefined reference to `tbb::detail::r1::max_concurrency(tbb::detail::d1::task_arena_base const*)'
/usr/bin/ld: colocate.cpp:(.text+0x4b7b): undefined reference to `tbb::detail::r1::execute_and_wait(tbb::detail::d1::task&, tbb::detail::d1::task_group_context&, tbb::detail::d1::wait_context&, tbb::detail::d1::task_group_context&)'
/usr/bin/ld: colocate.cpp:(.text+0x4b83): undefined reference to `tbb::detail::r1::destroy(tbb::detail::d1::task_group_context&)'
/usr/bin/ld: colocate.cpp:(.text+0x4bc7): undefined reference to `tbb::detail::r1::initialize(tbb::detail::d1::task_group_context&)'
/usr/bin/ld: colocate.cpp:(.text+0x4be5): undefined reference to `tbb::detail::r1::allocate(tbb::detail::d1::small_object_pool*&, unsigned long)'
/usr/bin/ld: colocate.cpp:(.text+0x4c3c): undefined reference to `tbb::detail::r1::max_concurrency(tbb::detail::d1::task_arena_base const*)'
/usr/bin/ld: colocate.cpp:(.text+0x4cb6): undefined reference to `tbb::detail::r1::execute_and_wait(tbb::detail::d1::task&, tbb::detail::d1::task_group_context&, tbb::detail::d1::wait_context&, tbb::detail::d1::task_group_context&)'
/usr/bin/ld: colocate.cpp:(.text+0x4cbe): undefined reference to `tbb::detail::r1::destroy(tbb::detail::d1::task_group_context&)'
/usr/bin/ld: colocate.cpp:(.text+0x4d23): undefined reference to `tbb::detail::r1::initialize(tbb::detail::d1::task_group_context&)'
/usr/bin/ld: colocate.cpp:(.text+0x4d41): undefined reference to `tbb::detail::r1::allocate(tbb::detail::d1::small_object_pool*&, unsigned long)'
/usr/bin/ld: colocate.cpp:(.text+0x4d99): undefined reference to `tbb::detail::r1::max_concurrency(tbb::detail::d1::task_arena_base const*)'
/usr/bin/ld: colocate.cpp:(.text+0x4e15): undefined reference to `tbb::detail::r1::execute_and_wait(tbb::detail::d1::task&, tbb::detail::d1::task_group_context&, tbb::detail::d1::wait_context&, tbb::detail::d1::task_group_context&)'
/usr/bin/ld: colocate.cpp:(.text+0x4e1d): undefined reference to `tbb::detail::r1::destroy(tbb::detail::d1::task_group_context&)'
/usr/bin/ld: colocate.cpp:(.text+0x4e5c): undefined reference to `tbb::detail::r1::initialize(tbb::detail::d1::task_group_context&)'
/usr/bin/ld: colocate.cpp:(.text+0x4e7a): undefined reference to `tbb::detail::r1::allocate(tbb::detail::d1::small_object_pool*&, unsigned long)'
/usr/bin/ld: colocate.cpp:(.text+0x4ed5): undefined reference to `tbb::detail::r1::max_concurrency(tbb::detail::d1::task_arena_base const*)'
/usr/bin/ld: colocate.cpp:(.text+0x4f4f): undefined reference to `tbb::detail::r1::execute_and_wait(tbb::detail::d1::task&, tbb::detail::d1::task_group_context&, tbb::detail::d1::wait_context&, tbb::detail::d1::task_group_context&)'
/usr/bin/ld: colocate.cpp:(.text+0x4f57): undefined reference to `tbb::detail::r1::destroy(tbb::detail::d1::task_group_context&)'
/usr/bin/ld: colocate.cpp:(.text+0x4fa1): undefined reference to `tbb::detail::r1::initialize(tbb::detail::d1::task_group_context&)'
/usr/bin/ld: colocate.cpp:(.text+0x4fbf): undefined reference to `tbb::detail::r1::allocate(tbb::detail::d1::small_object_pool*&, unsigned long)'
/usr/bin/ld: colocate.cpp:(.text+0x501a): undefined reference to `tbb::detail::r1::max_concurrency(tbb::detail::d1::task_arena_base const*)'
/usr/bin/ld: colocate.cpp:(.text+0x5094): undefined reference to `tbb::detail::r1::execute_and_wait(tbb::detail::d1::task&, tbb::detail::d1::task_group_context&, tbb::detail::d1::wait_context&, tbb::detail::d1::task_group_context&)'
/usr/bin/ld: colocate.cpp:(.text+0x509c): undefined reference to `tbb::detail::r1::destroy(tbb::detail::d1::task_group_context&)'
/usr/bin/ld: colocate.cpp:(.text+0x50e6): undefined reference to `tbb::detail::r1::initialize(tbb::detail::d1::task_group_context&)'
/usr/bin/ld: colocate.cpp:(.text+0x5104): undefined reference to `tbb::detail::r1::allocate(tbb::detail::d1::small_object_pool*&, unsigned long)'
/usr/bin/ld: colocate.cpp:(.text+0x515a): undefined reference to `tbb::detail::r1::max_concurrency(tbb::detail::d1::task_arena_base const*)'
/usr/bin/ld: colocate.cpp:(.text+0x51d4): undefined reference to `tbb::detail::r1::execute_and_wait(tbb::detail::d1::task&, tbb::detail::d1::task_group_context&, tbb::detail::d1::wait_context&, tbb::detail::d1::task_group_context&)'
/usr/bin/ld: colocate.cpp:(.text+0x51dc): undefined reference to `tbb::detail::r1::destroy(tbb::detail::d1::task_group_context&)'
/usr/bin/ld: CMakeFiles/geogram.dir/points/colocate.cpp.o: in function `__pstl::__tbb_backend::__func_task<__pstl::__tbb_backend::__merge_func<__gnu_cxx::__normal_iterator<unsigned int*, std::vector<unsigned int, GEO::Memory::aligned_allocator<unsigned int, 64> > >, unsigned int*, (anonymous namespace)::ComparePoints, __pstl::__utils::__serial_destroy, __pstl::__utils::__serial_move_merge> >::execute(tbb::detail::d1::execution_data&)':
colocate.cpp:(.text+0x53dc): undefined reference to `tbb::detail::r1::deallocate(tbb::detail::d1::small_object_pool&, void*, unsigned long, tbb::detail::d1::execution_data const&)'
/usr/bin/ld: CMakeFiles/geogram.dir/points/colocate.cpp.o: in function `GEO::Geom::colocate_by_lexico_sort(double const*, unsigned char, unsigned int, GEO::vector<unsigned int>&, unsigned int)':
colocate.cpp:(.text+0x5fd9): undefined reference to `tbb::detail::r1::isolate_within_arena(tbb::detail::d1::delegate_base&, long)'
/usr/bin/ld: CMakeFiles/geogram.dir/points/colocate.cpp.o: in function `__pstl::__tbb_backend::__merge_func<__gnu_cxx::__normal_iterator<unsigned int*, std::vector<unsigned int, GEO::Memory::aligned_allocator<unsigned int, 64> > >, unsigned int*, (anonymous namespace)::ComparePoints, __pstl::__utils::__serial_destroy, __pstl::__utils::__serial_move_merge>::move_x_range() [clone .cold]':
colocate.cpp:(.text.unlikely+0x36): undefined reference to `tbb::detail::r1::destroy(tbb::detail::d1::task_group_context&)'
/usr/bin/ld: colocate.cpp:(.text.unlikely+0x46): undefined reference to `tbb::detail::r1::destroy(tbb::detail::d1::task_group_context&)'
/usr/bin/ld: colocate.cpp:(.text.unlikely+0x56): undefined reference to `tbb::detail::r1::destroy(tbb::detail::d1::task_group_context&)'
/usr/bin/ld: CMakeFiles/geogram.dir/points/colocate.cpp.o: in function `__pstl::__tbb_backend::__merge_func<__gnu_cxx::__normal_iterator<unsigned int*, std::vector<unsigned int, GEO::Memory::aligned_allocator<unsigned int, 64> > >, unsigned int*, (anonymous namespace)::ComparePoints, __pstl::__utils::__serial_destroy, __pstl::__utils::__serial_move_merge>::move_y_range() [clone .cold]':
colocate.cpp:(.text.unlikely+0x66): undefined reference to `tbb::detail::r1::destroy(tbb::detail::d1::task_group_context&)'
/usr/bin/ld: colocate.cpp:(.text.unlikely+0x76): undefined reference to `tbb::detail::r1::destroy(tbb::detail::d1::task_group_context&)'
/usr/bin/ld: CMakeFiles/geogram.dir/points/colocate.cpp.o:colocate.cpp:(.text.unlikely+0x86): more undefined references to `tbb::detail::r1::destroy(tbb::detail::d1::task_group_context&)' follow
/usr/bin/ld: CMakeFiles/geogram.dir/points/colocate.cpp.o: in function `__pstl::__tbb_backend::__parallel_stable_sort<__pstl::execution::v1::parallel_policy const&, __gnu_cxx::__normal_iterator<unsigned int*, std::vector<unsigned int, GEO::Memory::aligned_allocator<unsigned int, 64> > >, (anonymous namespace)::ComparePoints, __pstl::__internal::__pattern_sort<__pstl::execution::v1::parallel_policy const&, __gnu_cxx::__normal_iterator<unsigned int*, std::vector<unsigned int, GEO::Memory::aligned_allocator<unsigned int, 64> > >, (anonymous namespace)::ComparePoints, std::integral_constant<bool, false> >(__pstl::execution::v1::parallel_policy const&, __gnu_cxx::__normal_iterator<unsigned int*, std::vector<unsigned int, GEO::Memory::aligned_allocator<unsigned int, 64> > >, __gnu_cxx::__normal_iterator<unsigned int*, std::vector<unsigned int, GEO::Memory::aligned_allocator<unsigned int, 64> > >, (anonymous namespace)::ComparePoints, std::integral_constant<bool, false>, std::integral_constant<bool, true>, std::integral_constant<bool, true>)::{lambda()#1}::operator()() const::{lambda(__gnu_cxx::__normal_iterator<unsigned int*, std::vector<unsigned int, GEO::Memory::aligned_allocator<unsigned int, 64> > >, __gnu_cxx::__normal_iterator<unsigned int*, std::vector<unsigned int, GEO::Memory::aligned_allocator<unsigned int, 64> > >, (anonymous namespace)::ComparePoints)#1}>(__pstl::execution::v1::parallel_policy const&, __gnu_cxx::__normal_iterator<unsigned int*, std::vector<unsigned int, GEO::Memory::aligned_allocator<unsigned int, 64> > >, __gnu_cxx::__normal_iterator<unsigned int*, std::vector<unsigned int, GEO::Memory::aligned_allocator<unsigned int, 64> > >, (anonymous namespace)::ComparePoints, __pstl::__internal::__pattern_sort<__pstl::execution::v1::parallel_policy const&, __gnu_cxx::__normal_iterator<unsigned int*, std::vector<unsigned int, GEO::Memory::aligned_allocator<unsigned int, 64> > >, (anonymous namespace)::ComparePoints, std::integral_constant<bool, false> >(__pstl::execution::v1::parallel_policy const&, __gnu_cxx::__normal_iterator<unsigned int*, std::vector<unsigned int, GEO::Memory::aligned_allocator<unsigned int, 64> > >, __gnu_cxx::__normal_iterator<unsigned int*, std::vector<unsigned int, GEO::Memory::aligned_allocator<unsigned int, 64> > >, (anonymous namespace)::ComparePoints, std::integral_constant<bool, false>, std::integral_constant<bool, true>, std::integral_constant<bool, true>)::{lambda()#1}::operator()() const::{lambda(__gnu_cxx::__normal_iterator<unsigned int*, std::vector<unsigned int, GEO::Memory::aligned_allocator<unsigned int, 64> > >, __gnu_cxx::__normal_iterator<unsigned int*, std::vector<unsigned int, GEO::Memory::aligned_allocator<unsigned int, 64> > >, (anonymous namespace)::ComparePoints)#1}, unsigned long)::{lambda()#1}::operator()() const [clone .cold]':
colocate.cpp:(.text.unlikely+0x9e): undefined reference to `tbb::detail::r1::deallocate_memory(void*)'
/usr/bin/ld: colocate.cpp:(.text.unlikely+0xb3): undefined reference to `tbb::detail::r1::destroy(tbb::detail::d1::task_group_context&)'
/usr/bin/ld: CMakeFiles/geogram.dir/points/colocate.cpp.o: in function `__pstl::__tbb_backend::__merge_func<__gnu_cxx::__normal_iterator<unsigned int*, std::vector<unsigned int, GEO::Memory::aligned_allocator<unsigned int, 64> > >, unsigned int*, (anonymous namespace)::ComparePoints, __pstl::__utils::__serial_destroy, __pstl::__utils::__serial_move_merge>::merge_ranges(__pstl::__tbb_backend::__task*) [clone .cold]':
colocate.cpp:(.text.unlikely+0xbe): undefined reference to `tbb::detail::r1::destroy(tbb::detail::d1::task_group_context&)'
/usr/bin/ld: colocate.cpp:(.text.unlikely+0xce): undefined reference to `tbb::detail::r1::destroy(tbb::detail::d1::task_group_context&)'
/usr/bin/ld: colocate.cpp:(.text.unlikely+0xde): undefined reference to `tbb::detail::r1::destroy(tbb::detail::d1::task_group_context&)'
/usr/bin/ld: colocate.cpp:(.text.unlikely+0xee): undefined reference to `tbb::detail::r1::destroy(tbb::detail::d1::task_group_context&)'
/usr/bin/ld: CMakeFiles/geogram.dir/points/colocate.cpp.o:colocate.cpp:(.text.unlikely+0xfe): more undefined references to `tbb::detail::r1::destroy(tbb::detail::d1::task_group_context&)' follow
collect2: error: ld returned 1 exit status
gmake[3]: *** [src/lib/geogram/CMakeFiles/geogram.dir/build.make:2035: lib/libgeogram.so.1.10.2-rc] Error 1
gmake[2]: *** [CMakeFiles/Makefile2:775: src/lib/geogram/CMakeFiles/geogram.dir/all] Error 2
gmake[1]: *** [CMakeFiles/Makefile2:938: src/bin/geocsg/CMakeFiles/geocsg.dir/rule] Error 2
gmake: *** [Makefile:280: geocsg] Error 2
