o-[Process     ] Max used threads = 4
o-[I/O         ] Loading file /tmp/geogram_native_quality_20261006_11/inputs/10_parent.obj...
o-[I/O         ] (FP64) nb_v:24552 nb_e:0 nb_f:49100 nb_b:0 tri:1 dim:3
o-[I/O         ] Attributes on vertices: point[3]
o-[I/O         ] Loading file /tmp/geogram_native_quality_20261006_11/inputs/10_tool.obj...
o-[I/O         ] (FP64) nb_v:674 nb_e:0 nb_f:1344 nb_b:0 tri:1 dim:3
o-[I/O         ] Attributes on vertices: point[3]
NATIVE_QUALITY_REGION {"group":40788,"boundary_attempt":false,"point_budget":64,"source_facets":10,"boundary_points":8,"new_points":2,"boundary_unchanged":true,"before_bad":1,"after_score_computed":true,"after_bad":0,"after_valid":true,"before_bad_area":0.000420179,"after_bad_area":0,"selected":true}
NATIVE_QUALITY_REGION {"group":40792,"boundary_attempt":false,"point_budget":64,"source_facets":14,"boundary_points":13,"new_points":1,"boundary_unchanged":true,"before_bad":1,"after_score_computed":true,"after_bad":0,"after_valid":true,"before_bad_area":0.000817493,"after_bad_area":0,"selected":true}
NATIVE_QUALITY_REGION {"group":40794,"boundary_attempt":false,"point_budget":64,"source_facets":12,"boundary_points":10,"new_points":2,"boundary_unchanged":true,"before_bad":1,"after_score_computed":true,"after_bad":0,"after_valid":true,"before_bad_area":0.000250992,"after_bad_area":0,"selected":true}
NATIVE_QUALITY_REGION {"group":40795,"boundary_attempt":false,"point_budget":64,"source_facets":4,"boundary_points":4,"new_points":1,"boundary_unchanged":true,"before_bad":1,"after_score_computed":true,"after_bad":0,"after_valid":true,"before_bad_area":0.00130482,"after_bad_area":0,"selected":true}
NATIVE_QUALITY_REGION {"group":40796,"boundary_attempt":false,"point_budget":64,"source_facets":8,"boundary_points":8,"new_points":1,"boundary_unchanged":true,"before_bad":1,"after_score_computed":true,"after_bad":0,"after_valid":true,"before_bad_area":0.00263312,"after_bad_area":0,"selected":true}
NATIVE_QUALITY_REGION {"group":40806,"boundary_attempt":false,"point_budget":64,"source_facets":9,"boundary_points":8,"new_points":0,"boundary_unchanged":true,"before_bad":1,"after_score_computed":true,"after_bad":1,"after_valid":true,"before_bad_area":0.00136213,"after_bad_area":0.00136213,"selected":false}
NATIVE_QUALITY_REGION {"group":40821,"boundary_attempt":false,"point_budget":64,"source_facets":14,"boundary_points":10,"new_points":2,"boundary_unchanged":true,"before_bad":3,"after_score_computed":true,"after_bad":1,"after_valid":true,"before_bad_area":0.00754669,"after_bad_area":0.000965095,"selected":true}
NATIVE_QUALITY_REGION {"group":40823,"boundary_attempt":false,"point_budget":64,"source_facets":16,"boundary_points":12,"new_points":6,"boundary_unchanged":true,"before_bad":2,"after_score_computed":true,"after_bad":0,"after_valid":true,"before_bad_area":0.00144702,"after_bad_area":0,"selected":true}
NATIVE_QUALITY_REGION {"group":40824,"boundary_attempt":false,"point_budget":64,"source_facets":29,"boundary_points":15,"new_points":7,"boundary_unchanged":true,"before_bad":4,"after_score_computed":true,"after_bad":0,"after_valid":true,"before_bad_area":0.00880548,"after_bad_area":0,"selected":true}
NATIVE_QUALITY_REGION {"group":40825,"boundary_attempt":false,"point_budget":64,"source_facets":16,"boundary_points":12,"new_points":2,"boundary_unchanged":true,"before_bad":3,"after_score_computed":true,"after_bad":0,"after_valid":true,"before_bad_area":0.00958851,"after_bad_area":0,"selected":true}
NATIVE_QUALITY_REGION {"group":40828,"boundary_attempt":false,"point_budget":64,"source_facets":13,"boundary_points":15,"new_points":2,"boundary_unchanged":true,"before_bad":3,"after_score_computed":true,"after_bad":0,"after_valid":true,"before_bad_area":0.00034458,"after_bad_area":0,"selected":true}
NATIVE_QUALITY_REGION {"group":40833,"boundary_attempt":false,"point_budget":64,"source_facets":15,"boundary_points":10,"new_points":2,"boundary_unchanged":true,"before_bad":2,"after_score_computed":true,"after_bad":0,"after_valid":true,"before_bad_area":0.00125057,"after_bad_area":0,"selected":true}
NATIVE_QUALITY_REGION {"group":40834,"boundary_attempt":false,"point_budget":64,"source_facets":14,"boundary_points":11,"new_points":2,"boundary_unchanged":true,"before_bad":2,"after_score_computed":true,"after_bad":0,"after_valid":true,"before_bad_area":0.00261858,"after_bad_area":0,"selected":true}
NATIVE_QUALITY_REGION {"group":40835,"boundary_attempt":false,"point_budget":64,"source_facets":152,"boundary_points":69,"new_points":41,"boundary_unchanged":true,"before_bad":30,"after_score_computed":true,"after_bad":2,"after_valid":true,"before_bad_area":0.280824,"after_bad_area":0.000759062,"selected":true}
NATIVE_QUALITY_REGION {"group":40836,"boundary_attempt":false,"point_budget":64,"source_facets":80,"boundary_points":54,"new_points":12,"boundary_unchanged":true,"before_bad":11,"after_score_computed":true,"after_bad":0,"after_valid":true,"before_bad_area":0.0341149,"after_bad_area":0,"selected":true}
NATIVE_QUALITY_REGION {"group":40837,"boundary_attempt":false,"point_budget":64,"source_facets":44,"boundary_points":27,"new_points":12,"boundary_unchanged":true,"before_bad":9,"after_score_computed":true,"after_bad":0,"after_valid":true,"before_bad_area":0.00709658,"after_bad_area":0,"selected":true}
NATIVE_QUALITY_REGION {"group":40842,"boundary_attempt":false,"point_budget":64,"source_facets":23,"boundary_points":15,"new_points":3,"boundary_unchanged":true,"before_bad":1,"after_score_computed":true,"after_bad":1,"after_valid":true,"before_bad_area":1.24118e-05,"after_bad_area":1.24118e-05,"selected":false}
NATIVE_QUALITY_REGION {"group":40930,"boundary_attempt":false,"point_budget":64,"source_facets":6,"boundary_points":7,"new_points":0,"boundary_unchanged":true,"before_bad":1,"after_score_computed":true,"after_bad":1,"after_valid":true,"before_bad_area":0.00372394,"after_bad_area":0.00372394,"selected":false}
NATIVE_QUALITY_REGION {"group":40931,"boundary_attempt":false,"point_budget":64,"source_facets":26,"boundary_points":13,"new_points":6,"boundary_unchanged":true,"before_bad":6,"after_score_computed":true,"after_bad":0,"after_valid":true,"before_bad_area":0.0119207,"after_bad_area":0,"selected":true}
NATIVE_QUALITY_REGION {"group":40932,"boundary_attempt":false,"point_budget":64,"source_facets":9,"boundary_points":8,"new_points":0,"boundary_unchanged":true,"before_bad":1,"after_score_computed":true,"after_bad":1,"after_valid":true,"before_bad_area":0.00212233,"after_bad_area":0.00212233,"selected":false}
NATIVE_QUALITY_REGION {"group":40933,"boundary_attempt":false,"point_budget":64,"source_facets":9,"boundary_points":9,"new_points":2,"boundary_unchanged":true,"before_bad":3,"after_score_computed":true,"after_bad":0,"after_valid":true,"before_bad_area":0.00427928,"after_bad_area":0,"selected":true}
NATIVE_QUALITY_REGION {"group":40938,"boundary_attempt":false,"point_budget":64,"source_facets":4,"boundary_points":6,"new_points":0,"boundary_unchanged":true,"before_bad":1,"after_score_computed":true,"after_bad":1,"after_valid":true,"before_bad_area":0.000218774,"after_bad_area":0.000218774,"selected":false}
NATIVE_QUALITY_REGION {"group":40941,"boundary_attempt":false,"point_budget":64,"source_facets":4,"boundary_points":5,"new_points":0,"boundary_unchanged":true,"before_bad":1,"after_score_computed":true,"after_bad":1,"after_valid":true,"before_bad_area":6.89746e-05,"after_bad_area":6.89746e-05,"selected":false}
NATIVE_QUALITY_REGION {"group":40944,"boundary_attempt":false,"point_budget":64,"source_facets":106,"boundary_points":51,"new_points":23,"boundary_unchanged":true,"before_bad":21,"after_score_computed":true,"after_bad":0,"after_valid":true,"before_bad_area":0.342874,"after_bad_area":0,"selected":true}
NATIVE_QUALITY_REGION {"group":40949,"boundary_attempt":false,"point_budget":64,"source_facets":11,"boundary_points":8,"new_points":2,"boundary_unchanged":true,"before_bad":2,"after_score_computed":true,"after_bad":0,"after_valid":true,"before_bad_area":0.00511942,"after_bad_area":0,"selected":true}
NATIVE_QUALITY_REGION {"group":40951,"boundary_attempt":false,"point_budget":64,"source_facets":10,"boundary_points":9,"new_points":0,"boundary_unchanged":true,"before_bad":2,"after_score_computed":true,"after_bad":2,"after_valid":true,"before_bad_area":0.0283925,"after_bad_area":0.0283925,"selected":false}
NATIVE_QUALITY_REGION {"group":40952,"boundary_attempt":false,"point_budget":64,"source_facets":21,"boundary_points":12,"new_points":3,"boundary_unchanged":true,"before_bad":6,"after_score_computed":true,"after_bad":0,"after_valid":true,"before_bad_area":0.0110116,"after_bad_area":0,"selected":true}
NATIVE_QUALITY_REGION {"group":40958,"boundary_attempt":false,"point_budget":64,"source_facets":11,"boundary_points":8,"new_points":0,"boundary_unchanged":true,"before_bad":1,"after_score_computed":true,"after_bad":1,"after_valid":true,"before_bad_area":0.000381406,"after_bad_area":0.000381406,"selected":false}
NATIVE_QUALITY_REGION {"group":40963,"boundary_attempt":false,"point_budget":64,"source_facets":83,"boundary_points":44,"new_points":20,"boundary_unchanged":true,"before_bad":11,"after_score_computed":true,"after_bad":0,"after_valid":true,"before_bad_area":0.0764687,"after_bad_area":0,"selected":true}
NATIVE_QUALITY_REGION {"group":40965,"boundary_attempt":false,"point_budget":64,"source_facets":27,"boundary_points":14,"new_points":7,"boundary_unchanged":true,"before_bad":4,"after_score_computed":true,"after_bad":0,"after_valid":true,"before_bad_area":0.00775339,"after_bad_area":0,"selected":true}
NATIVE_QUALITY_REGION {"group":40969,"boundary_attempt":false,"point_budget":64,"source_facets":23,"boundary_points":13,"new_points":4,"boundary_unchanged":true,"before_bad":3,"after_score_computed":true,"after_bad":0,"after_valid":true,"before_bad_area":0.00611394,"after_bad_area":0,"selected":true}
NATIVE_QUALITY_REGION {"group":40970,"boundary_attempt":false,"point_budget":64,"source_facets":37,"boundary_points":17,"new_points":4,"boundary_unchanged":true,"before_bad":3,"after_score_computed":true,"after_bad":0,"after_valid":true,"before_bad_area":0.000171214,"after_bad_area":0,"selected":true}
NATIVE_QUALITY_REGION {"group":40971,"boundary_attempt":false,"point_budget":64,"source_facets":19,"boundary_points":13,"new_points":0,"boundary_unchanged":true,"before_bad":2,"after_score_computed":true,"after_bad":2,"after_valid":true,"before_bad_area":0.00185224,"after_bad_area":0.00185224,"selected":false}
NATIVE_QUALITY_REGION {"group":40974,"boundary_attempt":false,"point_budget":64,"source_facets":140,"boundary_points":61,"new_points":40,"boundary_unchanged":true,"before_bad":29,"after_score_computed":true,"after_bad":0,"after_valid":true,"before_bad_area":0.603415,"after_bad_area":0,"selected":true}
NATIVE_QUALITY_REGION {"group":40975,"boundary_attempt":false,"point_budget":64,"source_facets":33,"boundary_points":20,"new_points":7,"boundary_unchanged":true,"before_bad":11,"after_score_computed":true,"after_bad":0,"after_valid":true,"before_bad_area":0.0222972,"after_bad_area":0,"selected":true}
NATIVE_QUALITY_REGION {"group":41053,"boundary_attempt":false,"point_budget":64,"source_facets":6,"boundary_points":6,"new_points":0,"boundary_unchanged":true,"before_bad":1,"after_score_computed":true,"after_bad":1,"after_valid":true,"before_bad_area":0.00304657,"after_bad_area":0.00304657,"selected":false}
NATIVE_QUALITY_REGION {"group":41054,"boundary_attempt":false,"point_budget":64,"source_facets":11,"boundary_points":9,"new_points":1,"boundary_unchanged":true,"before_bad":1,"after_score_computed":true,"after_bad":1,"after_valid":true,"before_bad_area":0.00023212,"after_bad_area":0.000835069,"selected":false}
NATIVE_QUALITY_REGION {"group":41055,"boundary_attempt":false,"point_budget":64,"source_facets":51,"boundary_points":30,"new_points":9,"boundary_unchanged":true,"before_bad":12,"after_score_computed":true,"after_bad":0,"after_valid":true,"before_bad_area":0.0390113,"after_bad_area":0,"selected":true}
NATIVE_QUALITY_REGION {"group":41060,"boundary_attempt":false,"point_budget":64,"source_facets":16,"boundary_points":14,"new_points":2,"boundary_unchanged":true,"before_bad":1,"after_score_computed":true,"after_bad":0,"after_valid":true,"before_bad_area":0.00190785,"after_bad_area":0,"selected":true}
NATIVE_QUALITY_REGION {"group":41061,"boundary_attempt":false,"point_budget":64,"source_facets":12,"boundary_points":9,"new_points":1,"boundary_unchanged":true,"before_bad":2,"after_score_computed":true,"after_bad":1,"after_valid":true,"before_bad_area":0.00352617,"after_bad_area":0.00197713,"selected":true}
NATIVE_QUALITY_REGION {"group":41062,"boundary_attempt":false,"point_budget":64,"source_facets":14,"boundary_points":10,"new_points":6,"boundary_unchanged":true,"before_bad":2,"after_score_computed":true,"after_bad":0,"after_valid":true,"before_bad_area":0.00166909,"after_bad_area":0,"selected":true}
NATIVE_QUALITY_REGION {"group":41064,"boundary_attempt":false,"point_budget":64,"source_facets":20,"boundary_points":14,"new_points":4,"boundary_unchanged":true,"before_bad":3,"after_score_computed":true,"after_bad":0,"after_valid":true,"before_bad_area":0.00290029,"after_bad_area":0,"selected":true}
NATIVE_QUALITY_REGION {"group":41068,"boundary_attempt":false,"point_budget":64,"source_facets":8,"boundary_points":8,"new_points":1,"boundary_unchanged":true,"before_bad":1,"after_score_computed":true,"after_bad":0,"after_valid":true,"before_bad_area":9.687e-05,"after_bad_area":0,"selected":true}
NATIVE_QUALITY_REGION {"group":41069,"boundary_attempt":false,"point_budget":64,"source_facets":8,"boundary_points":7,"new_points":2,"boundary_unchanged":true,"before_bad":1,"after_score_computed":true,"after_bad":0,"after_valid":true,"before_bad_area":0.000190032,"after_bad_area":0,"selected":true}
NATIVE_QUALITY_REGION {"group":41076,"boundary_attempt":false,"point_budget":64,"source_facets":5,"boundary_points":5,"new_points":1,"boundary_unchanged":true,"before_bad":1,"after_score_computed":true,"after_bad":0,"after_valid":true,"before_bad_area":0.00106695,"after_bad_area":0,"selected":true}
NATIVE_QUALITY_REGION {"group":41080,"boundary_attempt":false,"point_budget":64,"source_facets":6,"boundary_points":7,"new_points":0,"boundary_unchanged":true,"before_bad":1,"after_score_computed":true,"after_bad":1,"after_valid":true,"before_bad_area":5.03982e-05,"after_bad_area":5.03982e-05,"selected":false}
NATIVE_QUALITY_REGION {"group":41092,"boundary_attempt":false,"point_budget":64,"source_facets":7,"boundary_points":7,"new_points":1,"boundary_unchanged":true,"before_bad":1,"after_score_computed":true,"after_bad":0,"after_valid":true,"before_bad_area":0.00198716,"after_bad_area":0,"selected":true}
NATIVE_QUALITY_REGION {"group":41093,"boundary_attempt":false,"point_budget":64,"source_facets":9,"boundary_points":8,"new_points":0,"boundary_unchanged":true,"before_bad":1,"after_score_computed":true,"after_bad":1,"after_valid":true,"before_bad_area":0.0115988,"after_bad_area":0.0115988,"selected":false}
NATIVE_QUALITY_REGION {"group":41094,"boundary_attempt":false,"point_budget":64,"source_facets":16,"boundary_points":7,"new_points":1,"boundary_unchanged":true,"before_bad":2,"after_score_computed":true,"after_bad":1,"after_valid":true,"before_bad_area":0.0250637,"after_bad_area":0.00424267,"selected":true}
NATIVE_QUALITY_REGION {"group":41096,"boundary_attempt":false,"point_budget":64,"source_facets":48,"boundary_points":26,"new_points":8,"boundary_unchanged":true,"before_bad":6,"after_score_computed":true,"after_bad":3,"after_valid":true,"before_bad_area":0.00662724,"after_bad_area":0.00252155,"selected":true}
NATIVE_QUALITY_REGION {"group":41097,"boundary_attempt":false,"point_budget":64,"source_facets":18,"boundary_points":12,"new_points":3,"boundary_unchanged":true,"before_bad":4,"after_score_computed":true,"after_bad":0,"after_valid":true,"before_bad_area":0.00325736,"after_bad_area":0,"selected":true}
NATIVE_QUALITY_REGION {"group":41099,"boundary_attempt":false,"point_budget":64,"source_facets":18,"boundary_points":12,"new_points":4,"boundary_unchanged":true,"before_bad":3,"after_score_computed":true,"after_bad":0,"after_valid":true,"before_bad_area":0.00502829,"after_bad_area":0,"selected":true}
NATIVE_QUALITY_REGION {"group":41100,"boundary_attempt":false,"point_budget":64,"source_facets":58,"boundary_points":28,"new_points":16,"boundary_unchanged":true,"before_bad":7,"after_score_computed":true,"after_bad":0,"after_valid":true,"before_bad_area":0.00853744,"after_bad_area":0,"selected":true}
NATIVE_QUALITY_REGION {"group":41101,"boundary_attempt":false,"point_budget":64,"source_facets":20,"boundary_points":11,"new_points":4,"boundary_unchanged":true,"before_bad":5,"after_score_computed":true,"after_bad":0,"after_valid":true,"before_bad_area":0.0197905,"after_bad_area":0,"selected":true}
NATIVE_QUALITY_REGION {"group":41104,"boundary_attempt":false,"point_budget":64,"source_facets":24,"boundary_points":13,"new_points":6,"boundary_unchanged":true,"before_bad":2,"after_score_computed":true,"after_bad":0,"after_valid":true,"before_bad_area":0.000872443,"after_bad_area":0,"selected":true}
NATIVE_QUALITY_REGION {"group":41105,"boundary_attempt":false,"point_budget":64,"source_facets":12,"boundary_points":12,"new_points":0,"boundary_unchanged":true,"before_bad":3,"after_score_computed":true,"after_bad":3,"after_valid":true,"before_bad_area":0.00148388,"after_bad_area":0.00148388,"selected":false}
NATIVE_QUALITY_REGION {"group":41108,"boundary_attempt":false,"point_budget":64,"source_facets":60,"boundary_points":37,"new_points":12,"boundary_unchanged":true,"before_bad":16,"after_score_computed":true,"after_bad":0,"after_valid":true,"before_bad_area":0.0143747,"after_bad_area":0,"selected":true}
NATIVE_QUALITY_REGION {"group":41109,"boundary_attempt":false,"point_budget":64,"source_facets":45,"boundary_points":23,"new_points":9,"boundary_unchanged":true,"before_bad":9,"after_score_computed":true,"after_bad":1,"after_valid":true,"before_bad_area":0.00553891,"after_bad_area":1.00104e-06,"selected":true}
NATIVE_QUALITY_REGION {"group":41110,"boundary_attempt":false,"point_budget":64,"source_facets":28,"boundary_points":21,"new_points":3,"boundary_unchanged":true,"before_bad":4,"after_score_computed":true,"after_bad":2,"after_valid":true,"before_bad_area":0.000844417,"after_bad_area":1.04249e-05,"selected":true}
NATIVE_QUALITY_REGION {"group":41111,"boundary_attempt":false,"point_budget":64,"source_facets":6,"boundary_points":5,"new_points":1,"boundary_unchanged":true,"before_bad":1,"after_score_computed":true,"after_bad":0,"after_valid":true,"before_bad_area":0.00103917,"after_bad_area":0,"selected":true}
NATIVE_QUALITY_REGION {"group":41112,"boundary_attempt":false,"point_budget":64,"source_facets":148,"boundary_points":62,"new_points":33,"boundary_unchanged":true,"before_bad":47,"after_score_computed":true,"after_bad":14,"after_valid":true,"before_bad_area":0.163118,"after_bad_area":0.0951186,"selected":true}
NATIVE_QUALITY_REGION {"group":41113,"boundary_attempt":false,"point_budget":64,"source_facets":84,"boundary_points":30,"new_points":16,"boundary_unchanged":true,"before_bad":19,"after_score_computed":true,"after_bad":4,"after_valid":true,"before_bad_area":0.0415448,"after_bad_area":0.030544,"selected":true}
NATIVE_QUALITY_REGION {"group":41115,"boundary_attempt":false,"point_budget":64,"source_facets":160,"boundary_points":55,"new_points":31,"boundary_unchanged":true,"before_bad":43,"after_score_computed":true,"after_bad":17,"after_valid":true,"before_bad_area":0.16425,"after_bad_area":0.0500148,"selected":true}
NATIVE_QUALITY_REGION {"group":41116,"boundary_attempt":false,"point_budget":64,"source_facets":161,"boundary_points":57,"new_points":46,"boundary_unchanged":true,"before_bad":31,"after_score_computed":true,"after_bad":4,"after_valid":true,"before_bad_area":0.0496537,"after_bad_area":0.0287878,"selected":true}
NATIVE_QUALITY_REGION {"group":41121,"boundary_attempt":false,"point_budget":64,"source_facets":13,"boundary_points":11,"new_points":0,"boundary_unchanged":true,"before_bad":4,"after_score_computed":true,"after_bad":4,"after_valid":true,"before_bad_area":0.00672999,"after_bad_area":0.00672999,"selected":false}
NATIVE_QUALITY_REGION {"group":41123,"boundary_attempt":false,"point_budget":64,"source_facets":63,"boundary_points":34,"new_points":15,"boundary_unchanged":true,"before_bad":10,"after_score_computed":true,"after_bad":1,"after_valid":true,"before_bad_area":0.00355014,"after_bad_area":0.000388342,"selected":true}
NATIVE_QUALITY_REGION {"group":41124,"boundary_attempt":false,"point_budget":64,"source_facets":10,"boundary_points":11,"new_points":1,"boundary_unchanged":true,"before_bad":1,"after_score_computed":true,"after_bad":1,"after_valid":true,"before_bad_area":6.0844e-05,"after_bad_area":6.0844e-05,"selected":false}
NATIVE_QUALITY_REGION {"group":41126,"boundary_attempt":false,"point_budget":64,"source_facets":8,"boundary_points":7,"new_points":2,"boundary_unchanged":true,"before_bad":2,"after_score_computed":true,"after_bad":1,"after_valid":true,"before_bad_area":0.00100235,"after_bad_area":0.000474266,"selected":true}
NATIVE_QUALITY_REGION {"group":41132,"boundary_attempt":false,"point_budget":64,"source_facets":7,"boundary_points":9,"new_points":2,"boundary_unchanged":true,"before_bad":1,"after_score_computed":true,"after_bad":0,"after_valid":true,"before_bad_area":0.000774416,"after_bad_area":0,"selected":true}
NATIVE_QUALITY_REGION {"group":41133,"boundary_attempt":false,"point_budget":64,"source_facets":27,"boundary_points":11,"new_points":10,"boundary_unchanged":true,"before_bad":4,"after_score_computed":true,"after_bad":0,"after_valid":true,"before_bad_area":0.00652034,"after_bad_area":0,"selected":true}
NATIVE_QUALITY_REGION {"group":41134,"boundary_attempt":false,"point_budget":64,"source_facets":7,"boundary_points":6,"new_points":0,"boundary_unchanged":true,"before_bad":2,"after_score_computed":true,"after_bad":2,"after_valid":true,"before_bad_area":0.00477534,"after_bad_area":0.00477534,"selected":false}
NATIVE_QUALITY_REGION {"group":41135,"boundary_attempt":false,"point_budget":64,"source_facets":16,"boundary_points":12,"new_points":4,"boundary_unchanged":true,"before_bad":5,"after_score_computed":true,"after_bad":0,"after_valid":true,"before_bad_area":0.00616524,"after_bad_area":0,"selected":true}
NATIVE_QUALITY_REGION {"group":41136,"boundary_attempt":false,"point_budget":64,"source_facets":23,"boundary_points":21,"new_points":5,"boundary_unchanged":true,"before_bad":4,"after_score_computed":true,"after_bad":0,"after_valid":true,"before_bad_area":0.00285027,"after_bad_area":0,"selected":true}
NATIVE_QUALITY_REGION {"group":41137,"boundary_attempt":false,"point_budget":64,"source_facets":124,"boundary_points":53,"new_points":26,"boundary_unchanged":true,"before_bad":38,"after_score_computed":true,"after_bad":6,"after_valid":true,"before_bad_area":0.132675,"after_bad_area":0.00288968,"selected":true}
NATIVE_QUALITY_REGION {"group":41138,"boundary_attempt":false,"point_budget":64,"source_facets":26,"boundary_points":9,"new_points":1,"boundary_unchanged":true,"before_bad":1,"after_score_computed":true,"after_bad":0,"after_valid":true,"before_bad_area":4.88385e-08,"after_bad_area":0,"selected":true}
NATIVE_QUALITY_REGION {"group":41140,"boundary_attempt":false,"point_budget":64,"source_facets":29,"boundary_points":19,"new_points":7,"boundary_unchanged":true,"before_bad":6,"after_score_computed":true,"after_bad":1,"after_valid":true,"before_bad_area":1.84021e-07,"after_bad_area":3.73284e-07,"selected":false}
NATIVE_QUALITY_REGION {"group":41140,"boundary_attempt":true,"point_budget":128,"source_facets":29,"boundary_points":19,"new_points":10,"boundary_unchanged":true,"before_bad":6,"after_score_computed":true,"after_bad":0,"after_valid":true,"before_bad_area":1.84021e-07,"after_bad_area":0,"selected":true}
NATIVE_QUALITY_REGION {"group":41141,"boundary_attempt":false,"point_budget":64,"source_facets":33,"boundary_points":17,"new_points":8,"boundary_unchanged":true,"before_bad":3,"after_score_computed":true,"after_bad":0,"after_valid":true,"before_bad_area":4.46128e-09,"after_bad_area":0,"selected":true}
NATIVE_QUALITY_REGION {"group":41144,"boundary_attempt":false,"point_budget":64,"source_facets":124,"boundary_points":45,"new_points":24,"boundary_unchanged":true,"before_bad":28,"after_score_computed":true,"after_bad":12,"after_valid":true,"before_bad_area":0.130277,"after_bad_area":0.0811529,"selected":true}
NATIVE_QUALITY_REGION {"group":41147,"boundary_attempt":false,"point_budget":64,"source_facets":25,"boundary_points":15,"new_points":6,"boundary_unchanged":true,"before_bad":9,"after_score_computed":true,"after_bad":0,"after_valid":true,"before_bad_area":0.013918,"after_bad_area":0,"selected":true}
NATIVE_QUALITY_REGION {"group":41149,"boundary_attempt":false,"point_budget":64,"source_facets":29,"boundary_points":18,"new_points":2,"boundary_unchanged":true,"before_bad":5,"after_score_computed":true,"after_bad":5,"after_valid":true,"before_bad_area":7.37853e-08,"after_bad_area":7.37321e-08,"selected":true}
NATIVE_QUALITY_REGION {"group":41150,"boundary_attempt":false,"point_budget":64,"source_facets":108,"boundary_points":36,"new_points":26,"boundary_unchanged":true,"before_bad":23,"after_score_computed":true,"after_bad":4,"after_valid":true,"before_bad_area":0.0563456,"after_bad_area":0.0139126,"selected":true}
NATIVE_QUALITY_REGION {"group":41152,"boundary_attempt":false,"point_budget":64,"source_facets":163,"boundary_points":69,"new_points":36,"boundary_unchanged":true,"before_bad":35,"after_score_computed":true,"after_bad":8,"after_valid":true,"before_bad_area":0.112436,"after_bad_area":0.018401,"selected":true}
NATIVE_QUALITY_REGION {"group":41156,"boundary_attempt":false,"point_budget":64,"source_facets":22,"boundary_points":11,"new_points":0,"boundary_unchanged":true,"before_bad":6,"after_score_computed":true,"after_bad":6,"after_valid":true,"before_bad_area":2.76026e-06,"after_bad_area":2.76026e-06,"selected":false}
NATIVE_QUALITY_REGION {"group":41160,"boundary_attempt":false,"point_budget":64,"source_facets":25,"boundary_points":11,"new_points":5,"boundary_unchanged":true,"before_bad":2,"after_score_computed":true,"after_bad":0,"after_valid":true,"before_bad_area":0.00501699,"after_bad_area":0,"selected":true}
NATIVE_QUALITY_REGION {"group":41161,"boundary_attempt":false,"point_budget":64,"source_facets":21,"boundary_points":16,"new_points":2,"boundary_unchanged":true,"before_bad":3,"after_score_computed":true,"after_bad":0,"after_valid":true,"before_bad_area":0.00242913,"after_bad_area":0,"selected":true}
NATIVE_QUALITY_REGION {"group":41162,"boundary_attempt":false,"point_budget":64,"source_facets":21,"boundary_points":12,"new_points":4,"boundary_unchanged":true,"before_bad":5,"after_score_computed":true,"after_bad":1,"after_valid":true,"before_bad_area":0.0249999,"after_bad_area":0.00771441,"selected":true}
NATIVE_QUALITY_REGION {"group":41164,"boundary_attempt":false,"point_budget":64,"source_facets":15,"boundary_points":12,"new_points":0,"boundary_unchanged":true,"before_bad":2,"after_score_computed":true,"after_bad":2,"after_valid":true,"before_bad_area":0.00689434,"after_bad_area":0.00689434,"selected":false}
NATIVE_QUALITY_REGION {"group":41165,"boundary_attempt":false,"point_budget":64,"source_facets":16,"boundary_points":15,"new_points":2,"boundary_unchanged":true,"before_bad":1,"after_score_computed":true,"after_bad":0,"after_valid":true,"before_bad_area":0.00186645,"after_bad_area":0,"selected":true}
NATIVE_QUALITY_REGION {"group":41169,"boundary_attempt":false,"point_budget":64,"source_facets":200,"boundary_points":60,"new_points":46,"boundary_unchanged":true,"before_bad":51,"after_score_computed":true,"after_bad":2,"after_valid":true,"before_bad_area":1.99741e-05,"after_bad_area":3.04305e-10,"selected":true}
NATIVE_QUALITY_REGION {"group":41171,"boundary_attempt":false,"point_budget":64,"source_facets":99,"boundary_points":59,"new_points":41,"boundary_unchanged":true,"before_bad":40,"after_score_computed":true,"after_bad":2,"after_valid":true,"before_bad_area":2.37903e-06,"after_bad_area":1.73582e-10,"selected":true}
NATIVE_QUALITY_REGION {"group":41174,"boundary_attempt":false,"point_budget":64,"source_facets":68,"boundary_points":40,"new_points":16,"boundary_unchanged":true,"before_bad":11,"after_score_computed":true,"after_bad":0,"after_valid":true,"before_bad_area":0.00362265,"after_bad_area":0,"selected":true}
NATIVE_QUALITY_REGION {"group":41175,"boundary_attempt":false,"point_budget":64,"source_facets":22,"boundary_points":15,"new_points":5,"boundary_unchanged":true,"before_bad":4,"after_score_computed":true,"after_bad":3,"after_valid":true,"before_bad_area":1.84282e-08,"after_bad_area":1.7845e-07,"selected":false}
NATIVE_QUALITY_REGION {"group":41175,"boundary_attempt":true,"point_budget":128,"source_facets":22,"boundary_points":15,"new_points":14,"boundary_unchanged":true,"before_bad":4,"after_score_computed":true,"after_bad":0,"after_valid":true,"before_bad_area":1.84282e-08,"after_bad_area":0,"selected":true}
NATIVE_QUALITY_REGION {"group":41176,"boundary_attempt":false,"point_budget":64,"source_facets":97,"boundary_points":47,"new_points":20,"boundary_unchanged":true,"before_bad":19,"after_score_computed":true,"after_bad":3,"after_valid":true,"before_bad_area":0.0146606,"after_bad_area":0.00342572,"selected":true}
NATIVE_QUALITY_REGION {"group":41177,"boundary_attempt":false,"point_budget":64,"source_facets":23,"boundary_points":19,"new_points":2,"boundary_unchanged":true,"before_bad":1,"after_score_computed":true,"after_bad":0,"after_valid":true,"before_bad_area":5.62841e-09,"after_bad_area":0,"selected":true}
NATIVE_QUALITY_REGION {"group":41178,"boundary_attempt":false,"point_budget":64,"source_facets":21,"boundary_points":16,"new_points":4,"boundary_unchanged":true,"before_bad":1,"after_score_computed":true,"after_bad":0,"after_valid":true,"before_bad_area":4.61927e-09,"after_bad_area":0,"selected":true}
NATIVE_QUALITY_REGION {"group":41181,"boundary_attempt":false,"point_budget":64,"source_facets":20,"boundary_points":9,"new_points":1,"boundary_unchanged":true,"before_bad":4,"after_score_computed":true,"after_bad":2,"after_valid":true,"before_bad_area":0.00619662,"after_bad_area":0.0080306,"selected":false}
NATIVE_QUALITY_REGION {"group":41181,"boundary_attempt":true,"point_budget":128,"source_facets":20,"boundary_points":9,"new_points":11,"boundary_unchanged":true,"before_bad":4,"after_score_computed":true,"after_bad":0,"after_valid":true,"before_bad_area":0.00619662,"after_bad_area":0,"selected":true}
NATIVE_QUALITY_REGION {"group":41182,"boundary_attempt":false,"point_budget":64,"source_facets":53,"boundary_points":46,"new_points":1,"boundary_unchanged":true,"before_bad":3,"after_score_computed":true,"after_bad":2,"after_valid":true,"before_bad_area":0.000525012,"after_bad_area":0.000506756,"selected":true}
NATIVE_QUALITY_REGION {"group":41183,"boundary_attempt":false,"point_budget":64,"source_facets":8,"boundary_points":8,"new_points":0,"boundary_unchanged":true,"before_bad":3,"after_score_computed":true,"after_bad":3,"after_valid":true,"before_bad_area":1.05443e-09,"after_bad_area":1.05443e-09,"selected":false}
NATIVE_QUALITY_REGION {"group":41184,"boundary_attempt":false,"point_budget":64,"source_facets":85,"boundary_points":24,"new_points":18,"boundary_unchanged":true,"before_bad":13,"after_score_computed":true,"after_bad":1,"after_valid":true,"before_bad_area":3.25161e-06,"after_bad_area":2.7809e-10,"selected":true}
NATIVE_QUALITY_REGION {"group":41185,"boundary_attempt":false,"point_budget":64,"source_facets":53,"boundary_points":27,"new_points":12,"boundary_unchanged":true,"before_bad":15,"after_score_computed":true,"after_bad":0,"after_valid":true,"before_bad_area":0.00822079,"after_bad_area":0,"selected":true}
NATIVE_QUALITY_REGION {"group":41186,"boundary_attempt":false,"point_budget":64,"source_facets":99,"boundary_points":37,"new_points":23,"boundary_unchanged":true,"before_bad":25,"after_score_computed":true,"after_bad":0,"after_valid":true,"before_bad_area":0.00701671,"after_bad_area":0,"selected":true}
NATIVE_QUALITY_REGION {"group":41187,"boundary_attempt":false,"point_budget":64,"source_facets":68,"boundary_points":41,"new_points":13,"boundary_unchanged":true,"before_bad":19,"after_score_computed":true,"after_bad":0,"after_valid":true,"before_bad_area":0.0045517,"after_bad_area":0,"selected":true}
NATIVE_QUALITY_REGION {"group":41190,"boundary_attempt":false,"point_budget":64,"source_facets":19,"boundary_points":13,"new_points":3,"boundary_unchanged":true,"before_bad":2,"after_score_computed":true,"after_bad":2,"after_valid":true,"before_bad_area":3.15947e-08,"after_bad_area":2.57633e-08,"selected":true}
NATIVE_QUALITY_REGION {"group":41191,"boundary_attempt":false,"point_budget":64,"source_facets":176,"boundary_points":79,"new_points":38,"boundary_unchanged":true,"before_bad":40,"after_score_computed":true,"after_bad":0,"after_valid":true,"before_bad_area":0.0010492,"after_bad_area":0,"selected":true}
NATIVE_QUALITY_REGION {"group":41192,"boundary_attempt":false,"point_budget":64,"source_facets":31,"boundary_points":17,"new_points":4,"boundary_unchanged":true,"before_bad":1,"after_score_computed":true,"after_bad":0,"after_valid":true,"before_bad_area":2.10869e-09,"after_bad_area":0,"selected":true}
NATIVE_QUALITY_REGION {"group":41195,"boundary_attempt":false,"point_budget":64,"source_facets":98,"boundary_points":42,"new_points":30,"boundary_unchanged":true,"before_bad":30,"after_score_computed":true,"after_bad":0,"after_valid":true,"before_bad_area":0.00124211,"after_bad_area":0,"selected":true}
NATIVE_QUALITY_REGION {"group":41196,"boundary_attempt":false,"point_budget":64,"source_facets":18,"boundary_points":12,"new_points":3,"boundary_unchanged":true,"before_bad":1,"after_score_computed":true,"after_bad":0,"after_valid":true,"before_bad_area":0.000260236,"after_bad_area":0,"selected":true}
NATIVE_QUALITY_REGION {"group":41197,"boundary_attempt":false,"point_budget":64,"source_facets":59,"boundary_points":29,"new_points":15,"boundary_unchanged":true,"before_bad":19,"after_score_computed":true,"after_bad":0,"after_valid":true,"before_bad_area":0.000509214,"after_bad_area":0,"selected":true}
NATIVE_QUALITY_REGION {"group":41198,"boundary_attempt":false,"point_budget":64,"source_facets":100,"boundary_points":37,"new_points":16,"boundary_unchanged":true,"before_bad":18,"after_score_computed":true,"after_bad":2,"after_valid":true,"before_bad_area":0.00104624,"after_bad_area":1.68794e-08,"selected":true}
NATIVE_QUALITY_REGION {"group":41200,"boundary_attempt":false,"point_budget":64,"source_facets":101,"boundary_points":40,"new_points":23,"boundary_unchanged":true,"before_bad":25,"after_score_computed":true,"after_bad":0,"after_valid":true,"before_bad_area":0.00183473,"after_bad_area":0,"selected":true}
NATIVE_QUALITY_REGION {"group":41203,"boundary_attempt":false,"point_budget":64,"source_facets":42,"boundary_points":32,"new_points":0,"boundary_unchanged":true,"before_bad":5,"after_score_computed":true,"after_bad":5,"after_valid":true,"before_bad_area":0.000268819,"after_bad_area":0.000268819,"selected":false}
NATIVE_QUALITY_REGION {"group":41204,"boundary_attempt":false,"point_budget":64,"source_facets":3,"boundary_points":5,"new_points":0,"boundary_unchanged":true,"before_bad":2,"after_score_computed":true,"after_bad":2,"after_valid":true,"before_bad_area":3.03835e-10,"after_bad_area":3.03835e-10,"selected":false}
NATIVE_QUALITY_REGION {"group":41205,"boundary_attempt":false,"point_budget":64,"source_facets":40,"boundary_points":39,"new_points":0,"boundary_unchanged":true,"before_bad":2,"after_score_computed":true,"after_bad":2,"after_valid":true,"before_bad_area":2.61357e-10,"after_bad_area":2.61357e-10,"selected":false}
NATIVE_QUALITY_REGION {"group":41207,"boundary_attempt":false,"point_budget":64,"source_facets":61,"boundary_points":51,"new_points":0,"boundary_unchanged":true,"before_bad":10,"after_score_computed":true,"after_bad":10,"after_valid":true,"before_bad_area":3.18357e-06,"after_bad_area":3.18357e-06,"selected":false}
NATIVE_QUALITY_REGION {"group":41208,"boundary_attempt":false,"point_budget":64,"source_facets":36,"boundary_points":29,"new_points":0,"boundary_unchanged":true,"before_bad":2,"after_score_computed":true,"after_bad":2,"after_valid":true,"before_bad_area":1.27453e-10,"after_bad_area":1.27453e-10,"selected":false}
NATIVE_QUALITY_REGION {"group":41210,"boundary_attempt":false,"point_budget":64,"source_facets":50,"boundary_points":39,"new_points":0,"boundary_unchanged":true,"before_bad":9,"after_score_computed":true,"after_bad":9,"after_valid":true,"before_bad_area":1.4986e-07,"after_bad_area":1.4986e-07,"selected":false}
NATIVE_QUALITY_REGION {"group":41218,"boundary_attempt":false,"point_budget":64,"source_facets":277,"boundary_points":89,"new_points":52,"boundary_unchanged":true,"before_bad":48,"after_score_computed":true,"after_bad":4,"after_valid":true,"before_bad_area":9.88069e-05,"after_bad_area":5.53347e-06,"selected":true}
NATIVE_QUALITY_REGION {"group":41220,"boundary_attempt":false,"point_budget":64,"source_facets":172,"boundary_points":65,"new_points":61,"boundary_unchanged":true,"before_bad":30,"after_score_computed":true,"after_bad":12,"after_valid":true,"before_bad_area":0.0395186,"after_bad_area":0.0296009,"selected":true}
NATIVE_QUALITY_REGION {"group":41221,"boundary_attempt":false,"point_budget":64,"source_facets":82,"boundary_points":72,"new_points":30,"boundary_unchanged":true,"before_bad":25,"after_score_computed":true,"after_bad":3,"after_valid":true,"before_bad_area":0.696543,"after_bad_area":0.00430591,"selected":true}
NATIVE_QUALITY_REGION {"group":41222,"boundary_attempt":false,"point_budget":64,"source_facets":113,"boundary_points":41,"new_points":30,"boundary_unchanged":true,"before_bad":34,"after_score_computed":true,"after_bad":10,"after_valid":true,"before_bad_area":0.14653,"after_bad_area":0.200168,"selected":false}
NATIVE_QUALITY_REGION {"group":41222,"boundary_attempt":true,"point_budget":128,"source_facets":113,"boundary_points":41,"new_points":54,"boundary_unchanged":true,"before_bad":34,"after_score_computed":true,"after_bad":0,"after_valid":true,"before_bad_area":0.14653,"after_bad_area":0,"selected":true}
NATIVE_QUALITY_REGION {"group":41225,"boundary_attempt":false,"point_budget":64,"source_facets":103,"boundary_points":28,"new_points":26,"boundary_unchanged":true,"before_bad":22,"after_score_computed":true,"after_bad":6,"after_valid":true,"before_bad_area":0.129238,"after_bad_area":0.0168766,"selected":true}
NATIVE_QUALITY_REGION {"group":41226,"boundary_attempt":false,"point_budget":64,"source_facets":17,"boundary_points":19,"new_points":7,"boundary_unchanged":true,"before_bad":5,"after_score_computed":true,"after_bad":1,"after_valid":true,"before_bad_area":0.00986088,"after_bad_area":0.000800287,"selected":true}
NATIVE_QUALITY_REGION {"group":41227,"boundary_attempt":false,"point_budget":64,"source_facets":3,"boundary_points":5,"new_points":0,"boundary_unchanged":true,"before_bad":1,"after_score_computed":true,"after_bad":1,"after_valid":true,"before_bad_area":1.61531e-05,"after_bad_area":1.61531e-05,"selected":false}
NATIVE_QUALITY_REGION {"group":41229,"boundary_attempt":false,"point_budget":64,"source_facets":14,"boundary_points":12,"new_points":8,"boundary_unchanged":true,"before_bad":4,"after_score_computed":true,"after_bad":1,"after_valid":true,"before_bad_area":0.00448756,"after_bad_area":0.00218039,"selected":true}
NATIVE_QUALITY_REGION {"group":41230,"boundary_attempt":false,"point_budget":64,"source_facets":183,"boundary_points":79,"new_points":17,"boundary_unchanged":true,"before_bad":46,"after_score_computed":true,"after_bad":37,"after_valid":true,"before_bad_area":0.00997253,"after_bad_area":0.00823632,"selected":true}
NATIVE_QUALITY_REGION {"group":41233,"boundary_attempt":false,"point_budget":64,"source_facets":33,"boundary_points":21,"new_points":5,"boundary_unchanged":true,"before_bad":4,"after_score_computed":true,"after_bad":0,"after_valid":true,"before_bad_area":2.56129e-09,"after_bad_area":0,"selected":true}
NATIVE_QUALITY_REGION {"group":41234,"boundary_attempt":false,"point_budget":64,"source_facets":17,"boundary_points":15,"new_points":2,"boundary_unchanged":true,"before_bad":1,"after_score_computed":true,"after_bad":0,"after_valid":true,"before_bad_area":5.87648e-10,"after_bad_area":0,"selected":true}
NATIVE_QUALITY_REGION {"group":41238,"boundary_attempt":false,"point_budget":64,"source_facets":275,"boundary_points":72,"new_points":42,"boundary_unchanged":true,"before_bad":45,"after_score_computed":true,"after_bad":10,"after_valid":true,"before_bad_area":0.0432522,"after_bad_area":0.0251888,"selected":true}
NATIVE_QUALITY_REGION {"group":41239,"boundary_attempt":false,"point_budget":64,"source_facets":4,"boundary_points":6,"new_points":0,"boundary_unchanged":true,"before_bad":4,"after_score_computed":true,"after_bad":4,"after_valid":true,"before_bad_area":9.57204e-05,"after_bad_area":9.57204e-05,"selected":false}
NATIVE_QUALITY_REGION {"group":41240,"boundary_attempt":false,"point_budget":64,"source_facets":4,"boundary_points":6,"new_points":0,"boundary_unchanged":true,"before_bad":1,"after_score_computed":true,"after_bad":1,"after_valid":true,"before_bad_area":2.87065e-08,"after_bad_area":2.87065e-08,"selected":false}
NATIVE_QUALITY_REGION {"group":41244,"boundary_attempt":false,"point_budget":64,"source_facets":2,"boundary_points":4,"new_points":0,"boundary_unchanged":true,"before_bad":1,"after_score_computed":true,"after_bad":1,"after_valid":true,"before_bad_area":4.47673e-10,"after_bad_area":4.47673e-10,"selected":false}
NATIVE_QUALITY_REGION {"group":41245,"boundary_attempt":false,"point_budget":64,"source_facets":15,"boundary_points":13,"new_points":7,"boundary_unchanged":true,"before_bad":7,"after_score_computed":true,"after_bad":4,"after_valid":true,"before_bad_area":0.0110092,"after_bad_area":0.00405742,"selected":true}
NATIVE_QUALITY_REGION {"group":41246,"boundary_attempt":false,"point_budget":64,"source_facets":15,"boundary_points":14,"new_points":4,"boundary_unchanged":true,"before_bad":4,"after_score_computed":true,"after_bad":1,"after_valid":true,"before_bad_area":0.00212246,"after_bad_area":0.000241242,"selected":true}
NATIVE_QUALITY_REGION {"group":41248,"boundary_attempt":false,"point_budget":64,"source_facets":2,"boundary_points":4,"new_points":0,"boundary_unchanged":true,"before_bad":1,"after_score_computed":true,"after_bad":1,"after_valid":true,"before_bad_area":1.28366e-10,"after_bad_area":1.28366e-10,"selected":false}
NATIVE_QUALITY_REGION {"group":41248,"boundary_attempt":true,"point_budget":128,"source_facets":2,"boundary_points":4,"new_points":4,"boundary_unchanged":true,"before_bad":1,"after_score_computed":true,"after_bad":0,"after_valid":true,"before_bad_area":1.28366e-10,"after_bad_area":0,"selected":true}
NATIVE_QUALITY_REGION {"group":41250,"boundary_attempt":false,"point_budget":64,"source_facets":2,"boundary_points":4,"new_points":0,"boundary_unchanged":true,"before_bad":1,"after_score_computed":true,"after_bad":1,"after_valid":true,"before_bad_area":0.00015145,"after_bad_area":0.00015145,"selected":false}
NATIVE_QUALITY_REGION {"group":41255,"boundary_attempt":false,"point_budget":64,"source_facets":3,"boundary_points":5,"new_points":0,"boundary_unchanged":true,"before_bad":1,"after_score_computed":true,"after_bad":1,"after_valid":true,"before_bad_area":1.07578e-05,"after_bad_area":1.07578e-05,"selected":false}
NATIVE_QUALITY_REGION {"group":41256,"boundary_attempt":false,"point_budget":64,"source_facets":3,"boundary_points":5,"new_points":0,"boundary_unchanged":true,"before_bad":1,"after_score_computed":true,"after_bad":1,"after_valid":true,"before_bad_area":0.00732509,"after_bad_area":0.00732509,"selected":false}
NATIVE_QUALITY_REGION {"group":41260,"boundary_attempt":false,"point_budget":64,"source_facets":2,"boundary_points":4,"new_points":0,"boundary_unchanged":true,"before_bad":1,"after_score_computed":true,"after_bad":1,"after_valid":true,"before_bad_area":0.000454949,"after_bad_area":0.000454949,"selected":false}
NATIVE_QUALITY_REGION {"group":41260,"boundary_attempt":true,"point_budget":128,"source_facets":2,"boundary_points":4,"new_points":5,"boundary_unchanged":true,"before_bad":1,"after_score_computed":true,"after_bad":0,"after_valid":true,"before_bad_area":0.000454949,"after_bad_area":0,"selected":true}
NATIVE_QUALITY_REGION {"group":41266,"boundary_attempt":false,"point_budget":64,"source_facets":7,"boundary_points":8,"new_points":2,"boundary_unchanged":true,"before_bad":4,"after_score_computed":true,"after_bad":2,"after_valid":true,"before_bad_area":0.0133615,"after_bad_area":0.00585995,"selected":true}
NATIVE_QUALITY_REGION {"group":41267,"boundary_attempt":false,"point_budget":64,"source_facets":2,"boundary_points":4,"new_points":0,"boundary_unchanged":true,"before_bad":1,"after_score_computed":true,"after_bad":1,"after_valid":true,"before_bad_area":0.0102247,"after_bad_area":0.0102247,"selected":false}
NATIVE_QUALITY_REGION {"group":41267,"boundary_attempt":true,"point_budget":128,"source_facets":2,"boundary_points":4,"new_points":3,"boundary_unchanged":true,"before_bad":1,"after_score_computed":true,"after_bad":0,"after_valid":true,"before_bad_area":0.0102247,"after_bad_area":0,"selected":true}
NATIVE_QUALITY_REGION {"group":41269,"boundary_attempt":false,"point_budget":64,"source_facets":3,"boundary_points":5,"new_points":2,"boundary_unchanged":true,"before_bad":1,"after_score_computed":true,"after_bad":0,"after_valid":true,"before_bad_area":6.17054e-05,"after_bad_area":0,"selected":true}
NATIVE_QUALITY_REGION {"group":41270,"boundary_attempt":false,"point_budget":64,"source_facets":9,"boundary_points":11,"new_points":1,"boundary_unchanged":true,"before_bad":3,"after_score_computed":true,"after_bad":3,"after_valid":true,"before_bad_area":0.0133693,"after_bad_area":0.0116003,"selected":true}
NATIVE_QUALITY_REGION {"group":41271,"boundary_attempt":false,"point_budget":64,"source_facets":15,"boundary_points":12,"new_points":2,"boundary_unchanged":true,"before_bad":3,"after_score_computed":true,"after_bad":2,"after_valid":true,"before_bad_area":0.000584948,"after_bad_area":0.000128176,"selected":true}
NATIVE_QUALITY_REGION {"group":41272,"boundary_attempt":false,"point_budget":64,"source_facets":6,"boundary_points":8,"new_points":0,"boundary_unchanged":true,"before_bad":2,"after_score_computed":true,"after_bad":2,"after_valid":true,"before_bad_area":0.0074829,"after_bad_area":0.0074829,"selected":false}
NATIVE_QUALITY_REGION {"group":41273,"boundary_attempt":false,"point_budget":64,"source_facets":4,"boundary_points":6,"new_points":0,"boundary_unchanged":true,"before_bad":1,"after_score_computed":true,"after_bad":1,"after_valid":true,"before_bad_area":0.00531941,"after_bad_area":0.00531941,"selected":false}
NATIVE_QUALITY_REGION {"group":41274,"boundary_attempt":false,"point_budget":64,"source_facets":6,"boundary_points":8,"new_points":2,"boundary_unchanged":true,"before_bad":1,"after_score_computed":true,"after_bad":0,"after_valid":true,"before_bad_area":0.00093718,"after_bad_area":0,"selected":true}
NATIVE_QUALITY_REGION {"group":41276,"boundary_attempt":false,"point_budget":64,"source_facets":7,"boundary_points":9,"new_points":1,"boundary_unchanged":true,"before_bad":3,"after_score_computed":true,"after_bad":4,"after_valid":true,"before_bad_area":0.00590482,"after_bad_area":0.00589587,"selected":false}
NATIVE_QUALITY_REGION {"group":41277,"boundary_attempt":false,"point_budget":64,"source_facets":17,"boundary_points":15,"new_points":12,"boundary_unchanged":true,"before_bad":11,"after_score_computed":true,"after_bad":6,"after_valid":true,"before_bad_area":0.0205979,"after_bad_area":0.00705011,"selected":true}
NATIVE_QUALITY_REGION {"group":41279,"boundary_attempt":false,"point_budget":64,"source_facets":4,"boundary_points":5,"new_points":1,"boundary_unchanged":true,"before_bad":1,"after_score_computed":true,"after_bad":2,"after_valid":true,"before_bad_area":5.80988e-07,"after_bad_area":6.22078e-07,"selected":false}
NATIVE_QUALITY_REGION {"group":41280,"boundary_attempt":false,"point_budget":64,"source_facets":4,"boundary_points":6,"new_points":0,"boundary_unchanged":true,"before_bad":2,"after_score_computed":true,"after_bad":2,"after_valid":true,"before_bad_area":0.000721238,"after_bad_area":0.000721238,"selected":false}
NATIVE_QUALITY_REGION {"group":41281,"boundary_attempt":false,"point_budget":64,"source_facets":4,"boundary_points":6,"new_points":0,"boundary_unchanged":true,"before_bad":1,"after_score_computed":true,"after_bad":1,"after_valid":true,"before_bad_area":5.20971e-05,"after_bad_area":5.20971e-05,"selected":false}
NATIVE_QUALITY_REGION {"group":41283,"boundary_attempt":false,"point_budget":64,"source_facets":4,"boundary_points":6,"new_points":0,"boundary_unchanged":true,"before_bad":1,"after_score_computed":true,"after_bad":1,"after_valid":true,"before_bad_area":0.000323553,"after_bad_area":0.000323553,"selected":false}
NATIVE_QUALITY_REGION {"group":41371,"boundary_attempt":false,"point_budget":64,"source_facets":3,"boundary_points":5,"new_points":0,"boundary_unchanged":true,"before_bad":2,"after_score_computed":true,"after_bad":2,"after_valid":true,"before_bad_area":0.00981211,"after_bad_area":0.00981211,"selected":false}
NATIVE_QUALITY_REGION {"group":41372,"boundary_attempt":false,"point_budget":64,"source_facets":5,"boundary_points":7,"new_points":1,"boundary_unchanged":true,"before_bad":2,"after_score_computed":true,"after_bad":0,"after_valid":true,"before_bad_area":0.00327587,"after_bad_area":0,"selected":true}
NATIVE_QUALITY_REGION {"group":41375,"boundary_attempt":false,"point_budget":64,"source_facets":6,"boundary_points":8,"new_points":1,"boundary_unchanged":true,"before_bad":5,"after_score_computed":true,"after_bad":3,"after_valid":true,"before_bad_area":0.0108914,"after_bad_area":0.00410964,"selected":true}
NATIVE_QUALITY_REGION {"group":41377,"boundary_attempt":false,"point_budget":64,"source_facets":4,"boundary_points":6,"new_points":1,"boundary_unchanged":true,"before_bad":3,"after_score_computed":true,"after_bad":1,"after_valid":true,"before_bad_area":0.0171689,"after_bad_area":0.00563858,"selected":true}
NATIVE_QUALITY_REGION {"group":41380,"boundary_attempt":false,"point_budget":64,"source_facets":4,"boundary_points":6,"new_points":0,"boundary_unchanged":true,"before_bad":1,"after_score_computed":true,"after_bad":1,"after_valid":true,"before_bad_area":0.000302769,"after_bad_area":0.000302769,"selected":false}
NATIVE_QUALITY_REGION {"group":41381,"boundary_attempt":false,"point_budget":64,"source_facets":10,"boundary_points":12,"new_points":0,"boundary_unchanged":true,"before_bad":9,"after_score_computed":true,"after_bad":9,"after_valid":true,"before_bad_area":0.0412084,"after_bad_area":0.0412084,"selected":false}
NATIVE_QUALITY_REGION {"group":41384,"boundary_attempt":false,"point_budget":64,"source_facets":3,"boundary_points":5,"new_points":0,"boundary_unchanged":true,"before_bad":1,"after_score_computed":true,"after_bad":1,"after_valid":true,"before_bad_area":0.00701547,"after_bad_area":0.00701547,"selected":false}
NATIVE_QUALITY_REGION {"group":41385,"boundary_attempt":false,"point_budget":64,"source_facets":3,"boundary_points":5,"new_points":0,"boundary_unchanged":true,"before_bad":1,"after_score_computed":true,"after_bad":1,"after_valid":true,"before_bad_area":0.00067829,"after_bad_area":0.00067829,"selected":false}
NATIVE_QUALITY_REGION {"group":41386,"boundary_attempt":false,"point_budget":64,"source_facets":5,"boundary_points":7,"new_points":0,"boundary_unchanged":true,"before_bad":5,"after_score_computed":true,"after_bad":5,"after_valid":true,"before_bad_area":7.14433e-17,"after_bad_area":7.14433e-17,"selected":false}
NATIVE_QUALITY_REGION {"group":41387,"boundary_attempt":false,"point_budget":64,"source_facets":2,"boundary_points":4,"new_points":0,"boundary_unchanged":true,"before_bad":1,"after_score_computed":true,"after_bad":1,"after_valid":true,"before_bad_area":9.96646e-05,"after_bad_area":9.96646e-05,"selected":false}
NATIVE_QUALITY_REGION {"group":41388,"boundary_attempt":false,"point_budget":64,"source_facets":10,"boundary_points":12,"new_points":9,"boundary_unchanged":true,"before_bad":9,"after_score_computed":true,"after_bad":4,"after_valid":true,"before_bad_area":0.0331166,"after_bad_area":0.0151237,"selected":true}
NATIVE_QUALITY_REGION {"group":41389,"boundary_attempt":false,"point_budget":64,"source_facets":11,"boundary_points":13,"new_points":8,"boundary_unchanged":true,"before_bad":8,"after_score_computed":true,"after_bad":3,"after_valid":true,"before_bad_area":0.0218613,"after_bad_area":0.0101872,"selected":true}
NATIVE_QUALITY_REGION {"group":41390,"boundary_attempt":false,"point_budget":64,"source_facets":2,"boundary_points":4,"new_points":0,"boundary_unchanged":true,"before_bad":1,"after_score_computed":true,"after_bad":1,"after_valid":true,"before_bad_area":0.000342739,"after_bad_area":0.000342739,"selected":false}
NATIVE_QUALITY_REGION {"group":41392,"boundary_attempt":false,"point_budget":64,"source_facets":4,"boundary_points":6,"new_points":0,"boundary_unchanged":true,"before_bad":1,"after_score_computed":true,"after_bad":1,"after_valid":true,"before_bad_area":6.06285e-05,"after_bad_area":6.06285e-05,"selected":false}
NATIVE_QUALITY_REGION {"group":41393,"boundary_attempt":false,"point_budget":64,"source_facets":6,"boundary_points":8,"new_points":0,"boundary_unchanged":true,"before_bad":3,"after_score_computed":true,"after_bad":3,"after_valid":true,"before_bad_area":0.017467,"after_bad_area":0.017467,"selected":false}
NATIVE_QUALITY_REGION {"group":41394,"boundary_attempt":false,"point_budget":64,"source_facets":2,"boundary_points":4,"new_points":0,"boundary_unchanged":true,"before_bad":1,"after_score_computed":true,"after_bad":1,"after_valid":true,"before_bad_area":0.00872056,"after_bad_area":0.00872056,"selected":false}
NATIVE_QUALITY_REGION {"group":41394,"boundary_attempt":true,"point_budget":128,"source_facets":2,"boundary_points":4,"new_points":5,"boundary_unchanged":true,"before_bad":1,"after_score_computed":true,"after_bad":0,"after_valid":true,"before_bad_area":0.00872056,"after_bad_area":0,"selected":true}
NATIVE_QUALITY_REGION {"group":41395,"boundary_attempt":false,"point_budget":64,"source_facets":3,"boundary_points":5,"new_points":0,"boundary_unchanged":true,"before_bad":1,"after_score_computed":true,"after_bad":1,"after_valid":true,"before_bad_area":0.0014006,"after_bad_area":0.0014006,"selected":false}
NATIVE_QUALITY_REGION {"group":41396,"boundary_attempt":false,"point_budget":64,"source_facets":3,"boundary_points":5,"new_points":0,"boundary_unchanged":true,"before_bad":3,"after_score_computed":true,"after_bad":3,"after_valid":true,"before_bad_area":1.65441e-16,"after_bad_area":1.65441e-16,"selected":false}
NATIVE_QUALITY_REGION {"group":41397,"boundary_attempt":false,"point_budget":64,"source_facets":4,"boundary_points":6,"new_points":0,"boundary_unchanged":true,"before_bad":4,"after_score_computed":true,"after_bad":4,"after_valid":true,"before_bad_area":2.12104e-16,"after_bad_area":2.12104e-16,"selected":false}
NATIVE_QUALITY_REGION {"group":41398,"boundary_attempt":false,"point_budget":64,"source_facets":4,"boundary_points":6,"new_points":4,"boundary_unchanged":true,"before_bad":2,"after_score_computed":true,"after_bad":3,"after_valid":true,"before_bad_area":9.62415e-05,"after_bad_area":0.00234738,"selected":false}
NATIVE_QUALITY_REGION {"group":41399,"boundary_attempt":false,"point_budget":64,"source_facets":2,"boundary_points":4,"new_points":0,"boundary_unchanged":true,"before_bad":2,"after_score_computed":true,"after_bad":2,"after_valid":true,"before_bad_area":8.2681e-18,"after_bad_area":8.2681e-18,"selected":false}
NATIVE_QUALITY_REGION {"group":41401,"boundary_attempt":false,"point_budget":64,"source_facets":4,"boundary_points":6,"new_points":0,"boundary_unchanged":true,"before_bad":1,"after_score_computed":true,"after_bad":1,"after_valid":true,"before_bad_area":0.000128682,"after_bad_area":0.000128682,"selected":false}
NATIVE_QUALITY_REGION {"group":41402,"boundary_attempt":false,"point_budget":64,"source_facets":5,"boundary_points":7,"new_points":1,"boundary_unchanged":true,"before_bad":2,"after_score_computed":true,"after_bad":1,"after_valid":true,"before_bad_area":0.00852881,"after_bad_area":0.00557609,"selected":true}
NATIVE_QUALITY_REGION {"group":41403,"boundary_attempt":false,"point_budget":64,"source_facets":7,"boundary_points":9,"new_points":1,"boundary_unchanged":true,"before_bad":4,"after_score_computed":true,"after_bad":3,"after_valid":true,"before_bad_area":0.00425554,"after_bad_area":0.0024879,"selected":true}
NATIVE_QUALITY_REGION {"group":41404,"boundary_attempt":false,"point_budget":64,"source_facets":5,"boundary_points":7,"new_points":0,"boundary_unchanged":true,"before_bad":2,"after_score_computed":true,"after_bad":2,"after_valid":true,"before_bad_area":0.0102181,"after_bad_area":0.0102181,"selected":false}
NATIVE_QUALITY_REGION {"group":41405,"boundary_attempt":false,"point_budget":64,"source_facets":3,"boundary_points":5,"new_points":0,"boundary_unchanged":true,"before_bad":1,"after_score_computed":true,"after_bad":1,"after_valid":true,"before_bad_area":0.00689996,"after_bad_area":0.00689996,"selected":false}
NATIVE_QUALITY_REGION {"group":41407,"boundary_attempt":false,"point_budget":64,"source_facets":4,"boundary_points":6,"new_points":0,"boundary_unchanged":true,"before_bad":1,"after_score_computed":true,"after_bad":1,"after_valid":true,"before_bad_area":0.00229089,"after_bad_area":0.00229089,"selected":false}
NATIVE_QUALITY_REGION {"group":41408,"boundary_attempt":false,"point_budget":64,"source_facets":3,"boundary_points":5,"new_points":0,"boundary_unchanged":true,"before_bad":2,"after_score_computed":true,"after_bad":2,"after_valid":true,"before_bad_area":0.0142103,"after_bad_area":0.0142103,"selected":false}
NATIVE_QUALITY_REGION {"group":41409,"boundary_attempt":false,"point_budget":64,"source_facets":4,"boundary_points":6,"new_points":0,"boundary_unchanged":true,"before_bad":4,"after_score_computed":true,"after_bad":4,"after_valid":true,"before_bad_area":4.30585e-18,"after_bad_area":4.30585e-18,"selected":false}
NATIVE_QUALITY_REGION {"group":41410,"boundary_attempt":false,"point_budget":64,"source_facets":5,"boundary_points":7,"new_points":2,"boundary_unchanged":true,"before_bad":2,"after_score_computed":true,"after_bad":2,"after_valid":true,"before_bad_area":0.00561983,"after_bad_area":0.00631693,"selected":false}
NATIVE_QUALITY_REGION {"group":41411,"boundary_attempt":false,"point_budget":64,"source_facets":5,"boundary_points":7,"new_points":0,"boundary_unchanged":true,"before_bad":2,"after_score_computed":true,"after_bad":2,"after_valid":true,"before_bad_area":0.00191568,"after_bad_area":0.00191568,"selected":false}
NATIVE_QUALITY_REGION {"group":41413,"boundary_attempt":false,"point_budget":64,"source_facets":6,"boundary_points":8,"new_points":1,"boundary_unchanged":true,"before_bad":4,"after_score_computed":true,"after_bad":4,"after_valid":true,"before_bad_area":0.00853431,"after_bad_area":0.00634994,"selected":true}
NATIVE_QUALITY_REGION {"group":41414,"boundary_attempt":false,"point_budget":64,"source_facets":5,"boundary_points":7,"new_points":0,"boundary_unchanged":true,"before_bad":1,"after_score_computed":true,"after_bad":1,"after_valid":true,"before_bad_area":0.000300308,"after_bad_area":0.000300308,"selected":false}
NATIVE_QUALITY_REGION {"group":41415,"boundary_attempt":false,"point_budget":64,"source_facets":2,"boundary_points":4,"new_points":0,"boundary_unchanged":true,"before_bad":1,"after_score_computed":true,"after_bad":1,"after_valid":true,"before_bad_area":0.000133148,"after_bad_area":0.000133148,"selected":false}
NATIVE_QUALITY_REGION {"group":41415,"boundary_attempt":true,"point_budget":128,"source_facets":2,"boundary_points":4,"new_points":7,"boundary_unchanged":true,"before_bad":1,"after_score_computed":true,"after_bad":0,"after_valid":true,"before_bad_area":0.000133148,"after_bad_area":0,"selected":true}
NATIVE_QUALITY_REGION {"group":41418,"boundary_attempt":false,"point_budget":64,"source_facets":18,"boundary_points":19,"new_points":7,"boundary_unchanged":true,"before_bad":11,"after_score_computed":true,"after_bad":10,"after_valid":true,"before_bad_area":0.0196113,"after_bad_area":0.0183192,"selected":true}
NATIVE_QUALITY_REGION {"group":41419,"boundary_attempt":false,"point_budget":64,"source_facets":3,"boundary_points":4,"new_points":0,"boundary_unchanged":true,"before_bad":1,"after_score_computed":true,"after_bad":1,"after_valid":true,"before_bad_area":2.80987e-05,"after_bad_area":2.80987e-05,"selected":false}
NATIVE_QUALITY_REGION {"group":41419,"boundary_attempt":true,"point_budget":128,"source_facets":3,"boundary_points":4,"new_points":5,"boundary_unchanged":true,"before_bad":1,"after_score_computed":true,"after_bad":0,"after_valid":true,"before_bad_area":2.80987e-05,"after_bad_area":0,"selected":true}
NATIVE_QUALITY_REGION {"group":41420,"boundary_attempt":false,"point_budget":64,"source_facets":24,"boundary_points":25,"new_points":4,"boundary_unchanged":true,"before_bad":19,"after_score_computed":true,"after_bad":14,"after_valid":true,"before_bad_area":0.0261886,"after_bad_area":0.020409,"selected":true}
NATIVE_QUALITY_REGION {"group":41053,"boundary_attempt":false,"point_budget":128,"source_facets":10,"boundary_points":8,"new_points":2,"boundary_unchanged":true,"before_bad":1,"after_score_computed":true,"after_bad":0,"after_valid":true,"before_bad_area":0.000420179,"after_bad_area":0,"selected":true}
NATIVE_QUALITY_REGION {"group":41057,"boundary_attempt":false,"point_budget":128,"source_facets":13,"boundary_points":13,"new_points":1,"boundary_unchanged":true,"before_bad":1,"after_score_computed":true,"after_bad":0,"after_valid":true,"before_bad_area":0.000817493,"after_bad_area":0,"selected":true}
NATIVE_QUALITY_REGION {"group":41059,"boundary_attempt":false,"point_budget":128,"source_facets":12,"boundary_points":10,"new_points":2,"boundary_unchanged":true,"before_bad":1,"after_score_computed":true,"after_bad":0,"after_valid":true,"before_bad_area":0.000250992,"after_bad_area":0,"selected":true}
NATIVE_QUALITY_REGION {"group":41060,"boundary_attempt":false,"point_budget":128,"source_facets":4,"boundary_points":4,"new_points":1,"boundary_unchanged":true,"before_bad":1,"after_score_computed":true,"after_bad":0,"after_valid":true,"before_bad_area":0.00130482,"after_bad_area":0,"selected":true}
NATIVE_QUALITY_REGION {"group":41061,"boundary_attempt":false,"point_budget":128,"source_facets":8,"boundary_points":8,"new_points":1,"boundary_unchanged":true,"before_bad":1,"after_score_computed":true,"after_bad":0,"after_valid":true,"before_bad_area":0.00263312,"after_bad_area":0,"selected":true}
NATIVE_QUALITY_REGION {"group":41071,"boundary_attempt":false,"point_budget":128,"source_facets":6,"boundary_points":8,"new_points":0,"boundary_unchanged":true,"before_bad":1,"after_score_computed":true,"after_bad":1,"after_valid":true,"before_bad_area":0.00136213,"after_bad_area":0.00136213,"selected":false}
NATIVE_QUALITY_REGION {"group":41086,"boundary_attempt":false,"point_budget":128,"source_facets":12,"boundary_points":10,"new_points":2,"boundary_unchanged":true,"before_bad":3,"after_score_computed":true,"after_bad":1,"after_valid":true,"before_bad_area":0.00754669,"after_bad_area":0.000965095,"selected":true}
NATIVE_QUALITY_REGION {"group":41088,"boundary_attempt":false,"point_budget":128,"source_facets":22,"boundary_points":12,"new_points":6,"boundary_unchanged":true,"before_bad":2,"after_score_computed":true,"after_bad":0,"after_valid":true,"before_bad_area":0.00144702,"after_bad_area":0,"selected":true}
NATIVE_QUALITY_REGION {"group":41089,"boundary_attempt":false,"point_budget":128,"source_facets":27,"boundary_points":15,"new_points":7,"boundary_unchanged":true,"before_bad":4,"after_score_computed":true,"after_bad":0,"after_valid":true,"before_bad_area":0.00880548,"after_bad_area":0,"selected":true}
NATIVE_QUALITY_REGION {"group":41090,"boundary_attempt":false,"point_budget":128,"source_facets":14,"boundary_points":12,"new_points":2,"boundary_unchanged":true,"before_bad":3,"after_score_computed":true,"after_bad":0,"after_valid":true,"before_bad_area":0.00958851,"after_bad_area":0,"selected":true}
NATIVE_QUALITY_REGION {"group":41093,"boundary_attempt":false,"point_budget":128,"source_facets":17,"boundary_points":15,"new_points":2,"boundary_unchanged":true,"before_bad":3,"after_score_computed":true,"after_bad":0,"after_valid":true,"before_bad_area":0.00034458,"after_bad_area":0,"selected":true}
NATIVE_QUALITY_REGION {"group":41098,"boundary_attempt":false,"point_budget":128,"source_facets":12,"boundary_points":10,"new_points":2,"boundary_unchanged":true,"before_bad":2,"after_score_computed":true,"after_bad":0,"after_valid":true,"before_bad_area":0.00125057,"after_bad_area":0,"selected":true}
NATIVE_QUALITY_REGION {"group":41099,"boundary_attempt":false,"point_budget":128,"source_facets":13,"boundary_points":11,"new_points":2,"boundary_unchanged":true,"before_bad":2,"after_score_computed":true,"after_bad":0,"after_valid":true,"before_bad_area":0.00261858,"after_bad_area":0,"selected":true}
NATIVE_QUALITY_REGION {"group":41100,"boundary_attempt":false,"point_budget":128,"source_facets":149,"boundary_points":69,"new_points":41,"boundary_unchanged":true,"before_bad":30,"after_score_computed":true,"after_bad":2,"after_valid":true,"before_bad_area":0.280824,"after_bad_area":0.000759062,"selected":true}
NATIVE_QUALITY_REGION {"group":41101,"boundary_attempt":false,"point_budget":128,"source_facets":76,"boundary_points":54,"new_points":12,"boundary_unchanged":true,"before_bad":11,"after_score_computed":true,"after_bad":0,"after_valid":true,"before_bad_area":0.0341149,"after_bad_area":0,"selected":true}
NATIVE_QUALITY_REGION {"group":41102,"boundary_attempt":false,"point_budget":128,"source_facets":49,"boundary_points":27,"new_points":12,"boundary_unchanged":true,"before_bad":9,"after_score_computed":true,"after_bad":0,"after_valid":true,"before_bad_area":0.00709658,"after_bad_area":0,"selected":true}
NATIVE_QUALITY_REGION {"group":41106,"boundary_attempt":false,"point_budget":128,"source_facets":13,"boundary_points":15,"new_points":3,"boundary_unchanged":true,"before_bad":1,"after_score_computed":true,"after_bad":1,"after_valid":true,"before_bad_area":1.24118e-05,"after_bad_area":1.24118e-05,"selected":false}
NATIVE_QUALITY_REGION {"group":41117,"boundary_attempt":false,"point_budget":128,"source_facets":5,"boundary_points":7,"new_points":0,"boundary_unchanged":true,"before_bad":1,"after_score_computed":true,"after_bad":1,"after_valid":true,"before_bad_area":0.00372394,"after_bad_area":0.00372394,"selected":false}
NATIVE_QUALITY_REGION {"group":41118,"boundary_attempt":false,"point_budget":128,"source_facets":23,"boundary_points":13,"new_points":6,"boundary_unchanged":true,"before_bad":6,"after_score_computed":true,"after_bad":0,"after_valid":true,"before_bad_area":0.0119207,"after_bad_area":0,"selected":true}
NATIVE_QUALITY_REGION {"group":41119,"boundary_attempt":false,"point_budget":128,"source_facets":6,"boundary_points":8,"new_points":0,"boundary_unchanged":true,"before_bad":1,"after_score_computed":true,"after_bad":1,"after_valid":true,"before_bad_area":0.00212233,"after_bad_area":0.00212233,"selected":false}
NATIVE_QUALITY_REGION {"group":41120,"boundary_attempt":false,"point_budget":128,"source_facets":11,"boundary_points":9,"new_points":2,"boundary_unchanged":true,"before_bad":3,"after_score_computed":true,"after_bad":0,"after_valid":true,"before_bad_area":0.00427928,"after_bad_area":0,"selected":true}
NATIVE_QUALITY_REGION {"group":41125,"boundary_attempt":false,"point_budget":128,"source_facets":4,"boundary_points":6,"new_points":0,"boundary_unchanged":true,"before_bad":1,"after_score_computed":true,"after_bad":1,"after_valid":true,"before_bad_area":0.000218774,"after_bad_area":0.000218774,"selected":false}
NATIVE_QUALITY_REGION {"group":41128,"boundary_attempt":false,"point_budget":128,"source_facets":3,"boundary_points":5,"new_points":0,"boundary_unchanged":true,"before_bad":1,"after_score_computed":true,"after_bad":1,"after_valid":true,"before_bad_area":6.89746e-05,"after_bad_area":6.89746e-05,"selected":false}
NATIVE_QUALITY_REGION {"group":41131,"boundary_attempt":false,"point_budget":128,"source_facets":95,"boundary_points":51,"new_points":23,"boundary_unchanged":true,"before_bad":21,"after_score_computed":true,"after_bad":0,"after_valid":true,"before_bad_area":0.342874,"after_bad_area":0,"selected":true}
NATIVE_QUALITY_REGION {"group":41136,"boundary_attempt":false,"point_budget":128,"source_facets":10,"boundary_points":8,"new_points":2,"boundary_unchanged":true,"before_bad":2,"after_score_computed":true,"after_bad":0,"after_valid":true,"before_bad_area":0.00511942,"after_bad_area":0,"selected":true}
NATIVE_QUALITY_REGION {"group":41138,"boundary_attempt":false,"point_budget":128,"source_facets":7,"boundary_points":9,"new_points":0,"boundary_unchanged":true,"before_bad":2,"after_score_computed":true,"after_bad":2,"after_valid":true,"before_bad_area":0.0283925,"after_bad_area":0.0283925,"selected":false}
NATIVE_QUALITY_REGION {"group":41139,"boundary_attempt":false,"point_budget":128,"source_facets":16,"boundary_points":12,"new_points":3,"boundary_unchanged":true,"before_bad":6,"after_score_computed":true,"after_bad":0,"after_valid":true,"before_bad_area":0.0110116,"after_bad_area":0,"selected":true}
NATIVE_QUALITY_REGION {"group":41145,"boundary_attempt":false,"point_budget":128,"source_facets":6,"boundary_points":8,"new_points":0,"boundary_unchanged":true,"before_bad":1,"after_score_computed":true,"after_bad":1,"after_valid":true,"before_bad_area":0.000381406,"after_bad_area":0.000381406,"selected":false}
NATIVE_QUALITY_REGION {"group":41150,"boundary_attempt":false,"point_budget":128,"source_facets":82,"boundary_points":44,"new_points":20,"boundary_unchanged":true,"before_bad":11,"after_score_computed":true,"after_bad":0,"after_valid":true,"before_bad_area":0.0764687,"after_bad_area":0,"selected":true}
NATIVE_QUALITY_REGION {"group":41152,"boundary_attempt":false,"point_budget":128,"source_facets":26,"boundary_points":14,"new_points":7,"boundary_unchanged":true,"before_bad":4,"after_score_computed":true,"after_bad":0,"after_valid":true,"before_bad_area":0.00775339,"after_bad_area":0,"selected":true}
NATIVE_QUALITY_REGION {"group":41156,"boundary_attempt":false,"point_budget":128,"source_facets":19,"boundary_points":13,"new_points":4,"boundary_unchanged":true,"before_bad":3,"after_score_computed":true,"after_bad":0,"after_valid":true,"before_bad_area":0.00611394,"after_bad_area":0,"selected":true}
NATIVE_QUALITY_REGION {"group":41157,"boundary_attempt":false,"point_budget":128,"source_facets":23,"boundary_points":17,"new_points":4,"boundary_unchanged":true,"before_bad":3,"after_score_computed":true,"after_bad":0,"after_valid":true,"before_bad_area":0.000171214,"after_bad_area":0,"selected":true}
NATIVE_QUALITY_REGION {"group":41158,"boundary_attempt":false,"point_budget":128,"source_facets":11,"boundary_points":13,"new_points":0,"boundary_unchanged":true,"before_bad":2,"after_score_computed":true,"after_bad":2,"after_valid":true,"before_bad_area":0.00185224,"after_bad_area":0.00185224,"selected":false}
NATIVE_QUALITY_REGION {"group":41161,"boundary_attempt":false,"point_budget":128,"source_facets":139,"boundary_points":61,"new_points":40,"boundary_unchanged":true,"before_bad":29,"after_score_computed":true,"after_bad":0,"after_valid":true,"before_bad_area":0.603415,"after_bad_area":0,"selected":true}
NATIVE_QUALITY_REGION {"group":41162,"boundary_attempt":false,"point_budget":128,"source_facets":32,"boundary_points":20,"new_points":7,"boundary_unchanged":true,"before_bad":11,"after_score_computed":true,"after_bad":0,"after_valid":true,"before_bad_area":0.0222972,"after_bad_area":0,"selected":true}
NATIVE_QUALITY_REGION {"group":41165,"boundary_attempt":false,"point_budget":128,"source_facets":4,"boundary_points":6,"new_points":0,"boundary_unchanged":true,"before_bad":1,"after_score_computed":true,"after_bad":1,"after_valid":true,"before_bad_area":0.00304657,"after_bad_area":0.00304657,"selected":false}
NATIVE_QUALITY_REGION {"group":41166,"boundary_attempt":false,"point_budget":128,"source_facets":7,"boundary_points":9,"new_points":1,"boundary_unchanged":true,"before_bad":1,"after_score_computed":true,"after_bad":1,"after_valid":true,"before_bad_area":0.00023212,"after_bad_area":0.000835069,"selected":false}
NATIVE_QUALITY_REGION {"group":41167,"boundary_attempt":false,"point_budget":128,"source_facets":46,"boundary_points":30,"new_points":9,"boundary_unchanged":true,"before_bad":12,"after_score_computed":true,"after_bad":0,"after_valid":true,"before_bad_area":0.0390113,"after_bad_area":0,"selected":true}
NATIVE_QUALITY_REGION {"group":41172,"boundary_attempt":false,"point_budget":128,"source_facets":16,"boundary_points":14,"new_points":2,"boundary_unchanged":true,"before_bad":1,"after_score_computed":true,"after_bad":0,"after_valid":true,"before_bad_area":0.00190785,"after_bad_area":0,"selected":true}
NATIVE_QUALITY_REGION {"group":41173,"boundary_attempt":false,"point_budget":128,"source_facets":9,"boundary_points":9,"new_points":1,"boundary_unchanged":true,"before_bad":2,"after_score_computed":true,"after_bad":1,"after_valid":true,"before_bad_area":0.00352617,"after_bad_area":0.00197713,"selected":true}
NATIVE_QUALITY_REGION {"group":41174,"boundary_attempt":false,"point_budget":128,"source_facets":20,"boundary_points":10,"new_points":6,"boundary_unchanged":true,"before_bad":2,"after_score_computed":true,"after_bad":0,"after_valid":true,"before_bad_area":0.00166909,"after_bad_area":0,"selected":true}
NATIVE_QUALITY_REGION {"group":41176,"boundary_attempt":false,"point_budget":128,"source_facets":20,"boundary_points":14,"new_points":4,"boundary_unchanged":true,"before_bad":3,"after_score_computed":true,"after_bad":0,"after_valid":true,"before_bad_area":0.00290029,"after_bad_area":0,"selected":true}
NATIVE_QUALITY_REGION {"group":41180,"boundary_attempt":false,"point_budget":128,"source_facets":8,"boundary_points":8,"new_points":1,"boundary_unchanged":true,"before_bad":1,"after_score_computed":true,"after_bad":0,"after_valid":true,"before_bad_area":9.687e-05,"after_bad_area":0,"selected":true}
NATIVE_QUALITY_REGION {"group":41181,"boundary_attempt":false,"point_budget":128,"source_facets":9,"boundary_points":7,"new_points":2,"boundary_unchanged":true,"before_bad":1,"after_score_computed":true,"after_bad":0,"after_valid":true,"before_bad_area":0.000190032,"after_bad_area":0,"selected":true}
NATIVE_QUALITY_REGION {"group":41188,"boundary_attempt":false,"point_budget":128,"source_facets":5,"boundary_points":5,"new_points":1,"boundary_unchanged":true,"before_bad":1,"after_score_computed":true,"after_bad":0,"after_valid":true,"before_bad_area":0.00106695,"after_bad_area":0,"selected":true}
NATIVE_QUALITY_REGION {"group":41192,"boundary_attempt":false,"point_budget":128,"source_facets":5,"boundary_points":7,"new_points":0,"boundary_unchanged":true,"before_bad":1,"after_score_computed":true,"after_bad":1,"after_valid":true,"before_bad_area":5.03982e-05,"after_bad_area":5.03982e-05,"selected":false}
NATIVE_QUALITY_REGION {"group":41204,"boundary_attempt":false,"point_budget":128,"source_facets":7,"boundary_points":7,"new_points":1,"boundary_unchanged":true,"before_bad":1,"after_score_computed":true,"after_bad":0,"after_valid":true,"before_bad_area":0.00198716,"after_bad_area":0,"selected":true}
NATIVE_QUALITY_REGION {"group":41205,"boundary_attempt":false,"point_budget":128,"source_facets":6,"boundary_points":8,"new_points":0,"boundary_unchanged":true,"before_bad":1,"after_score_computed":true,"after_bad":1,"after_valid":true,"before_bad_area":0.0115988,"after_bad_area":0.0115988,"selected":false}
NATIVE_QUALITY_REGION {"group":41206,"boundary_attempt":false,"point_budget":128,"source_facets":7,"boundary_points":7,"new_points":1,"boundary_unchanged":true,"before_bad":2,"after_score_computed":true,"after_bad":1,"after_valid":true,"before_bad_area":0.0250637,"after_bad_area":0.00424267,"selected":true}
NATIVE_QUALITY_REGION {"group":41208,"boundary_attempt":false,"point_budget":128,"source_facets":41,"boundary_points":27,"new_points":11,"boundary_unchanged":true,"before_bad":8,"after_score_computed":true,"after_bad":2,"after_valid":true,"before_bad_area":0.0129812,"after_bad_area":0.00233409,"selected":true}
NATIVE_QUALITY_REGION {"group":41209,"boundary_attempt":false,"point_budget":128,"source_facets":16,"boundary_points":12,"new_points":3,"boundary_unchanged":true,"before_bad":4,"after_score_computed":true,"after_bad":0,"after_valid":true,"before_bad_area":0.00325736,"after_bad_area":0,"selected":true}
NATIVE_QUALITY_REGION {"group":41211,"boundary_attempt":false,"point_budget":128,"source_facets":18,"boundary_points":12,"new_points":4,"boundary_unchanged":true,"before_bad":3,"after_score_computed":true,"after_bad":0,"after_valid":true,"before_bad_area":0.00502829,"after_bad_area":0,"selected":true}
NATIVE_QUALITY_REGION {"group":41212,"boundary_attempt":false,"point_budget":128,"source_facets":58,"boundary_points":28,"new_points":16,"boundary_unchanged":true,"before_bad":7,"after_score_computed":true,"after_bad":0,"after_valid":true,"before_bad_area":0.00853744,"after_bad_area":0,"selected":true}
NATIVE_QUALITY_REGION {"group":41213,"boundary_attempt":false,"point_budget":128,"source_facets":17,"boundary_points":11,"new_points":4,"boundary_unchanged":true,"before_bad":5,"after_score_computed":true,"after_bad":0,"after_valid":true,"before_bad_area":0.0197905,"after_bad_area":0,"selected":true}
NATIVE_QUALITY_REGION {"group":41216,"boundary_attempt":false,"point_budget":128,"source_facets":23,"boundary_points":13,"new_points":6,"boundary_unchanged":true,"before_bad":2,"after_score_computed":true,"after_bad":0,"after_valid":true,"before_bad_area":0.000872443,"after_bad_area":0,"selected":true}
NATIVE_QUALITY_REGION {"group":41217,"boundary_attempt":false,"point_budget":128,"source_facets":10,"boundary_points":12,"new_points":0,"boundary_unchanged":true,"before_bad":3,"after_score_computed":true,"after_bad":3,"after_valid":true,"before_bad_area":0.00148388,"after_bad_area":0.00148388,"selected":false}
NATIVE_QUALITY_REGION {"group":41220,"boundary_attempt":false,"point_budget":128,"source_facets":59,"boundary_points":37,"new_points":12,"boundary_unchanged":true,"before_bad":16,"after_score_computed":true,"after_bad":0,"after_valid":true,"before_bad_area":0.0143747,"after_bad_area":0,"selected":true}
NATIVE_QUALITY_REGION {"group":41221,"boundary_attempt":false,"point_budget":128,"source_facets":39,"boundary_points":23,"new_points":8,"boundary_unchanged":true,"before_bad":9,"after_score_computed":true,"after_bad":0,"after_valid":true,"before_bad_area":0.00553891,"after_bad_area":0,"selected":true}
NATIVE_QUALITY_REGION {"group":41222,"boundary_attempt":false,"point_budget":128,"source_facets":25,"boundary_points":21,"new_points":3,"boundary_unchanged":true,"before_bad":4,"after_score_computed":true,"after_bad":2,"after_valid":true,"before_bad_area":0.000844417,"after_bad_area":1.04249e-05,"selected":true}
NATIVE_QUALITY_REGION {"group":41223,"boundary_attempt":false,"point_budget":128,"source_facets":5,"boundary_points":5,"new_points":1,"boundary_unchanged":true,"before_bad":1,"after_score_computed":true,"after_bad":0,"after_valid":true,"before_bad_area":0.00103917,"after_bad_area":0,"selected":true}
NATIVE_QUALITY_REGION {"group":41224,"boundary_attempt":false,"point_budget":128,"source_facets":126,"boundary_points":62,"new_points":30,"boundary_unchanged":true,"before_bad":47,"after_score_computed":true,"after_bad":13,"after_valid":true,"before_bad_area":0.163118,"after_bad_area":0.0271281,"selected":true}
NATIVE_QUALITY_REGION {"group":41225,"boundary_attempt":false,"point_budget":128,"source_facets":60,"boundary_points":30,"new_points":16,"boundary_unchanged":true,"before_bad":19,"after_score_computed":true,"after_bad":4,"after_valid":true,"before_bad_area":0.0415448,"after_bad_area":0.030544,"selected":true}
NATIVE_QUALITY_REGION {"group":41227,"boundary_attempt":false,"point_budget":128,"source_facets":118,"boundary_points":57,"new_points":26,"boundary_unchanged":true,"before_bad":44,"after_score_computed":true,"after_bad":19,"after_valid":true,"before_bad_area":0.164657,"after_bad_area":0.061767,"selected":true}
NATIVE_QUALITY_REGION {"group":41228,"boundary_attempt":false,"point_budget":128,"source_facets":155,"boundary_points":59,"new_points":43,"boundary_unchanged":true,"before_bad":34,"after_score_computed":true,"after_bad":8,"after_valid":true,"before_bad_area":0.0496649,"after_bad_area":0.0698546,"selected":false}
NATIVE_QUALITY_REGION {"group":41231,"boundary_attempt":false,"point_budget":128,"source_facets":9,"boundary_points":11,"new_points":0,"boundary_unchanged":true,"before_bad":4,"after_score_computed":true,"after_bad":4,"after_valid":true,"before_bad_area":0.00672999,"after_bad_area":0.00672999,"selected":false}
NATIVE_QUALITY_REGION {"group":41233,"boundary_attempt":false,"point_budget":128,"source_facets":62,"boundary_points":34,"new_points":15,"boundary_unchanged":true,"before_bad":10,"after_score_computed":true,"after_bad":1,"after_valid":true,"before_bad_area":0.00355014,"after_bad_area":0.000388342,"selected":true}
NATIVE_QUALITY_REGION {"group":41234,"boundary_attempt":false,"point_budget":128,"source_facets":9,"boundary_points":11,"new_points":1,"boundary_unchanged":true,"before_bad":1,"after_score_computed":true,"after_bad":1,"after_valid":true,"before_bad_area":6.0844e-05,"after_bad_area":6.0844e-05,"selected":false}
NATIVE_QUALITY_REGION {"group":41236,"boundary_attempt":false,"point_budget":128,"source_facets":9,"boundary_points":7,"new_points":2,"boundary_unchanged":true,"before_bad":2,"after_score_computed":true,"after_bad":1,"after_valid":true,"before_bad_area":0.00100235,"after_bad_area":0.00048578,"selected":true}
NATIVE_QUALITY_REGION {"group":41242,"boundary_attempt":false,"point_budget":128,"source_facets":11,"boundary_points":9,"new_points":2,"boundary_unchanged":true,"before_bad":1,"after_score_computed":true,"after_bad":0,"after_valid":true,"before_bad_area":0.000774416,"after_bad_area":0,"selected":true}
NATIVE_QUALITY_REGION {"group":41243,"boundary_attempt":false,"point_budget":128,"source_facets":29,"boundary_points":11,"new_points":10,"boundary_unchanged":true,"before_bad":4,"after_score_computed":true,"after_bad":0,"after_valid":true,"before_bad_area":0.00652034,"after_bad_area":0,"selected":true}
NATIVE_QUALITY_REGION {"group":41244,"boundary_attempt":false,"point_budget":128,"source_facets":4,"boundary_points":6,"new_points":0,"boundary_unchanged":true,"before_bad":2,"after_score_computed":true,"after_bad":2,"after_valid":true,"before_bad_area":0.00477534,"after_bad_area":0.00477534,"selected":false}
NATIVE_QUALITY_REGION {"group":41245,"boundary_attempt":false,"point_budget":128,"source_facets":18,"boundary_points":12,"new_points":4,"boundary_unchanged":true,"before_bad":5,"after_score_computed":true,"after_bad":0,"after_valid":true,"before_bad_area":0.00616524,"after_bad_area":0,"selected":true}
NATIVE_QUALITY_REGION {"group":41246,"boundary_attempt":false,"point_budget":128,"source_facets":29,"boundary_points":21,"new_points":5,"boundary_unchanged":true,"before_bad":4,"after_score_computed":true,"after_bad":0,"after_valid":true,"before_bad_area":0.00285027,"after_bad_area":0,"selected":true}
NATIVE_QUALITY_REGION {"group":41247,"boundary_attempt":false,"point_budget":128,"source_facets":106,"boundary_points":56,"new_points":34,"boundary_unchanged":true,"before_bad":35,"after_score_computed":true,"after_bad":1,"after_valid":true,"before_bad_area":0.0378685,"after_bad_area":6.34758e-05,"selected":true}
NATIVE_QUALITY_REGION {"group":41248,"boundary_attempt":false,"point_budget":128,"source_facets":9,"boundary_points":9,"new_points":1,"boundary_unchanged":true,"before_bad":1,"after_score_computed":true,"after_bad":0,"after_valid":true,"before_bad_area":4.88385e-08,"after_bad_area":0,"selected":true}
NATIVE_QUALITY_REGION {"group":41249,"boundary_attempt":false,"point_budget":128,"source_facets":34,"boundary_points":22,"new_points":6,"boundary_unchanged":true,"before_bad":6,"after_score_computed":true,"after_bad":0,"after_valid":true,"before_bad_area":2.3839e-07,"after_bad_area":0,"selected":true}
NATIVE_QUALITY_REGION {"group":41250,"boundary_attempt":false,"point_budget":128,"source_facets":31,"boundary_points":17,"new_points":8,"boundary_unchanged":true,"before_bad":3,"after_score_computed":true,"after_bad":0,"after_valid":true,"before_bad_area":4.46128e-09,"after_bad_area":0,"selected":true}
NATIVE_QUALITY_REGION {"group":41251,"boundary_attempt":false,"point_budget":128,"source_facets":92,"boundary_points":45,"new_points":24,"boundary_unchanged":true,"before_bad":28,"after_score_computed":true,"after_bad":12,"after_valid":true,"before_bad_area":0.130277,"after_bad_area":0.0811529,"selected":true}
NATIVE_QUALITY_REGION {"group":41254,"boundary_attempt":false,"point_budget":128,"source_facets":25,"boundary_points":15,"new_points":6,"boundary_unchanged":true,"before_bad":9,"after_score_computed":true,"after_bad":0,"after_valid":true,"before_bad_area":0.013918,"after_bad_area":0,"selected":true}
NATIVE_QUALITY_REGION {"group":41256,"boundary_attempt":false,"point_budget":128,"source_facets":20,"boundary_points":18,"new_points":2,"boundary_unchanged":true,"before_bad":5,"after_score_computed":true,"after_bad":5,"after_valid":true,"before_bad_area":7.37853e-08,"after_bad_area":7.37321e-08,"selected":true}
NATIVE_QUALITY_REGION {"group":41257,"boundary_attempt":false,"point_budget":128,"source_facets":86,"boundary_points":36,"new_points":26,"boundary_unchanged":true,"before_bad":23,"after_score_computed":true,"after_bad":4,"after_valid":true,"before_bad_area":0.0563456,"after_bad_area":0.0139126,"selected":true}
NATIVE_QUALITY_REGION {"group":41259,"boundary_attempt":false,"point_budget":128,"source_facets":140,"boundary_points":69,"new_points":36,"boundary_unchanged":true,"before_bad":35,"after_score_computed":true,"after_bad":8,"after_valid":true,"before_bad_area":0.112436,"after_bad_area":0.018401,"selected":true}
NATIVE_QUALITY_REGION {"group":41263,"boundary_attempt":false,"point_budget":128,"source_facets":9,"boundary_points":11,"new_points":0,"boundary_unchanged":true,"before_bad":6,"after_score_computed":true,"after_bad":6,"after_valid":true,"before_bad_area":2.76026e-06,"after_bad_area":2.76026e-06,"selected":false}
NATIVE_QUALITY_REGION {"group":41265,"boundary_attempt":false,"point_budget":128,"source_facets":19,"boundary_points":11,"new_points":5,"boundary_unchanged":true,"before_bad":2,"after_score_computed":true,"after_bad":0,"after_valid":true,"before_bad_area":0.00501699,"after_bad_area":0,"selected":true}
NATIVE_QUALITY_REGION {"group":41266,"boundary_attempt":false,"point_budget":128,"source_facets":18,"boundary_points":16,"new_points":2,"boundary_unchanged":true,"before_bad":3,"after_score_computed":true,"after_bad":0,"after_valid":true,"before_bad_area":0.00242913,"after_bad_area":0,"selected":true}
NATIVE_QUALITY_REGION {"group":41267,"boundary_attempt":false,"point_budget":128,"source_facets":18,"boundary_points":12,"new_points":3,"boundary_unchanged":true,"before_bad":5,"after_score_computed":true,"after_bad":2,"after_valid":true,"before_bad_area":0.0249999,"after_bad_area":0.0141123,"selected":true}
NATIVE_QUALITY_REGION {"group":41269,"boundary_attempt":false,"point_budget":128,"source_facets":10,"boundary_points":12,"new_points":0,"boundary_unchanged":true,"before_bad":2,"after_score_computed":true,"after_bad":2,"after_valid":true,"before_bad_area":0.00689434,"after_bad_area":0.00689434,"selected":false}
NATIVE_QUALITY_REGION {"group":41270,"boundary_attempt":false,"point_budget":128,"source_facets":17,"boundary_points":15,"new_points":2,"boundary_unchanged":true,"before_bad":1,"after_score_computed":true,"after_bad":0,"after_valid":true,"before_bad_area":0.00186645,"after_bad_area":0,"selected":true}
NATIVE_QUALITY_REGION {"group":41274,"boundary_attempt":false,"point_budget":128,"source_facets":150,"boundary_points":60,"new_points":45,"boundary_unchanged":true,"before_bad":51,"after_score_computed":true,"after_bad":2,"after_valid":true,"before_bad_area":1.99741e-05,"after_bad_area":3.04305e-10,"selected":true}
NATIVE_QUALITY_REGION {"group":41276,"boundary_attempt":false,"point_budget":128,"source_facets":139,"boundary_points":59,"new_points":41,"boundary_unchanged":true,"before_bad":40,"after_score_computed":true,"after_bad":2,"after_valid":true,"before_bad_area":2.37903e-06,"after_bad_area":1.73582e-10,"selected":true}
NATIVE_QUALITY_REGION {"group":41278,"boundary_attempt":false,"point_budget":128,"source_facets":75,"boundary_points":45,"new_points":24,"boundary_unchanged":true,"before_bad":13,"after_score_computed":true,"after_bad":0,"after_valid":true,"before_bad_area":0.00362509,"after_bad_area":0,"selected":true}
NATIVE_QUALITY_REGION {"group":41279,"boundary_attempt":false,"point_budget":128,"source_facets":32,"boundary_points":24,"new_points":5,"boundary_unchanged":true,"before_bad":4,"after_score_computed":true,"after_bad":0,"after_valid":true,"before_bad_area":1.84282e-08,"after_bad_area":0,"selected":true}
NATIVE_QUALITY_REGION {"group":41280,"boundary_attempt":false,"point_budget":128,"source_facets":86,"boundary_points":47,"new_points":20,"boundary_unchanged":true,"before_bad":19,"after_score_computed":true,"after_bad":3,"after_valid":true,"before_bad_area":0.0146606,"after_bad_area":0.00342572,"selected":true}
NATIVE_QUALITY_REGION {"group":41281,"boundary_attempt":false,"point_budget":128,"source_facets":21,"boundary_points":19,"new_points":2,"boundary_unchanged":true,"before_bad":1,"after_score_computed":true,"after_bad":0,"after_valid":true,"before_bad_area":5.62841e-09,"after_bad_area":0,"selected":true}
NATIVE_QUALITY_REGION {"group":41282,"boundary_attempt":false,"point_budget":128,"source_facets":22,"boundary_points":16,"new_points":4,"boundary_unchanged":true,"before_bad":1,"after_score_computed":true,"after_bad":0,"after_valid":true,"before_bad_area":4.61927e-09,"after_bad_area":0,"selected":true}
NATIVE_QUALITY_REGION {"group":41284,"boundary_attempt":false,"point_budget":128,"source_facets":24,"boundary_points":14,"new_points":6,"boundary_unchanged":true,"before_bad":2,"after_score_computed":true,"after_bad":0,"after_valid":true,"before_bad_area":0.000584177,"after_bad_area":0,"selected":true}
NATIVE_QUALITY_REGION {"group":41285,"boundary_attempt":false,"point_budget":128,"source_facets":46,"boundary_points":46,"new_points":1,"boundary_unchanged":true,"before_bad":3,"after_score_computed":true,"after_bad":2,"after_valid":true,"before_bad_area":0.000525012,"after_bad_area":0.000506756,"selected":true}
NATIVE_QUALITY_REGION {"group":41286,"boundary_attempt":false,"point_budget":128,"source_facets":6,"boundary_points":8,"new_points":0,"boundary_unchanged":true,"before_bad":3,"after_score_computed":true,"after_bad":3,"after_valid":true,"before_bad_area":1.05443e-09,"after_bad_area":1.05443e-09,"selected":false}
NATIVE_QUALITY_REGION {"group":41287,"boundary_attempt":false,"point_budget":128,"source_facets":58,"boundary_points":24,"new_points":18,"boundary_unchanged":true,"before_bad":13,"after_score_computed":true,"after_bad":1,"after_valid":true,"before_bad_area":3.25161e-06,"after_bad_area":2.7809e-10,"selected":true}
NATIVE_QUALITY_REGION {"group":41288,"boundary_attempt":false,"point_budget":128,"source_facets":49,"boundary_points":27,"new_points":12,"boundary_unchanged":true,"before_bad":15,"after_score_computed":true,"after_bad":0,"after_valid":true,"before_bad_area":0.00822079,"after_bad_area":0,"selected":true}
NATIVE_QUALITY_REGION {"group":41289,"boundary_attempt":false,"point_budget":128,"source_facets":81,"boundary_points":37,"new_points":23,"boundary_unchanged":true,"before_bad":25,"after_score_computed":true,"after_bad":0,"after_valid":true,"before_bad_area":0.00701671,"after_bad_area":0,"selected":true}
NATIVE_QUALITY_REGION {"group":41290,"boundary_attempt":false,"point_budget":128,"source_facets":65,"boundary_points":41,"new_points":13,"boundary_unchanged":true,"before_bad":19,"after_score_computed":true,"after_bad":0,"after_valid":true,"before_bad_area":0.0045517,"after_bad_area":0,"selected":true}
NATIVE_QUALITY_REGION {"group":41293,"boundary_attempt":false,"point_budget":128,"source_facets":17,"boundary_points":13,"new_points":3,"boundary_unchanged":true,"before_bad":2,"after_score_computed":true,"after_bad":2,"after_valid":true,"before_bad_area":3.15947e-08,"after_bad_area":2.57633e-08,"selected":true}
NATIVE_QUALITY_REGION {"group":41294,"boundary_attempt":false,"point_budget":128,"source_facets":157,"boundary_points":83,"new_points":40,"boundary_unchanged":true,"before_bad":41,"after_score_computed":true,"after_bad":0,"after_valid":true,"before_bad_area":0.00104924,"after_bad_area":0,"selected":true}
NATIVE_QUALITY_REGION {"group":41295,"boundary_attempt":false,"point_budget":128,"source_facets":23,"boundary_points":17,"new_points":4,"boundary_unchanged":true,"before_bad":1,"after_score_computed":true,"after_bad":0,"after_valid":true,"before_bad_area":2.10869e-09,"after_bad_area":0,"selected":true}
NATIVE_QUALITY_REGION {"group":41297,"boundary_attempt":false,"point_budget":128,"source_facets":100,"boundary_points":42,"new_points":26,"boundary_unchanged":true,"before_bad":30,"after_score_computed":true,"after_bad":0,"after_valid":true,"before_bad_area":0.00124211,"after_bad_area":0,"selected":true}
NATIVE_QUALITY_REGION {"group":41298,"boundary_attempt":false,"point_budget":128,"source_facets":16,"boundary_points":12,"new_points":3,"boundary_unchanged":true,"before_bad":1,"after_score_computed":true,"after_bad":0,"after_valid":true,"before_bad_area":0.000260236,"after_bad_area":0,"selected":true}
NATIVE_QUALITY_REGION {"group":41299,"boundary_attempt":false,"point_budget":128,"source_facets":57,"boundary_points":29,"new_points":15,"boundary_unchanged":true,"before_bad":19,"after_score_computed":true,"after_bad":0,"after_valid":true,"before_bad_area":0.000509214,"after_bad_area":0,"selected":true}
NATIVE_QUALITY_REGION {"group":41300,"boundary_attempt":false,"point_budget":128,"source_facets":76,"boundary_points":35,"new_points":22,"boundary_unchanged":true,"before_bad":23,"after_score_computed":true,"after_bad":2,"after_valid":true,"before_bad_area":0.00104625,"after_bad_area":1.71511e-08,"selected":true}
NATIVE_QUALITY_REGION {"group":41301,"boundary_attempt":false,"point_budget":128,"source_facets":84,"boundary_points":40,"new_points":23,"boundary_unchanged":true,"before_bad":25,"after_score_computed":true,"after_bad":0,"after_valid":true,"before_bad_area":0.00183473,"after_bad_area":0,"selected":true}
NATIVE_QUALITY_REGION {"group":41302,"boundary_attempt":false,"point_budget":128,"source_facets":30,"boundary_points":32,"new_points":0,"boundary_unchanged":true,"before_bad":5,"after_score_computed":true,"after_bad":5,"after_valid":true,"before_bad_area":0.000268819,"after_bad_area":0.000268819,"selected":false}
NATIVE_QUALITY_REGION {"group":41303,"boundary_attempt":false,"point_budget":128,"source_facets":3,"boundary_points":5,"new_points":0,"boundary_unchanged":true,"before_bad":2,"after_score_computed":true,"after_bad":2,"after_valid":true,"before_bad_area":3.03835e-10,"after_bad_area":3.03835e-10,"selected":false}
NATIVE_QUALITY_REGION {"group":41304,"boundary_attempt":false,"point_budget":128,"source_facets":37,"boundary_points":39,"new_points":0,"boundary_unchanged":true,"before_bad":2,"after_score_computed":true,"after_bad":2,"after_valid":true,"before_bad_area":2.61357e-10,"after_bad_area":2.61357e-10,"selected":false}
NATIVE_QUALITY_REGION {"group":41306,"boundary_attempt":false,"point_budget":128,"source_facets":49,"boundary_points":51,"new_points":0,"boundary_unchanged":true,"before_bad":10,"after_score_computed":true,"after_bad":10,"after_valid":true,"before_bad_area":3.18357e-06,"after_bad_area":3.18357e-06,"selected":false}
NATIVE_QUALITY_REGION {"group":41307,"boundary_attempt":false,"point_budget":128,"source_facets":27,"boundary_points":29,"new_points":0,"boundary_unchanged":true,"before_bad":2,"after_score_computed":true,"after_bad":2,"after_valid":true,"before_bad_area":1.27453e-10,"after_bad_area":1.27453e-10,"selected":false}
NATIVE_QUALITY_REGION {"group":41309,"boundary_attempt":false,"point_budget":128,"source_facets":37,"boundary_points":38,"new_points":0,"boundary_unchanged":true,"before_bad":9,"after_score_computed":true,"after_bad":9,"after_valid":true,"before_bad_area":1.49892e-07,"after_bad_area":1.49892e-07,"selected":false}
NATIVE_QUALITY_REGION {"group":41313,"boundary_attempt":false,"point_budget":128,"source_facets":199,"boundary_points":93,"new_points":51,"boundary_unchanged":true,"before_bad":49,"after_score_computed":true,"after_bad":5,"after_valid":true,"before_bad_area":9.88069e-05,"after_bad_area":5.53352e-06,"selected":true}
NATIVE_QUALITY_REGION {"group":41314,"boundary_attempt":false,"point_budget":128,"source_facets":188,"boundary_points":65,"new_points":61,"boundary_unchanged":true,"before_bad":30,"after_score_computed":true,"after_bad":12,"after_valid":true,"before_bad_area":0.0395186,"after_bad_area":0.0296009,"selected":true}
NATIVE_QUALITY_REGION {"group":41315,"boundary_attempt":false,"point_budget":128,"source_facets":130,"boundary_points":72,"new_points":29,"boundary_unchanged":true,"before_bad":25,"after_score_computed":true,"after_bad":3,"after_valid":true,"before_bad_area":0.696543,"after_bad_area":0.00430591,"selected":true}
NATIVE_QUALITY_REGION {"group":41316,"boundary_attempt":false,"point_budget":128,"source_facets":133,"boundary_points":55,"new_points":40,"boundary_unchanged":true,"before_bad":36,"after_score_computed":true,"after_bad":0,"after_valid":true,"before_bad_area":0.0196529,"after_bad_area":0,"selected":true}
NATIVE_QUALITY_REGION {"group":41317,"boundary_attempt":false,"point_budget":128,"source_facets":78,"boundary_points":28,"new_points":26,"boundary_unchanged":true,"before_bad":22,"after_score_computed":true,"after_bad":6,"after_valid":true,"before_bad_area":0.129238,"after_bad_area":0.0168766,"selected":true}
NATIVE_QUALITY_REGION {"group":41318,"boundary_attempt":false,"point_budget":128,"source_facets":36,"boundary_points":24,"new_points":10,"boundary_unchanged":true,"before_bad":8,"after_score_computed":true,"after_bad":0,"after_valid":true,"before_bad_area":0.0148609,"after_bad_area":0,"selected":true}
NATIVE_QUALITY_REGION {"group":41319,"boundary_attempt":false,"point_budget":128,"source_facets":3,"boundary_points":5,"new_points":0,"boundary_unchanged":true,"before_bad":1,"after_score_computed":true,"after_bad":1,"after_valid":true,"before_bad_area":1.61531e-05,"after_bad_area":1.61531e-05,"selected":false}
NATIVE_QUALITY_REGION {"group":41321,"boundary_attempt":false,"point_budget":128,"source_facets":26,"boundary_points":12,"new_points":8,"boundary_unchanged":true,"before_bad":4,"after_score_computed":true,"after_bad":0,"after_valid":true,"before_bad_area":0.00448756,"after_bad_area":0,"selected":true}
NATIVE_QUALITY_REGION {"group":41322,"boundary_attempt":false,"point_budget":128,"source_facets":111,"boundary_points":79,"new_points":20,"boundary_unchanged":true,"before_bad":46,"after_score_computed":true,"after_bad":39,"after_valid":true,"before_bad_area":0.00997253,"after_bad_area":0.00823632,"selected":true}
NATIVE_QUALITY_REGION {"group":41324,"boundary_attempt":false,"point_budget":128,"source_facets":29,"boundary_points":21,"new_points":5,"boundary_unchanged":true,"before_bad":4,"after_score_computed":true,"after_bad":0,"after_valid":true,"before_bad_area":2.56129e-09,"after_bad_area":0,"selected":true}
NATIVE_QUALITY_REGION {"group":41325,"boundary_attempt":false,"point_budget":128,"source_facets":17,"boundary_points":15,"new_points":2,"boundary_unchanged":true,"before_bad":1,"after_score_computed":true,"after_bad":0,"after_valid":true,"before_bad_area":5.87648e-10,"after_bad_area":0,"selected":true}
NATIVE_QUALITY_REGION {"group":41329,"boundary_attempt":false,"point_budget":128,"source_facets":162,"boundary_points":80,"new_points":48,"boundary_unchanged":true,"before_bad":53,"after_score_computed":true,"after_bad":8,"after_valid":true,"before_bad_area":0.0505038,"after_bad_area":0.0252729,"selected":true}
NATIVE_QUALITY_REGION {"group":41330,"boundary_attempt":false,"point_budget":128,"source_facets":4,"boundary_points":6,"new_points":0,"boundary_unchanged":true,"before_bad":4,"after_score_computed":true,"after_bad":4,"after_valid":true,"before_bad_area":9.57204e-05,"after_bad_area":9.57204e-05,"selected":false}
NATIVE_QUALITY_REGION {"group":41331,"boundary_attempt":false,"point_budget":128,"source_facets":4,"boundary_points":6,"new_points":0,"boundary_unchanged":true,"before_bad":1,"after_score_computed":true,"after_bad":1,"after_valid":true,"before_bad_area":2.87065e-08,"after_bad_area":2.87065e-08,"selected":false}
NATIVE_QUALITY_REGION {"group":41333,"boundary_attempt":false,"point_budget":128,"source_facets":2,"boundary_points":4,"new_points":0,"boundary_unchanged":true,"before_bad":1,"after_score_computed":true,"after_bad":1,"after_valid":true,"before_bad_area":4.47673e-10,"after_bad_area":4.47673e-10,"selected":false}
NATIVE_QUALITY_REGION {"group":41334,"boundary_attempt":false,"point_budget":128,"source_facets":25,"boundary_points":13,"new_points":7,"boundary_unchanged":true,"before_bad":7,"after_score_computed":true,"after_bad":4,"after_valid":true,"before_bad_area":0.0110092,"after_bad_area":0.00405742,"selected":true}
NATIVE_QUALITY_REGION {"group":41335,"boundary_attempt":false,"point_budget":128,"source_facets":20,"boundary_points":14,"new_points":4,"boundary_unchanged":true,"before_bad":4,"after_score_computed":true,"after_bad":1,"after_valid":true,"before_bad_area":0.00212246,"after_bad_area":0.000241242,"selected":true}
NATIVE_QUALITY_REGION {"group":41339,"boundary_attempt":false,"point_budget":128,"source_facets":2,"boundary_points":4,"new_points":0,"boundary_unchanged":true,"before_bad":1,"after_score_computed":true,"after_bad":1,"after_valid":true,"before_bad_area":0.00015145,"after_bad_area":0.00015145,"selected":false}
NATIVE_QUALITY_REGION {"group":41343,"boundary_attempt":false,"point_budget":128,"source_facets":3,"boundary_points":5,"new_points":0,"boundary_unchanged":true,"before_bad":1,"after_score_computed":true,"after_bad":1,"after_valid":true,"before_bad_area":1.07578e-05,"after_bad_area":1.07578e-05,"selected":false}
NATIVE_QUALITY_REGION {"group":41344,"boundary_attempt":false,"point_budget":128,"source_facets":3,"boundary_points":5,"new_points":0,"boundary_unchanged":true,"before_bad":1,"after_score_computed":true,"after_bad":1,"after_valid":true,"before_bad_area":0.00732509,"after_bad_area":0.00732509,"selected":false}
NATIVE_QUALITY_REGION {"group":41347,"boundary_attempt":false,"point_budget":128,"source_facets":8,"boundary_points":8,"new_points":1,"boundary_unchanged":true,"before_bad":1,"after_score_computed":true,"after_bad":0,"after_valid":true,"before_bad_area":8.60554e-05,"after_bad_area":0,"selected":true}
NATIVE_QUALITY_REGION {"group":41351,"boundary_attempt":false,"point_budget":128,"source_facets":10,"boundary_points":8,"new_points":2,"boundary_unchanged":true,"before_bad":4,"after_score_computed":true,"after_bad":2,"after_valid":true,"before_bad_area":0.0133615,"after_bad_area":0.00585995,"selected":true}
NATIVE_QUALITY_REGION {"group":41354,"boundary_attempt":false,"point_budget":128,"source_facets":7,"boundary_points":5,"new_points":2,"boundary_unchanged":true,"before_bad":1,"after_score_computed":true,"after_bad":0,"after_valid":true,"before_bad_area":6.17054e-05,"after_bad_area":0,"selected":true}
NATIVE_QUALITY_REGION {"group":41355,"boundary_attempt":false,"point_budget":128,"source_facets":12,"boundary_points":12,"new_points":1,"boundary_unchanged":true,"before_bad":1,"after_score_computed":true,"after_bad":1,"after_valid":true,"before_bad_area":0.000555895,"after_bad_area":0.000555895,"selected":false}
NATIVE_QUALITY_REGION {"group":41356,"boundary_attempt":false,"point_budget":128,"source_facets":15,"boundary_points":12,"new_points":2,"boundary_unchanged":true,"before_bad":3,"after_score_computed":true,"after_bad":2,"after_valid":true,"before_bad_area":0.000584948,"after_bad_area":0.000128176,"selected":true}
NATIVE_QUALITY_REGION {"group":41357,"boundary_attempt":false,"point_budget":128,"source_facets":6,"boundary_points":8,"new_points":0,"boundary_unchanged":true,"before_bad":2,"after_score_computed":true,"after_bad":2,"after_valid":true,"before_bad_area":0.0074829,"after_bad_area":0.0074829,"selected":false}
NATIVE_QUALITY_REGION {"group":41358,"boundary_attempt":false,"point_budget":128,"source_facets":4,"boundary_points":6,"new_points":0,"boundary_unchanged":true,"before_bad":1,"after_score_computed":true,"after_bad":1,"after_valid":true,"before_bad_area":0.00531941,"after_bad_area":0.00531941,"selected":false}
NATIVE_QUALITY_REGION {"group":41359,"boundary_attempt":false,"point_budget":128,"source_facets":10,"boundary_points":8,"new_points":2,"boundary_unchanged":true,"before_bad":1,"after_score_computed":true,"after_bad":0,"after_valid":true,"before_bad_area":0.00093718,"after_bad_area":0,"selected":true}
NATIVE_QUALITY_REGION {"group":41360,"boundary_attempt":false,"point_budget":128,"source_facets":7,"boundary_points":9,"new_points":1,"boundary_unchanged":true,"before_bad":3,"after_score_computed":true,"after_bad":4,"after_valid":true,"before_bad_area":0.00590482,"after_bad_area":0.00589587,"selected":false}
NATIVE_QUALITY_REGION {"group":41361,"boundary_attempt":false,"point_budget":128,"source_facets":39,"boundary_points":17,"new_points":11,"boundary_unchanged":true,"before_bad":13,"after_score_computed":true,"after_bad":6,"after_valid":true,"before_bad_area":0.0205979,"after_bad_area":0.00597754,"selected":true}
NATIVE_QUALITY_REGION {"group":41363,"boundary_attempt":false,"point_budget":128,"source_facets":3,"boundary_points":5,"new_points":1,"boundary_unchanged":true,"before_bad":1,"after_score_computed":true,"after_bad":2,"after_valid":true,"before_bad_area":5.80988e-07,"after_bad_area":6.22078e-07,"selected":false}
NATIVE_QUALITY_REGION {"group":41364,"boundary_attempt":false,"point_budget":128,"source_facets":4,"boundary_points":6,"new_points":0,"boundary_unchanged":true,"before_bad":2,"after_score_computed":true,"after_bad":2,"after_valid":true,"before_bad_area":0.000721238,"after_bad_area":0.000721238,"selected":false}
NATIVE_QUALITY_REGION {"group":41365,"boundary_attempt":false,"point_budget":128,"source_facets":4,"boundary_points":6,"new_points":0,"boundary_unchanged":true,"before_bad":1,"after_score_computed":true,"after_bad":1,"after_valid":true,"before_bad_area":5.20971e-05,"after_bad_area":5.20971e-05,"selected":false}
NATIVE_QUALITY_REGION {"group":41367,"boundary_attempt":false,"point_budget":128,"source_facets":4,"boundary_points":6,"new_points":0,"boundary_unchanged":true,"before_bad":1,"after_score_computed":true,"after_bad":1,"after_valid":true,"before_bad_area":0.000323553,"after_bad_area":0.000323553,"selected":false}
NATIVE_QUALITY_REGION {"group":41368,"boundary_attempt":false,"point_budget":128,"source_facets":3,"boundary_points":5,"new_points":0,"boundary_unchanged":true,"before_bad":2,"after_score_computed":true,"after_bad":2,"after_valid":true,"before_bad_area":0.00981211,"after_bad_area":0.00981211,"selected":false}
NATIVE_QUALITY_REGION {"group":41369,"boundary_attempt":false,"point_budget":128,"source_facets":7,"boundary_points":7,"new_points":1,"boundary_unchanged":true,"before_bad":2,"after_score_computed":true,"after_bad":0,"after_valid":true,"before_bad_area":0.00327587,"after_bad_area":0,"selected":true}
NATIVE_QUALITY_REGION {"group":41372,"boundary_attempt":false,"point_budget":128,"source_facets":8,"boundary_points":8,"new_points":1,"boundary_unchanged":true,"before_bad":5,"after_score_computed":true,"after_bad":3,"after_valid":true,"before_bad_area":0.0108914,"after_bad_area":0.00410964,"selected":true}
NATIVE_QUALITY_REGION {"group":41374,"boundary_attempt":false,"point_budget":128,"source_facets":6,"boundary_points":6,"new_points":1,"boundary_unchanged":true,"before_bad":3,"after_score_computed":true,"after_bad":1,"after_valid":true,"before_bad_area":0.0171689,"after_bad_area":0.00563858,"selected":true}
NATIVE_QUALITY_REGION {"group":41377,"boundary_attempt":false,"point_budget":128,"source_facets":4,"boundary_points":6,"new_points":0,"boundary_unchanged":true,"before_bad":1,"after_score_computed":true,"after_bad":1,"after_valid":true,"before_bad_area":0.000302769,"after_bad_area":0.000302769,"selected":false}
NATIVE_QUALITY_REGION {"group":41378,"boundary_attempt":false,"point_budget":128,"source_facets":10,"boundary_points":12,"new_points":0,"boundary_unchanged":true,"before_bad":9,"after_score_computed":true,"after_bad":9,"after_valid":true,"before_bad_area":0.0412084,"after_bad_area":0.0412084,"selected":false}
NATIVE_QUALITY_REGION {"group":41380,"boundary_attempt":false,"point_budget":128,"source_facets":3,"boundary_points":5,"new_points":0,"boundary_unchanged":true,"before_bad":1,"after_score_computed":true,"after_bad":1,"after_valid":true,"before_bad_area":0.00701547,"after_bad_area":0.00701547,"selected":false}
NATIVE_QUALITY_REGION {"group":41381,"boundary_attempt":false,"point_budget":128,"source_facets":3,"boundary_points":5,"new_points":0,"boundary_unchanged":true,"before_bad":1,"after_score_computed":true,"after_bad":1,"after_valid":true,"before_bad_area":0.00067829,"after_bad_area":0.00067829,"selected":false}
NATIVE_QUALITY_REGION {"group":41382,"boundary_attempt":false,"point_budget":128,"source_facets":5,"boundary_points":7,"new_points":0,"boundary_unchanged":true,"before_bad":5,"after_score_computed":true,"after_bad":5,"after_valid":true,"before_bad_area":7.14433e-17,"after_bad_area":7.14433e-17,"selected":false}
NATIVE_QUALITY_REGION {"group":41383,"boundary_attempt":false,"point_budget":128,"source_facets":2,"boundary_points":4,"new_points":0,"boundary_unchanged":true,"before_bad":1,"after_score_computed":true,"after_bad":1,"after_valid":true,"before_bad_area":9.96646e-05,"after_bad_area":9.96646e-05,"selected":false}
NATIVE_QUALITY_REGION {"group":41384,"boundary_attempt":false,"point_budget":128,"source_facets":28,"boundary_points":12,"new_points":9,"boundary_unchanged":true,"before_bad":9,"after_score_computed":true,"after_bad":4,"after_valid":true,"before_bad_area":0.0331166,"after_bad_area":0.0151237,"selected":true}
NATIVE_QUALITY_REGION {"group":41385,"boundary_attempt":false,"point_budget":128,"source_facets":27,"boundary_points":13,"new_points":8,"boundary_unchanged":true,"before_bad":8,"after_score_computed":true,"after_bad":3,"after_valid":true,"before_bad_area":0.0218613,"after_bad_area":0.0101872,"selected":true}
NATIVE_QUALITY_REGION {"group":41386,"boundary_attempt":false,"point_budget":128,"source_facets":2,"boundary_points":4,"new_points":0,"boundary_unchanged":true,"before_bad":1,"after_score_computed":true,"after_bad":1,"after_valid":true,"before_bad_area":0.000342739,"after_bad_area":0.000342739,"selected":false}
NATIVE_QUALITY_REGION {"group":41387,"boundary_attempt":false,"point_budget":128,"source_facets":4,"boundary_points":6,"new_points":0,"boundary_unchanged":true,"before_bad":1,"after_score_computed":true,"after_bad":1,"after_valid":true,"before_bad_area":6.06285e-05,"after_bad_area":6.06285e-05,"selected":false}
NATIVE_QUALITY_REGION {"group":41388,"boundary_attempt":false,"point_budget":128,"source_facets":7,"boundary_points":9,"new_points":0,"boundary_unchanged":true,"before_bad":1,"after_score_computed":true,"after_bad":1,"after_valid":true,"before_bad_area":0.00350101,"after_bad_area":0.00350101,"selected":false}
NATIVE_QUALITY_REGION {"group":41390,"boundary_attempt":false,"point_budget":128,"source_facets":3,"boundary_points":5,"new_points":0,"boundary_unchanged":true,"before_bad":1,"after_score_computed":true,"after_bad":1,"after_valid":true,"before_bad_area":0.0014006,"after_bad_area":0.0014006,"selected":false}
NATIVE_QUALITY_REGION {"group":41391,"boundary_attempt":false,"point_budget":128,"source_facets":3,"boundary_points":5,"new_points":0,"boundary_unchanged":true,"before_bad":3,"after_score_computed":true,"after_bad":3,"after_valid":true,"before_bad_area":1.65441e-16,"after_bad_area":1.65441e-16,"selected":false}
NATIVE_QUALITY_REGION {"group":41392,"boundary_attempt":false,"point_budget":128,"source_facets":4,"boundary_points":6,"new_points":0,"boundary_unchanged":true,"before_bad":4,"after_score_computed":true,"after_bad":4,"after_valid":true,"before_bad_area":2.12104e-16,"after_bad_area":2.12104e-16,"selected":false}
NATIVE_QUALITY_REGION {"group":41393,"boundary_attempt":false,"point_budget":128,"source_facets":4,"boundary_points":6,"new_points":4,"boundary_unchanged":true,"before_bad":2,"after_score_computed":true,"after_bad":3,"after_valid":true,"before_bad_area":9.62415e-05,"after_bad_area":0.00234738,"selected":false}
NATIVE_QUALITY_REGION {"group":41394,"boundary_attempt":false,"point_budget":128,"source_facets":2,"boundary_points":4,"new_points":0,"boundary_unchanged":true,"before_bad":2,"after_score_computed":true,"after_bad":2,"after_valid":true,"before_bad_area":8.2681e-18,"after_bad_area":8.2681e-18,"selected":false}
NATIVE_QUALITY_REGION {"group":41396,"boundary_attempt":false,"point_budget":128,"source_facets":4,"boundary_points":6,"new_points":0,"boundary_unchanged":true,"before_bad":1,"after_score_computed":true,"after_bad":1,"after_valid":true,"before_bad_area":0.000128682,"after_bad_area":0.000128682,"selected":false}
NATIVE_QUALITY_REGION {"group":41397,"boundary_attempt":false,"point_budget":128,"source_facets":7,"boundary_points":7,"new_points":1,"boundary_unchanged":true,"before_bad":2,"after_score_computed":true,"after_bad":1,"after_valid":true,"before_bad_area":0.00852881,"after_bad_area":0.00557609,"selected":true}
NATIVE_QUALITY_REGION {"group":41398,"boundary_attempt":false,"point_budget":128,"source_facets":9,"boundary_points":9,"new_points":1,"boundary_unchanged":true,"before_bad":4,"after_score_computed":true,"after_bad":3,"after_valid":true,"before_bad_area":0.00425554,"after_bad_area":0.0024879,"selected":true}
NATIVE_QUALITY_REGION {"group":41399,"boundary_attempt":false,"point_budget":128,"source_facets":5,"boundary_points":7,"new_points":0,"boundary_unchanged":true,"before_bad":2,"after_score_computed":true,"after_bad":2,"after_valid":true,"before_bad_area":0.0102181,"after_bad_area":0.0102181,"selected":false}
NATIVE_QUALITY_REGION {"group":41400,"boundary_attempt":false,"point_budget":128,"source_facets":3,"boundary_points":5,"new_points":0,"boundary_unchanged":true,"before_bad":1,"after_score_computed":true,"after_bad":1,"after_valid":true,"before_bad_area":0.00689996,"after_bad_area":0.00689996,"selected":false}
NATIVE_QUALITY_REGION {"group":41402,"boundary_attempt":false,"point_budget":128,"source_facets":4,"boundary_points":6,"new_points":0,"boundary_unchanged":true,"before_bad":1,"after_score_computed":true,"after_bad":1,"after_valid":true,"before_bad_area":0.00229089,"after_bad_area":0.00229089,"selected":false}
NATIVE_QUALITY_REGION {"group":41403,"boundary_attempt":false,"point_budget":128,"source_facets":4,"boundary_points":6,"new_points":0,"boundary_unchanged":true,"before_bad":1,"after_score_computed":true,"after_bad":1,"after_valid":true,"before_bad_area":0.00118589,"after_bad_area":0.00118589,"selected":false}
NATIVE_QUALITY_REGION {"group":41404,"boundary_attempt":false,"point_budget":128,"source_facets":4,"boundary_points":6,"new_points":0,"boundary_unchanged":true,"before_bad":4,"after_score_computed":true,"after_bad":4,"after_valid":true,"before_bad_area":4.30585e-18,"after_bad_area":4.30585e-18,"selected":false}
NATIVE_QUALITY_REGION {"group":41405,"boundary_attempt":false,"point_budget":128,"source_facets":5,"boundary_points":7,"new_points":2,"boundary_unchanged":true,"before_bad":2,"after_score_computed":true,"after_bad":2,"after_valid":true,"before_bad_area":0.00561983,"after_bad_area":0.00631693,"selected":false}
NATIVE_QUALITY_REGION {"group":41406,"boundary_attempt":false,"point_budget":128,"source_facets":5,"boundary_points":7,"new_points":0,"boundary_unchanged":true,"before_bad":2,"after_score_computed":true,"after_bad":2,"after_valid":true,"before_bad_area":0.00191568,"after_bad_area":0.00191568,"selected":false}
NATIVE_QUALITY_REGION {"group":41408,"boundary_attempt":false,"point_budget":128,"source_facets":12,"boundary_points":12,"new_points":4,"boundary_unchanged":true,"before_bad":8,"after_score_computed":true,"after_bad":6,"after_valid":true,"before_bad_area":0.00853431,"after_bad_area":0.00751353,"selected":true}
NATIVE_QUALITY_REGION {"group":41409,"boundary_attempt":false,"point_budget":128,"source_facets":5,"boundary_points":7,"new_points":0,"boundary_unchanged":true,"before_bad":1,"after_score_computed":true,"after_bad":1,"after_valid":true,"before_bad_area":0.000300308,"after_bad_area":0.000300308,"selected":false}
NATIVE_QUALITY_REGION {"group":41413,"boundary_attempt":false,"point_budget":128,"source_facets":31,"boundary_points":19,"new_points":7,"boundary_unchanged":true,"before_bad":11,"after_score_computed":true,"after_bad":10,"after_valid":true,"before_bad_area":0.0196113,"after_bad_area":0.0183192,"selected":true}
NATIVE_QUALITY_REGION {"group":41415,"boundary_attempt":false,"point_budget":128,"source_facets":34,"boundary_points":28,"new_points":6,"boundary_unchanged":true,"before_bad":23,"after_score_computed":true,"after_bad":16,"after_valid":true,"before_bad_area":0.0270607,"after_bad_area":0.0206494,"selected":true}
NATIVE_QUALITY_REGION {"group":41418,"boundary_attempt":false,"point_budget":128,"source_facets":5,"boundary_points":7,"new_points":2,"boundary_unchanged":true,"before_bad":2,"after_score_computed":true,"after_bad":1,"after_valid":true,"before_bad_area":0.0215204,"after_bad_area":0.00516213,"selected":true}
o-[QualityBoundary] shared_edges=0 before_bad=812 after_bad=812 before_area=141.551 after_area=141.551 accepted=1
o-[QualityBoundary] shared_edges=29 before_bad=844 after_bad=812 before_area=141.872 after_area=141.551 accepted=1
o-[FloatEdge   ] contracted_zero_length_edges=1
NATIVE_RESULT {"load_ms":37.202469999999998,"boolean_ms":1659.1451730000001,"save_ms":70.083770000000001,"faces":48026,"vertices":24015,"simplify":true}
