# https://github.com/mikedh/trimesh
v -1.99780383 -2.00043710 -0.89808787
v -1.99948277 -1.99798687 -0.69754452
v -1.99452533 -2.00041516 -0.34001658
v -2.00057115 -1.98986264 -0.11561613
v -2.00482287 -1.91187604 -0.78283668
v -2.00370612 -1.83217569 -0.23137317
v -1.98941864 -1.92031272 -0.90099455
v -2.00226821 -1.84761258 -0.54458387
v -1.99973144 -1.85704883 -0.11274045
v -1.99922790 -1.66008611 -0.89838380
v -2.00282564 -1.49532898 -0.78576923
v -2.00200333 -1.56420072 -0.47219021
v -1.99935498 -1.62386282 -0.14060485
v -2.00321187 -1.56130655 -0.24936039
v -1.99463810 -1.36662163 -0.89967496
v -2.00183882 -1.32597746 -0.48130155
v -1.99652662 -1.34630419 -0.16657438
v -2.00355448 -1.27283831 -0.25883789
v -2.00336828 -1.11831238 -0.84789927
v -2.00208654 -1.18021466 -0.70760680
v -2.00215544 -1.07292791 -0.37461466
v -1.99597277 -1.04862608 -0.89863015
v -2.00069251 -1.03932305 -0.19944682
v -2.00205221 -0.93342246 -0.60522658
v -2.00184049 -0.84118490 -0.28655390
v -2.00422921 -0.78006949 -0.83629460
v -2.00195589 -0.74277337 -0.48873425
v -1.99456062 -0.76198246 -0.22424739
v -1.99268712 -0.73528831 -0.89963854
v -2.00239624 -0.69183530 -0.71220852
v -2.00328102 -0.62092130 -0.28376172
v -1.98739733 -0.51377982 -0.24441920
v -2.00220766 -0.51847285 -0.49894560
v -1.99955334 -0.45761500 -0.89707638
v -2.00252308 -0.44585300 -0.77070529
v -2.00346269 -0.48238665 -0.28136570
v -1.99919667 -0.36725067 -0.26554520
v -2.00232019 -0.27030672 -0.51438255
v -2.00241341 -0.35161213 -0.33040161
v -2.00421705 -0.18572639 -0.80606247
v -2.00258507 -0.13413225 -0.33362315
v -1.99594321 -0.07244094 -0.29297472
v -1.99875273 -0.04739498 -0.89651681
v -2.00226750 -0.04052375 -0.46510858
v -2.00179090 0.16167436 -0.64232374
v -2.00364294 0.13734506 -0.85261256
v -2.00300779 0.12716846 -0.35620407
v -1.99845423 0.23164140 -0.32718823
v -1.99979462 0.27912097 -0.89694745
v -2.00263562 0.46516089 -0.47586609
v -2.00196232 0.44803063 -0.74449755
v -1.99934449 0.45821951 -0.34705369
v -2.00246229 0.58440260 -0.89231438
v -1.99826636 0.68640415 -0.36916054
v -2.00786175 0.74884216 -0.83756811
v -2.00267901 0.78494899 -0.67617423
v -2.00351157 0.76379339 -0.42692623
v -2.00373926 0.96031873 -0.58192075
v -1.98577442 0.70689587 -0.90364022
v -1.99505987 0.93780033 -0.39546410
v -2.00260653 1.14554004 -0.78329028
v -2.00085225 1.00934391 -0.89242942
v -2.00012459 1.19979994 -0.42536248
v -2.00358381 1.18687753 -0.51188494
v -2.00120654 1.25192003 -0.89276100
v -2.00452032 1.38251464 -0.85058303
v -1.99381437 1.38181011 -0.89995671
v -2.00302495 1.54882137 -0.63909281
v -2.00155177 1.49354569 -0.45386327
v -2.00076141 1.56901400 -0.89520896
v -2.00418677 1.81919901 -0.77564681
v -2.00079860 1.82013146 -0.49311996
v -1.99891819 1.84893314 -0.89994831
v -2.00610532 1.96432344 -0.61179907
v -1.99671163 1.97646396 -0.49468032
v -1.99231829 1.99534337 -0.88562150
v -1.99753847 2.00020067 -0.70015056
v -1.86271443 -2.00508590 -0.70708770
v -1.95490660 -2.00421901 -0.21627768
v -1.92590918 -1.98666699 -0.08481471
v -1.74611487 -1.89433439 -0.06925364
v -1.90919008 -1.64370902 -0.11855877
v -1.81014337 -1.65303774 -0.90288252
v -1.92639198 -1.40999527 -0.14506529
v -1.91968526 -1.20133622 -0.16519605
v -1.92858853 -0.95080756 -0.19101807
v -1.89678730 -0.65883933 -0.21525332
v -1.81087079 -0.65087842 -0.90250398
v -1.89364781 -0.40587022 -0.90282948
v -1.91267790 -0.18349786 -0.26595179
v -1.88674178 -0.15965681 -0.90223289
v -1.86928143 0.10132305 -0.28685186
v -1.88564505 0.10912077 -0.90312833
v -1.95491423 0.35426263 -0.90380294
v -1.92187252 0.35355960 -0.31866974
v -1.87960734 0.56924037 -0.33607561
v -1.95276894 0.86295871 -0.37551222
v -1.94613304 1.12361912 -0.90233172
v -1.96452155 1.27124052 -0.90214277
v -1.92600288 1.34136180 -0.41995356
v -1.95507922 1.56660072 -0.44513477
v -1.94481649 1.55472748 -0.90294976
v -1.94657983 1.72598998 -0.90334816
v -1.93779602 1.92011158 -0.90470297
v -1.89639582 1.85707323 -0.46335436
v -1.90735163 2.00567405 -0.81639541
v -1.84092392 -2.00228043 -0.89643300
v -1.97127928 -1.98631819 -0.89071668
v -1.97310366 -1.99430128 -0.76902253
v -1.98170103 -1.99442776 -0.52153642
v -1.99198021 -1.98694582 -0.27527339
v -1.97993006 -1.95951040 -0.11045564
v -1.99943962 -1.81960173 -0.22278600
v -1.99188485 -1.87236925 -0.86637766
v -1.99843563 -1.79960449 -0.68121333
v -1.99839653 -1.83742328 -0.43116788
v -1.99431266 -1.76764913 -0.13375228
v -1.98848071 -1.74101587 -0.89490951
v -1.99788894 -1.71327360 -0.83645214
v -1.99807014 -1.56672140 -0.44500730
v -1.99886717 -1.53441496 -0.74451412
v -1.99859585 -1.43682118 -0.25139400
v -1.99366917 -1.52524264 -0.89276023
v -1.99127855 -1.49015065 -0.15594094
v -1.92394294 -1.56570299 -0.13329635
v -1.99835171 -1.30348899 -0.68126477
v -1.98345174 -1.41242047 -0.89059914
v -1.87703432 -1.37909432 -0.90357006
v -1.99307455 -1.30457993 -0.88560105
v -1.99460115 -1.24098344 -0.18672405
v -1.99797573 -1.14031257 -0.48240966
v -1.99838271 -1.12808235 -0.82817025
v -1.98778929 -1.14572801 -0.89344663
v -1.99776878 -1.06727101 -0.29070092
v -1.91832342 -1.06993617 -0.90325595
v -1.98591008 -0.96750505 -0.20809551
v -1.99831500 -0.81868963 -0.65800763
v -1.99379291 -0.83818628 -0.87769682
v -1.99928655 -0.94157682 -0.83651722
v -1.91234030 -0.84329020 -0.90267999
v -1.99783887 -0.82715364 -0.32893667
v -1.98546876 -0.58704683 -0.24512392
v -1.98861923 -0.58546356 -0.89296044
v -1.99829664 -0.57803140 -0.50645778
v -1.99858345 -0.56311495 -0.76640005
v -1.99834670 -0.39243760 -0.36903636
v -1.99864950 -0.24845940 -0.64702130
v -1.99463787 -0.31588546 -0.88242198
v -1.99213757 -0.22992739 -0.28810794
v -1.99882569 -0.13916268 -0.83460213
v -1.98463692 0.13131092 -0.89183147
v -1.99822678 0.03717078 -0.52820969
v -1.99713101 0.06073759 -0.80300016
v -1.99904241 0.09076248 -0.35469151
v -1.99025812 -0.05476566 -0.29848758
v -1.99333825 0.05422740 -0.31437559
v -1.99837794 0.28343926 -0.54483975
v -1.99754323 0.22668634 -0.81551940
v -1.98485269 0.16951321 -0.32265408
v -1.99020447 0.27940641 -0.33543096
v -1.99621906 0.39885048 -0.86453206
v -1.99573245 0.47527276 -0.35887054
v -1.99875941 0.52327804 -0.54989011
v -1.99671449 0.65035717 -0.78895611
v -1.98875465 0.68618755 -0.88236148
v -1.99441971 0.76813809 -0.39154912
v -1.99760689 0.93243782 -0.53026480
v -1.88076772 0.82696013 -0.90256400
v -1.99543943 1.03576462 -0.88073213
v -1.98562898 1.02913229 -0.40734363
v -1.99917426 1.05122952 -0.71138085
v -1.90494837 1.12980835 -0.39608485
v -1.99338712 1.29586653 -0.86988521
v -1.99891653 1.32123785 -0.71528847
v -1.99396624 1.23144059 -0.43153829
v -1.99748434 1.34452323 -0.50827346
v -1.98570432 1.41594569 -0.44615526
v -1.99431409 1.40644722 -0.88380397
v -1.99848403 1.53580014 -0.69787032
v -1.80861439 1.41013162 -0.90231026
v -1.99694385 1.48645000 -0.86503596
v -1.97916951 1.48346810 -0.89499826
v -1.99810304 1.58004586 -0.50820670
v -1.99665346 1.57471029 -0.87741823
v -1.99314560 1.68500273 -0.48377202
v -1.97504939 1.70498650 -0.89411796
v -1.99912180 1.77161114 -0.77805931
v -1.99392547 1.88393800 -0.88566817
v -1.97554483 1.88111536 -0.49448232
v -2.00037803 1.92804353 -0.57487864
v -1.99128761 1.97705166 -0.51710469
v -1.99361791 1.98439447 -0.72997559
v -1.96074213 1.97349875 -0.88860131
v -1.71443309 2.00295679 -0.61845232
v -1.92748703 2.00505702 -0.51855523
v -1.77188172 -2.00240286 -0.32583887
v -1.76590814 -1.94925018 -0.90400029
v -1.89619269 -1.99995048 -0.65495695
v -1.94983067 -1.99621566 -0.21818142
v -1.91235818 -1.86938615 -0.89820654
v -1.91686644 -1.82574554 -0.10654836
v -1.83452978 -1.63356693 -0.89844925
v -1.71325125 -1.21776135 -0.13716077
v -1.93804087 -1.30302556 -0.89773554
v -1.89526762 -1.02348854 -0.18286856
v -1.85172023 -1.03353812 -0.89857013
v -1.90546550 -0.70071182 -0.21656112
v -1.89175143 -0.38007521 -0.24751767
v -1.85086502 -0.12022032 -0.26720954
v -1.88379254 0.09963553 -0.29421232
v -1.90127124 0.17281388 -0.89915092
v -1.93850460 0.26723282 -0.31985743
v -1.94381155 0.46421765 -0.89461423
v -1.86548223 0.50296394 -0.90421260
v -1.89386835 0.41865413 -0.32786111
v -1.90952649 0.62304930 -0.35065303
v -1.91394796 0.77176730 -0.89433486
v -1.91492452 0.88223331 -0.37660585
v -1.93065609 0.97186093 -0.89571042
v -1.87994184 1.15481774 -0.39889247
v -1.73854722 1.30143551 -0.39271648
v -1.92296996 1.63038985 -0.45429141
v -1.86836733 1.59584181 -0.89856542
v -1.86790170 1.99271791 -0.49637825
v -1.80445303 1.99527137 -0.90051258
v -1.85401740 1.99747793 -0.47745419
v -1.83499469 -1.99853368 -0.39140172
v -1.86148729 -1.98009391 -0.08733728
v -1.79750337 -0.77920537 -0.89838112
v -1.85270204 -0.52280021 -0.89816637
v -1.79870834 -0.39987335 -0.22769811
v -1.84445919 -0.15570010 -0.89826311
v -1.82461919 1.24569385 -0.89781935
v -1.81578483 1.19444017 -0.90171374
v -1.84950985 1.88580958 -0.89763255
v -1.89845409 1.99484126 -0.85278893
v -1.76354899 1.99797074 -0.74802298
v -1.92861905 1.99736230 -0.59257157
v -1.78902711 -1.99225815 -0.88580788
v -1.83167567 -1.99974127 -0.81068242
v -1.70028021 0.36724625 -0.89828808
v -1.76798906 1.50617437 -0.41383452
v -1.70397748 -0.57597294 -0.20001804
v -1.79389634 0.85449485 -0.35208602
v -1.73296632 1.59648077 -0.42153291
v -1.73788299 1.87787931 -0.45017422
v -1.65133931 1.99806468 -0.57104404
v -1.76847352 -1.99676724 -0.12820616
v -1.68173458 -0.90853028 -0.15948189
v -1.66710975 -1.06106372 -0.90204031
v -1.58634772 0.13757561 -0.89815439
v -1.75719394 0.64070074 -0.89816827
v -1.76198401 1.66611545 -0.42887393
v -1.70083036 1.74509160 -0.90213747
v -1.67490138 1.89325802 -0.43767990
v -1.66967763 -2.00254722 -0.10449644
v -1.71935262 -1.99150773 -0.06121018
v -1.73740162 -0.71119131 -0.18732268
v -1.70902361 -1.99839349 -0.65298028
v -1.77003016 -1.43061723 -0.12027956
v -1.72985949 -0.11668559 -0.24576520
v -1.75435295 0.32795082 -0.90234143
v -1.66822161 0.56417064 -0.30863870
v -1.74549260 0.96117703 -0.35961912
v -1.72130241 0.98904793 -0.90182830
v -1.70376553 1.29375844 -0.38278980
v -1.72000350 1.99539368 -0.86982144
v -1.69100108 -1.45797546 -0.89817596
v -1.70292701 0.31620280 -0.28900517
v -1.66520395 0.92676513 -0.89800710
v -1.62081792 -1.87121804 -0.89844365
v -1.70414938 -1.62197562 -0.09131806
v -1.67713561 -1.11519106 -0.13812395
v -1.70891489 0.31353406 -0.28567074
v -1.58890070 0.78237812 -0.31857247
v -1.68352117 -0.86939673 -0.16760437
v -1.69049181 0.13308303 -0.90228266
v -1.59416701 1.80472319 -0.89799143
v -1.69452264 -1.99839135 -0.29931758
v -1.56362559 -1.92669030 -0.04369477
v -1.60115756 -1.55489178 -0.08667329
v -1.68938889 -0.43203653 -0.90195931
v -1.59150972 -0.35824571 -0.89806599
v -1.68699552 1.03822224 -0.35473267
v -1.50357236 2.00294773 -0.83896441
v -1.58320286 -1.15394689 -0.89808793
v -1.59849717 0.47654162 -0.28552313
v -1.66244306 0.56142776 -0.90197451
v -1.66178479 0.65416293 -0.31270764
v -1.59519054 -0.89282839 -0.89817024
v -1.64523091 -0.19222202 -0.22954995
v -1.58368136 -0.12647148 -0.90191764
v -1.60200657 0.17187236 -0.25951655
v -1.57780733 -2.00017460 -0.89695156
v -1.59740343 -2.00234969 -0.72337753
v -1.60947468 -1.39376100 -0.10018145
v -1.59879102 -0.41032953 -0.19685703
v -1.64410617 0.12456535 -0.25707051
v -1.61254670 -1.98502274 -0.05085398
v -1.49561181 -1.61309250 -0.90208716
v -1.51495029 1.32599680 -0.90191729
v -1.58966436 -2.00184019 -0.46925981
v -1.54764475 -0.64756039 -0.89807547
v -1.56145598 0.86014931 -0.31826968
v -1.49977829 1.45998971 -0.89802647
v -1.63918163 2.00072305 -0.45293564
v -1.59980323 -1.99768706 -0.79066873
v -1.57388033 -0.59363830 -0.17473746
v -1.50138452 0.81131892 -0.90189666
v -1.53682031 1.16742985 -0.89804632
v -1.48701002 1.05755345 -0.90194900
v -1.55546166 1.98857371 -0.43940590
v -1.56234862 -1.84885855 -0.90286584
v -1.52399768 -1.77332540 -0.04928659
v -1.49404444 -1.26831617 -0.09364313
v -1.46707167 -0.88151755 -0.90191311
v -1.48171796 0.76562504 -0.89799792
v -1.56296029 1.58539550 -0.39098553
v -1.55329933 -1.99790640 -0.45283518
v -1.56604173 -1.40267511 -0.90192575
v -1.57062425 -0.21676754 -0.21194760
v -1.49951412 -0.02508600 -0.22049136
v -1.45728077 0.47628318 -0.89798338
v -1.51630129 1.02937786 -0.33245788
v -1.51617040 1.51365666 -0.90192545
v -1.53782703 1.92854588 -0.90385188
v -1.52252938 -1.58035119 -0.06846350
v -1.47489848 -0.79426445 -0.14443890
v -1.51287307 -0.59039989 -0.90193702
v -1.48436441 0.26540713 -0.24729662
v -1.50197448 1.83596723 -0.41033442
v -1.51686706 1.98611657 -0.89450640
v -1.43439903 0.11075221 -0.90191526
v -1.52557089 1.08369546 -0.33527342
v -1.36920609 1.49911122 -0.35727907
v -1.43230738 1.99073498 -0.89999689
v -1.53827860 -1.97248753 -0.89425070
v -1.39661052 -1.99790056 -0.61865360
v -1.48381688 -1.99825783 -0.12264812
v -1.48459532 -1.39170648 -0.89804221
v -1.48130943 -1.03859677 -0.11427073
v -1.46723856 -0.04348146 -0.89803154
v -1.44822206 -0.06735189 -0.21250647
v -1.48153367 0.40419458 -0.90191991
v -1.48482682 0.66401772 -0.28718568
v -1.51014807 1.34669106 -0.35919357
v -1.50837578 1.99823849 -0.80217183
v -1.49288001 -1.04962035 -0.12295263
v -1.44960072 0.61707632 -0.90187169
v -1.42628970 1.76998584 -0.90235860
v -1.45199503 1.85188095 -0.40045566
v -1.52550675 -1.99342688 -0.02740160
v -1.46601941 -1.91819091 -0.02377190
v -1.37797310 -1.66665371 -0.89828152
v -1.45309820 -0.78090949 -0.13759688
v -1.41374709 -0.50415928 -0.89805222
v -1.44482948 1.24061493 -0.34275771
v -1.26829602 2.00263636 -0.53159989
v -1.42123677 -2.00186069 -0.25601479
v -1.31763496 -1.80607696 -0.01895873
v -1.41374793 -0.38029167 -0.17588429
v -1.39622929 -0.35872957 -0.90192980
v -1.42113401 -0.36149471 -0.17494276
v -1.43951704 1.99771945 -0.41667727
v -1.44209566 -0.58763436 -0.15931689
v -1.38679327 1.62108485 -0.36803378
v -1.38233997 -2.00181838 -0.66091151
v -1.38015916 -1.23807867 -0.90190096
v -1.35446884 0.41226373 -0.24647103
v -1.38606860 1.67913072 -0.89823551
v -1.33241178 -2.00184615 -0.84173275
v -1.29197766 -1.99799998 -0.27935899
v -1.37732675 -1.99149473 -0.02606697
v -1.38440277 -1.44595720 -0.06041797
v -1.44341483 -1.32185610 -0.08719216
v -1.36670746 1.99467651 -0.42246667
v -1.37977948 -2.00025876 -0.02367299
v -1.33782770 -0.96469499 -0.89797080
v -1.29794790 0.15618472 -0.21237452
v -1.40695776 1.99889485 -0.63207025
v -1.29044964 -1.85454030 -0.90279932
v -1.37505950 -1.16620512 -0.89799882
v -1.33587148 -0.57839009 -0.13942940
v -1.27537145 -0.24724302 -0.89805562
v -1.37107279 0.47861640 -0.25162555
v -1.33865287 1.43566982 -0.34238622
v -1.33080401 1.53968267 -0.90190292
v -1.27937533 -1.99793406 -0.82541484
v -1.40553476 -0.94518401 -0.12635315
v -1.29089024 0.72646765 -0.26828478
v -1.29163577 1.01411323 -0.89810849
v -1.32308163 1.04017047 -0.30055419
v -1.30631663 -2.00182898 -0.39933325
v -1.26567258 -1.42279418 -0.89802987
v -1.28979029 -1.54677291 -0.04167260
v -1.39265229 -0.89219795 -0.11957019
v -1.34947671 1.99673311 -0.86516560
v -1.28924479 -1.99450202 -0.90098036
v -1.39368655 -1.23177029 -0.09367496
v -1.40663268 -1.10017158 -0.10662423
v -1.27220883 -0.62604128 -0.90193237
v -1.29174973 -0.13416021 -0.17830030
v -1.34692134 0.84794716 -0.28492097
v -1.29387083 1.10066156 -0.90198977
v -1.32129707 1.23147540 -0.31936071
v -1.32488920 -1.98011668 -0.89286799
v -1.36715867 -1.12592389 -0.13569830
v -1.28744163 0.15691314 -0.20688386
v -1.28487601 1.94865481 -0.38514114
v -1.19511892 -2.00423367 -0.11165439
v -1.25602700 -1.62638159 -0.02340195
v -1.25243844 0.21860908 -0.90191055
v -1.22008826 1.27671079 -0.89808757
v -1.23838200 1.92262451 -0.37973780
v -1.26439919 -1.40081449 -0.06717730
v -1.35524418 -1.29459609 -0.07487273
v -1.25499274 0.18949203 -0.89801670
v -1.21208729 0.87054078 -0.90195186
v -1.18602910 1.03122370 -0.28304077
v -1.25227692 -1.99576469 0.01170851
v -1.21976616 -1.82654770 0.00173999
v -1.30178644 -1.19174649 -0.14279018
v -1.21019604 -0.95842625 -0.90185655
v -1.29533221 -0.88486074 -0.16396412
v -1.27908732 -0.99839468 -0.19434295
v -1.20169177 -0.79886775 -0.89802099
v -1.30868723 -0.78890716 -0.14602121
v -1.17422523 1.29696779 -0.30781389
v -1.20157816 1.89842765 -0.89789195
v -1.27945818 -1.30729993 -0.11882421
v -1.26312973 -0.69755048 -0.12260770
v -1.23872711 -0.61600368 -0.12905402
v -1.26226260 0.44651197 -0.90189130
v -1.18454244 0.74004523 -0.24963420
v -1.23740484 1.79719679 -0.36317308
v -1.22275927 1.99874441 -0.54053689
v -1.17467572 -1.99802549 -0.46331436
v -1.23778047 -1.91888829 -0.89867265
v -1.09380080 1.63530771 -0.32956088
v -1.20222427 1.99896543 -0.89329691
v -1.09410634 2.00287334 -0.79556877
v -1.28179743 -1.99676438 -0.04476255
v -1.13532211 -1.45691605 -0.90187008
v -1.27274968 -1.00614299 -0.18809535
v -1.22484233 -0.18886720 -0.90195406
v -1.18876304 0.38626586 -0.21493789
v -1.10975196 1.63322656 -0.32777149
v -1.22712876 1.94555418 -0.90177006
v -1.20850696 -1.97276373 0.00974826
v -1.20743777 -1.45400562 -0.03723453
v -1.20455470 -1.34909429 -0.11134592
v -1.16757812 -0.14735364 -0.16216654
v -1.19939007 1.29615085 -0.90198583
v -1.21356942 1.99906532 -0.79881979
v -1.24896373 2.00237457 -0.39900313
v -1.15809347 -1.99834843 -0.70923085
v -1.20455934 -1.20011921 -0.19489426
v -1.09393157 0.30460350 -0.89806325
v -1.03965547 0.79378705 -0.89808328
v -1.16107692 1.39444379 -0.31164942
v -1.13238635 1.74415223 -0.90203775
v -1.09695305 -0.71164377 -0.19491670
v -1.13754966 -0.55339171 -0.89806391
v -1.09257295 -0.37513090 -0.12390660
v -1.14513888 0.65344684 -0.90192623
v -1.11763670 0.55361085 -0.89805061
v -1.10154595 1.51684944 -0.89796478
v -1.08365418 -2.00193782 -0.42741529
v -1.09790410 -1.94868644 0.03331052
v -1.12362291 -0.89414610 -0.23255297
v -1.15468277 -0.06054609 -0.89805872
v -1.05593576 0.04981731 -0.90191323
v -1.13265755 1.51121478 -0.90188623
v -1.00890316 1.99446694 -0.36745057
v -1.03643491 -2.00241847 -0.75234497
v -1.02221956 -1.21701928 -0.90190727
v -1.16657688 -0.70266079 -0.16012881
v -1.10949149 -0.10221858 -0.15398342
v -1.03716590 1.76445715 -0.89815963
v -1.12071206 -1.99814983 -0.09371136
v -1.05695285 -1.82213028 -0.89817328
v -1.14577963 -1.09402348 -0.21860991
v -1.04256727 -0.47708891 -0.90195585
v -1.09481253 -0.39142750 -0.12698519
v -1.09643843 0.55863361 -0.21768709
v -1.02142574 0.72713010 -0.22758191
v -1.12278964 -1.37944342 -0.12696390
v -1.05552830 -1.19253595 -0.89799941
v -1.12928202 0.17879127 -0.18528407
v -1.05903711 0.46883468 -0.20732124
v -1.12665965 0.95447723 -0.26245884
v -1.00671913 -1.57635375 -0.89794982
v -1.08552720 -1.26564868 -0.18544490
v -1.02830221 0.25182341 -0.18129907
v -1.08730986 0.33273564 -0.90196688
v -1.05661072 1.18266992 -0.27479390
v -0.98438825 1.86648838 -0.33643846
v -1.05198779 1.99525301 -0.88092566
v -0.96020057 -1.66235550 0.01997717
v -1.01478888 -1.67114242 -0.90186305
v -1.08463671 -1.52231069 -0.01965937
v -1.11270275 -0.93551429 -0.23131775
v -0.97139420 -0.74192132 -0.21546035
v -0.98493518 1.99889795 -0.78201927
v -1.04683055 2.00026409 -0.36276905
v -0.97537567 -1.91210468 -0.90387196
v -0.95698978 -0.30893700 -0.89804942
v -1.04312899 -0.16912715 -0.90191848
v -0.96734967 1.05041234 -0.89806862
v -1.04975213 1.16800289 -0.90199859
v -1.03940632 -2.00118585 0.03771643
v -1.02118434 -1.97642799 -0.89413745
v -0.97753813 -1.99800213 -0.32492001
v -0.99372103 -1.83247145 0.03215132
v -1.05240859 -1.53259941 -0.00287478
v -1.05338790 -1.05953266 -0.25162727
v -1.08590986 -0.51551302 -0.11359509
v -1.01631584 0.50260655 -0.90193916
v -1.05883982 1.92834274 -0.90208382
v -0.92598202 -2.00018294 -0.89350338
v -1.00660982 -1.73697837 0.02446292
v -1.05972280 -1.21184285 -0.22130739
v -1.00533034 -0.85352911 -0.89800037
v -0.95449271 -0.71934454 -0.90195847
v -0.97091057 -0.59158448 -0.17972673
v -1.04500212 -1.44585474 -0.07805419
v -0.99103095 -1.37715222 -0.89802087
v -0.97110786 -1.05630388 -0.24132226
v -1.02528729 -0.45719673 -0.11581399
v -1.03227224 1.79202787 -0.33216462
v -0.99700751 1.99796621 -0.49608845
v -1.00451984 -1.99357541 0.03013713
v -0.96504666 1.44309895 -0.90186889
v -0.96869685 1.92758696 -0.33592991
v -0.91025831 -1.99180241 -0.88379062
v -0.97179331 -0.95923813 -0.90184385
v -0.90213336 -0.07974313 -0.12878030
v -0.88668241 0.02499051 -0.89799339
v -0.94645931 0.86086361 -0.22582937
v -0.96544625 1.21300809 -0.26813374
v -0.89116611 -2.00301166 -0.03948500
v -0.85757996 -1.99872823 -0.80659784
v -0.96488096 -1.99823316 -0.59381307
v -0.99039771 -1.46946295 -0.07128212
v -0.96467723 -1.33739974 -0.16824202
v -0.97716047 -0.52470242 -0.16151113
v -0.94677879 0.36636309 -0.17628054
v -0.99134697 1.26270203 -0.89808799
v -0.99915387 1.99870650 -0.89519430
v -0.97655215 -1.21425833 -0.20954429
v -0.91999032 -0.09704156 -0.12574747
v -0.86689867 0.18417518 -0.14620560
v -0.92848792 0.76818316 -0.90198017
v -0.87575378 2.00280492 -0.57605112
v -0.89917519 1.11634163 -0.90194822
v -0.88471319 -2.00189789 -0.23235134
v -0.84502758 -1.99926408 -0.00138467
v -0.88500418 -1.36453153 -0.12625332
v -0.90090050 -1.06493093 -0.24389806
v -0.90326538 -0.84914537 -0.24887302
v -0.88914885 -0.54239196 -0.89810742
v -0.85729970 0.48246883 -0.89799852
v -0.86663844 1.03053705 -0.23544901
v -0.89781227 1.65114944 -0.90195889
v -0.85681416 -0.84696771 -0.23816761
v -0.83360805 -0.35034771 -0.90198100
v -0.89947798 -2.00193532 -0.46726800
v -0.71397306 -1.62767501 0.05810311
v -0.89044728 -1.54101093 0.01154706
v -0.91305830 -1.48762496 -0.03419664
v -0.77604951 -0.51662540 -0.21091854
v -0.83607580 -0.39682372 -0.15448646
v -0.85957195 -0.04466294 -0.90188903
v -0.89554920 1.07595436 -0.23941199
v -0.74646356 1.43143885 -0.25717730
v -0.73453154 -1.58601971 -0.90200038
v -0.86462619 -1.18814995 -0.21288531
v -0.89994111 -0.32681325 -0.10238519
v -0.87415840 0.28647183 -0.90186031
v -0.87387015 1.50305430 -0.27947734
v -0.91091384 -1.99595972 0.06248479
v -0.78631212 -1.99800570 -0.15910474
v -0.85166158 0.67266957 -0.19156814
v -0.84203698 1.91096894 -0.89671851
v -0.90474274 1.98893992 -0.90082795
v -0.75993325 1.99917690 -0.44450519
v -0.78548326 -1.86534877 0.07065126
v -0.86849262 -1.54040428 0.02522506
v -0.76077690 -0.31279282 -0.15223519
v -0.80240824 0.52250080 -0.17300362
v -0.79783954 0.71658878 -0.20243295
v -0.79969754 0.97515039 -0.90192891
v -0.84021236 1.26056246 -0.25021520
v -0.80716075 1.30567638 -0.90191931
v -0.79080977 1.71927230 -0.28897718
v -0.76492276 1.83103220 -0.90223468
v -0.91707053 2.00500433 -0.87062950
v -0.73307051 -2.00209184 -0.57156635
v -0.79209258 -2.00431939 0.05224045
v -0.84032347 -1.88508995 -0.89801670
v -0.79219975 -1.41881664 -0.07230950
v -0.83418896 -1.21053417 -0.19167584
v -0.74772586 -1.16490920 -0.89808709
v -0.66816672 -0.97825034 -0.90194059
v -0.79445257 -0.94385500 -0.89804060
v -0.82187607 -0.23696144 -0.10350151
v -0.80989637 0.52455602 -0.17920118
v -0.70430364 1.36735765 -0.89798684
v -0.75407149 1.84932606 -0.30048648
v -0.81424620 1.99261705 -0.88261194
v -0.68095716 -0.72377177 -0.89806534
v -0.86442019 2.00541226 -0.36609332
v -0.77667667 -1.94799884 0.07457335
v -0.78401877 -1.36137422 -0.89806802
v -0.74026849 -1.29769077 -0.90194620
v -0.79981317 0.28441952 -0.15056623
v -0.68032410 0.76388900 -0.89804644
v -0.66991420 1.99846475 -0.68402244
v -0.76649870 -1.28486367 -0.15061651
v -0.76459183 0.55723242 -0.90187944
v -0.81238927 -1.99425872 0.07809693
v -0.74968054 -1.99806853 -0.51452125
v -0.72234942 -1.99224480 0.07422876
v -0.73668601 -0.68526672 -0.23971742
v -0.69300367 -0.16179647 -0.89806957
v -0.64775564 0.12950902 -0.90198249
v -0.68579312 0.82715575 -0.18976552
v -0.79874887 1.99384324 -0.89836139
v -0.64537473 2.00442426 -0.83705563
v -0.68498190 -2.00312407 -0.82812155
v -0.74483861 -1.72268076 -0.89843238
v -0.71412970 -0.93113996 -0.22170708
v -0.74172403 -0.55977044 -0.21689268
v -0.74442448 -0.00312846 -0.10860587
v -0.70840432 0.37470607 -0.90195150
v -0.68024053 1.03502600 -0.20339777
v -0.71873333 1.67554633 -0.89817775
v -0.76468684 1.99729578 -0.31528879
v -0.69535669 -1.99804111 -0.36483530
v -0.69672944 -1.61738713 0.05563463
v -0.72241046 -1.42563130 -0.02146027
v -0.66380211 -0.88915129 -0.22396737
v -0.78297045 -0.20427703 -0.09617306
v -0.73614981 0.32949822 -0.13951167
v -0.73237492 1.55472462 -0.90194590
v -0.69363042 2.00307028 -0.42054320
v -0.64825406 -1.84460481 -0.90316595
v -0.70699908 -1.48593457 0.04115240
v -0.67835202 -0.62768208 -0.90194238
v -0.70006438 -0.21171926 -0.12866345
v -0.59271767 0.64765625 -0.90193314
v -0.71205427 1.46527617 -0.25142457
v -0.68811037 -1.99048646 -0.89892782
v -0.60226079 -2.00195570 -0.38216446
v -0.61160829 -1.99876721 -0.75257404
v -0.62731941 -1.82866629 0.08677965
v -0.67456110 -0.37016113 -0.89807976
v -0.62026324 -0.08773421 -0.90196956
v -0.66593947 0.38985441 -0.89806981
v -0.68482943 0.81514864 -0.19484279
v -0.64943715 1.08221738 -0.20745482
v -0.67611738 1.99443190 -0.31936763
v -0.69779559 -1.98796030 -0.89088614
v -0.70773186 -1.92382832 -0.89755554
v -0.61068894 -1.05241539 -0.16464125
v -0.68113234 0.25059913 -0.13774408
v -0.65472879 0.85675947 -0.90194631
v -0.68629511 -2.00183089 -0.15073902
v -0.69503309 -1.52779038 -0.89807034
v -0.71954657 -1.27244868 -0.12510670
v -0.69410904 0.63225512 -0.19308954
v -0.66258385 1.02757673 -0.89808340
v -0.61319985 1.22436921 -0.21245607
v -0.70836987 -1.98613484 0.09252960
v -0.63990261 -1.46693595 0.04558295
v -0.56088563 -0.36969984 -0.90196664
v -0.62816413 1.08153145 -0.90198804
v -0.58613344 1.90825169 -0.27539168
v -0.59211584 -1.99829920 -0.55999137
v -0.60597606 -1.06169619 -0.16567514
v -0.62118067 -0.34390324 -0.19347567
v -0.59746214 0.11593006 -0.89810414
v -0.64730646 0.40710847 -0.16970541
v -0.53718104 1.25464956 -0.90183473
v -0.50171270 1.59866898 -0.23707659
v -0.55108835 1.81569807 -0.89814634
v -0.50432034 1.99674885 -0.89769269
v -0.55631979 2.00224607 -0.65864504
v -0.64638003 -0.08180858 -0.09080854
v -0.49427452 1.47241227 -0.90184153
v -0.55815645 -0.64646439 -0.22369207
v -0.53500279 -0.45255238 -0.21984520
v -0.64348497 -0.04639833 -0.09695628
v -0.63448580 0.14133619 -0.10889839
v -0.60854449 0.50720517 -0.19917145
v -0.54964812 0.64202826 -0.19823741
v -0.60811814 1.99412291 -0.88271958
v -0.58467044 2.00099127 -0.30383787
v -0.59858366 -1.98556574 0.11045639
v -0.55772914 -1.99689825 0.01986112
v -0.53480603 -1.36234559 -0.89800257
v -0.58667393 -1.34326042 -0.00348799
v -0.48104598 -2.00380774 -0.02987038
v -0.58765979 -1.79415532 0.09330731
v -0.50359781 -1.22315355 -0.01709937
v -0.51854201 1.91783158 -0.90348060
v -0.46889414 -1.62138517 -0.90193958
v -0.51648213 -1.18532826 -0.06140497
v -0.49365457 -0.82933088 -0.90190781
v -0.56095554 -0.67647793 -0.22928030
v -0.47948392 -0.22377220 -0.19695152
v -0.51956918 0.15605764 -0.15208925
v -0.54437597 0.18831830 -0.14619114
v -0.53269638 0.31753580 -0.18550157
v -0.46102848 0.57320301 -0.89805216
v -0.52020903 0.56093423 -0.19568538
v -0.53357835 -2.00551124 0.06650655
v -0.49417587 -1.99789985 -0.28344167
v -0.50310006 -0.41209863 -0.22217661
v -0.48289653 1.69089477 -0.23964774
v -0.43499388 1.90923039 -0.25875210
v -0.44274475 -1.99313040 -0.88371290
v -0.53460457 -1.85195883 -0.89771975
v -0.44318422 -1.67644318 -0.89805842
v -0.38144179 -1.51996048 0.09720313
v -0.47199782 -1.36888929 -0.90190256
v -0.53881534 -1.36249383 0.05509973
v -0.46602174 -0.14858522 -0.17336556
v -0.45543255 -0.03625785 -0.14884714
v -0.43879827 0.96251790 -0.89807171
v -0.38292410 1.26416032 -0.89795662
v -0.41550155 -1.01866646 -0.89803440
v -0.50089176 -0.78637834 -0.19875900
v -0.43179943 -0.19684743 -0.90197791
v -0.47584541 0.80477635 -0.16500684
v -0.45075961 1.54694287 -0.89801205
v -0.46593614 1.99889175 -0.43699444
v -0.44315590 -2.00247295 -0.65556020
v -0.47833957 -2.00179513 -0.25389018
v -0.37819644 -1.19524343 -0.90193177
v -0.40865203 -0.67898832 -0.89802302
v -0.56386967 0.01650964 -0.08587466
v -0.54469861 0.02524929 -0.10140893
v -0.46887477 0.32545070 -0.90196646
v -0.37515255 0.67991678 -0.16024762
v -0.40445097 1.17209487 -0.17980839
v -0.48949565 -1.96498282 -0.90402419
v -0.43968089 -0.62839131 -0.90191937
v -0.44158687 0.36479620 -0.19294406
v -0.44287624 1.71217148 -0.90217812
v -0.48668374 -1.94731076 0.12760902
v -0.42450936 -1.61242743 0.09595314
v -0.45735456 0.83006458 -0.15138749
v -0.40281417 1.47004072 -0.20540758
v -0.32187279 1.99821536 -0.25254246
v -0.33027913 -1.84153922 -0.90218718
v -0.43265607 -1.04670008 -0.08053370
v -0.46621521 -0.82208140 -0.19074825
v -0.33835061 -0.08417316 -0.89808662
v -0.44973942 0.00410803 -0.13321681
v -0.40098788 0.83483355 -0.90192605
v -0.43865146 0.95367531 -0.15866386
v -0.39507445 1.15015618 -0.17224413
v -0.41220536 1.99563233 -0.28018332
v -0.33536168 -2.00239070 -0.88854504
v -0.40925314 -1.99832542 -0.57231356
v -0.37253936 -0.45568841 -0.22032469
v -0.39844473 -0.33475784 -0.89809824
v -0.39232703 0.53651695 -0.90194029
v -0.39945652 0.41927735 -0.20378805
v -0.38985767 1.99789421 -0.80564726
v -0.41777791 -1.99596961 0.13445910
v -0.42535504 -1.97995170 0.12697891
v -0.32452472 -1.75148852 0.12982882
v -0.29119565 0.30118643 -0.89807988
v -0.26912137 0.81978612 -0.89799578
v -0.28202041 1.98062889 -0.89219547
v -0.43067553 -1.25985916 0.05677631
v -0.42405661 -0.92462836 -0.14229597
v -0.34466131 -0.19924362 -0.20040973
v -0.30505349 0.91288809 -0.13903480
v -0.34986021 -1.99801977 -0.16375709
v -0.33394774 -1.99708195 0.06162598
v -0.33071579 -1.47187562 -0.89805109
v -0.34006037 -1.36249431 0.08352692
v -0.25839235 -1.30722518 0.09468146
v -0.35694929 1.09069924 -0.90188278
v -0.17960574 -1.81883200 -0.89843930
v -0.25486346 -0.72842626 -0.13622350
v -0.31085147 -0.59489726 -0.19597576
v -0.38179584 0.08156602 -0.90193833
v -0.33044519 1.99812238 -0.58524890
v -0.33286931 2.00330607 -0.35145808
v -0.27734460 -2.00180121 -0.36926115
v -0.30661579 -2.00193866 -0.15286873
v -0.24288996 -1.86583503 0.14717727
v -0.35335167 -1.17318650 0.06411146
v -0.31866797 -0.99129810 -0.04880067
v -0.30340393 -0.60845554 -0.18562257
v -0.34326645 -0.41178972 -0.21431234
v -0.25937607 -0.41287289 -0.90192617
v -0.35858734 0.50524698 -0.18740144
v -0.29984226 1.35089521 -0.90191431
v -0.28199853 2.00440971 -0.84469528
v -0.27373983 -1.99882253 -0.80456538
v -0.31758036 0.14015405 -0.18283206
v -0.28626217 0.51990287 -0.18189880
v -0.27431281 1.35461621 -0.17854031
v -0.30084379 1.80473725 -0.89901371
v -0.21604647 -1.62350173 -0.90198154
v -0.34066142 -1.24703916 -0.89804704
v -0.17546489 -1.06457551 -0.90188927
v -0.27270647 0.00711290 -0.17471083
v -0.27686294 0.19182680 -0.20143982
v -0.22453513 0.73212747 -0.10688267
v -0.28207024 1.91936700 -0.23243026
v -0.26994790 2.00193970 -0.58920581
v -0.27884408 -2.00501390 0.11372258
v -0.22404887 -0.93169327 -0.01212751
v -0.20554389 -0.70263857 -0.13142436
v -0.24084600 -0.01328983 -0.19301204
v -0.21395578 1.88901417 -0.90416397
v -0.13812198 -2.00287397 -0.77732558
v -0.29192229 -1.99430175 0.15716683
v -0.24439563 -1.96329148 -0.90306444
v -0.24397798 -1.07518430 0.06714034
v -0.21554502 0.94736139 -0.12444288
v -0.23459901 -2.00199314 -0.53330333
v -0.22487755 -1.99819334 -0.57119239
v -0.22485610 -0.70014167 -0.90189011
v -0.18385904 -0.18804993 -0.21479745
v -0.18471663 0.12960200 -0.90200932
v -0.16838201 0.21273289 -0.19297437
v -0.13228138 0.66804175 -0.90192736
v -0.19585719 1.24171321 -0.15146747
v -0.18591424 1.62874572 -0.19266347
v -0.12034519 1.99868528 -0.32044027
v -0.19929977 0.41159253 -0.90195168
v -0.17751994 0.59479754 -0.13532304
v -0.11069771 0.70494096 -0.09078627
v -0.17919635 0.90064899 -0.90188188
v -0.25795104 1.62197368 -0.19885100
v -0.22668483 1.62172477 -0.90226735
v -0.15137844 -1.99788149 -0.36972965
v -0.14794423 -1.72295423 0.14814151
v -0.19629051 -1.53081186 0.12193120
v -0.18415325 -1.36909224 -0.90193851
v -0.14951553 0.12601183 -0.89810998
v -0.14862378 0.61679582 -0.89805181
v -0.13668721 1.99799673 -0.69934637
v -0.16457926 -1.99824639 -0.08481936
v -0.16086527 -1.12626149 0.08652796
v -0.15321629 -0.32257792 -0.89801825
v -0.10541566 -0.23150768 -0.19410766
v -0.17090090 0.42157303 -0.17167623
v -0.16811245 1.16906182 -0.90195537
v -0.13763290 1.16653626 -0.89807231
v -0.20362981 1.99407904 -0.24560895
v -0.18152900 -2.00265105 0.03114617
v -0.16024100 -0.76841732 -0.89803285
v -0.10581674 -0.25943867 -0.90188093
v -0.13506051 1.53319590 -0.89818604
v -0.07123949 2.00250141 -0.38054390
v -0.10901441 -1.98238881 -0.89275885
v -0.19679381 -1.99006839 0.15155666
v -0.12626289 -1.51550765 -0.89805741
v -0.12240990 -1.19653542 -0.89801134
v -0.10185315 -0.43680426 -0.17586912
v -0.11049272 0.31101315 -0.19008166
v -0.14831807 1.11112492 -0.13506038
v -0.10417424 1.44259195 -0.15790866
v -0.08003779 1.99927585 -0.89546657
v -0.17012610 -1.92352231 0.16919999
v -0.14404424 -1.71563490 0.15198418
v -0.05223184 -1.08143939 0.10318034
v -0.12314736 -0.94118516 0.07655701
v -0.06491424 -1.99902435 -0.89269228
v -0.11530285 -2.00263079 0.16952338
v -0.02024298 -1.30951257 0.12621622
v -0.08375316 1.74032871 -0.18451216
v -0.09473341 1.91698234 -0.20914816
v -0.01837133 -1.99838014 -0.77381314
v -0.08722018 -0.78902592 -0.01699619
v -0.13090738 -0.00794535 -0.19555121
v -0.04085259 1.35475568 -0.90198244
v 0.02532388 1.74355762 -0.89819528
v -0.02369137 -2.00187881 -0.18579368
v -0.04166584 -1.49505480 0.14534312
v -0.08327921 0.08317976 -0.20185197
v -0.04987966 0.44237308 -0.89806474
v -0.09919824 0.51937906 -0.12782180
v -0.03062322 0.79369251 -0.08129148
v 0.02003593 1.27689819 -0.89808161
v -0.08756082 1.92141001 -0.89844806
v -0.04008426 2.00297586 -0.70050324
v -0.04501899 2.00217526 -0.21953642
v -0.04171534 -2.00185461 -0.48276121
v 0.00543971 -1.59994717 -0.90202583
v -0.06583445 -0.44600455 -0.15370501
v 0.03643436 0.90680127 -0.08664365
v 0.06875561 -2.00361104 0.10691515
v -0.10885714 -1.99911113 0.14011084
v 0.01735551 -1.55525978 0.15622345
v -0.09126260 -0.94439833 0.07794148
v -0.01200162 -0.69309920 -0.90195174
v 0.02639199 -0.53655737 -0.89808322
v -0.06143521 1.92455189 -0.19805690
v 0.07396532 1.99828569 -0.46806515
v 0.05754622 -1.99801190 -0.18787610
v -0.04840924 -1.95231910 0.18990404
v 0.05960099 -0.19823806 -0.89795054
v 0.05722808 1.66825406 -0.90196181
v 0.05442115 -1.99809893 -0.61771102
v 0.00090162 -1.99078854 0.18724973
v 0.03794990 -0.86131169 -0.89803500
v 0.08693573 0.28323661 -0.90192730
v -0.04590084 0.62158768 -0.06684948
v 0.00021760 1.99736206 -0.80248363
v 0.06413227 -1.91581829 -0.90277679
v 0.06342966 -1.60741182 -0.89810664
v -0.03091137 -0.60943706 -0.07853481
v 0.11424484 0.97457711 -0.89803720
v 0.00683103 1.08197467 -0.10498012
v 0.13987393 1.18945376 -0.09989917
v 0.02181254 1.76641409 -0.17508636
v 0.04408480 -1.80192085 0.18872008
v 0.03170283 -1.30467345 -0.90194775
v 0.10109326 -1.00221510 -0.90191693
v -0.00696941 -0.78352727 0.04855283
v 0.05795081 0.02757527 -0.19253469
v 0.00471626 0.43944840 -0.13187800
v 0.08129146 0.58263473 -0.90194375
v 0.16339951 0.76224212 -0.89801604
v 0.09940380 1.99416225 -0.19844703
v 0.05196704 -1.99840923 0.14167585
v 0.03647382 -1.92545481 0.19593804
v 0.18935724 -1.55103965 0.18558872
v 0.08343453 -1.06907059 0.11788792
v 0.08801636 -0.46209581 -0.90194643
v 0.04009027 -0.19727080 -0.19797380
v 0.11779818 0.02723940 -0.19784301
v 0.01336626 0.31291883 -0.15836703
v 0.01650969 0.54264496 -0.07901330
v 0.08574135 1.06475107 -0.90196956
v 0.12101034 1.50261526 -0.13408937
v 0.08804434 -1.35945667 -0.89808948
v 0.02233903 -0.60017772 -0.07862228
v 0.06010854 -0.11723434 -0.90183831
v 0.08782558 0.68602316 -0.05275031
v 0.09148007 0.82137243 -0.90189577
v 0.14797498 1.87839024 -0.16308586
v 0.07092483 -0.89425816 0.10086441
v 0.01879416 -0.49002843 -0.11192434
v 0.03277327 -0.40544787 -0.15429766
v 0.16983334 0.14113025 -0.89799971
v 0.02142934 0.24455915 -0.18024286
v 0.11428009 1.31642084 -0.11252403
v 0.18865757 1.99439733 -0.88385714
v 0.13388730 -1.99952443 0.21214727
v 0.20540699 -1.99834581 0.00834058
v 0.05157049 -1.86830707 -0.89876456
v 0.18261624 -1.74245019 -0.90210170
v 0.02157633 -0.66894184 -0.02517852
v 0.02610443 0.57836394 -0.07618283
v 0.08123867 -2.00193901 -0.59670777
v 0.10632044 -1.99450942 -0.88313700
v 0.07182026 -1.28402729 0.14141007
v 0.00779055 -0.74785982 0.02027864
v 0.05175793 -0.30949494 -0.16869465
v 0.12382382 0.06437056 -0.90185631
v 0.06018546 1.56283490 -0.14524993
v 0.15410262 1.92819922 -0.90269256
v 0.30014461 2.00378935 -0.24028280
v 0.18191772 -1.99805315 -0.43903954
v 0.16109104 -1.77198632 0.19938876
v 0.10073277 -0.92409159 0.09757604
v 0.20482810 -0.95688696 0.04277933
v 0.17234748 -0.56997279 -0.13287599
v 0.23022566 0.47119973 -0.16469983
v 0.18176469 0.95990972 -0.06648848
v 0.14802359 1.47723739 -0.89799262
v 0.18791432 1.99951212 -0.17472840
v 0.18961700 2.00200789 -0.46728201
v 0.19983764 -2.00273879 -0.76217825
v 0.12976773 -1.94739075 0.21621068
v 0.05278140 -0.78969400 0.04242897
v 0.17133917 -0.77957349 -0.05571522
v 0.19898220 -0.74554749 -0.07744739
v 0.11074914 0.49535046 -0.12345371
v 0.18874733 0.62446181 -0.11075831
v 0.20408509 1.86252920 -0.89740313
v 0.21557589 1.92868440 -0.16400672
v 0.18903584 -2.00194486 -0.24411429
v 0.23663234 -1.15880992 -0.89806087
v 0.17863178 -0.47132504 -0.17278395
v 0.16794203 -0.37687612 -0.17644221
v 0.12663743 -0.17725508 -0.19410511
v 0.28991307 0.35362790 -0.18892782
v 0.20689385 -0.27870783 -0.20157210
v 0.15229480 0.42861758 -0.89809889
v 0.16618998 0.75637786 -0.05513637
v 0.15616555 1.40343265 -0.90190823
v 0.26924755 1.63559668 -0.12122771
v 0.21590253 1.99860041 -0.29599903
v 0.33861501 1.99839656 -0.89494688
v 0.26546393 -1.43840446 -0.90189637
v 0.25804004 -0.97584321 0.02523861
v 0.22768995 -0.66652078 -0.90192641
v 0.23616537 0.36969881 -0.17477735
v 0.35885647 1.74633376 -0.12273175
v 0.21478572 1.99874036 -0.68652094
v 0.15231713 -2.00212236 -0.06392301
v 0.21977538 -1.97469516 -0.89611948
v 0.25475414 -1.77061160 -0.89825154
v 0.21846540 -1.50583942 0.18155975
v 0.25489302 -0.33994234 -0.90189339
v 0.22520148 2.00388877 -0.75937642
v 0.20921190 -1.99892958 -0.89797671
v 0.25622780 -2.00196763 -0.47278950
v 0.33801147 -1.12661465 -0.90196205
v 0.24834457 -0.53181691 -0.89806277
v 0.21296605 -0.64736472 -0.13068752
v 0.27793860 1.20224540 -0.90192957
v 0.20022379 -1.98627313 0.21777101
v 0.22110580 -1.16660936 0.15308069
v 0.33496860 0.00585787 -0.15342078
v 0.31674702 1.14010100 -0.06451209
v 0.31922903 -2.00218530 -0.02503185
v 0.26322693 -1.99801238 -0.79956801
v 0.30841537 -1.50852461 -0.89798410
v 0.21664752 -1.05636300 0.13248893
v 0.30630687 -0.87620254 -0.89809574
v 0.40383440 -0.21970084 -0.18523056
v 0.28136743 0.18933807 -0.17816743
v 0.31247808 0.42411379 -0.90197075
v 0.26441507 0.96827976 -0.90189523
v 0.27197284 1.44127028 -0.10122516
v 0.25410100 -1.99806471 -0.23028145
v 0.37668478 -1.91070922 0.24505504
v 0.34194054 -1.84065767 0.23741174
v 0.29581741 -1.31035181 0.17366157
v 0.32173182 1.68322484 -0.90186191
v 0.28735954 -1.99711235 0.17438000
v 0.38423958 0.81423418 -0.09518750
v 0.44415185 -0.51224997 -0.90202142
v 0.39865530 -0.36213458 -0.89807213
v 0.34890724 -0.17375098 -0.90197266
v 0.39825610 -0.12129395 -0.89807851
v 0.27239603 0.84672634 -0.04327490
v 0.38235956 1.24950544 -0.89804781
v 0.29833188 -1.98796757 0.24425726
v 0.33911721 0.01089410 -0.15725514
v 0.34741173 0.13962434 -0.17583440
v 0.36560640 0.13438205 -0.90192969
v 0.27113729 0.92971127 -0.05491319
v 0.39027825 1.43417697 -0.90203256
v 0.37483238 1.78954236 -0.12067065
v 0.35613422 -1.99814554 -0.63239563
v 0.29138554 -1.17200406 0.15434455
v 0.36024304 -0.87533330 -0.90201069
v 0.42448231 -0.22640139 -0.18838095
v 0.40671768 0.37403987 -0.89806522
v 0.37935266 -0.78895368 -0.13947838
v 0.41432607 -0.40382476 -0.19535039
v 0.34454896 0.69906323 -0.90195853
v 0.51408594 1.01148300 -0.89804346
v 0.41243616 -2.00194998 -0.25245737
v 0.32340999 -2.00571461 0.17385165
v 0.40065738 -1.99813910 -0.08716370
v 0.44853811 -1.84950443 -0.90306992
v 0.41277886 -0.63607532 -0.18396827
v 0.36410211 0.68151288 -0.89807762
v 0.39602348 1.38637714 -0.08092744
v 0.43497064 1.99823253 -0.77085681
v 0.35808597 1.99788515 -0.48757789
v 0.39894353 -1.98500975 -0.90111465
v 0.44163601 -1.52617915 0.22124246
v 0.38285941 -1.18941964 0.08818792
v 0.40013498 -0.60681836 -0.18142059
v 0.34157833 0.86510996 -0.06723691
v 0.40727634 2.00192110 -0.64142389
v 0.31931953 -2.00277706 -0.84892411
v 0.43095107 -1.99798544 -0.37876106
v 0.40425127 -1.66362865 -0.90194286
v 0.43036782 -1.72027023 0.23490073
v 0.47273574 -1.39644690 -0.90180535
v 0.47367254 -0.51327412 -0.20221091
v 0.38717436 1.45875232 -0.89813704
v 0.35988105 -1.98851033 0.23779692
v 0.52966301 -1.56818362 0.23235882
v 0.42845958 0.11221705 -0.14266198
v 0.47752146 1.92850105 -0.90253557
v 0.56924443 1.99789207 -0.25468699
v 0.33762333 1.99409573 -0.17095692
v 0.63993702 2.00370423 -0.80569030
v 0.47490440 -1.87686904 -0.89910377
v 0.48017501 -1.09053929 -0.05775452
v 0.49926494 0.12284331 -0.89808530
v 0.51271151 0.68318610 -0.15471458
v 0.46824744 1.14994304 -0.04762385
v 0.45013836 1.67247526 -0.89818687
v 0.45421597 2.00176041 -0.38660190
v 0.44130991 -2.00208600 -0.74966616
v 0.47211024 -1.99894197 0.15135378
v 0.40212303 -1.29047634 0.18631477
v 0.44944198 -1.29041870 0.13976913
v 0.63395758 -0.25427960 -0.14876294
v 0.50117677 -0.12457527 -0.14356534
v 0.49254124 0.82733779 -0.12873314
v 0.52847071 1.08110790 -0.04627767
v 0.56976880 1.96933953 -0.11450733
v 0.44217051 -1.96532531 0.26553824
v 0.54487139 -1.21359541 -0.89797688
v 0.43248924 -0.67701122 -0.89814104
v 0.55029197 1.35710220 -0.05061461
v 0.58710958 1.88231723 -0.89867855
v 0.43531195 1.94771235 -0.12514794
v 0.48936243 -2.00232752 -0.85342772
v 0.54897122 -2.00372680 0.17941321
v 0.44716946 -2.00295945 0.25013455
v 0.53339773 -1.99805387 -0.76706345
v 0.46034623 -1.00651993 -0.89810682
v 0.52442293 0.94072406 -0.90195210
v 0.51062251 1.08777825 -0.03184415
v 0.58602224 1.19467632 -0.90190727
v 0.51117967 1.58198969 -0.07965578
v 0.50398610 -1.98602601 -0.89335699
v 0.54659605 -1.45457043 0.20777961
v 0.55028881 -1.23247464 0.00212505
v 0.56611545 -1.05015876 -0.10536874
v 0.52462333 0.43554835 -0.16736459
v 0.62143398 1.57256286 -0.06609148
v 0.62683732 1.99806540 -0.47894237
v 0.53413033 -2.00188323 -0.59557463
v 0.56585498 -1.58335681 -0.89791436
v 0.54959757 -0.05648668 -0.90198059
v 0.56743224 0.71878831 -0.89806283
v 0.59078006 0.65334861 -0.90196634
v 0.54553303 -2.00200315 -0.02281249
v 0.61595238 -0.99056341 -0.15424784
v 0.52716198 0.26214008 -0.16135893
v 0.65341149 0.56630389 -0.17011675
v 0.55139611 1.98721878 -0.89173944
v 0.56988297 1.99065296 -0.11293259
v 0.53874004 -1.99205656 0.26259579
v 0.54599733 -0.87136416 -0.15674792
v 0.55843497 0.29267071 -0.90197856
v 0.52728064 -2.00187834 -0.41173831
v 0.57896138 0.68526225 -0.16757862
v 0.60348875 -1.99796637 -0.47800107
v 0.63010548 -1.99804326 0.00089847
v 0.61616416 -1.84900601 0.27946707
v 0.55050595 -1.34533472 0.07706325
v 0.64564331 -1.30600245 -0.90182746
v 0.55281730 -0.95233812 -0.90197075
v 0.63041211 -0.55854420 -0.89809585
v 0.60703559 0.13444821 -0.10202986
v 0.56955342 1.64683358 -0.90220756
v 0.65221341 1.51309292 -0.89821632
v 0.70020131 1.76971499 -0.06969386
v 0.58064751 -1.48993452 0.23494229
v 0.57027031 -0.79173939 -0.18487389
v 0.57330708 0.01232223 -0.07098189
v 0.62826778 0.43348913 -0.89809848
v 0.62098108 -1.65489037 -0.90208430
v 0.62307159 -0.87677719 -0.89804608
v 0.69983078 -0.68161328 -0.90192563
v 0.61745037 -0.04950301 -0.89807273
v 0.62160907 2.00212853 -0.21962573
v 0.59230972 -0.32363944 -0.90187938
v 0.71681229 -0.15309622 -0.07825795
v 0.57964854 0.01741363 -0.05899846
v 0.64605526 0.35639159 -0.14155375
v 0.66468204 1.09430091 -0.08021323
v 0.74031765 1.99873821 -0.66408111
v 0.63144309 -1.99490233 0.29332542
v 0.67965899 -1.99800320 -0.17588858
v 0.72506357 -1.82102199 0.28811919
v 0.67050321 -0.72376438 -0.19598081
v 0.67159356 -0.27032337 -0.89799447
v 0.69544552 0.23049365 -0.09267545
v 0.67529301 2.00204770 -0.51484240
v 0.69463138 -1.99614866 -0.86844523
v 0.66500441 -1.46157082 0.11315009
v 0.68284602 -0.48190507 -0.18112568
v 0.79834006 0.34055535 -0.09484796
v 0.75016160 1.09747033 -0.11013363
v 0.77897359 1.19820802 -0.89806790
v 0.69484643 1.39934783 -0.03842955
v 0.76466979 1.46352486 -0.90203358
v 0.65037436 1.81658046 -0.90291036
v 0.73153402 -1.90352030 -0.90341569
v 0.67222289 -0.12951656 -0.07948612
v 0.75898264 0.09023742 0.00176409
v 0.79933117 0.78083269 -0.15738180
v 0.80287794 1.99899976 -0.89952678
v 0.67229612 -2.00188156 -0.35334257
v 0.64672480 -2.00190289 -0.12581932
v 0.71648572 -1.99784751 0.24154364
v 0.77934695 -0.62756187 -0.19473288
v 0.74615214 1.55848186 -0.04195628
v 0.69796379 -1.99950226 -0.89636219
v 0.70780210 -1.82155426 -0.89898462
v 0.71407382 -1.54259975 0.15697720
v 0.70927493 -1.42303534 0.01813809
v 0.82469432 -1.30287339 -0.89796639
v 0.80859904 -0.44623755 -0.90196432
v 0.74252538 -0.13144680 -0.90191687
v 0.79263191 0.08823441 -0.90193088
v 0.71198050 -1.65560074 0.27731936
v 0.79119028 -1.59059115 -0.90183080
v 0.72266616 -1.27573486 -0.08432765
v 0.76790927 -1.14598073 -0.90180070
v 0.72976236 -0.80427127 -0.20074681
v 0.74505274 -0.36672996 -0.14475761
v 0.82476125 0.13418798 0.03062975
v 0.73632870 0.91618244 -0.15001261
v 0.89079205 1.73939983 -0.04184792
v 0.71869586 -2.00205179 -0.73141600
v 0.75365285 -0.95720847 -0.90185333
v 0.76423911 0.36137275 -0.90196718
v 0.74629913 0.92056446 -0.14528538
v 0.72365312 1.28900580 -0.02142074
v 0.96113018 1.91402380 -0.90288640
v 0.84454517 -1.98142643 -0.89407159
v 0.93857453 -1.99819966 -0.67279679
v 0.82103227 -1.07365812 -0.17247153
v 0.90972601 0.13187174 -0.89801598
v 0.77432121 0.83333664 -0.90197689
v 0.78241403 1.98684685 -0.08464462
v 0.80121497 1.99812667 -0.82863725
v 0.84362058 -1.98156114 0.31860652
v 0.84509878 -1.85757060 0.31619414
v 0.74421502 -1.61108787 0.25118764
v 0.78625615 -1.34283258 -0.06232252
v 0.78453354 0.65988164 -0.89811558
v 0.97002671 2.00295965 -0.16284730
v 0.79402940 -2.00199898 0.07456334
v 0.82610510 -1.99806447 -0.38351665
v 0.85597162 -1.99819954 0.10598761
v 0.83464388 -0.87364076 -0.89796353
v 0.81080226 -0.00678773 0.07989797
v 0.86294339 0.89213161 -0.89805270
v 0.90183501 1.25850896 -0.08420619
v 0.82862703 -1.64401813 -0.89802248
v 0.80181960 -1.62303265 0.26319673
v 0.79624243 -0.11299811 0.00395829
v 0.74915419 0.00449346 0.05332924
v 0.83081065 0.56561224 -0.14205671
v 0.86838720 1.99813287 -0.39414559
v 0.85853885 -2.00199063 -0.47835330
v 0.83098326 -2.00192292 -0.20918805
v 0.82590244 -0.48316375 -0.89806027
v 0.86958401 1.27074949 -0.08296453
v 0.91710941 1.99118225 -0.88524956
v 0.94157420 2.00340597 -0.76246149
v 0.77384139 1.99715750 -0.08320219
v 0.84225313 -1.55218823 0.09064937
v 0.87762312 -1.51369889 0.05196666
v 0.85774259 -1.01593669 -0.19462807
v 0.84684895 -0.18110557 -0.89799453
v 0.91724442 -0.19896774 0.01792074
v 0.87898455 1.12099425 -0.90192343
v 0.83756207 1.36587326 -0.03099551
v 0.88290880 1.43625502 -0.89806349
v 0.84397260 -1.99951823 0.32344978
v 0.90252308 -0.78860600 -0.19281330
v 0.93893455 0.39906899 -0.89807130
v 0.93756602 0.87612526 -0.15780874
v 0.87086390 1.99744789 -0.15224294
v 0.95851920 -0.41094430 -0.08077777
v 0.93103246 0.73709516 -0.14019001
v 0.98708395 1.73194115 -0.90194679
v 0.97212039 1.86496322 -0.03817831
v 0.98163764 2.00195543 -0.40594823
v 0.88806770 -2.00210674 -0.75036002
v 0.97927795 0.29302506 0.02719043
v 1.02501635 0.56964092 -0.07801259
v 0.93958048 -2.00262208 0.19241545
v 0.99413965 -1.35029586 -0.90193654
v 0.98812548 1.65116565 -0.89806635
v 0.98894624 -1.99810298 -0.05053671
v 0.88661573 -1.20062615 -0.16348348
v 0.94531081 -0.90752868 -0.20290557
v 0.97837750 -0.63643119 -0.15299302
v 1.10100375 -0.54086565 -0.08107741
v 0.83427618 0.00297804 0.12369854
v 0.93563251 0.12422345 0.12507822
v 0.94380276 1.08672266 -0.13913792
v 0.88325809 -1.99071141 -0.89901728
v 1.02752171 -1.70516618 -0.90218402
v 0.89184431 -1.73710378 0.30258842
v 0.95358346 -1.67740686 0.31234678
v 0.88803093 -1.64183350 0.23253336
v 0.96745549 -1.62297888 0.20223447
v 0.88615034 -1.38162519 -0.08322010
v 0.94697265 -1.30163147 -0.12375840
v 0.94607047 -0.19292630 -0.90190262
v 0.89682303 0.08622466 0.11244509
v 0.92327313 1.42431025 -0.00353624
v 0.94594143 1.90194099 -0.89673311
v 0.90625630 -1.66867753 0.28654467
v 0.97445117 -1.52203877 0.02624024
v 1.01703314 -1.01537879 -0.90196241
v 0.98709885 -0.64680903 -0.89806909
v 0.94523166 -0.02958240 0.14844976
v 0.97578726 1.10021989 -0.14484941
v 0.99815867 1.56081121 -0.00404400
v 0.97311292 -1.89943726 -0.89964081
v 0.96242199 -0.70217313 -0.90194095
v 1.08088539 -0.30941618 0.06892339
v 0.98316364 0.83455472 -0.90190155
v 0.99146424 1.44923000 0.00024411
v 0.98536043 1.99680559 -0.05172096
v 0.99897222 -1.47765871 -0.89812286
v 1.04441170 -0.42713162 -0.89809842
v 1.01543979 -0.14493443 0.16629662
v 1.06836931 0.36808704 0.04630084
v 0.99679695 0.58609335 -0.90194125
v 1.03288053 1.38669555 -0.90183724
v 1.05784116 -1.93550940 -0.90351809
v 1.04017435 -1.99716075 0.26288589
v 0.99260996 -0.09382256 0.15488981
v 1.00071536 0.27147941 -0.90189613
v 1.08988331 0.60310320 -0.07014712
v 1.06396137 0.75857143 -0.12328832
v 1.12339572 1.99803655 -0.52822990
v 1.08217685 1.99817912 -0.24493220
v 0.99518703 -2.00200780 -0.08012538
v 1.08753107 -1.80168159 0.34746944
v 1.03800450 -1.08080758 -0.18624146
v 1.09733937 -0.44693306 -0.90200753
v 1.06102727 -0.02344145 -0.89807195
v 1.05406086 1.21038644 -0.89798457
v 1.03196649 1.98182528 -0.04688806
v 1.05809043 -2.00264342 -0.83981729
v 1.00429920 -2.00346561 0.32078957
v 1.04891370 -1.99809154 -0.31325749
v 1.05429397 -1.63431044 0.19840003
v 1.01338867 -1.26584460 -0.15367342
v 1.05532930 -1.14342083 -0.89809192
v 1.07457511 -0.88891502 -0.89807744
v 1.04639832 0.08055971 0.14719703
v 1.07893775 0.65048818 -0.89801289
v 1.05414705 -2.00206371 -0.60529501
v 1.06311850 -2.00200232 -0.32958365
v 0.97715954 -1.98576959 0.34786793
v 1.08398287 -1.85947640 0.34717654
v 1.07670287 -1.69890840 -0.89819742
v 1.10657774 -0.26089622 0.13219999
v 1.22541217 1.83198611 -0.00096671
v 1.07123021 0.97230081 -0.14039659
v 1.10247413 0.94515090 -0.89800049
v 1.05458079 1.36756985 -0.04588200
v 1.04572926 1.99886744 -0.77003027
v 1.07542269 -1.68805547 0.32585462
v 1.03393189 -1.42272975 -0.04938493
v 1.08855579 -1.38602491 -0.08422777
v 1.04628156 -0.64546545 -0.14506979
v 1.09966378 0.12745391 0.15491126
v 1.13729904 0.36567984 -0.89805646
v 1.07912270 1.24689643 -0.10414364
v 1.25139348 2.00190465 -0.59950919
v 1.09821801 -1.08162446 -0.19178990
v 1.11939238 -0.88007645 -0.18278100
v 1.16993312 -0.59911925 -0.06705864
v 1.11871539 -0.24199624 -0.89811552
v 1.09490446 1.32623546 -0.05408111
v 1.24802766 1.84606807 -0.89839108
v 1.16074143 -1.99799867 -0.89613433
v 1.14022575 -1.99333342 -0.88652528
v 1.11484716 -1.30038799 -0.11319997
v 1.25281070 -0.07614513 0.19407409
v 1.18285231 -0.06751560 -0.90197320
v 1.16867058 0.33850007 0.13726228
v 1.25991819 1.79871027 0.01168525
v 1.06993149 1.99383490 -0.07803460
v 1.14942471 -1.56944437 0.14139033
v 1.10659556 1.04836301 -0.90188057
v 1.18308006 1.99900286 -0.89443994
v 1.20405118 -2.00191184 -0.08662173
v 1.08954171 -1.99547620 0.36156695
v 1.23557977 -1.98440690 0.37771674
v 1.13261328 -0.79126547 -0.90198160
v 1.19394360 -0.90044390 -0.15567318
v 1.20144884 0.80745976 -0.90193404
v 1.22502057 -2.00201710 -0.54147077
v 1.23775164 -1.99879022 -0.74839450
v 1.19409917 -1.99801012 0.02324875
v 1.15074829 -1.66344626 0.33875697
v 1.21512024 -1.30510600 -0.89806409
v 1.25553243 -0.10328190 0.20108464
v 1.14467416 1.04169850 -0.13823839
v 1.14967166 1.44086866 0.02905394
v 1.27635954 1.54172961 0.03483262
v 1.21557895 -2.00299879 0.32267811
v 1.27360491 -1.89817722 -0.89896739
v 1.25122080 -1.53332742 -0.90193612
v 1.24290929 -1.51245590 -0.89800681
v 1.23741202 -1.44638641 0.02582318
v 1.27212785 -0.48745097 0.06743328
v 1.18127648 1.13679604 -0.10570547
v 1.23980896 -2.00179573 0.13325489
v 1.25948850 -1.99804838 -0.51490606
v 1.17065285 -0.26090932 0.19639235
v 1.29789458 0.18540083 -0.89801032
v 1.29892943 0.27471231 -0.90191842
v 1.19190411 0.36956887 0.14232653
v 1.25241063 0.55823271 0.04477120
v 1.23700033 1.11289160 -0.89800865
v 1.26472889 1.30506842 -0.90184075
v 1.18303756 1.42842071 0.01802423
v 1.21558605 -1.50106223 0.05282199
v 1.26240413 -1.22417332 -0.90196861
v 1.23625020 -1.11199416 -0.14383131
v 1.22823010 -0.65082429 -0.89811374
v 1.20100771 0.91249733 -0.10933352
v 1.25792734 1.99448125 -0.01086210
v 1.25695370 -2.00191803 -0.30196358
v 1.20130781 -1.63081773 0.25689571
v 1.21597509 -1.19761481 -0.14184106
v 1.33177636 -0.83864199 -0.10088416
v 1.25349299 1.45117931 -0.89790339
v 1.27797715 -1.99802919 -0.26853035
v 1.33565567 -0.93566428 -0.89802236
v 1.30202983 -0.07839506 -0.89805455
v 1.30028580 0.30330138 0.16242086
v 1.25901232 0.53680692 -0.90189118
v 1.24116216 1.15838413 -0.09286669
v 1.26725344 1.66373245 -0.90198518
v 1.20695947 1.99637000 -0.87961341
v 1.31995640 1.99833862 -0.74884165
v 1.31604908 2.00406425 -0.83808149
v 1.30066059 -2.00279875 -0.81927044
v 1.33581017 -1.99775668 0.30451178
v 1.29425452 0.55789976 0.08281599
v 1.28906600 0.68019907 -0.89806134
v 1.20719926 0.86086444 -0.10918315
v 1.32230030 1.99806230 -0.08587522
v 1.28660033 -1.98668893 0.39375882
v 1.25422172 -0.42490715 0.12635847
v 1.28737287 -0.30967213 0.22795118
v 1.23400412 1.35684316 0.00513833
v 1.33508359 2.00388424 -0.10577061
v 1.34135745 -1.94756706 -0.90296359
v 1.33667670 -1.72886785 0.37141507
v 1.30483923 -1.30666830 -0.05585334
v 1.32000290 -1.29269107 -0.04444531
v 1.25696860 -1.03794904 -0.15778045
v 1.28522060 -0.94760309 -0.90192641
v 1.32210420 -0.39125890 -0.90193106
v 1.30354736 -0.61121957 0.00780599
v 1.36191199 -0.47067186 -0.89803339
v 1.41323469 -0.00550456 -0.90191544
v 1.33882258 0.46454875 -0.89801503
v 1.26190762 1.21117394 -0.05789276
v 1.24566744 1.30887000 -0.03120327
v 1.32964764 1.90218131 -0.90250970
v 1.26804666 1.98654024 -0.01449715
v 1.42460785 -1.85065694 0.40290468
v 1.42938350 -0.64245689 -0.90192229
v 1.37674521 0.21987776 0.18702788
v 1.39501498 2.00178854 -0.33956365
v 1.47242234 -1.82410379 -0.89850933
v 1.33308528 -1.61325748 0.35550006
v 1.34241734 -1.60201819 0.36212852
v 1.35342131 -0.43056990 0.24421137
v 1.33434640 0.96443252 -0.06558348
v 1.39202056 0.92673175 -0.89806742
v 1.33733771 1.37409834 0.06425597
v 1.42686651 1.99796526 -0.24661476
v 1.43375526 -1.91036482 0.40291133
v 1.29702894 -1.78368195 -0.90227855
v 1.37180827 -1.54395671 0.25752821
v 1.35062943 -1.54681595 0.25833481
v 1.31034527 -0.78166126 -0.07991953
v 1.30864797 -0.39347772 0.21871088
v 1.40767298 0.98409287 -0.90196414
v 1.45324288 -1.98585804 -0.89478660
v 1.32122574 0.83465986 -0.04490040
v 1.33253131 0.81186299 -0.03965901
v 1.50234900 1.36846320 -0.90179754
v 1.40326939 -2.00185461 -0.45643986
v 1.50903533 -1.99806412 0.06589310
v 1.45638869 -1.16985668 -0.89804227
v 1.38961790 1.04758768 -0.02046066
v 1.45008479 -2.00192686 0.09128868
v 1.39793191 -1.09046151 -0.07687069
v 1.38526629 -0.35131416 0.24098169
v 1.36950455 0.54666547 0.15124418
v 1.42952416 1.32270817 0.07357914
v 1.44983457 1.72733800 -0.89828099
v 1.37349389 -0.94386099 -0.07664235
v 1.40243862 -0.55353566 0.15552004
v 1.36324058 1.26095943 0.00467683
v 1.40181194 -1.40789981 -0.90183247
v 1.52928923 -0.91216292 -0.90188504
v 1.41307746 0.73315112 0.06014807
v 1.45403383 1.51320152 0.06901175
v 1.35410772 1.98568527 -0.89159704
v 1.48018668 -2.00221165 -0.66179282
v 1.46358142 -2.00324865 0.31716447
v 1.37581490 -2.00095435 0.39836203
v 1.48062132 -1.99795254 -0.18050120
v 1.40872644 -1.13184549 -0.04422081
v 1.40517221 -0.69004125 0.01383908
v 1.50004147 0.54506545 -0.90196640
v 1.37631081 1.10962407 -0.03543650
v 1.44236086 1.21126453 0.06391927
v 1.42456911 1.99806730 -0.48710964
v 1.45659421 -1.99356325 -0.89853985
v 1.52884553 -1.73978420 -0.90217538
v 1.43080912 -1.40432461 0.14036972
v 1.42800007 -0.78998174 -0.00410224
v 1.52885864 -0.13277050 0.24054376
v 1.52890299 1.31192200 -0.89792092
v 1.44790969 1.89985721 0.03197373
v 1.53286014 -2.00181933 -0.19924919
v 1.58602427 -0.02472474 -0.89807791
v 1.62045334 0.14740328 0.22639126
v 1.46928905 0.88461368 0.05671035
v 1.55628369 1.70705215 -0.90216626
v 1.45764385 1.99600355 -0.86332513
v 1.47926031 1.99397342 0.00703185
v 1.51695405 1.99674670 -0.89790882
v 1.56225203 -1.99790318 -0.39585690
v 1.58408235 -1.60055812 -0.89797259
v 1.45738731 -1.34796389 0.08588133
v 1.49383317 -0.29265751 -0.89803828
v 1.42778276 0.58021931 0.15299702
v 1.61474846 -1.99463864 0.41974836
v 1.56025277 -1.38017638 -0.89792527
v 1.58734367 -1.20640905 -0.90187097
v 1.62987290 -0.78192337 -0.89796222
v 1.49375163 -0.52683073 0.27047583
v 1.53987847 -0.40077343 0.27404310
v 1.59402810 -0.15969028 0.25688129
v 1.56218944 0.55843834 0.18056875
v 1.49866043 0.62034826 -0.89806599
v 1.45313106 0.75891022 0.06778016
v 1.49928949 1.29998211 0.09911718
v 1.54568039 1.46979229 0.08324444
v 1.46390102 1.98397200 -0.89445973
v 1.62868558 1.99963824 0.03955069
v 1.55325161 -1.99671777 0.42717256
v 1.55563222 -1.99758251 -0.82496167
v 1.56635521 -1.51836355 -0.90180589
v 1.53141115 -0.24946237 -0.90191735
v 1.51554332 0.45182179 0.18035463
v 1.57480548 0.76688306 -0.90200550
v 1.56483720 1.04728083 -0.89816440
v 1.62549947 1.85955016 0.05406617
v 1.61619149 2.00241725 -0.74041481
v 1.56500481 -2.00246103 -0.81602735
v 1.54165493 -1.99824281 -0.62870414
v 1.61923299 -1.91512092 -0.90389676
v 1.58173690 -1.65218778 0.40043541
v 1.61792551 -1.65119083 0.41000517
v 1.49847076 -1.47591861 0.37236806
v 1.51109527 -1.40951611 0.24744858
v 1.50781069 -1.24453886 0.10424160
v 1.67884288 -1.09021808 -0.89809889
v 1.48402379 -0.85357587 0.00694444
v 1.54630695 -0.68966541 0.18528151
v 1.49298654 0.96691219 0.05221699
v 1.48808621 1.18642704 0.07290958
v 1.64203570 1.54100232 -0.89820439
v 1.70848570 2.00377123 -0.15321314
v 1.47526918 -1.50541504 0.36424728
v 1.49407588 -1.02595861 0.01753827
v 1.54225073 -1.08335890 0.05606563
v 1.49638997 0.70701317 0.15431420
v 1.53588234 0.72026901 0.15400264
v 1.60144172 1.91132323 -0.90445418
v 1.53554795 -1.39626654 0.31519615
v 1.56933675 -0.78367727 0.17174990
v 1.70907770 -0.37960266 -0.90201641
v 1.58806215 0.23522048 -0.90190346
v 1.60719321 1.99840967 -0.69126911
v 1.65053866 0.29167883 0.22060866
v 1.63190244 1.06725661 -0.90219183
v 1.67726825 1.75842611 0.07898983
v 1.62875519 0.19890092 -0.89805133
v 1.71050153 -2.00185318 -0.38021744
v 1.66790066 -1.99902769 0.28998773
v 1.56460009 -0.64121147 0.29642152
v 1.64749275 -0.51055537 -0.89812756
v 1.66492651 -0.44995903 0.29393520
v 1.58117459 0.41509871 -0.89810259
v 1.68167399 0.81681494 -0.89829344
v 1.66937707 1.99832289 -0.45622651
v 1.57616625 -1.49137087 0.38296016
v 1.70890008 -1.25874885 0.38542025
v 1.58921586 -1.26836504 0.22454210
v 1.61568842 -0.84159844 0.19811312
v 1.55648933 0.87957589 0.14615857
v 1.65470396 2.00212519 -0.40360163
v 1.74173592 -1.99666174 -0.89963807
v 1.58399461 -1.37357862 0.36595895
v 1.62142323 -1.29250528 0.36969527
v 1.61916874 -1.21155538 0.26686960
v 1.62157963 -1.02299620 0.19410447
v 1.54802845 1.09355931 0.12590007
v 1.63227461 1.97951738 -0.89585454
v 1.54698787 1.99294154 -0.88430918
v 1.71728073 -0.61571328 0.32346567
v 1.75729976 0.82843511 0.18319962
v 1.56340132 0.96197729 0.12677760
v 1.78241811 1.19114904 0.15172981
v 1.69244836 1.15336577 0.13530477
v 1.74611793 1.44446497 0.11969412
v 1.78588031 1.81534473 -0.89883799
v 1.78783618 -2.00273128 -0.58312059
v 1.68358837 -2.00247355 0.22876618
v 1.75913809 0.48696612 -0.90224315
v 1.75904224 0.84101729 0.17826221
v 1.73861144 1.99878780 -0.07801308
v 1.66920696 -1.95787056 0.45032891
v 1.70147667 -1.98384150 -0.89628781
v 1.63086067 -1.38575830 0.38117283
v 1.64445220 -0.77938907 0.32269388
v 1.73554895 -0.24978237 -0.89817137
v 1.80017040 0.41874324 0.22678933
v 1.61217819 1.99472563 -0.87572891
v 1.82468865 -2.00383623 0.40629401
v 1.64426325 -1.04581536 0.22014942
v 1.63112197 -0.72095545 0.31129085
v 1.70801340 0.00718303 0.25724917
v 1.78524314 0.50884847 -0.89832581
v 1.79719947 1.57813017 0.11059337
v 1.87004648 -1.74754937 -0.89933968
v 1.74487994 0.02168928 -0.90209205
v 1.82617448 1.99603645 0.05013941
v 1.76591812 -1.65804358 -0.90244276
v 1.66754327 -1.22422643 0.36606448
v 1.74633740 -0.93474652 -0.90207107
v 1.82791792 1.03318958 -0.89894009
v 1.77072726 1.39351837 -0.90226109
v 1.86421178 1.99871604 -0.27087639
v 1.77974485 -2.00218757 -0.02048012
v 1.88821600 -1.55357702 0.44081773
v 1.69368253 -0.91424640 0.34825366
v 1.69599603 -0.92316251 0.34133979
v 1.76196156 -0.68668467 -0.90170128
v 1.82860647 -0.17009278 0.28875460
v 1.79851208 -1.99792762 -0.17859744
v 1.72441290 -1.86402102 0.44342946
v 1.85105644 -1.40505393 0.41646036
v 1.67812071 -1.08113195 0.35715987
v 1.81960700 0.82140259 -0.90321238
v 1.67543529 1.99652092 -0.86732615
v 1.82768784 1.99939839 -0.77980960
v 1.80340276 -1.99309953 0.47111567
v 1.83575080 -1.99747749 0.06510269
v 1.82518957 -1.34471615 -0.90263219
v 1.83759485 -1.19907005 0.39405673
v 1.79685579 -0.91584228 0.35971936
v 1.87881194 1.41597383 -0.89865167
v 1.86018525 2.00357859 -0.54768277
v 1.88656364 -2.00497659 -0.77523441
v 1.88079379 0.17284731 0.26826741
v 1.86801134 1.74774186 -0.90276075
v 1.84536610 2.00223653 -0.89879627
v 1.84491799 -1.99852987 -0.57327504
v 1.89627002 -1.99703773 0.32010575
v 1.86897336 -0.83264078 0.36619445
v 1.90528832 -0.50738628 0.34121724
v 1.88320027 0.48016988 0.23716917
v 1.77464579 1.99325840 -0.87846751
v 1.86346779 -1.45253135 -0.89746804
v 1.83506475 -0.53416912 -0.89714206
v 1.84205947 -1.99763735 -0.82897908
v 1.87757609 -1.97722681 -0.89644332
v 1.87770389 -1.85359164 0.47154700
v 1.90649722 -1.84187754 -0.90383817
v 1.87208818 -0.20395567 0.30281716
v 1.88490913 1.12169067 -0.90282083
v 1.81311522 2.00697319 0.04284146
v 1.85454414 -1.98429676 0.47110896
v 1.89791177 -1.81852527 0.46587174
v 1.92160032 -1.00269671 -0.90503932
v 1.90539847 -1.15891810 0.40388604
v 1.89188788 0.25741134 -0.89860422
v 1.88226018 -1.61263891 0.44163217
v 1.90180276 -0.83824234 -0.89718790
v 1.88233195 -0.48880736 0.32900496
v 1.88325332 -0.00702430 -0.89843000
v 1.88770364 1.18849723 0.15998936
v 1.87141917 1.99433820 -0.88130856
v 1.89546845 1.99805061 -0.63159622
v 1.91987513 -2.00372465 -0.27192462
v 1.92433618 -1.22693731 -0.89795650
v 1.90908359 -0.62083243 -0.90467019
v 1.93730853 0.33402769 -0.90274001
v 1.89818249 2.00634090 -0.79977156
v 1.92801796 -0.03788255 -0.90307308
v 1.91160164 0.80477826 -0.89829243
v 1.95231102 -2.00459547 0.12834678
v 1.93290279 0.15734736 0.27302330
v 1.94038723 -1.63322254 -0.90332616
v 1.95329867 -1.41127850 -0.90436483
v 1.93776069 -0.98119171 0.38642578
v 1.94905315 -0.47624663 -0.89525337
v 1.95432005 1.36426131 0.15975464
v 1.94980631 1.71288125 0.12703042
v 1.93870018 1.93066327 0.10221436
v 1.92966900 2.00358026 0.08562683
v 1.93648325 -0.26820412 -0.89704085
v 1.97869013 1.99600546 -0.08919291
v 1.98719953 -1.96480055 0.47849005
v 1.98484300 -0.79259502 0.37784510
v 1.95643602 0.98166291 0.20189422
v 1.96102033 1.42575280 -0.90273733
v 1.94631181 1.88154785 0.10054918
v 1.99348686 2.00068633 -0.19241618
v 1.98065029 -2.00176342 -0.89129073
v 1.95945523 -1.96372624 -0.90623219
v 1.98122154 -1.87438376 0.47578516
v 1.99172531 -1.66328176 0.46184357
v 1.99276815 -0.30714080 0.30829530
v 1.98575125 0.72176556 0.22631267
v 1.98180161 0.85391860 0.20719317
v 1.97159765 -1.99604459 -0.23496636
v 1.99023305 -1.59865292 0.43997969
v 1.99105404 -1.22418495 -0.90029711
v 1.98439465 -1.05853398 -0.89036108
v 1.99405859 -0.72016485 -0.87846346
v 1.95895968 -0.31476136 -0.90351833
v 1.98169146 0.17346661 0.27350255
v 1.99405037 0.59129469 -0.90115822
v 1.98165975 0.49345903 -0.89361502
v 1.97163866 0.67327563 -0.89757992
v 1.98247681 0.91212086 -0.89344985
v 1.97943340 1.13873319 -0.89425469
v 1.98417471 1.53227810 0.14553442
v 1.98650549 1.70243923 -0.89548231
v 1.99497281 1.83495419 -0.89095450
v 1.97039483 1.99713366 -0.51830406
v 1.98372136 1.99107949 -0.43112905
v 1.97444521 1.99354069 0.07188038
v 1.99128686 -2.00103052 -0.57374210
v 1.99684296 -1.99711676 0.32601207
v 1.99380658 -1.99539347 0.49758267
v 1.97706328 -1.99185224 -0.80758978
v 1.99547992 -1.98085065 -0.04026699
v 1.99381815 -1.98024412 0.33024039
v 1.99404023 -1.45192804 -0.88188977
v 1.99493633 -1.27436032 0.39821311
v 1.99671314 -1.28135194 0.42421346
v 1.99394248 -1.07972361 0.39095538
v 1.98302243 -0.59022291 0.34827381
v 1.99178682 -0.41470784 -0.88193847
v 1.98368035 -0.13609429 -0.89356316
v 1.98537539 0.13063852 0.28673490
v 1.99500821 0.23056702 -0.88316584
v 1.98294590 0.52560238 0.24113136
v 1.99278079 0.86970048 -0.90080828
v 1.99250422 1.43206112 -0.88245029
v 1.98362170 1.46349852 0.14600441
v 1.98062847 1.76435797 0.11005128
v 1.98104106 1.99044935 -0.85200162
v 1.98158036 1.99534862 -0.26803763
v 1.99835072 -1.99296780 -0.82757444
v 1.99820564 -1.99747987 -0.20195227
v 1.97281311 -1.98092933 -0.89368791
v 1.98449491 -1.99528118 -0.52131040
v 1.98600708 -1.99272616 -0.32497767
v 2.00235615 -1.89054604 0.48237290
v 1.98323451 -1.82282598 -0.89353240
v 1.99944304 -1.11635418 0.40549575
v 1.98286913 -0.80656491 0.37240710
v 2.00016926 -0.57931367 -0.88434125
v 1.99276410 -0.10020672 0.29056056
v 1.99522982 1.22221903 0.15733290
v 1.97949253 1.21725671 -0.90268064
v 1.99941514 1.72872464 0.11367777
v 1.97864769 1.99736445 -0.70102973
v 1.98277686 1.99478356 -0.60094494
v 1.99506329 -1.98181100 -0.24050399
v 1.99498008 -1.98853763 -0.15166503
v 1.99557648 -1.93776627 -0.42715321
v 1.99883233 -1.78206869 -0.13880433
v 1.99766646 -1.80815812 -0.70650459
v 1.99978612 -1.84141250 0.04732687
v 1.99875603 -1.83722730 0.27936622
v 1.99800227 -1.74870797 -0.37590400
v 1.99865614 -1.57177539 -0.76538951
v 1.99811361 -1.57674582 0.03483146
v 1.99836646 -1.62771650 0.28536983
v 1.99825082 -1.54726501 -0.58479870
v 1.99784372 -1.51158448 -0.20970834
v 1.99809096 -1.40006532 -0.45009349
v 1.99873338 -1.41243698 0.26808690
v 1.99794005 -1.42214777 0.43316936
v 1.99461446 -1.55559130 -0.89840616
v 1.99780021 -1.30020805 -0.06344373
v 1.99831496 -1.23008926 -0.64220370
v 1.99875567 -1.32076194 -0.79403699
v 1.99758373 -1.39032443 -0.89277364
v 1.99791930 -1.12405487 -0.30463714
v 1.99891363 -1.16997184 0.24226310
v 1.99703513 -1.03486456 -0.78094853
v 1.99809168 -1.05633296 -0.58734001
v 1.99798594 -1.04086115 0.12936246
v 1.99794183 -1.04862692 -0.05129657
v 1.99754940 -0.84644680 0.24417495
v 1.99798761 -0.88130452 -0.40681780
v 1.99794231 -0.87576176 -0.21894338
v 1.99893473 -0.75127874 -0.71666295
v 1.99794422 -0.79336374 -0.03680602
v 2.00013850 -0.88375171 -0.88564766
v 1.99807666 -0.63261977 -0.52411128
v 1.99797950 -0.65586718 -0.21264920
v 1.99578367 -0.68650629 0.31061207
v 1.99818395 -0.62970844 0.12494051
v 1.99808167 -0.48281833 -0.33122090
v 1.99792979 -0.43998988 -0.11644525
v 1.99543248 -0.61094479 0.36088397
v 1.99470220 -0.50390077 -0.90165813
v 1.99733291 -0.53968152 0.24323495
v 1.99806927 -0.45269661 -0.78415001
v 1.99820231 -0.35194343 0.06724589
v 1.99844466 -0.35269071 -0.56976391
v 1.99455939 -0.40906572 0.34262692
v 1.99998782 -0.36913587 0.26084202
v 1.99806068 -0.23512736 -0.41990049
v 1.98602317 -0.31743445 0.33423575
v 1.99659334 -0.24989021 -0.85292555
v 1.99856983 -0.14460902 0.10958490
v 1.98958300 -0.26340367 0.32829278
v 1.99800382 -0.16996579 -0.17068584
v 1.99762986 -0.08186929 -0.74628265
v 1.99586175 -0.18975960 0.31775912
v 1.99793647 -0.01281695 -0.33611602
v 1.99136983 -0.06048356 0.30572068
v 1.99791060 0.01252417 -0.57098896
v 1.99811338 0.07544689 -0.03966061
v 1.99724041 0.07014392 0.20674401
v 1.99610541 -0.07808580 -0.89706297
v 1.99797736 0.23165910 -0.46340004
v 1.99795089 0.26681857 -0.18659528
v 1.99889384 0.20256613 -0.71447922
v 1.99796162 0.32161634 0.06753729
v 1.99724088 0.44100092 -0.76773400
v 1.99576293 0.43096249 0.21535683
v 1.99798141 0.43973897 -0.37880433
v 1.99231504 0.33241789 0.26529991
v 1.99797080 0.38423233 -0.59424026
v 1.99812542 0.55811028 0.00629769
v 1.99808393 0.57472627 -0.45883957
v 1.99156271 0.45774768 0.25244953
v 1.99805627 0.61444513 -0.26413826
v 1.99808834 0.74043397 -0.53889657
v 1.98807917 0.54881005 0.24575242
v 1.99637554 0.67081348 0.17449549
v 1.99657534 0.73116068 -0.83966494
v 1.99702869 0.81139259 -0.76504392
v 1.99823556 0.89061813 -0.19040833
v 1.99757383 0.96936743 0.05387273
v 1.99670790 0.82553093 0.16116435
v 1.99825512 0.97770552 -0.51371480
v 1.99984060 1.03480689 0.19261636
v 1.99476872 1.03682022 -0.81509281
v 1.99839161 1.19627587 -0.06978358
v 1.99825523 1.18455009 -0.33318288
v 1.99829696 1.17991869 -0.64389969
v 1.99933038 1.08564250 -0.89805455
v 1.99869929 1.38133328 -0.73542566
v 1.99807463 1.40623574 -0.15335436
v 1.99784647 1.48497002 0.05408207
v 1.99810908 1.38481514 -0.41173769
v 1.99823294 1.60194509 -0.18751580
v 1.99812971 1.66003100 -0.47839759
v 1.99824105 1.73726074 -0.73702771
v 1.99508081 1.84184448 -0.00366053
v 1.99820946 1.82212369 -0.24314422
v 1.99822817 1.87708370 0.11241055
v 1.99776469 1.92713182 -0.44213731
v 1.99464093 1.98171680 -0.71019239
v 1.99430583 1.98218314 -0.57185681
v 2.00007973 1.99309842 0.08569751
v 1.98997365 1.99246757 -0.64702148
v 1.99695895 1.98704640 -0.89854110
v 1.99933837 -1.90676649 -0.89788700
v 1.99978231 -1.72795113 -0.89382363
v 2.00146220 -0.92434864 0.38621124
v 2.00081728 -0.49996886 0.33885046
v 2.00042258 -0.32633311 -0.89438219
v 2.00440846 -0.28430316 0.31506767
v 1.99847911 0.12604932 -0.89615757
v 2.00130580 0.30616133 -0.88773001
v 2.00335429 1.21401076 -0.86757577
v 2.00044714 1.37395494 -0.89189417
v 1.99814783 1.36925118 0.15754061
v 2.00077568 1.52852039 -0.89131064
v 1.99940560 1.68228619 -0.89986808
v 1.99888418 2.00280611 -0.81764800
v 1.99801038 1.99998276 -0.54999483
v 2.00352905 -1.96141906 -0.69573171
v 2.00299070 -1.89332922 -0.43030629
v 2.00425027 -1.92950781 -0.07405888
v 2.00357590 -1.83054944 0.28362691
v 2.00232695 -1.79083796 -0.78875119
v 2.00181172 -1.61290832 -0.32196517
v 2.00190101 -1.71329124 -0.50988770
v 2.00217484 -1.63997109 -0.05023773
v 2.00701843 -1.67848976 0.41245710
v 2.00228534 -1.38059385 -0.63888652
v 2.00219939 -1.49648400 0.13608526
v 2.00270210 -1.52084740 -0.83096124
v 2.00170742 -1.40808244 -0.13879786
v 2.00442849 -1.42306359 0.30708345
v 2.00186835 -1.32240804 -0.38723324
v 2.00264583 -1.28681858 -0.83914525
v 2.00180195 -1.19611170 -0.00030940
v 2.00267492 -1.06959941 0.24848973
v 2.00176762 -1.16324486 -0.19535213
v 2.00620220 -1.21412738 0.37863346
v 2.00253068 -1.10680075 -0.79602099
v 2.00186740 -1.05263873 -0.49070073
v 2.00182770 -0.96990271 -0.20135287
v 2.00270436 -0.86324726 -0.66363514
v 2.00180088 -0.85866015 0.05795643
v 2.00189136 -0.78434925 -0.40176771
v 2.00189231 -0.64442867 -0.23504179
v 2.00434421 -0.74069221 0.29944115
v 2.00392340 -0.65384253 -0.82290305
v 2.00205741 -0.60615638 -0.58498640
v 2.00212191 -0.58456233 0.15018257
v 2.00183247 -0.43585242 -0.10384078
v 2.00298486 -0.41123003 -0.77310456
v 2.00203286 -0.34181831 -0.42480139
v 2.00278543 -0.29543689 0.14228345
v 2.00184224 -0.24866308 -0.19213068
v 2.00279460 -0.22858952 -0.76880349
v 2.00216792 -0.05357395 0.02452953
v 2.00303100 -0.04372354 -0.83632536
v 2.00594638 -0.09424706 0.24197083
v 2.00176118 -0.03924804 -0.57228202
v 2.00186179 -0.05486138 -0.27855871
v 2.00183569 0.15583067 -0.17249259
v 2.00280903 0.20183025 -0.75386710
v 2.00186501 0.13612376 -0.42023362
v 2.00266443 0.14380185 0.23581798
v 2.00185857 0.30828009 0.00750620
v 2.00185702 0.36911873 -0.54569055
v 2.00187657 0.44472943 -0.33874536
v 2.00198887 0.54408698 0.18890434
v 2.00341640 0.55100982 -0.75248212
v 2.00197027 0.70374088 -0.19263422
v 2.00196539 0.72339277 -0.51200587
v 2.00287865 0.81207876 -0.82756353
v 2.00232850 0.97808842 -0.05803755
v 2.00209377 1.06065421 -0.42514137
v 2.00237511 1.04996614 -0.74916984
v 2.00310848 1.23025100 0.11180261
v 2.00254927 1.42136912 -0.76914997
v 2.00200377 1.36664240 -0.13022651
v 2.00202439 1.39348487 -0.43494023
v 2.00200878 1.51350491 0.10098231
v 2.00200270 1.69249336 -0.34249515
v 2.00214873 1.80758230 -0.07630099
v 2.00205682 1.69013326 -0.62996663
v 2.00459824 1.82779471 -0.81133647
v 2.00335250 1.92894785 -0.46888635
f 744 626 635
f 1242 1194 1299
f 587 581 621
f 865 773 796
f 919 825 756
f 132 129 133
f 280 201 281
f 901 878 859
f 748 709 649
f 425 407 389
f 845 796 752
f 957 835 923
f 46 49 43
f 1314 1274 1418
f 832 734 791
f 1845 1849 1843
f 1906 1901 1904
f 1729 1773 1645
f 1431 1255 1369
f 1066 922 933
f 1756 1845 1729
f 1768 1742 1902
f 95 48 92
f 811 701 784
f 1565 1540 1481
f 487 501 415
f 1790 1783 1786
f 1130 1007 1129
f 593 496 574
f 1776 1705 1735
f 1523 1500 1543
f 267 235 278
f 298 261 322
f 291 243 208
f 1350 1401 1262
f 529 462 432
f 1199 1151 1104
f 1402 1289 1352
f 789 757 819
f 1233 1152 1176
f 1015 1085 975
f 725 704 774
f 1647 1679 1531
f 1013 961 966
f 1659 1695 1553
f 1051 985 959
f 1707 1544 1706
f 632 602 665
f 1755 1687 1753
f 1553 1433 1363
f 1933 1930 1934
f 1672 1619 1546
f 1040 926 985
f 719 710 624
f 320 300 83
f 1898 1964 1897
f 1817 1813 1810
f 569 499 501
f 149 142 146
f 685 575 609
f 1102 983 973
f 892 815 917
f 1632 1548 1454
f 246 222 189
f 459 317 466
f 1785 1745 1746
f 336 326 225
f 549 440 441
f 1083 974 1038
f 368 320 250
f 1090 1015 1041
f 210 155 156
f 1276 1219 1202
f 1008 1060 928
f 1572 1436 1490
f 445 292 333
f 1462 1360 1392
f 642 577 559
f 1645 1686 1588
f 1216 1181 1172
f 1754 1835 1944
f 1668 1538 1580
f 469 421 420
f 1364 1283 1260
f 219 169 217
f 171 167 164
f 1112 1120 1176
f 976 904 968
f 517 477 525
f 1328 1250 1327
f 1080 1001 1055
f 1964 1957 1896
f 1033 930 997
f 1530 1375 1409
f 1226 1121 1150
f 464 363 383
f 67 99 65
f 1397 1309 1225
f 1321 1290 1192
f 1417 1272 1278
f 197 107 7
f 589 571 546
f 1768 1674 1653
f 900 1001 840
f 1423 1369 1281
f 1469 1353 1437
f 1524 1552 1351
f 1663 1662 1574
f 518 495 433
f 1747 1631 1769
f 802 749 833
f 174 167 171
f 1292 1348 1178
f 1771 1806 1750
f 379 293 369
f 688 629 554
f 996 978 1079
f 1448 1372 1400
f 175 167 176
f 1832 1821 1823
f 826 778 708
f 131 120 126
f 1261 1253 1316
f 470 427 462
f 1719 1907 1912
f 583 485 590
f 1768 1902 1907
f 1140 1097 1063
f 154 146 152
f 90 32 231
f 589 529 606
f 1009 942 930
f 926 874 910
f 1164 1098 1228
f 33 35 30
f 1747 1692 1670
f 930 884 854
f 963 921 929
f 954 947 868
f 1145 1104 1089
f 780 681 692
f 727 641 648
f 1096 1014 1013
f 843 750 822
f 1888 1728 1696
f 1863 1733 1857
f 1809 1802 1803
f 1251 1219 1276
f 1415 1448 1505
f 1890 1937 1839
f 964 839 840
f 616 494 490
f 813 728 780
f 1427 1343 1375
f 1218 1313 1189
f 1588 1535 1489
f 1958 1953 1959
f 1770 1682 1749
f 604 615 476
f 85 17 84
f 723 631 664
f 1001 990 964
f 1467 1494 1586
f 1080 1109 990
f 1433 1525 1380
f 880 842 871
f 874 774 873
f 382 340 394
f 910 873 878
f 1729 1699 1623
f 1127 1013 1029
f 130 124 122
f 254 102 103
f 1376 1308 1394
f 3 2 78
f 345 289 287
f 474 436 531
f 1290 1202 1192
f 141 131 137
f 1866 1863 1861
f 347 332 397
f 1188 1050 1066
f 1929 1926 1923
f 342 232 283
f 1724 1793 1789
f 968 883 947
f 505 409 534
f 1039 936 975
f 846 752 785
f 925 945 836
f 1896 1713 1662
f 1171 1286 1107
f 510 418 404
f 561 507 463
f 721 662 764
f 1821 1752 1727
f 202 118 200
f 1715 1659 1568
f 1490 1462 1538
f 508 483 445
f 1623 1549 1573
f 980 1049 1124
f 1631 1464 1619
f 1866 1868 1734
f 1864 1865 1858
f 286 340 382
f 710 758 642
f 693 606 537
f 866 724 788
f 387 325 350
f 1645 1588 1515
f 1190 1125 1056
f 1537 1442 1536
f 408 402 478
f 1922 1919 1811
f 820 779 758
f 1287 1248 1247
f 1635 1599 1594
f 399 375 348
f 400 315 416
f 1536 1442 1467
f 266 284 334
f 684 677 594
f 774 751 772
f 1343 1299 1375
f 865 783 773
f 1413 1339 1303
f 615 443 476
f 1680 1647 1684
f 1033 1064 1185
f 1008 928 905
f 1664 1555 1526
f 406 337 388
f 1395 1491 1412
f 649 524 566
f 226 105 255
f 1904 1901 1900
f 1558 1618 1674
f 882 864 805
f 1227 1235 1297
f 1281 1116 1159
f 697 610 584
f 752 796 656
f 1870 1869 1864
f 1348 1383 1232
f 1246 1161 1210
f 1807 1803 1800
f 1953 1948 1950
f 380 247 347
f 1236 1164 1268
f 823 765 877
f 1284 1260 1214
f 1336 1276 1290
f 646 554 612
f 1182 1095 1081
f 810 898 756
f 1175 1074 1231
f 1700 1634 1655
f 460 405 496
f 411 314 421
f 1838 1829 1773
f 931 956 869
f 1926 1916 1923
f 1867 1757 1677
f 1042 912 972
f 852 785 826
f 1776 1735 1960
f 1603 1521 1596
f 1686 1657 1588
f 1721 1854 1948
f 1169 1275 1182
f 602 558 670
f 626 472 579
f 1633 1552 1524
f 1840 1836 1834
f 81 80 257
f 1063 1097 987
f 1207 1167 1045
f 432 328 365
f 249 273 341
f 758 680 642
f 485 446 547
f 583 590 671
f 1764 1640 1691
f 130 134 136
f 1499 1376 1470
f 1831 1826 1817
f 1752 1708 1703
f 284 172 244
f 201 112 117
f 54 57 50
f 1946 1942 1949
f 1378 1259 1295
f 182 178 173
f 1244 1223 1174
f 622 542 543
f 1242 1262 1171
f 753 627 745
f 431 396 424
f 158 151 161
f 1648 1684 1557
f 1058 1121 1029
f 1167 1155 1060
f 302 78 295
f 1616 1623 1573
f 1459 1335 1439
f 1159 1050 1188
f 1480 1278 1498
f 1770 1918 1916
f 1110 1100 1189
f 1437 1344 1455
f 1478 1379 1411
f 703 739 795
f 560 559 516
f 1709 1876 1875
f 1123 1036 1023
f 695 607 591
f 1502 1403 1487
f 960 1038 909
f 563 591 486
f 1220 1213 1155
f 1159 1088 1050
f 1005 872 895
f 1709 1878 1876
f 1288 1248 1287
f 14 16 12
f 335 428 357
f 831 719 711
f 1090 1085 1015
f 1849 1852 1841
f 772 717 703
f 113 111 116
f 1242 1171 1163
f 1065 1138 1035
f 1759 1688 1630
f 673 593 636
f 227 198 110
f 1829 1831 1822
f 954 995 947
f 184 182 186
f 100 63 172
f 1278 1181 1318
f 1569 1474 1560
f 850 771 777
f 1128 1153 1204
f 105 75 72
f 61 62 55
f 679 655 622
f 1551 1469 1590
f 1590 1539 1629
f 721 609 662
f 80 9 4
f 1464 1479 1619
f 1950 1945 1947
f 179 174 181
f 388 337 307
f 1756 1849 1845
f 1162 1063 1071
f 928 812 905
f 832 791 744
f 878 818 859
f 1796 1791 1788
f 940 954 868
f 1504 1526 1424
f 234 265 98
f 1391 1315 1399
f 1407 1374 1324
f 1473 1321 1291
f 687 706 596
f 211 213 151
f 1585 1484 1435
f 1753 1687 1708
f 873 774 824
f 1349 1315 1245
f 222 221 177
f 541 556 668
f 1428 1407 1319
f 1222 1099 1195
f 1676 1536 1667
f 1135 1014 1096
f 1007 1106 1129
f 396 249 341
f 156 155 154
f 1283 1212 1140
f 50 51 45
f 1549 1520 1427
f 1119 1068 1028
f 1892 1955 1867
f 348 375 203
f 671 683 716
f 983 895 863
f 467 305 413
f 1582 1499 1611
f 704 568 587
f 743 693 666
f 745 627 716
f 475 371 520
f 1120 1051 1068
f 911 759 853
f 328 389 348
f 922 776 933
f 1965 1962 1961
f 1327 1175 1231
f 324 264 220
f 1707 1706 1881
f 1254 1307 1187
f 539 485 583
f 1715 1962 1965
f 1266 1119 1279
f 1736 1612 1658
f 523 426 378
f 1754 1661 1835
f 412 333 344
f 1726 1692 1747
f 460 386 405
f 1734 1637 1733
f 1544 1418 1517
f 229 143 138
f 1109 979 990
f 327 296 260
f 1715 1898 1659
f 1466 1378 1390
f 731 672 730
f 1146 988 1130
f 1657 1643 1627
f 946 920 1030
f 1104 960 1043
f 1726 1685 1692
f 424 444 502
f 1141 1053 998
f 1094 1004 1093
f 1423 1281 1265
f 904 826 798
f 1191 1190 1158
f 1311 1366 1452
f 1061 1087 999
f 6 8 3
f 1625 1545 1502
f 1218 1189 1132
f 1720 1820 1751
f 553 465 418
f 751 699 772
f 1421 1447 1358
f 1334 1243 1353
f 1154 1086 1020
f 1114 1021 1032
f 1710 1665 1679
f 301 234 180
f 165 164 161
f 1824 1676 1667
f 599 541 703
f 1610 1566 1491
f 279 227 248
f 996 953 978
f 562 466 458
f 626 658 573
f 8 5 2
f 92 90 261
f 1496 1547 1398
f 147 144 145
f 505 455 409
f 528 550 602
f 193 188 235
f 451 416 450
f 717 599 703
f 1662 1522 1574
f 973 982 1144
f 665 670 705
f 1251 1134 1219
f 759 625 768
f 712 743 666
f 1409 1375 1277
f 988 963 986
f 1228 1168 1261
f 440 448 336
f 461 564 473
f 1389 1424 1338
f 1643 1595 1627
f 5 7 2
f 1951 1952 1955
f 1279 1238 1329
f 1501 1434 1554
f 1265 1188 1334
f 440 336 285
f 232 230 283
f 747 765 653
f 569 544 601
f 1332 1384 1310
f 1236 1137 1164
f 1858 1853 1852
f 721 685 609
f 51 53 49
f 1327 1231 1355
f 1302 1292 1178
f 1001 964 840
f 818 772 703
f 1457 1362 1354
f 1393 1269 1307
f 760 713 742
f 1137 1062 1164
f 1090 1178 1085
f 1673 1619 1672
f 128 15 22
f 270 252 317
f 633 572 525
f 1531 1665 1585
f 315 296 374
f 355 249 396
f 347 237 267
f 1327 1355 1432
f 432 427 328
f 1014 961 1013
f 1563 1571 1488
f 1678 1568 1544
f 1278 1173 1181
f 1227 1179 1146
f 1156 1046 1114
f 1802 1726 1798
f 385 287 330
f 1434 1336 1370
f 609 575 439
f 649 604 524
f 549 519 440
f 1310 1220 1167
f 920 788 961
f 135 128 22
f 1652 1689 1761
f 1922 1811 1927
f 1877 1776 1962
f 1579 1523 1605
f 1330 1382 1440
f 967 888 937
f 1093 1004 1075
f 362 329 282
f 314 353 421
f 200 114 108
f 911 853 906
f 909 844 851
f 947 820 868
f 1254 1187 1110
f 718 679 639
f 1493 1505 1570
f 613 532 514
f 1335 1230 1270
f 153 147 150
f 906 860 915
f 400 341 315
f 1641 1558 1674
f 1617 1524 1439
f 1919 1914 1725
f 1740 1709 1875
f 1229 1138 1123
f 1687 1583 1519
f 528 493 550
f 1169 973 1144
f 1186 1157 1141
f 66 70 67
f 232 148 230
f 729 711 589
f 1520 1373 1427
f 1263 1312 1229
f 221 324 220
f 946 867 866
f 490 369 390
f 604 536 524
f 1455 1344 1361
f 1178 1039 1085
f 1206 1135 1245
f 343 291 293
f 306 358 194
f 237 192 236
f 509 391 459
f 779 708 680
f 1076 1018 919
f 189 191 224
f 1722 1616 1688
f 1840 1842 1836
f 1749 1682 1794
f 330 298 322
f 668 556 654
f 336 350 326
f 66 67 65
f 1356 1292 1302
f 1318 1181 1216
f 1062 1000 955
f 1392 1317 1442
f 340 268 354
f 1637 1551 1590
f 1660 1554 1598
f 1270 1093 1250
f 310 270 317
f 1404 1388 1226
f 212 159 160
f 651 635 620
f 683 644 713
f 1143 958 1116
f 1277 1194 1186
f 622 543 513
f 1344 1243 1236
f 1056 1023 1002
f 1381 1346 1419
f 1728 1693 1577
f 601 544 545
f 1280 1211 1154
f 716 749 802
f 455 364 409
f 217 165 213
f 1335 1377 1439
f 810 756 707
f 380 347 397
f 623 700 557
f 526 450 515
f 1276 1202 1290
f 477 431 424
f 897 828 823
f 1778 1882 1880
f 956 889 869
f 879 846 785
f 1797 1787 1790
f 1921 1913 1920
f 1280 1291 1211
f 244 97 96
f 843 885 803
f 514 449 360
f 120 113 116
f 1313 1264 1189
f 633 565 691
f 354 271 406
f 629 441 554
f 1097 977 987
f 1490 1408 1462
f 773 623 656
f 13 6 9
f 433 344 349
f 1161 1077 1210
f 1382 1337 1396
f 635 579 518
f 159 156 154
f 513 437 372
f 1693 1644 1577
f 1506 1563 1422
f 682 625 759
f 680 619 577
f 1012 887 993
f 830 709 748
f 1469 1410 1353
f 480 513 372
f 399 415 375
f 1420 1339 1413
f 32 31 28
f 1731 1629 1683
f 1525 1458 1380
f 728 681 780
f 1163 1107 1052
f 1130 988 1007
f 1131 1091 1173
f 1901 1764 1900
f 1390 1295 1293
f 174 171 173
f 692 633 691
f 272 82 81
f 951 880 971
f 1582 1376 1499
f 1822 1817 1815
f 335 221 245
f 1959 1954 1955
f 1304 1414 1280
f 592 553 555
f 150 148 151
f 1043 960 935
f 824 772 818
f 1712 1607 1721
f 827 815 892
f 643 551 578
f 17 13 84
f 267 193 235
f 1358 1296 1340
f 1740 1875 1760
f 1427 1373 1343
f 88 29 34
f 699 599 717
f 1040 985 1051
f 1158 1056 1042
f 752 656 640
f 250 320 128
f 470 425 427
f 493 422 451
f 305 310 413
f 944 950 841
f 378 290 286
f 1024 935 914
f 254 180 102
f 1097 1078 977
f 1504 1424 1389
f 1847 1661 1754
f 1452 1366 1476
f 561 523 611
f 511 420 410
f 1253 1180 1156
f 817 895 804
f 620 518 553
f 1892 1867 1775
f 939 905 801
f 1643 1626 1595
f 912 843 822
f 929 819 876
f 1156 1166 1241
f 497 439 414
f 999 940 941
f 1733 1637 1697
f 1200 1214 1087
f 120 116 115
f 543 542 456
f 1183 1225 1127
f 1910 1795 1799
f 207 205 136
f 314 81 353
f 1318 1216 1288
f 1724 1648 1748
f 199 227 111
f 1560 1474 1528
f 1125 1229 1123
f 1011 918 958
f 61 55 56
f 741 657 611
f 1590 1469 1539
f 1710 1679 1718
f 870 781 746
f 867 784 866
f 546 462 529
f 532 480 449
f 1333 1228 1261
f 1323 1405 1350
f 1263 1229 1125
f 250 128 135
f 27 24 25
f 1421 1340 1364
f 652 593 673
f 1930 1929 1925
f 686 584 637
f 1667 1536 1606
f 1059 976 977
f 1466 1390 1460
f 1218 1395 1313
f 341 273 315
f 645 533 564
f 1617 1471 1639
f 1795 1885 1700
f 1921 1920 1924
f 1512 1473 1398
f 1572 1490 1538
f 391 310 317
f 1409 1325 1481
f 1611 1541 1609
f 85 23 17
f 1184 1246 1259
f 1051 959 1068
f 344 333 277
f 856 787 803
f 804 629 688
f 30 26 24
f 889 814 869
f 805 722 655
f 1425 1341 1485
f 361 365 243
f 1189 1073 1132
f 1028 993 1067
f 446 489 552
f 1129 1184 1235
f 1322 1282 1240
f 1506 1286 1401
f 637 467 608
f 370 278 305
f 1925 1928 1932
f 1166 1114 1032
f 1285 1185 1267
f 1110 1080 1055
f 906 853 860
f 68 64 63
f 270 219 217
f 1174 1044 1222
f 1578 1454 1407
f 158 153 151
f 18 14 17
f 308 231 258
f 913 882 829
f 1082 984 1018
f 796 773 656
f 194 285 106
f 1947 1941 1943
f 1735 1894 1960
f 1858 1852 1849
f 1070 919 962
f 1595 1563 1564
f 231 87 258
f 928 927 812
f 907 816 880
f 554 441 358
f 918 777 958
f 1241 1166 1113
f 606 484 537
f 1912 1902 1909
f 916 970 832
f 526 451 450
f 939 801 861
f 1711 1886 1926
f 499 656 514
f 317 252 323
f 1098 955 1048
f 175 170 167
f 1282 1177 1151
f 890 775 848
f 1879 1777 1761
f 1120 1068 1119
f 828 738 823
f 708 702 619
f 1804 1805 1796
f 1940 1932 1939
f 1818 1667 1711
f 1796 1788 1793
f 455 358 364
f 1573 1549 1530
f 645 594 533
f 476 443 368
f 334 304 403
f 1668 1580 1661
f 1252 1198 1197
f 1006 1084 962
f 1103 1082 1118
f 1223 1115 1124
f 1889 1827 1824
f 558 526 570
f 548 413 509
f 191 189 190
f 1965 1961 1963
f 1765 1673 1744
f 1891 1890 1694
f 106 225 76
f 1532 1399 1527
f 1645 1515 1520
f 192 187 188
f 1091 1034 1026
f 1519 1426 1529
f 1129 1106 1184
f 1073 1100 924
f 1304 1213 1220
f 874 873 910
f 1309 1203 1225
f 1565 1468 1508
f 342 251 232
f 1798 1747 1787
f 1942 1939 1937
f 1738 1690 1778
f 1676 1537 1536
f 1422 1365 1359
f 1751 1814 1771
f 1724 1680 1684
f 1141 1157 1053
f 916 832 838
f 1605 1543 1604
f 669 492 631
f 1198 1067 1197
f 1307 1269 1217
f 1739 1880 1878
f 273 86 85
f 474 531 586
f 1113 994 1030
f 1498 1278 1436
f 770 695 696
f 983 1017 895
f 862 731 857
f 488 378 382
f 1122 994 1113
f 6 12 8
f 1463 1275 1237
f 194 106 77
f 364 351 409
f 1346 1251 1345
f 363 297 383
f 1896 1895 1713
f 725 568 704
f 861 801 734
f 1644 1461 1577
f 334 284 304
f 1375 1299 1277
f 11 5 8
f 256 80 79
f 1776 1960 1962
f 1551 1410 1469
f 1928 1927 1931
f 1838 1837 1829
f 1189 1100 1073
f 1160 1126 1201
f 1064 1079 1179
f 1617 1439 1471
f 562 458 538
f 1115 1027 1124
f 570 526 515
f 1844 1755 1842
f 1818 1711 1926
f 1658 1516 1637
f 749 683 713
f 1918 1912 1916
f 1872 1871 1869
f 762 627 753
f 220 264 218
f 636 574 627
f 1020 927 928
f 935 851 902
f 934 858 837
f 402 322 321
f 1580 1462 1628
f 1269 1393 1326
f 1573 1409 1540
f 1740 1633 1709
f 1439 1328 1471
f 257 80 256
f 396 341 400
f 371 295 294
f 1594 1560 1528
f 900 840 781
f 648 588 568
f 837 792 850
f 617 562 715
f 1410 1334 1353
f 1804 1810 1805
f 1050 981 893
f 1685 1562 1692
f 1724 1718 1680
f 25 24 21
f 540 419 428
f 1196 1191 1092
f 40 43 34
f 1627 1595 1564
f 1286 1422 1359
f 1097 1153 1078
f 1544 1568 1444
f 1190 1263 1125
f 19 15 11
f 624 560 571
f 1333 1367 1426
f 814 821 712
f 1755 1683 1687
f 1168 1098 1048
f 1289 1195 1352
f 1558 1466 1460
f 1075 1011 1074
f 101 69 100
f 883 798 820
f 173 171 169
f 338 388 307
f 1468 1481 1438
f 1363 1256 1275
f 897 794 828
f 1766 1744 1664
f 214 94 53
f 562 459 466
f 960 909 851
f 347 267 332
f 231 32 87
f 931 869 839
f 1524 1351 1459
f 205 203 130
f 587 674 699
f 321 231 297
f 187 186 188
f 1087 1071 995
f 1832 1755 1753
f 1416 1316 1305
f 786 727 725
f 1616 1573 1608
f 1824 1887 1889
f 1268 1164 1228
f 1926 1886 1916
f 970 948 832
f 66 65 61
f 1899 1741 1763
f 1628 1462 1537
f 270 217 252
f 1144 1117 1160
f 168 288 214
f 1705 1611 1735
f 1865 1866 1861
f 1182 1081 1102
f 89 88 34
f 1853 1856 1844
f 446 408 489
f 1593 1558 1641
f 203 124 130
f 225 104 76
f 807 696 735
f 914 935 902
f 218 166 170
f 1064 996 1079
f 32 28 87
f 1329 1238 1252
f 1957 1895 1896
f 1623 1520 1549
f 1886 1770 1916
f 1460 1440 1545
f 772 699 717
f 1093 1075 1133
f 1156 1114 1166
f 1147 1054 1035
f 1054 970 916
f 1166 1122 1113
f 168 214 59
f 263 215 216
f 741 611 732
f 64 61 58
f 1610 1491 1542
f 1311 1271 1366
f 447 460 580
f 1025 875 967
f 152 147 153
f 1344 1268 1361
f 1383 1435 1322
f 325 301 180
f 328 348 276
f 1465 1420 1474
f 316 250 88
f 1257 1169 1144
f 1269 1142 1149
f 1453 1416 1534
f 421 353 420
f 958 991 1116
f 660 591 563
f 1515 1489 1373
f 478 402 464
f 571 560 462
f 2 1 107
f 299 248 228
f 924 870 808
f 287 274 330
f 1640 1487 1518
f 450 411 515
f 500 381 443
f 433 412 344
f 434 385 485
f 495 472 412
f 1495 1508 1429
f 1644 1497 1461
f 454 397 498
f 619 601 545
f 724 723 788
f 1432 1431 1500
f 825 765 747
f 1378 1357 1259
f 223 233 305
f 1315 1206 1245
f 787 761 677
f 1064 997 996
f 487 430 457
f 1210 1077 1152
f 1764 1691 1741
f 888 725 874
f 48 42 92
f 393 302 367
f 746 781 661
f 603 527 614
f 1725 1701 1655
f 615 726 576
f 76 73 71
f 1640 1518 1584
f 1554 1434 1511
f 414 331 376
f 659 562 538
f 1600 1575 1559
f 651 620 553
f 275 216 218
f 823 738 765
f 930 854 997
f 1611 1609 1704
f 1518 1419 1483
f 994 915 867
f 90 37 32
f 458 417 538
f 579 495 518
f 387 453 301
f 1260 1283 1140
f 630 520 653
f 404 418 311
f 939 1008 905
f 784 724 866
f 825 747 756
f 767 710 719
f 262 94 214
f 1201 1126 1115
f 485 385 446
f 947 883 820
f 114 109 108
f 91 89 34
f 304 289 345
f 1162 1140 1063
f 675 702 778
f 1142 1141 998
f 978 953 963
f 261 90 231
f 23 18 17
f 492 394 354
f 1951 1946 1949
f 1629 1589 1583
f 1575 1513 1475
f 227 259 198
f 1507 1578 1407
f 1355 1231 1255
f 60 58 57
f 840 839 735
f 936 914 796
f 462 560 470
f 1314 1237 1257
f 140 22 29
f 967 786 888
f 1283 1296 1212
f 801 905 830
f 638 612 505
f 786 725 888
f 124 117 122
f 955 1000 890
f 1164 1062 1098
f 820 798 779
f 1662 1638 1522
f 1015 975 903
f 176 174 179
f 650 572 681
f 993 897 1019
f 1579 1624 1651
f 898 919 756
f 386 346 405
f 1534 1425 1562
f 1072 1000 1062
f 1938 1933 1936
f 1095 1005 1017
f 1126 1003 1115
f 407 399 348
f 1342 1241 1341
f 1500 1431 1369
f 1249 1186 1141
f 1908 1903 1910
f 213 165 161
f 790 710 767
f 1745 1654 1665
f 1924 1925 1921
f 1246 1184 1161
f 1691 1584 1613
f 588 515 568
f 876 797 875
f 364 255 351
f 1414 1496 1398
f 147 145 148
f 760 650 728
f 898 810 847
f 738 630 765
f 911 906 1021
f 1278 1318 1436
f 1168 1180 1261
f 1948 1944 1945
f 1855 1849 1756
f 1715 1965 1898
f 1284 1364 1260
f 934 881 858
f 281 201 125
f 1045 1008 939
f 1722 1855 1756
f 1398 1291 1280
f 1576 1570 1602
f 1415 1372 1448
f 1638 1677 1581
f 997 854 969
f 1950 1947 1951
f 1331 1297 1372
f 1913 1904 1908
f 1821 1727 1809
f 1750 1801 1748
f 1904 1900 1905
f 809 686 736
f 1875 1872 1870
f 1308 1160 1201
f 1406 1228 1333
f 105 72 101
f 1209 1298 1208
f 1939 1932 1935
f 1599 1560 1594
f 275 263 216
f 1247 1193 1271
f 177 183 185
f 1655 1547 1533
f 1197 1067 1148
f 1430 1482 1320
f 1800 1791 1796
f 750 690 645
f 1220 1155 1167
f 1702 1656 1657
f 1862 1956 1894
f 1903 1900 1899
f 300 313 83
f 1417 1278 1480
f 157 153 158
f 1023 944 1002
f 886 809 862
f 383 308 355
f 942 833 930
f 522 487 457
f 95 52 48
f 1682 1641 1794
f 1832 1753 1828
f 1651 1624 1604
f 661 660 563
f 401 524 423
f 1462 1408 1360
f 932 916 838
f 1876 1873 1872
f 24 19 20
f 1291 1321 1192
f 1130 1129 1235
f 1021 906 915
f 644 552 694
f 677 667 592
f 1530 1409 1573
f 1117 982 951
f 1530 1427 1375
f 1922 1920 1919
f 1650 1615 1550
f 177 175 176
f 1866 1734 1863
f 1086 1165 1084
f 335 245 331
f 635 626 579
f 1429 1468 1393
f 1710 1785 1746
f 596 461 519
f 1452 1476 1514
f 1639 1591 1690
f 1900 1764 1741
f 1169 1102 973
f 1272 1173 1278
f 392 334 403
f 1696 1728 1577
f 1741 1691 1613
f 1635 1620 1599
f 1642 1649 1593
f 1207 1310 1167
f 483 524 401
f 1088 981 1050
f 240 239 109
f 1827 1676 1824
f 1692 1532 1670
f 1497 1450 1461
f 701 669 724
f 1908 1914 1919
f 242 101 100
f 1570 1514 1493
f 1608 1573 1565
f 665 705 757
f 573 508 472
f 537 484 452
f 609 439 497
f 1910 1903 1795
f 972 912 822
f 675 569 601
f 509 459 617
f 572 517 525
f 466 317 323
f 1099 1044 1009
f 1501 1387 1434
f 1534 1562 1685
f 634 552 551
f 200 239 271
f 383 297 308
f 192 190 187
f 1373 1405 1323
f 1533 1496 1414
f 1760 1759 1630
f 730 617 776
f 1745 1723 1646
f 1830 1827 1889
f 405 346 334
f 1136 1208 1047
f 912 885 843
f 1589 1455 1406
f 110 109 115
f 1172 1026 1108
f 1536 1586 1606
f 88 140 29
f 836 808 685
f 678 595 720
f 1522 1638 1482
f 574 496 539
f 472 445 333
f 125 201 117
f 909 974 844
f 1332 1310 1207
f 1424 1404 1338
f 1442 1317 1467
f 1271 1193 1215
f 1031 952 1025
f 655 542 622
f 248 227 199
f 1480 1486 1417
f 194 195 226
f 1888 1819 1728
f 1738 1639 1690
f 1100 1055 924
f 1237 1169 1257
f 384 356 463
f 896 973 863
f 1507 1428 1386
f 1871 1873 1868
f 740 726 615
f 1282 1239 1177
f 640 656 499
f 410 393 468
f 1147 1209 1136
f 955 890 848
f 702 601 619
f 632 528 602
f 1552 1542 1351
f 1021 915 1032
f 1518 1483 1584
f 353 377 420
f 445 362 292
f 1884 1717 1675
f 869 814 770
f 1789 1788 1784
f 375 281 203
f 1435 1484 1389
f 1860 1859 1849
f 1769 1631 1673
f 1927 1811 1772
f 400 416 422
f 1559 1475 1466
f 1600 1601 1575
f 1203 1135 1096
f 1643 1635 1626
f 164 165 169
f 1380 1458 1224
f 1774 1859 1722
f 1681 1725 1655
f 605 488 603
f 1286 1359 1107
f 41 39 37
f 211 151 232
f 777 686 809
f 1539 1437 1455
f 734 801 676
f 1761 1689 1736
f 417 342 471
f 969 854 899
f 776 715 849
f 992 925 881
f 1030 1014 1135
f 1747 1670 1631
f 409 351 435
f 1224 1191 1196
f 1168 1048 1180
f 1942 1937 1890
f 1787 1747 1769
f 484 432 361
f 1180 1048 1046
f 5 10 7
f 714 712 666
f 792 618 771
f 891 745 855
f 724 631 723
f 1048 955 911
f 1464 1397 1479
f 1235 1184 1259
f 856 841 787
f 1279 1119 1238
f 1313 1412 1354
f 390 263 275
f 1027 957 980
f 461 387 350
f 991 886 981
f 972 822 872
f 313 398 294
f 1909 1902 1906
f 1377 1270 1328
f 1133 1075 1074
f 448 461 350
f 1151 1083 1069
f 1139 1198 1238
f 1349 1245 1309
f 1721 1948 1862
f 1636 1533 1497
f 1492 1567 1612
f 1392 1306 1317
f 764 662 737
f 218 216 166
f 381 313 300
f 1022 987 947
f 773 783 700
f 1498 1436 1572
f 258 87 86
f 126 127 129
f 539 491 434
f 1945 1941 1947
f 629 597 441
f 895 872 804
f 1405 1477 1350
f 876 819 797
f 1369 1492 1612
f 1360 1306 1392
f 62 168 59
f 1707 1678 1544
f 1382 1347 1337
f 1366 1271 1285
f 233 169 219
f 1302 1234 1294
f 230 143 229
f 704 587 699
f 466 323 458
f 1882 1777 1879
f 402 321 363
f 894 809 886
f 315 273 296
f 1005 1092 972
f 1487 1381 1518
f 1494 1452 1514
f 330 322 408
f 356 283 303
f 1503 1440 1396
f 853 768 741
f 559 522 516
f 323 251 417
f 934 837 1004
f 1447 1413 1358
f 805 655 766
f 296 327 374
f 1869 1865 1864
f 493 451 526
f 1546 1619 1479
f 1396 1279 1403
f 1006 962 898
f 452 343 379
f 1704 1609 1862
f 904 938 852
f 822 750 706
f 519 461 448
f 790 820 758
f 1753 1708 1752
f 1330 1233 1347
f 775 759 848
f 437 338 372
f 416 374 450
f 1449 1364 1365
f 545 544 487
f 608 509 672
f 11 10 5
f 1379 1312 1263
f 469 511 581
f 1483 1387 1501
f 805 864 722
f 1842 1755 1832
f 624 642 560
f 884 806 813
f 1477 1535 1401
f 226 75 105
f 346 266 334
f 256 79 196
f 1959 1953 1954
f 376 312 247
f 811 732 701
f 1961 1959 1963
f 157 158 161
f 630 475 520
f 303 230 229
f 1653 1545 1625
f 626 573 472
f 1092 1042 972
f 1960 1956 1958
f 74 71 72
f 566 483 508
f 936 1024 914
f 1670 1527 1631
f 401 423 316
f 1620 1592 1599
f 1939 1935 1937
f 326 350 254
f 1895 1893 1713
f 704 699 751
f 585 549 597
f 1492 1423 1567
f 793 646 698
f 92 42 90
f 303 290 378
f 727 705 641
f 1471 1510 1591
f 937 874 926
f 1448 1400 1513
f 1911 1904 1913
f 711 719 571
f 904 798 883
f 1046 911 1021
f 826 708 798
f 1941 1936 1940
f 1139 1028 1067
f 1929 1923 1925
f 1670 1532 1527
f 1928 1922 1927
f 1674 1618 1653
f 534 530 595
f 1462 1392 1537
f 376 380 436
f 115 114 119
f 280 373 299
f 1196 1092 1005
f 1331 1267 1227
f 860 741 732
f 625 507 657
f 812 847 740
f 762 636 627
f 163 157 164
f 481 438 512
f 1099 1009 1131
f 709 604 649
f 1208 1207 1170
f 1736 1689 1612
f 441 440 285
f 1914 1799 1725
f 707 647 576
f 1101 981 1088
f 483 401 362
f 733 665 789
f 302 295 367
f 962 919 898
f 125 117 124
f 224 191 238
f 908 850 918
f 727 648 725
f 1652 1669 1689
f 1563 1488 1422
f 260 82 272
f 447 366 386
f 1502 1396 1403
f 316 368 250
f 790 767 868
f 1209 1208 1136
f 971 957 1037
f 438 354 406
f 1923 1916 1915
f 660 696 591
f 1880 1738 1778
f 893 857 922
f 216 162 166
f 432 365 361
f 1743 1653 1625
f 1155 1154 1020
f 1803 1802 1797
f 1580 1628 1661
f 715 562 659
f 949 917 943
f 1589 1406 1583
f 1874 1736 1868
f 139 133 138
f 1799 1795 1701
f 475 367 371
f 1903 1899 1763
f 1962 1958 1961
f 1396 1337 1279
f 222 177 185
f 1316 1253 1305
f 1679 1665 1531
f 686 637 736
f 1915 1917 1921
f 195 75 226
f 456 388 338
f 631 492 600
f 327 314 411
f 1353 1243 1344
f 1213 1154 1155
f 1661 1628 1676
f 1964 1737 1883
f 1932 1931 1935
f 1248 1193 1247
f 1886 1682 1770
f 34 29 26
f 1154 1211 1086
f 134 130 122
f 1461 1450 1384
f 374 327 411
f 1648 1557 1592
f 352 257 256
f 1353 1344 1437
f 1198 1139 1067
f 968 987 977
f 1540 1409 1481
f 1797 1798 1787
f 1576 1514 1570
f 102 180 67
f 829 766 718
f 372 338 319
f 208 207 142
f 1923 1921 1925
f 1823 1812 1816
f 833 806 884
f 880 871 971
f 941 940 831
f 506 398 381
f 854 800 799
f 1305 1342 1416
f 1468 1438 1393
f 997 969 996
f 1749 1912 1918
f 1223 1124 1174
f 1701 1795 1655
f 678 534 595
f 1288 1216 1248
f 800 692 691
f 339 319 279
f 189 185 190
f 1612 1567 1658
f 715 659 775
f 910 878 959
f 1527 1464 1631
f 1837 1834 1831
f 442 372 339
f 1144 1160 1274
f 1557 1647 1472
f 269 210 215
f 1675 1598 1556
f 1297 1235 1357
f 136 134 141
f 691 733 799
f 1952 1949 1730
f 994 867 946
f 1324 1374 1209
f 3 8 2
f 808 746 685
f 664 600 535
f 1180 1046 1156
f 1730 1615 1650
f 260 84 82
f 1377 1335 1270
f 1380 1224 1196
f 18 21 16
f 1761 1736 1874
f 1851 1668 1847
f 1555 1546 1388
f 1597 1553 1363
f 204 127 202
f 1136 1047 1054
f 1232 1145 1178
f 1131 1034 1091
f 1782 1779 1780
f 726 707 576
f 1953 1950 1954
f 1273 1320 1190
f 855 802 833
f 1419 1346 1387
f 559 577 522
f 536 423 524
f 871 842 754
f 754 652 673
f 1769 1673 1765
f 1066 1072 1137
f 1463 1363 1275
f 1587 1453 1534
f 1108 1033 1215
f 1633 1524 1617
f 287 96 274
f 1731 1683 1755
f 618 531 504
f 756 647 707
f 337 271 239
f 609 497 662
f 674 621 599
f 1293 1295 1246
f 242 100 266
f 656 623 613
f 291 208 209
f 661 735 660
f 1238 1198 1252
f 1710 1746 1665
f 821 831 711
f 1789 1785 1724
f 1937 1935 1839
f 1553 1525 1433
f 533 510 453
f 614 527 492
f 395 360 281
f 239 200 108
f 633 525 503
f 553 518 465
f 1658 1637 1734
f 1293 1210 1233
f 1294 1204 1258
f 306 194 226
f 1568 1659 1597
f 550 558 602
f 1070 962 1084
f 1282 1338 1239
f 952 986 929
f 1181 1091 1172
f 1354 1362 1254
f 1685 1587 1534
f 255 253 318
f 137 131 132
f 318 266 346
f 759 768 853
f 221 220 175
f 1182 1102 1169
f 488 394 527
f 1847 1944 1948
f 310 233 270
f 434 403 345
f 82 9 81
f 1667 1666 1711
f 463 426 523
f 944 1036 950
f 127 123 202
f 19 22 15
f 499 360 395
f 654 567 598
f 633 503 565
f 638 534 678
f 838 744 769
f 1626 1571 1595
f 959 878 901
f 194 358 285
f 1853 1844 1850
f 600 481 512
f 1575 1475 1559
f 573 566 508
f 1446 1348 1356
f 1262 1286 1171
f 1762 1739 1878
f 695 666 607
f 1897 1883 1695
f 1868 1758 1734
f 496 405 392
f 1446 1472 1348
f 1877 1706 1705
f 1388 1371 1226
f 140 135 22
f 701 603 614
f 530 409 435
f 1911 1909 1906
f 1875 1876 1872
f 1112 1040 1051
f 453 404 301
f 195 194 77
f 529 432 484
f 1935 1931 1888
f 1742 1901 1902
f 1890 1839 1696
f 1170 1207 1045
f 1570 1505 1561
f 326 254 225
f 1345 1276 1336
f 696 695 591
f 507 384 463
f 39 38 33
f 57 56 50
f 1960 1958 1962
f 628 596 585
f 1494 1441 1452
f 755 678 816
f 1952 1757 1955
f 68 61 64
f 1792 1790 1786
f 617 459 562
f 1067 993 1019
f 1699 1729 1645
f 1348 1232 1178
f 1192 1202 1076
f 945 924 808
f 611 523 605
f 388 512 406
f 454 380 397
f 943 942 989
f 1453 1316 1416
f 1699 1645 1520
f 209 208 149
f 1235 1259 1357
f 850 792 771
f 528 482 493
f 474 497 414
f 1425 1342 1341
f 288 262 214
f 1773 1829 1720
f 52 50 48
f 1119 1028 1139
f 1476 1385 1493
f 752 640 675
f 9 6 4
f 407 457 430
f 77 74 75
f 542 535 456
f 71 73 70
f 755 896 793
f 1445 1370 1321
f 785 778 826
f 1420 1413 1474
f 1510 1327 1432
f 1847 1668 1661
f 628 585 597
f 255 105 253
f 1562 1425 1485
f 1179 1079 1146
f 1057 1126 1160
f 588 570 515
f 766 655 679
f 654 556 567
f 676 566 658
f 763 636 762
f 511 410 541
f 1652 1651 1669
f 1000 933 890
f 98 168 62
f 761 651 667
f 1025 952 875
f 782 718 700
f 1839 1888 1696
f 625 538 507
f 1023 1036 944
f 880 816 842
f 364 358 306
f 462 427 432
f 47 44 41
f 1640 1614 1487
f 1357 1378 1400
f 40 35 38
f 694 634 742
f 1680 1679 1647
f 1115 1223 1300
f 1356 1339 1420
f 1444 1418 1544
f 1356 1302 1339
f 872 822 687
f 371 398 520
f 16 20 11
f 1457 1429 1362
f 777 697 686
f 905 812 830
f 496 392 491
f 1337 1266 1279
f 685 746 575
f 672 509 617
f 217 169 165
f 1719 1768 1907
f 738 598 630
f 1208 1170 1047
f 795 794 887
f 875 797 786
f 530 447 580
f 393 359 302
f 838 832 744
f 1411 1379 1263
f 1620 1648 1592
f 60 57 54
f 361 243 291
f 1654 1646 1484
f 1440 1382 1396
f 480 372 442
f 1542 1395 1351
f 474 376 436
f 1604 1543 1369
f 1397 1371 1479
f 1569 1465 1474
f 1215 1185 1285
f 969 953 996
f 1596 1521 1572
f 1366 1285 1476
f 1159 1101 1088
f 286 290 206
f 1557 1465 1569
f 1946 1947 1943
f 381 398 313
f 749 806 833
f 1374 1298 1209
f 1559 1466 1558
f 516 457 425
f 90 42 37
f 365 328 243
f 159 210 156
f 887 794 897
f 1454 1451 1374
f 1955 1757 1867
f 1808 1812 1807
f 262 277 93
f 1822 1815 1820
f 575 540 428
f 177 176 183
f 1616 1608 1610
f 1751 1771 1657
f 754 673 763
f 1751 1657 1686
f 1300 1223 1244
f 1609 1712 1862
f 1554 1511 1598
f 676 649 566
f 1249 1141 1142
f 873 824 878
f 581 511 599
f 1846 1848 1840
f 180 234 99
f 453 510 404
f 212 160 162
f 1150 1121 1058
f 618 610 697
f 1527 1399 1464
f 812 927 847
f 1361 1268 1228
f 443 576 500
f 798 708 779
f 1715 1568 1678
f 1137 1072 1062
f 847 810 707
f 722 663 655
f 1214 1162 1087
f 197 294 107
f 58 56 57
f 1779 1767 1723
f 132 126 129
f 1835 1833 1938
f 1886 1711 1682
f 1474 1413 1528
f 190 185 187
f 1869 1871 1865
f 1381 1329 1346
f 1818 1926 1887
f 1664 1744 1672
f 1477 1401 1350
f 54 50 52
f 586 531 618
f 1522 1430 1458
f 1123 1065 1036
f 155 149 154
f 1854 1668 1851
f 107 1 7
f 39 33 36
f 1622 1671 1703
f 1472 1531 1383
f 36 33 31
f 1320 1263 1190
f 657 507 561
f 1307 1217 1187
f 640 499 569
f 1742 1698 1764
f 700 582 557
f 821 729 712
f 368 300 320
f 1039 1145 1089
f 1916 1909 1915
f 595 580 652
f 1707 1715 1678
f 1944 1938 1936
f 487 415 430
f 1441 1311 1452
f 547 446 552
f 1800 1803 1792
f 1923 1915 1921
f 544 501 487
f 819 757 705
f 1532 1391 1399
f 1743 1742 1768
f 914 902 865
f 238 191 192
f 1167 1060 1045
f 134 131 141
f 737 618 792
f 851 783 865
f 383 355 431
f 439 335 331
f 1739 1639 1738
f 1020 1086 1006
f 176 167 174
f 77 76 71
f 184 181 182
f 40 34 35
f 1732 1697 1629
f 923 835 827
f 483 362 445
f 449 442 373
f 742 689 760
f 1842 1832 1836
f 1719 1674 1768
f 1893 1775 1713
f 929 876 952
f 1951 1947 1946
f 456 535 388
f 1484 1646 1504
f 263 369 269
f 903 975 845
f 881 925 836
f 518 433 465
f 258 86 249
f 1730 1891 1694
f 843 803 690
f 1545 1503 1502
f 1187 1217 1109
f 638 505 534
f 1957 1893 1895
f 1634 1512 1547
f 1528 1413 1447
f 627 671 716
f 1104 1069 960
f 1257 1144 1274
f 1385 1267 1331
f 1946 1943 1942
f 1877 1881 1706
f 1760 1714 1740
f 1861 1853 1858
f 1201 1300 1308
f 548 467 413
f 1315 1349 1399
f 1336 1290 1370
f 1078 1153 1128
f 969 899 953
f 357 324 221
f 1635 1594 1626
f 1195 1099 1131
f 471 342 384
f 1834 1836 1826
f 1323 1262 1242
f 359 196 302
f 791 658 626
f 1740 1714 1633
f 99 98 65
f 537 452 379
f 1408 1318 1288
f 1522 1482 1430
f 145 143 148
f 1103 984 1082
f 1029 1013 966
f 115 109 114
f 1019 897 965
f 760 689 650
f 1898 1897 1695
f 1082 1018 1076
f 50 45 47
f 1131 1009 1034
f 565 528 632
f 682 538 625
f 422 416 451
f 1536 1467 1586
f 1603 1486 1521
f 1069 1038 960
f 1596 1572 1538
f 1165 1070 1084
f 504 498 610
f 1302 1294 1339
f 87 28 86
f 662 497 474
f 1056 1125 1023
f 850 777 918
f 1601 1561 1575
f 889 941 831
f 1859 1860 1722
f 425 457 407
f 771 697 777
f 1272 1195 1173
f 202 200 271
f 1484 1504 1389
f 1241 1113 1206
f 1163 1171 1107
f 1262 1401 1286
f 533 594 510
f 1782 1781 1779
f 1157 1163 1052
f 1862 1948 1953
f 687 822 706
f 800 691 799
f 856 944 841
f 1781 1766 1767
f 325 180 254
f 202 123 118
f 889 821 814
f 1339 1258 1303
f 1311 1247 1271
f 443 381 300
f 1472 1647 1531
f 923 827 892
f 834 769 761
f 597 549 441
f 24 26 19
f 1867 1677 1775
f 110 198 109
f 242 266 318
f 1177 1150 1083
f 1389 1282 1322
f 283 230 303
f 1798 1726 1747
f 703 668 739
f 344 288 349
f 1087 995 999
f 1830 1676 1827
f 1495 1566 1508
f 1308 1300 1394
f 1741 1613 1660
f 367 295 371
f 725 648 568
f 587 621 674
f 1354 1254 1264
f 1173 1091 1181
f 1332 1461 1384
f 26 22 19
f 1044 989 1009
f 1859 1858 1849
f 827 753 815
f 1085 1039 975
f 691 632 733
f 1284 1214 1200
f 1663 1574 1525
f 1788 1791 1782
f 1792 1803 1797
f 1199 1104 1145
f 1376 1274 1308
f 1016 1045 939
f 1388 1479 1371
f 373 442 339
f 1146 1130 1227
f 1300 1201 1115
f 845 936 796
f 1347 1266 1337
f 1930 1925 1932
f 859 703 795
f 1821 1828 1752
f 214 53 59
f 768 625 657
f 507 471 384
f 127 121 123
f 1933 1889 1929
f 1423 1265 1334
f 1354 1264 1313
f 803 684 690
f 656 613 514
f 1255 1301 1369
f 775 682 759
f 1714 1630 1552
f 418 349 309
f 1736 1658 1758
f 731 730 776
f 382 378 286
f 731 608 672
f 769 744 651
f 1877 1705 1776
f 590 547 644
f 1591 1510 1579
f 1331 1227 1297
f 321 297 363
f 1486 1480 1521
f 1861 1863 1857
f 136 141 142
f 817 804 688
f 1255 1143 1116
f 427 389 328
f 206 133 204
f 1438 1326 1393
f 781 840 735
f 1795 1700 1655
f 1070 1076 919
f 1630 1610 1542
f 1621 1576 1602
f 517 431 477
f 1566 1565 1508
f 669 614 492
f 627 539 583
f 1086 1084 1006
f 837 737 792
f 1564 1563 1506
f 1031 1025 1105
f 831 767 719
f 31 27 25
f 812 740 709
f 629 687 628
f 1800 1792 1791
f 1301 1116 1281
f 196 79 3
f 1879 1874 1878
f 68 70 66
f 1233 1266 1347
f 1809 1727 1802
f 1314 1257 1274
f 517 383 431
f 670 558 641
f 1245 1135 1203
f 1464 1349 1397
f 1134 1103 1118
f 286 206 268
f 901 1012 1028
f 1935 1888 1839
f 1524 1459 1439
f 920 866 788
f 183 176 179
f 1345 1251 1276
f 1333 1261 1367
f 348 203 276
f 332 267 278
f 867 732 811
f 1203 1096 1225
f 1760 1875 1870
f 975 936 845
f 265 309 168
f 1097 1212 1153
f 146 144 147
f 180 99 67
f 1105 1025 1077
f 1919 1725 1811
f 1575 1561 1513
f 56 55 51
f 1759 1870 1774
f 172 97 244
f 963 929 986
f 1414 1398 1280
f 1733 1697 1732
f 693 589 606
f 763 762 827
f 1957 1955 1892
f 1541 1509 1603
f 417 251 342
f 532 449 514
f 1735 1611 1704
f 874 725 774
f 1808 1800 1805
f 577 545 522
f 1896 1662 1737
f 1519 1529 1622
f 1191 1273 1190
f 1482 1478 1411
f 768 657 741
f 324 275 264
f 385 330 446
f 1294 1234 1204
f 216 215 162
f 122 113 120
f 1123 1138 1065
f 735 696 660
f 631 600 664
f 1028 1012 993
f 914 865 796
f 221 175 177
f 527 394 492
f 1550 1507 1386
f 1488 1528 1447
f 1243 1066 1137
f 501 395 415
f 858 764 837
f 1025 937 1077
f 100 69 63
f 1399 1349 1464
f 686 697 584
f 1748 1801 1793
f 1855 1860 1849
f 1368 1300 1244
f 747 653 647
f 658 566 573
f 844 913 829
f 1237 1275 1169
f 979 956 931
f 849 715 775
f 1794 1719 1912
f 564 533 473
f 1124 1044 1174
f 783 782 700
f 1749 1794 1912
f 1801 1796 1793
f 584 479 637
f 187 179 186
f 1758 1658 1734
f 556 468 567
f 1003 1037 1115
f 827 762 753
f 1873 1874 1868
f 673 636 763
f 1695 1883 1663
f 1693 1681 1644
f 862 809 736
f 1792 1797 1790
f 285 225 106
f 1963 1957 1964
f 1518 1381 1419
f 637 608 736
f 1791 1792 1786
f 83 7 10
f 1900 1741 1899
f 903 845 846
f 1124 1049 1044
f 312 246 224
f 1047 1016 948
f 1489 1477 1405
f 1010 945 925
f 1038 974 909
f 1538 1462 1580
f 1564 1401 1535
f 953 899 921
f 148 143 230
f 479 370 467
f 1574 1458 1525
f 1472 1383 1348
f 1025 967 937
f 1296 1303 1205
f 1443 1394 1368
f 117 113 122
f 1914 1910 1799
f 36 31 32
f 1654 1745 1646
f 1174 1222 1289
f 1607 1603 1596
f 640 569 675
f 1625 1614 1698
f 203 281 125
f 1649 1601 1600
f 1613 1501 1554
f 658 734 676
f 465 349 418
f 1557 1446 1465
f 1645 1720 1686
f 1469 1437 1539
f 1806 1804 1801
f 1636 1681 1533
f 224 238 247
f 1311 1441 1317
f 1835 1938 1944
f 465 433 349
f 541 410 556
f 1604 1369 1612
f 1595 1571 1563
f 596 645 564
f 1772 1931 1927
f 790 758 710
f 1416 1342 1425
f 739 654 794
f 1083 1058 974
f 1584 1483 1501
f 774 772 824
f 1806 1815 1810
f 1378 1295 1390
f 318 346 386
f 1677 1757 1650
f 253 105 101
f 81 257 352
f 1211 1192 1165
f 273 260 296
f 16 11 12
f 943 891 942
f 1894 1956 1960
f 1544 1517 1582
f 452 484 361
f 1681 1655 1533
f 1434 1370 1511
f 1602 1561 1601
f 1075 908 1011
f 1622 1529 1587
f 167 163 164
f 1438 1325 1326
f 1864 1859 1774
f 377 353 352
f 637 479 467
f 1138 1147 1035
f 83 197 7
f 957 871 835
f 97 54 96
f 68 66 61
f 1014 920 961
f 1746 1745 1665
f 162 160 157
f 948 1016 861
f 1266 1176 1119
f 504 454 498
f 1037 957 1027
f 689 634 643
f 784 701 724
f 1418 1274 1376
f 1828 1753 1752
f 332 278 429
f 1485 1341 1391
f 1026 930 1033
f 961 788 864
f 1019 984 1103
f 179 181 184
f 145 138 143
f 659 538 682
f 1870 1864 1774
f 266 172 284
f 1246 1210 1293
f 209 149 155
f 1878 1874 1873
f 1482 1411 1320
f 1703 1671 1727
f 980 892 1049
f 620 635 518
f 81 9 80
f 1490 1436 1408
f 719 624 571
f 1936 1933 1934
f 1451 1332 1374
f 919 877 825
f 1862 1712 1721
f 142 141 146
f 1564 1506 1401
f 328 276 243
f 42 41 37
f 959 901 1068
f 1403 1381 1487
f 1197 1148 1134
f 431 355 396
f 11 15 10
f 319 338 259
f 1646 1664 1526
f 1111 1218 1010
f 612 554 505
f 1833 1676 1830
f 904 852 826
f 1745 1782 1780
f 653 520 506
f 1534 1416 1425
f 121 115 119
f 21 20 16
f 710 642 624
f 902 851 865
f 740 847 726
f 1055 1001 900
f 887 859 795
f 1814 1815 1806
f 889 831 821
f 1152 1112 1176
f 1684 1647 1557
f 1951 1949 1952
f 1421 1358 1340
f 1810 1804 1806
f 489 408 478
f 588 648 570
f 1931 1932 1928
f 1335 1218 1230
f 534 409 530
f 797 705 727
f 1383 1322 1232
f 1148 1019 1134
f 1702 1750 1656
f 552 489 478
f 983 1081 1017
f 281 360 280
f 1048 911 1046
f 1395 1218 1351
f 1943 1939 1942
f 1071 1063 1022
f 1786 1783 1781
f 295 78 294
f 984 877 1018
f 1864 1858 1859
f 890 849 775
f 210 159 212
f 1917 1911 1913
f 720 595 652
f 63 58 60
f 974 913 844
f 24 20 21
f 723 664 722
f 589 546 529
f 1878 1873 1876
f 1312 1319 1229
f 473 453 387
f 1499 1470 1541
f 1848 1844 1842
f 1497 1414 1450
f 1495 1429 1457
f 1531 1435 1383
f 137 132 139
f 441 285 358
f 1194 1157 1186
f 1106 1105 1161
f 410 359 393
f 1835 1676 1833
f 1551 1516 1410
f 1404 1226 1338
f 327 272 314
f 1632 1454 1578
f 1326 1249 1269
f 246 245 222
f 239 108 109
f 578 572 650
f 937 926 1040
f 292 91 277
f 1006 898 927
f 821 711 729
f 1049 892 949
f 1473 1291 1398
f 1074 958 1143
f 706 750 596
f 121 119 123
f 146 141 144
f 1419 1387 1483
f 1373 1489 1405
f 957 923 980
f 303 229 290
f 938 879 852
f 1526 1555 1404
f 447 386 460
f 1291 1192 1211
f 377 256 410
f 1229 1221 1138
f 1675 1556 1512
f 933 849 890
f 1857 1733 1856
f 276 203 205
f 1379 1386 1312
f 1226 1183 1121
f 46 43 40
f 38 35 33
f 1089 1024 1039
f 1844 1856 1731
f 424 400 444
f 208 142 149
f 1717 1598 1675
f 1516 1423 1410
f 1102 1081 983
f 1789 1784 1785
f 93 91 43
f 1664 1546 1555
f 479 429 370
f 233 219 270
f 1319 1324 1221
f 1057 1003 1126
f 1185 1064 1179
f 953 921 963
f 1074 1143 1231
f 62 59 55
f 1232 1322 1199
f 207 136 142
f 535 512 388
f 1185 1179 1267
f 139 132 133
f 699 674 599
f 1881 1877 1962
f 1588 1489 1515
f 419 324 357
f 961 864 966
f 924 1055 900
f 241 211 251
f 1782 1786 1781
f 174 173 178
f 1170 1045 1047
f 1240 1282 1151
f 274 96 95
f 1822 1831 1817
f 373 339 299
f 1543 1500 1369
f 908 837 850
f 1566 1608 1565
f 718 766 679
f 1069 1083 1038
f 323 241 251
f 1555 1388 1404
f 513 543 437
f 1562 1485 1532
f 978 988 1079
f 1275 1256 1182
f 263 269 215
f 604 740 615
f 498 429 584
f 1541 1603 1609
f 979 998 956
f 204 129 127
f 1742 1625 1698
f 1105 1106 1031
f 1883 1737 1663
f 1423 1334 1410
f 312 331 246
f 681 572 633
f 1743 1625 1742
f 225 254 104
f 1341 1241 1206
f 1533 1414 1497
f 429 278 370
f 1036 1065 950
f 694 552 634
f 1161 1184 1106
f 1813 1816 1812
f 116 111 110
f 901 859 887
f 1706 1582 1705
f 593 574 636
f 1107 1200 1061
f 1682 1593 1641
f 667 553 592
f 1089 1043 1024
f 816 720 842
f 1720 1825 1820
f 1646 1526 1504
f 863 817 793
f 112 111 113
f 582 639 513
f 832 948 861
f 1648 1620 1656
f 1343 1373 1323
f 1688 1616 1610
f 1062 955 1098
f 103 70 73
f 48 47 42
f 359 256 196
f 1042 1002 912
f 205 130 136
f 1607 1538 1668
f 416 315 374
f 392 403 434
f 607 616 490
f 1110 1109 1080
f 395 281 375
f 1735 1704 1894
f 831 868 767
f 855 745 802
f 1934 1932 1940
f 949 943 989
f 1230 1093 1270
f 1517 1376 1582
f 817 688 646
f 1335 1351 1218
f 1481 1325 1438
f 745 716 802
f 179 184 186
f 820 790 868
f 515 521 568
f 449 373 360
f 698 646 638
f 1456 1368 1402
f 1456 1402 1486
f 1729 1838 1773
f 595 530 580
f 893 922 1050
f 1852 1853 1850
f 45 40 44
f 666 616 607
f 1310 1304 1220
f 1256 1196 1095
f 405 334 392
f 1709 1617 1639
f 1042 1056 1002
f 664 535 663
f 72 68 69
f 1478 1386 1379
f 1509 1456 1486
f 1762 1878 1709
f 55 59 53
f 1016 939 861
f 503 525 477
f 544 569 501
f 376 331 312
f 782 844 718
f 86 28 23
f 1640 1584 1691
f 362 282 292
f 794 738 828
f 506 520 398
f 128 320 83
f 1671 1587 1685
f 1212 1205 1153
f 677 592 555
f 1716 1660 1598
f 806 713 760
f 847 707 726
f 247 238 237
f 1505 1448 1561
f 75 74 72
f 1178 1145 1039
f 1045 1060 1008
f 1224 1458 1273
f 247 237 347
f 1777 1690 1652
f 14 12 6
f 1633 1617 1709
f 397 332 429
f 701 614 669
f 1194 1163 1157
f 639 679 622
f 896 755 907
f 1750 1748 1656
f 201 228 112
f 1289 1222 1195
f 460 496 580
f 1091 1026 1172
f 1255 1116 1301
f 1323 1242 1299
f 1673 1631 1619
f 1727 1685 1726
f 1095 1196 1005
f 48 50 47
f 560 642 559
f 1234 1090 1128
f 994 946 1030
f 1788 1782 1784
f 268 202 271
f 711 571 589
f 288 344 262
f 1040 1112 1152
f 126 121 127
f 1007 1031 1106
f 297 231 308
f 199 111 112
f 1228 1098 1168
f 964 931 839
f 973 983 863
f 1105 1077 1161
f 380 376 247
f 1911 1906 1904
f 1128 1090 1041
f 1836 1832 1826
f 1187 1109 1110
f 1389 1338 1282
f 1804 1796 1801
f 881 836 721
f 1605 1523 1543
f 1666 1606 1642
f 574 539 627
f 945 808 836
f 1852 1850 1846
f 1295 1259 1246
f 1815 1817 1810
f 600 512 535
f 1418 1237 1314
f 1367 1261 1316
f 1949 1891 1730
f 1030 920 1014
f 807 770 696
f 319 227 279
f 1508 1468 1429
f 125 124 203
f 1111 1094 1093
f 1346 1252 1251
f 122 120 131
f 1147 1136 1054
f 1439 1377 1328
f 1630 1688 1610
f 229 138 206
f 1520 1515 1373
f 1240 1151 1199
f 1234 1178 1090
f 791 734 658
f 665 602 670
f 1782 1791 1786
f 12 11 8
f 53 94 49
f 1783 1744 1766
f 69 68 63
f 351 318 366
f 993 887 897
f 1729 1843 1838
f 418 309 311
f 309 288 168
f 1493 1385 1415
f 1118 1082 1076
f 937 888 874
f 1833 1889 1938
f 1624 1605 1604
f 523 378 488
f 803 787 684
f 1652 1579 1651
f 439 331 414
f 814 714 770
f 277 91 93
f 1700 1675 1634
f 396 400 424
f 815 745 891
f 1891 1942 1890
f 302 196 78
f 1687 1622 1708
f 976 968 977
f 20 19 11
f 721 836 685
f 1928 1924 1922
f 160 159 154
f 238 192 237
f 867 860 732
f 1470 1443 1509
f 1802 1798 1797
f 439 428 335
f 522 545 487
f 1274 1160 1308
f 166 163 167
f 1206 1113 1135
f 1457 1354 1412
f 252 217 213
f 436 380 454
f 664 663 722
f 761 769 651
f 1929 1930 1933
f 1881 1962 1715
f 599 511 541
f 1491 1495 1457
f 935 960 851
f 45 46 40
f 1256 1095 1182
f 220 218 170
f 1134 1019 1103
f 1217 1149 1109
f 172 60 97
f 1135 1113 1030
f 96 52 95
f 160 154 157
f 643 578 650
f 98 62 65
f 851 782 783
f 1027 980 1124
f 343 361 291
f 708 619 680
f 468 393 367
f 1607 1596 1538
f 1699 1520 1623
f 1956 1862 1953
f 1352 1195 1272
f 495 412 433
f 1887 1667 1818
f 1149 998 979
f 1784 1782 1745
f 1058 1029 913
f 1436 1318 1408
f 1459 1351 1335
f 1455 1361 1406
f 1415 1331 1372
f 1614 1502 1487
f 982 1117 1144
f 550 493 558
f 1771 1814 1806
f 301 311 234
f 1606 1621 1642
f 1723 1767 1646
f 31 25 28
f 718 639 582
f 1689 1669 1612
f 1722 1756 1616
f 1212 1296 1205
f 1094 934 1004
f 629 628 597
f 1384 1304 1310
f 509 413 391
f 1507 1407 1428
f 1521 1480 1498
f 610 498 584
f 181 174 178
f 1065 932 950
f 1961 1958 1959
f 379 343 293
f 981 862 893
f 785 675 778
f 1039 1024 936
f 611 605 732
f 732 605 603
f 863 895 817
f 1885 1884 1675
f 389 407 348
f 278 223 305
f 774 704 751
f 1872 1873 1871
f 220 170 175
f 37 36 32
f 1365 1364 1284
f 434 345 385
f 384 283 356
f 1610 1608 1566
f 152 153 157
f 885 856 803
f 1213 1280 1154
f 1843 1849 1841
f 551 464 578
f 1422 1449 1365
f 1403 1279 1381
f 415 395 375
f 1627 1564 1535
f 259 240 198
f 1948 1945 1950
f 338 307 259
f 1787 1769 1783
f 1230 1218 1111
f 293 210 269
f 313 294 197
f 273 249 86
f 1146 1079 988
f 1587 1529 1453
f 988 986 1007
f 1061 1200 1087
f 1952 1730 1757
f 1424 1526 1404
f 286 268 340
f 399 407 430
f 923 892 980
f 1157 1052 1053
f 1829 1822 1825
f 1832 1828 1821
f 364 306 255
f 96 54 52
f 1460 1390 1330
f 280 299 228
f 51 49 46
f 274 95 92
f 187 183 179
f 1485 1391 1532
f 413 310 391
f 1744 1673 1672
f 647 506 500
f 1224 1273 1191
f 502 482 528
f 563 419 540
f 1705 1582 1611
f 1897 1964 1883
f 144 141 137
f 1475 1400 1378
f 1077 937 1040
f 84 13 82
f 313 197 83
f 47 45 44
f 1856 1733 1732
f 120 121 126
f 858 721 764
f 192 188 193
f 1840 1848 1842
f 1615 1694 1632
f 228 199 112
f 713 644 694
f 18 16 14
f 634 551 643
f 1834 1826 1831
f 224 246 189
f 1221 1147 1138
f 1597 1659 1553
f 1230 1111 1093
f 677 761 667
f 1591 1579 1652
f 1216 1172 1248
f 1901 1742 1764
f 882 966 864
f 449 480 442
f 654 598 738
f 1402 1244 1289
f 575 563 540
f 1326 1325 1249
f 1622 1587 1671
f 1380 1196 1256
f 470 516 425
f 253 242 318
f 23 25 21
f 1195 1131 1173
f 274 92 298
f 1941 1940 1943
f 1826 1823 1816
f 1341 1206 1391
f 1618 1460 1545
f 27 30 24
f 419 390 324
f 833 884 930
f 1450 1304 1384
f 172 63 60
f 590 644 683
f 1763 1660 1716
f 839 807 735
f 1606 1586 1621
f 666 537 616
f 1122 1032 994
f 1730 1694 1615
f 1111 1010 992
f 608 548 509
f 514 360 499
f 1219 1134 1118
f 1566 1495 1491
f 1390 1293 1330
f 86 23 85
f 551 478 464
f 688 554 646
f 243 276 207
f 1364 1340 1283
f 999 954 940
f 1908 1910 1914
f 1626 1594 1571
f 1219 1118 1202
f 1261 1180 1253
f 1418 1444 1237
f 354 268 271
f 78 107 294
f 1811 1681 1693
f 1015 903 879
f 1406 1361 1228
f 1917 1915 1911
f 1898 1965 1964
f 1823 1821 1812
f 578 464 517
f 1192 1076 1070
f 940 868 831
f 293 209 210
f 85 84 260
f 1116 991 1101
f 206 204 268
f 233 182 173
f 1920 1908 1919
f 1270 1250 1328
f 1882 1690 1777
f 998 941 956
f 1778 1690 1882
f 213 161 151
f 1215 1285 1271
f 271 337 406
f 1029 966 882
f 1854 1851 1948
f 1931 1772 1819
f 1720 1829 1825
f 1449 1421 1364
f 510 553 418
f 600 492 481
f 606 529 484
f 869 770 807
f 1768 1653 1743
f 968 947 987
f 770 714 695
f 1321 1370 1290
f 1917 1913 1921
f 1714 1760 1630
f 787 841 761
f 223 186 182
f 120 115 121
f 1649 1600 1593
f 1322 1435 1389
f 1075 1004 908
f 1805 1800 1796
f 464 383 517
f 1002 944 885
f 744 791 626
f 921 789 819
f 88 250 140
f 236 193 267
f 1506 1422 1286
f 1012 901 887
f 933 776 849
f 1104 1151 1069
f 1880 1879 1878
f 899 789 921
f 1865 1861 1858
f 621 581 599
f 984 823 877
f 103 102 70
f 834 838 769
f 391 317 459
f 1819 1693 1728
f 1629 1583 1683
f 1724 1785 1718
f 384 342 283
f 74 77 71
f 1491 1457 1412
f 1766 1664 1646
f 1035 1054 916
f 1556 1511 1445
f 1035 916 932
f 1748 1648 1656
f 401 316 329
f 1094 1111 992
f 44 38 41
f 1807 1809 1803
f 153 150 151
f 684 787 677
f 815 753 745
f 1666 1642 1682
f 1780 1779 1723
f 1692 1562 1532
f 700 718 582
f 1770 1749 1918
f 1561 1448 1513
f 1108 1026 1033
f 655 663 542
f 468 367 475
f 206 138 133
f 1542 1491 1395
f 289 96 287
f 252 213 241
f 1690 1591 1652
f 1172 1108 1193
f 555 553 510
f 1718 1679 1680
f 446 330 408
f 1841 1840 1834
f 494 537 379
f 1053 1052 941
f 885 944 856
f 243 207 208
f 1065 1035 932
f 995 1022 947
f 1802 1727 1726
f 1309 1245 1203
f 185 183 187
f 982 907 951
f 102 67 70
f 1112 1051 1120
f 1397 1349 1309
f 91 34 43
f 245 221 222
f 1176 1120 1119
f 1571 1594 1528
f 1049 949 1044
f 319 259 227
f 458 323 417
f 582 513 480
f 41 38 39
f 949 989 1044
f 356 303 426
f 1954 1950 1951
f 1810 1808 1805
f 164 157 161
f 617 715 776
f 789 665 757
f 104 103 73
f 788 723 722
f 1898 1695 1659
f 1371 1397 1225
f 546 571 462
f 144 137 145
f 1250 1133 1175
f 818 703 859
f 1657 1635 1643
f 1890 1696 1694
f 496 491 539
f 448 350 336
f 1303 1358 1413
f 1502 1503 1396
f 1965 1963 1964
f 1305 1241 1342
f 1191 1158 1042
f 538 471 507
f 919 1018 877
f 1190 1056 1158
f 1817 1826 1816
f 1599 1569 1560
f 1210 1152 1233
f 1825 1822 1820
f 1885 1903 1884
f 1810 1813 1808
f 1473 1445 1321
f 716 683 749
f 1458 1430 1273
f 1430 1320 1273
f 1811 1725 1681
f 1488 1447 1421
f 804 872 687
f 1004 837 908
f 982 973 896
f 1799 1701 1725
f 756 747 647
f 1615 1578 1507
f 1772 1811 1693
f 703 541 668
f 552 478 551
f 1319 1221 1229
f 1232 1199 1145
f 307 239 240
f 1218 1132 1010
f 613 623 532
f 932 838 834
f 1175 1133 1074
f 1010 1132 945
f 119 114 118
f 1433 1380 1256
f 893 862 857
f 1851 1847 1948
f 1781 1783 1766
f 646 612 638
f 915 860 867
f 493 526 558
f 1633 1714 1552
f 1924 1920 1922
f 450 374 411
f 370 305 467
f 1644 1681 1636
f 794 654 738
f 285 336 225
f 498 397 429
f 1125 1123 1023
f 284 244 304
f 578 517 572
f 1945 1944 1936
f 1355 1255 1431
f 999 995 954
f 1352 1272 1417
f 1116 1101 1159
f 1205 1258 1204
f 857 731 776
f 1009 930 1034
f 712 729 743
f 1817 1816 1813
f 323 252 241
f 461 473 387
f 950 932 834
f 99 234 98
f 1767 1766 1646
f 298 92 261
f 1010 925 992
f 145 137 138
f 1654 1484 1585
f 1884 1716 1717
f 1756 1729 1623
f 1418 1376 1517
f 1521 1498 1572
f 1408 1288 1360
f 956 941 889
f 7 1 2
f 1638 1581 1482
f 846 845 752
f 1068 901 1028
f 1846 1840 1841
f 566 524 483
f 720 754 842
f 579 472 495
f 1243 1137 1236
f 1843 1837 1838
f 1602 1570 1561
f 1720 1751 1686
f 1166 1032 1122
f 1454 1374 1407
f 35 34 26
f 251 211 232
f 1677 1650 1581
f 608 467 548
f 949 892 917
f 1537 1392 1442
f 1771 1702 1657
f 1588 1627 1535
f 486 490 390
f 1406 1333 1426
f 1577 1451 1548
f 1682 1642 1593
f 503 424 502
f 1903 1763 1884
f 1618 1545 1653
f 1443 1368 1456
f 1080 990 1001
f 1387 1346 1345
f 795 739 794
f 943 917 891
f 1356 1348 1292
f 775 659 682
f 1739 1738 1880
f 58 61 56
f 1905 1900 1903
f 677 555 594
f 1757 1730 1650
f 942 891 855
f 804 687 629
f 1820 1814 1751
f 1556 1598 1511
f 1669 1604 1612
f 1059 938 976
f 1592 1569 1599
f 1242 1163 1194
f 896 863 793
f 536 476 423
f 558 570 641
f 444 422 482
f 1188 1066 1243
f 587 469 581
f 1926 1929 1887
f 530 435 447
f 667 651 553
f 814 712 714
f 515 411 521
f 1285 1267 1385
f 950 834 841
f 1160 1117 1057
f 222 185 189
f 329 316 88
f 223 235 186
f 830 812 709
f 1837 1831 1829
f 531 436 504
f 1211 1165 1086
f 657 561 611
f 1748 1793 1724
f 13 14 6
f 1687 1519 1622
f 366 318 386
f 580 496 593
f 369 293 269
f 698 678 755
f 560 516 470
f 474 414 376
f 1132 1073 945
f 1121 1127 1029
f 1304 1280 1213
f 1625 1502 1614
f 1708 1622 1703
f 1574 1522 1458
f 1101 991 981
f 1916 1912 1909
f 1889 1887 1929
f 440 519 448
f 647 653 506
f 1806 1801 1750
f 978 963 988
f 1303 1258 1205
f 690 594 645
f 1488 1421 1449
f 1959 1955 1957
f 1613 1554 1660
f 926 910 985
f 587 521 469
f 955 848 911
f 1644 1636 1497
f 1322 1240 1199
f 1577 1461 1451
f 150 147 148
f 801 830 748
f 1514 1476 1493
f 749 713 806
f 1600 1559 1593
f 853 741 860
f 272 81 314
f 1299 1194 1277
f 171 164 169
f 913 1029 882
f 1024 1043 935
f 743 729 693
f 1376 1394 1470
f 1041 1015 879
f 1930 1932 1934
f 1628 1537 1676
f 746 661 575
f 1494 1576 1586
f 1215 1033 1185
f 912 1002 885
f 1615 1507 1550
f 547 552 644
f 1312 1386 1319
f 985 910 959
f 1047 948 970
f 825 877 765
f 924 900 870
f 986 952 1007
f 1394 1300 1368
f 1368 1244 1402
f 1568 1463 1444
f 104 254 103
f 1697 1590 1629
f 1005 972 872
f 1034 930 1026
f 991 894 886
f 1265 1159 1188
f 362 401 329
f 79 4 3
f 875 786 967
f 575 428 439
f 732 603 701
f 228 248 199
f 268 204 202
f 713 694 742
f 44 40 38
f 852 879 785
f 921 819 929
f 1239 1226 1150
f 162 157 163
f 4 6 3
f 97 60 54
f 829 805 766
f 403 304 345
f 652 580 593
f 1648 1724 1684
f 1657 1627 1588
f 1467 1441 1494
f 237 236 267
f 491 392 434
f 899 854 799
f 1083 1150 1058
f 793 817 646
f 958 894 991
f 233 173 169
f 1267 1179 1227
f 1667 1606 1666
f 1078 1059 977
f 1302 1178 1234
f 773 700 623
f 1078 1128 1059
f 1870 1872 1869
f 801 748 676
f 982 896 907
f 1856 1732 1731
f 737 662 586
f 1041 879 938
f 1155 1020 1060
f 857 776 922
f 116 110 115
f 1072 933 1000
f 917 815 891
f 1367 1316 1453
f 1285 1385 1476
f 709 740 604
f 394 340 354
f 123 119 118
f 1465 1446 1356
f 1020 1006 927
f 563 486 419
f 1672 1546 1664
f 1149 979 1109
f 482 422 493
f 1824 1667 1887
f 1861 1857 1853
f 666 693 537
f 689 643 650
f 976 938 904
f 117 112 113
f 1329 1252 1346
f 1592 1557 1569
f 505 358 455
f 1882 1879 1880
f 1011 908 918
f 1868 1866 1871
f 1226 1225 1183
f 149 146 154
f 104 73 76
f 181 178 182
f 352 256 377
f 327 260 272
f 971 871 957
f 1317 1287 1247
f 758 779 680
f 1871 1866 1865
f 275 218 264
f 1060 1020 928
f 485 547 590
f 755 793 698
f 1323 1350 1262
f 1463 1597 1363
f 1391 1206 1315
f 1019 965 984
f 106 76 77
f 223 182 233
f 1808 1807 1800
f 750 645 596
f 687 596 628
f 1790 1787 1783
f 554 358 505
f 835 754 763
f 1061 999 941
f 1741 1660 1763
f 1454 1548 1451
f 1956 1953 1958
f 412 472 333
f 1432 1355 1431
f 1713 1775 1677
f 835 763 827
f 742 634 689
f 900 781 870
f 907 880 951
f 351 255 318
f 1251 1197 1134
f 1833 1830 1889
f 1063 987 1022
f 1603 1509 1486
f 1343 1323 1299
f 1466 1475 1378
f 1954 1951 1955
f 1471 1327 1510
f 1925 1924 1928
f 1785 1784 1745
f 1567 1516 1658
f 974 1058 913
f 869 807 839
f 1305 1253 1241
f 1847 1754 1944
f 1234 1128 1204
f 1255 1231 1143
f 1061 941 1052
f 494 369 490
f 720 652 754
f 998 1053 941
f 627 583 671
f 1516 1551 1637
f 1553 1663 1525
f 477 424 503
f 1344 1236 1268
f 532 557 480
f 1558 1460 1618
f 1277 1186 1325
f 1453 1426 1367
f 131 126 132
f 1489 1535 1477
f 1017 1005 895
f 1719 1641 1674
f 1445 1511 1370
f 1814 1820 1815
f 965 823 984
f 1372 1357 1400
f 290 229 206
f 1657 1656 1635
f 1338 1226 1239
f 854 780 800
f 246 331 245
f 1444 1463 1237
f 615 576 443
f 1031 1007 952
f 591 607 486
f 618 504 610
f 232 151 148
f 1783 1769 1744
f 309 349 288
f 695 714 666
f 1662 1713 1638
f 385 345 287
f 494 379 369
f 1460 1330 1440
f 1893 1892 1775
f 1177 1083 1151
f 1762 1639 1739
f 1523 1432 1500
f 276 205 207
f 1812 1809 1807
f 1250 1093 1133
f 1372 1297 1357
f 1183 1127 1121
f 1317 1441 1467
f 1752 1703 1727
f 339 372 319
f 1293 1233 1330
f 1879 1761 1874
f 101 72 69
f 501 499 395
f 1096 1127 1225
f 1402 1417 1486
f 1100 1110 1055
f 1345 1336 1434
f 1885 1675 1700
f 584 429 479
f 567 468 475
f 1412 1313 1395
f 1904 1905 1908
f 1576 1494 1514
f 1191 1042 1092
f 444 400 422
f 1252 1197 1251
f 435 351 366
f 61 65 62
f 1250 1175 1327
f 1940 1936 1934
f 1920 1913 1908
f 729 589 693
f 1579 1510 1432
f 1763 1716 1884
f 128 83 10
f 261 231 321
f 1942 1891 1949
f 1557 1472 1446
f 241 213 211
f 1149 1142 998
f 755 816 907
f 989 942 1009
f 1889 1933 1938
f 1819 1772 1693
f 1402 1352 1417
f 841 834 761
f 813 760 728
f 1931 1819 1888
f 1465 1356 1420
f 1067 1019 1148
f 1077 1040 1152
f 299 339 248
f 1556 1445 1512
f 1214 1260 1140
f 63 64 58
f 492 354 481
f 1371 1225 1226
f 619 545 577
f 1912 1907 1902
f 80 4 79
f 1432 1523 1579
f 1547 1512 1398
f 1711 1666 1682
f 1706 1544 1582
f 17 14 13
f 1107 1061 1052
f 1087 1162 1071
f 307 337 239
f 436 454 504
f 1857 1856 1853
f 437 456 338
f 1813 1812 1808
f 946 866 920
f 1406 1426 1519
f 1450 1414 1304
f 1044 1099 1222
f 1340 1296 1283
f 333 292 277
f 435 366 447
f 1915 1909 1911
f 1429 1393 1362
f 698 638 678
f 154 152 157
f 1298 1332 1207
f 227 110 111
f 561 463 523
f 322 261 321
f 303 378 426
f 1777 1652 1761
f 680 577 642
f 1940 1939 1943
f 166 162 163
f 1579 1605 1624
f 1760 1870 1759
f 1863 1734 1733
f 488 382 394
f 1837 1843 1841
f 51 46 45
f 210 212 215
f 543 456 437
f 1945 1936 1941
f 1656 1620 1635
f 1204 1153 1205
f 1844 1731 1755
f 927 898 847
f 799 733 789
f 1642 1602 1649
f 1586 1576 1621
f 781 735 661
f 778 702 708
f 1732 1629 1731
f 1081 1095 1017
f 651 744 635
f 311 265 234
f 911 848 759
f 1750 1702 1771
f 1301 1281 1369
f 1541 1470 1509
f 1826 1832 1823
f 813 780 884
f 671 590 683
f 1071 1022 995
f 1567 1423 1516
f 55 53 51
f 1632 1577 1548
f 1046 1021 1114
f 330 274 298
f 596 564 461
f 360 373 280
f 594 555 510
f 1721 1668 1854
f 311 309 265
f 1050 922 1066
f 1774 1688 1759
f 1908 1905 1903
f 1903 1885 1795
f 1330 1347 1382
f 565 502 528
f 1513 1400 1475
f 1683 1583 1687
f 1615 1632 1578
f 1047 1045 1016
f 1780 1723 1745
f 1359 1200 1107
f 26 29 22
f 1011 958 1074
f 1054 1047 970
f 329 88 282
f 819 705 797
f 1573 1540 1565
f 1288 1306 1360
f 1611 1499 1541
f 235 188 186
f 469 420 511
f 1385 1331 1415
f 472 508 445
f 1488 1449 1422
f 78 2 107
f 557 582 480
f 1639 1471 1591
f 72 71 68
f 204 133 129
f 244 96 289
f 1188 1243 1334
f 308 249 355
f 1363 1433 1256
f 1248 1172 1193
f 191 190 192
f 1066 933 1072
f 390 369 263
f 502 444 482
f 1695 1663 1553
f 1140 1212 1097
f 1530 1549 1427
f 1032 915 994
f 1721 1607 1668
f 1317 1247 1311
f 1661 1676 1835
f 1128 1041 1059
f 1698 1640 1764
f 1306 1287 1317
f 1718 1785 1710
f 1593 1559 1558
f 1319 1407 1324
f 771 618 697
f 215 212 162
f 858 881 721
f 816 678 720
f 1359 1365 1200
f 68 71 70
f 1845 1843 1729
f 669 631 724
f 259 307 240
f 1325 1186 1249
f 1324 1209 1221
f 420 377 410
f 1642 1621 1602
f 1428 1319 1386
f 1812 1821 1809
f 1409 1277 1325
f 884 780 854
f 1696 1577 1632
f 777 894 958
f 408 322 402
f 266 100 172
f 1165 1192 1070
f 1722 1688 1774
f 1634 1675 1512
f 1637 1590 1697
f 934 992 881
f 430 415 399
f 851 844 782
f 1638 1713 1677
f 137 139 138
f 419 486 390
f 1737 1662 1663
f 990 931 964
f 273 85 260
f 1127 1096 1013
f 1411 1263 1320
f 542 663 535
f 1394 1443 1470
f 1581 1650 1550
f 1362 1307 1254
f 855 833 942
f 567 475 598
f 1614 1640 1698
f 739 668 654
f 236 192 193
f 1089 1104 1043
f 1094 992 934
f 1769 1765 1744
f 427 425 389
f 350 325 254
f 843 690 750
f 398 371 294
f 585 596 519
f 1115 1037 1027
f 1773 1720 1645
f 864 788 722
f 837 764 737
f 556 410 468
f 170 166 167
f 968 904 883
f 390 275 324
f 339 279 248
f 293 291 209
f 1649 1602 1601
f 1244 1174 1289
f 1227 1130 1235
f 616 537 494
f 867 811 784
f 343 452 361
f 428 419 357
f 1581 1550 1478
f 1269 1149 1217
f 28 25 23
f 387 301 325
f 473 533 453
f 292 282 91
f 575 661 563
f 481 354 438
f 1003 971 1037
f 538 417 471
f 312 224 247
f 1850 1844 1848
f 586 618 737
f 979 931 990
f 423 476 368
f 1794 1641 1719
f 806 760 813
f 335 357 221
f 521 421 469
f 280 228 201
f 951 971 1003
f 200 118 114
f 1894 1704 1862
f 639 622 513
f 39 36 37
f 1073 924 945
f 1033 997 1064
f 1294 1258 1339
f 486 607 490
f 521 411 421
f 128 10 15
f 539 434 485
f 903 846 879
f 871 754 835
f 623 557 532
f 1852 1846 1841
f 785 752 675
f 1568 1597 1463
f 862 736 731
f 1531 1585 1435
f 94 93 49
f 886 862 981
f 42 47 41
f 1239 1150 1177
f 301 404 311
f 1957 1892 1893
f 870 746 808
f 1059 1041 938
f 82 13 9
f 305 233 310
f 1493 1415 1505
f 1694 1696 1632
f 565 503 502
f 733 632 665
f 1288 1287 1306
f 1281 1159 1265
f 253 101 242
f 308 258 249
f 1616 1756 1623
f 1451 1461 1332
f 662 474 586
f 1539 1455 1589
f 1264 1110 1189
f 1492 1369 1423
f 1443 1456 1509
f 899 799 789
f 730 672 617
f 1269 1249 1142
f 1362 1393 1307
f 89 282 88
f 140 250 135
f 1583 1406 1519
f 728 650 681
f 1057 951 1003
f 93 43 49
f 463 356 426
f 353 81 352
f 35 26 30
f 1298 1207 1208
f 1963 1959 1957
f 522 457 516
f 1881 1715 1707
f 605 523 488
f 1365 1284 1200
f 1581 1478 1482
f 152 146 147
f 1868 1736 1758
f 195 77 75
f 306 226 255
f 604 476 536
f 1546 1479 1388
f 438 406 512
f 410 256 359
f 98 265 168
f 1565 1481 1468
f 1609 1603 1607
f 748 649 676
f 670 641 705
f 1717 1716 1598
f 316 423 368
f 1629 1539 1589
f 832 861 734
f 1233 1176 1266
f 951 1057 1117
f 630 653 765
f 797 727 786
f 1221 1209 1147
f 344 277 262
f 1906 1902 1901
f 1298 1374 1332
f 844 829 718
f 648 641 570
f 1665 1654 1585
f 1471 1328 1327
f 1712 1609 1607
f 1264 1254 1110
f 585 519 549
f 598 475 630
f 262 93 94
f 1512 1445 1473
f 965 897 823
f 198 240 109
f 1737 1964 1896
f 56 51 50
f 1358 1303 1296
f 952 876 875
f 1193 1108 1215
f 1727 1671 1685
f 690 684 594
f 33 30 27
f 1533 1547 1496
f 134 122 131
f 882 805 829
f 777 809 894
f 702 675 601
f 736 608 731
f 1630 1542 1552
f 1722 1860 1855
f 1426 1453 1529
f 878 824 818
f 1789 1793 1788
f 91 282 89
f 23 21 18
f 500 506 381
f 691 565 632
f 1669 1651 1604
f 681 633 692
f 1279 1329 1381
f 304 244 289
f 33 27 31
f 210 209 155
f 576 647 500
f 1118 1076 1202
f 1387 1345 1434
f 1655 1634 1547
f 1571 1528 1488
f 1709 1639 1762
f 1440 1503 1545
f 568 521 587
f 1584 1501 1613
f 196 3 78
f 780 692 800
f 278 235 223
f 1841 1834 1837
f 1214 1140 1162
f 1781 1767 1779
f 402 363 464
f 603 488 527
f 1550 1386 1478
f 443 300 368
f 1119 1139 1238
f 1850 1848 1846
f 1253 1156 1241

