v -1.3680117784833934 -1.595455565846428 0.45000000000000001
v -0.6319882215166065 -1.595455565846428 0.45000000000000001
v -1 -1.3680117784833934 1.045455565846428
v -1 -1.3680117784833934 -0.14545556584642799
v -1.595455565846428 -1 0.081988221516606508
v -1.595455565846428 -1 0.81801177848339357
v -1 -1.7 0.45000000000000001
v -1.2163118960624633 -1.5663118960624631 0.80000000000000004
v -0.78368810393753674 -1.5663118960624631 0.80000000000000004
v -1 -1 1.1499999999999999
v -1.2163118960624633 -1.5663118960624631 0.099999999999999978
v -0.78368810393753674 -1.5663118960624631 0.099999999999999978
v -1 -1 -0.24999999999999994
v -1.5663118960624631 -0.64999999999999991 0.23368810393753681
v -1.5663118960624631 -1.3500000000000001 0.23368810393753681
v -1.3500000000000001 -1.2163118960624633 -0.11631189606246312
v -1.3500000000000001 -0.78368810393753674 -0.11631189606246312
v -1.5663118960624631 -0.64999999999999991 0.66631189606246322
v -1.5663118960624631 -1.3500000000000001 0.66631189606246322
v -1.3500000000000001 -1.2163118960624633 1.0163118960624631
v -1.3500000000000001 -0.78368810393753674 1.0163118960624631
v -1.7 -1 0.45000000000000001
v -1.1912865702388702 -1.6733568504487422 0.45000000000000001
v -0.80871342976112981 -1.6733568504487422 0.45000000000000001
v -1.3037219951868864 -1.6038679362913304 0.63192433910542811
v -1.1124354249480162 -1.4856463342923145 0.94143251134331418
v -1.1137218936815172 -1.6657395614066075 0.63400588924169676
v -0.69627800481311364 -1.6038679362913304 0.63192433910542811
v -0.88756457505198383 -1.4856463342923145 0.94143251134331418
v -0.88627810631848281 -1.6657395614066075 0.63400588924169676
v -1 -1.595455565846428 0.81801177848339357
v -1 -1.1912865702388702 1.1233568504487423
v -1.3037219951868864 -1.6038679362913304 0.26807566089457197
v -1.1124354249480162 -1.4856463342923145 -0.041432511343314105
v -1.1137218936815172 -1.6657395614066075 0.26599411075830326
v -0.69627800481311364 -1.6038679362913304 0.26807566089457197
v -0.88756457505198383 -1.4856463342923145 -0.041432511343314105
v -0.88627810631848281 -1.6657395614066075 0.26599411075830326
v -1 -1.595455565846428 0.081988221516606452
v -1 -1.1912865702388702 -0.22335685044874226
v -0.51435366570768548 -1.4914325113433142 0.33756457505198378
v -0.58855032339526869 -1.4817336721649106 0.15227221707678601
v -0.81807566089457184 -1.3037219951868864 -0.15386793629133028
v -0.702272217076786 -1.4114496766047311 -0.031733672164910687
v -0.81599411075830319 -1.1137218936815172 -0.21573956140660749
v -0.51435366570768548 -1.4914325113433142 0.56243542494801624
v -0.58855032339526869 -1.4817336721649106 0.74772778292321407
v -0.81807566089457184 -1.3037219951868864 1.0538679362913304
v -0.702272217076786 -1.4114496766047311 0.93173367216491076
v -1.4856463342923145 -0.50856748865668577 0.33756457505198378
v -1.6038679362913304 -0.81807566089457184 0.14627800481311365
v -1.4856463342923145 -1.4914325113433142 0.33756457505198378
v -1.6038679362913304 -1.1819243391054282 0.14627800481311365
v -1.4114496766047313 -1.4817336721649106 0.15227221707678601
v -1.1819243391054282 -1.3037219951868864 -0.15386793629133028
v -1.491432511343314 -1.1124354249480162 -0.035646334292314341
v -1.2977277829232139 -1.4114496766047311 -0.031733672164910687
v -1.1840058892416967 -1.1137218936815172 -0.21573956140660749
v -1.4817336721649106 -1.2977277829232139 0.038550323395268815
v -1.491432511343314 -0.88756457505198383 -0.035646334292314341
v -1.1840058892416967 -0.88627810631848281 -0.21573956140660749
v -1.4817336721649106 -0.702272217076786 0.038550323395268815
v -1.3680117784833936 -1 -0.14545556584642788
v -1.4856463342923145 -0.50856748865668577 0.56243542494801624
v -1.6038679362913304 -0.81807566089457184 0.75372199518688632
v -1.5954555658464278 -0.63198822151660639 0.45000000000000001
v -1.4856463342923145 -1.4914325113433142 0.56243542494801624
v -1.6038679362913304 -1.1819243391054282 0.75372199518688632
v -1.4114496766047313 -1.4817336721649106 0.74772778292321407
v -1.5954555658464278 -1.3680117784833936 0.45000000000000001
v -1.1819243391054282 -1.3037219951868864 1.0538679362913304
v -1.491432511343314 -1.1124354249480162 0.93564633429231436
v -1.2977277829232139 -1.4114496766047311 0.93173367216491076
v -1.1840058892416967 -1.1137218936815172 1.1157395614066075
v -1.4817336721649106 -1.2977277829232139 0.86144967660473126
v -1.491432511343314 -0.88756457505198383 0.93564633429231436
v -1.1840058892416967 -0.88627810631848281 1.1157395614066075
v -1.4817336721649106 -0.702272217076786 0.86144967660473126
v -1.3680117784833936 -1 1.045455565846428
v -1.6733568504487422 -1 0.25871342976112982
v -1.6733568504487422 -1 0.64128657023887015
v -1.6657395614066075 -0.81599411075830319 0.33627810631848276
v -1.6657395614066075 -1.1840058892416967 0.33627810631848276
v -1.6657395614066075 -0.81599411075830319 0.56372189368151726
v -1.6657395614066075 -1.1840058892416967 0.56372189368151726
v -1.282348744032155 -1.6405303948630889 0.45000000000000001
v -1.0965665694893436 -1.6933072173698034 0.45000000000000001
v -0.71765125596784496 -1.6405303948630889 0.45000000000000001
v -0.90343343051065639 -1.6933072173698034 0.45000000000000001
v -1.3391091494424674 -1.6054505351042923 0.54184026516910899
v -1.2625269972347468 -1.5907380322356732 0.71852961287953343
v -1.2507601554406054 -1.6470132204279424 0.54215875994644525
v -1.0567604054103124 -1.4309494146115764 0.99869012969397986
v -1.1659604277454032 -1.5310566101142802 0.87477760449026998
v -1.0575697256955536 -1.6913818384165964 0.54314977289841393
v -1.1670738512237153 -1.6237045669318575 0.72033116991131441
v -1.1540819192313048 -1.6764748181817073 0.54295473377953174
v -1.2108812153652624 -1.6413709226338509 0.63485792546134578
v -0.66089085055753249 -1.6054505351042923 0.54184026516910899
v -0.73747300276525318 -1.5907380322356732 0.71852961287953343
v -0.74923984455939474 -1.6470132204279424 0.54215875994644525
v -0.94323959458968754 -1.4309494146115764 0.99869012969397986
v -0.83403957225459679 -1.5310566101142802 0.87477760449026998
v -1 -1.4920349213414412 0.94789721447355135
v -0.94243027430444637 -1.6913818384165964 0.54314977289841393
v -0.83292614877628479 -1.6237045669318575 0.72033116991131441
v -0.84591808076869535 -1.6764748181817073 0.54295473377953174
v -1 -1.6747028844273357 0.63648329079419719
v -0.78911878463473761 -1.6413709226338509 0.63485792546134578
v -1.1095041255281617 -1.5881245197289973 0.81348094280972849
v -0.89049587447183842 -1.5881245197289973 0.81348094280972849
v -1.0567992961339578 -1.5461430594970886 0.88416770782941301
v -1.0576265060223722 -1.6390877450526093 0.72972493619129586
v -0.94320070386604227 -1.5461430594970886 0.88416770782941301
v -0.94237349397762793 -1.6390877450526093 0.72972493619129586
v -1 -1.282348744032155 1.0905303948630889
v -1 -1.0965665694893436 1.1433072173698033
v -1.3391091494424674 -1.6054505351042923 0.35815973483089103
v -1.2625269972347468 -1.5907380322356732 0.18147038712046659
v -1.2507601554406054 -1.6470132204279424 0.35784124005355478
v -1.0567604054103124 -1.4309494146115764 -0.098690129693979889
v -1.1659604277454032 -1.5310566101142802 0.025222395509730045
v -1.0575697256955536 -1.6913818384165964 0.35685022710158609
v -1.1670738512237153 -1.6237045669318575 0.17966883008868556
v -1.1540819192313048 -1.6764748181817073 0.35704526622046828
v -1.2108812153652624 -1.6413709226338509 0.26514207453865418
v -0.66089085055753249 -1.6054505351042923 0.35815973483089103
v -0.73747300276525318 -1.5907380322356732 0.18147038712046659
v -0.74923984455939474 -1.6470132204279424 0.35784124005355478
v -0.94323959458968754 -1.4309494146115764 -0.098690129693979889
v -0.83403957225459679 -1.5310566101142802 0.025222395509730045
v -1 -1.4920349213414412 -0.047897214473551386
v -0.94243027430444637 -1.6913818384165964 0.35685022710158609
v -0.83292614877628479 -1.6237045669318575 0.17966883008868556
v -0.84591808076869535 -1.6764748181817073 0.35704526622046828
v -1 -1.6747028844273357 0.26351670920580283
v -0.78911878463473761 -1.6413709226338509 0.26514207453865418
v -1.1095041255281617 -1.5881245197289973 0.086519057190271531
v -0.89049587447183842 -1.5881245197289973 0.086519057190271531
v -1.0567992961339578 -1.5461430594970886 0.015832292170587015
v -1.0576265060223722 -1.6390877450526093 0.17027506380870422
v -0.94320070386604227 -1.5461430594970886 0.015832292170587015
v -0.94237349397762793 -1.6390877450526093 0.17027506380870422
v -1 -1.282348744032155 -0.19053039486308881
v -1 -1.0965665694893436 -0.24330721736980326
v -0.56905058538842357 -1.5486901296939801 0.39323959458968755
v -0.60012383860500396 -1.5548544604814971 0.30088399404560917
v -0.68220665018231719 -1.5305547940334434 0.12209910439313193
v -0.63871486596425731 -1.5484161888543193 0.20769288964770558
v -0.54681167428244315 -1.4916168927203617 0.24279678519556194
v -0.90815973483089096 -1.3391091494424674 -0.15545053510429235
v -0.73147038712046653 -1.2625269972347468 -0.14073803223567299
v -0.8508839940456091 -1.3998761613949962 -0.10485446048149699
v -0.90784124005355471 -1.2507601554406054 -0.19701322042794228
v -0.73977637587787082 -1.4949747468305832 0.028949331494718011
v -0.67209910439313192 -1.3177933498176828 -0.080554794033443511
v -0.79279678519556196 -1.4531883257175569 -0.041616892720361565
v -0.64063719113868645 -1.4526044542584122 0.055022051763959967
v -0.75769288964770554 -1.3612851340357428 -0.098416188854319187
v -0.90685022710158603 -1.0575697256955536 -0.24138183841659638
v -0.90704526622046833 -1.1540819192313048 -0.22647481818170728
v -0.81514207453865406 -1.2108812153652624 -0.19137092263385097
v -0.54739554574158789 -1.39497794823604 0.090637191138686513
v -0.60502205176395996 -1.3593628088613134 -0.0026044542584121033
v -0.56905058538842357 -1.5486901296939801 0.50676040541031253
v -0.60012383860500396 -1.5548544604814971 0.59911600595439085
v -0.50796507865855878 -1.4978972144735514 0.45000000000000001
v -0.68220665018231719 -1.5305547940334434 0.77790089560686804
v -0.63871486596425731 -1.5484161888543193 0.69230711035229442
v -0.54681167428244315 -1.4916168927203617 0.65720321480443811
v -0.90815973483089096 -1.3391091494424674 1.0554505351042924
v -0.73147038712046653 -1.2625269972347468 1.040738032235673
v -0.8508839940456091 -1.3998761613949962 1.0048544604814971
v -0.90784124005355471 -1.2507601554406054 1.0970132204279424
v -0.73977637587787082 -1.4949747468305832 0.87105066850528201
v -0.67209910439313192 -1.3177933498176828 0.98055479403344359
v -0.79279678519556196 -1.4531883257175569 0.94161689272036164
v -0.64063719113868645 -1.4526044542584122 0.84497794823604
v -0.75769288964770554 -1.3612851340357428 0.99841618885431926
v -0.90704526622046833 -1.1540819192313048 1.1264748181817072
v -0.81514207453865406 -1.2108812153652624 1.091370922633851
v -1.5310566101142802 -0.57522239550972998 0.28403957225459686
v -1.6054505351042923 -0.90815973483089096 0.11089085055753251
v -1.590738032235673 -0.73147038712046653 0.18747300276525325
v -1.4949747468305832 -0.57894933149471806 0.18977637587787088
v -1.4531883257175569 -0.50838310727963842 0.24279678519556194
v -1.4309494146115764 -1.5486901296939801 0.39323959458968755
v -1.5310566101142802 -1.42477760449027 0.28403957225459686
v -1.3998761613949959 -1.5548544604814971 0.30088399404560917
v -1.6054505351042923 -1.091840265169109 0.11089085055753251
v -1.590738032235673 -1.2685296128795334 0.18747300276525325
v -1.3177933498176828 -1.5305547940334434 0.12209910439313193
v -1.4949747468305832 -1.4210506685052819 0.18977637587787088
v -1.3612851340357426 -1.5484161888543193 0.20769288964770558
v -1.4531883257175569 -1.4916168927203617 0.24279678519556194
v -1.091840265169109 -1.3391091494424674 -0.15545053510429235
v -1.2685296128795334 -1.2625269972347468 -0.14073803223567299
v -1.1491160059543908 -1.3998761613949962 -0.10485446048149699
v -1.0921587599464453 -1.2507601554406054 -0.19701322042794228
v -1.5486901296939799 -1.0567604054103126 0.019050585388423524
v -1.42477760449027 -1.1659604277454032 -0.08105661011428017
v -1.5548544604814971 -1.1491160059543908 0.050123838605003967
v -1.2602236241221292 -1.4949747468305832 0.028949331494718011
v -1.3279008956068681 -1.3177933498176828 -0.080554794033443511
v -1.207203214804438 -1.4531883257175569 -0.041616892720361565
v -1.3593628088613134 -1.4526044542584122 0.055022051763959967
v -1.2423071103522945 -1.3612851340357428 -0.098416188854319187
v -1.0931497728984139 -1.0575697256955536 -0.24138183841659638
v -1.2703311699113145 -1.1670738512237153 -0.17370456693185748
v -1.0929547337795318 -1.1540819192313048 -0.22647481818170728
v -1.1848579254613458 -1.2108812153652624 -0.19137092263385097
v -1.5305547940334434 -1.3279008956068681 0.13220665018231725
v -1.4210506685052819 -1.2602236241221292 -0.044974746830583168
v -1.5484161888543193 -1.2423071103522945 0.088714865964257261
v -1.4526044542584122 -1.39497794823604 0.090637191138686513
v -1.4916168927203617 -1.207203214804438 -0.0031883257175568391
v -1.39497794823604 -1.3593628088613134 -0.0026044542584121033
v -1.2685296128795334 -0.73747300276525318 -0.14073803223567299
v -1.5486901296939799 -0.94323959458968754 0.019050585388423524
v -1.42477760449027 -0.83403957225459679 -0.08105661011428017
v -1.5548544604814971 -0.85088399404560922 0.050123838605003967
v -1.4978972144735514 -1 -0.042034921341441212
v -1.3279008956068681 -0.68220665018231719 -0.080554794033443511
v -1.0931497728984139 -0.94243027430444637 -0.24138183841659638
v -1.2703311699113145 -0.83292614877628479 -0.17370456693185748
v -1.0929547337795318 -0.84591808076869535 -0.22647481818170728
v -1.1864832907941971 -1 -0.22470288442733571
v -1.1848579254613458 -0.7891187846347375 -0.19137092263385097
v -1.5305547940334434 -0.67209910439313192 0.13220665018231725
v -1.4210506685052819 -0.73977637587787082 -0.044974746830583168
v -1.5484161888543193 -0.75769288964770554 0.088714865964257261
v -1.4526044542584122 -0.60502205176395996 0.090637191138686513
v -1.4916168927203617 -0.79279678519556196 -0.0031883257175568391
v -1.39497794823604 -0.64063719113868656 -0.0026044542584121033
v -1.3634809428097285 -1.1095041255281617 -0.13812451972899714
v -1.3634809428097285 -0.89049587447183842 -0.13812451972899714
v -1.4341677078294131 -1.0567992961339578 -0.096143059497088623
v -1.2797249361912959 -1.0576265060223722 -0.18908774505260934
v -1.4341677078294131 -0.94320070386604227 -0.096143059497088623
v -1.2797249361912959 -0.94237349397762793 -0.18908774505260934
v -1.5310566101142802 -0.57522239550972998 0.61596042774540316
v -1.4920349213414412 -0.5021027855264486 0.45000000000000001
v -1.6054505351042923 -0.90815973483089096 0.78910914944246757
v -1.590738032235673 -0.73147038712046653 0.71252699723474677
v -1.4949747468305832 -0.57894933149471806 0.71022362412212914
v -1.5881245197289973 -0.63651905719027146 0.34049587447183838
v -1.5881245197289973 -0.63651905719027146 0.55950412552816164
v -1.5461430594970886 -0.56583229217058695 0.39320070386604228
v -1.5461430594970886 -0.56583229217058695 0.5067992961339578
v -1.4309494146115764 -1.5486901296939801 0.50676040541031253
v -1.5310566101142802 -1.42477760449027 0.61596042774540316
v -1.3998761613949959 -1.5548544604814971 0.59911600595439085
v -1.4920349213414412 -1.4978972144735514 0.45000000000000001
v -1.6054505351042923 -1.091840265169109 0.78910914944246757
v -1.590738032235673 -1.2685296128795334 0.71252699723474677
v -1.3177933498176828 -1.5305547940334434 0.77790089560686804
v -1.4949747468305832 -1.4210506685052819 0.71022362412212914
v -1.3612851340357426 -1.5484161888543193 0.69230711035229442
v -1.4531883257175569 -1.4916168927203617 0.65720321480443811
v -1.5881245197289973 -1.3634809428097285 0.34049587447183838
v -1.5881245197289973 -1.3634809428097285 0.55950412552816164
v -1.5461430594970886 -1.4341677078294131 0.39320070386604228
v -1.5461430594970886 -1.4341677078294131 0.5067992961339578
v -1.091840265169109 -1.3391091494424674 1.0554505351042924
v -1.2685296128795334 -1.2625269972347468 1.040738032235673
v -1.1491160059543908 -1.3998761613949962 1.0048544604814971
v -1.0921587599464453 -1.2507601554406054 1.0970132204279424
v -1.5486901296939799 -1.0567604054103126 0.8809494146115765
v -1.42477760449027 -1.1659604277454032 0.98105661011428014
v -1.5548544604814971 -1.1491160059543908 0.84987616139499611
v -1.2602236241221292 -1.4949747468305832 0.87105066850528201
v -1.3279008956068681 -1.3177933498176828 0.98055479403344359
v -1.207203214804438 -1.4531883257175569 0.94161689272036164
v -1.3593628088613134 -1.4526044542584122 0.84497794823604
v -1.2423071103522945 -1.3612851340357428 0.99841618885431926
v -1.0931497728984139 -1.0575697256955536 1.1413818384165964
v -1.2703311699113145 -1.1670738512237153 1.0737045669318575
v -1.0929547337795318 -1.1540819192313048 1.1264748181817072
v -1.1848579254613458 -1.2108812153652624 1.091370922633851
v -1.5305547940334434 -1.3279008956068681 0.76779334981768277
v -1.4210506685052819 -1.2602236241221292 0.94497474683058313
v -1.5484161888543193 -1.2423071103522945 0.81128513403574276
v -1.4526044542584122 -1.39497794823604 0.80936280886131351
v -1.4916168927203617 -1.207203214804438 0.90318832571755681
v -1.39497794823604 -1.3593628088613134 0.90260445425841218
v -1.2685296128795334 -0.73747300276525318 1.040738032235673
v -1.5486901296939799 -0.94323959458968754 0.8809494146115765
v -1.42477760449027 -0.83403957225459679 0.98105661011428014
v -1.5548544604814971 -0.85088399404560922 0.84987616139499611
v -1.4978972144735514 -1 0.94203492134144118
v -1.3279008956068681 -0.68220665018231719 0.98055479403344359
v -1.0931497728984139 -0.94243027430444637 1.1413818384165964
v -1.2703311699113145 -0.83292614877628479 1.0737045669318575
v -1.1864832907941971 -1 1.1247028844273357
v -1.5305547940334434 -0.67209910439313192 0.76779334981768277
v -1.4210506685052819 -0.73977637587787082 0.94497474683058313
v -1.5484161888543193 -0.75769288964770554 0.81128513403574276
v -1.4526044542584122 -0.60502205176395996 0.80936280886131351
v -1.4916168927203617 -0.79279678519556196 0.90318832571755681
v -1.39497794823604 -0.64063719113868656 0.90260445425841218
v -1.3634809428097285 -1.1095041255281617 1.0381245197289972
v -1.3634809428097285 -0.89049587447183842 1.0381245197289972
v -1.4341677078294131 -1.0567992961339578 0.99614305949708859
v -1.2797249361912959 -1.0576265060223722 1.0890877450526093
v -1.4341677078294131 -0.94320070386604227 0.99614305949708859
v -1.2797249361912959 -0.94237349397762793 1.0890877450526093
v -1.6405303948630889 -1 0.16765125596784497
v -1.6933072173698034 -1 0.3534334305106564
v -1.6470132204279424 -0.90784124005355471 0.19923984455939475
v -1.6470132204279424 -1.0921587599464453 0.19923984455939475
v -1.6405303948630889 -1 0.732348744032155
v -1.6933072173698034 -1 0.54656656948934357
v -1.6470132204279424 -0.90784124005355471 0.70076015544060533
v -1.6470132204279424 -1.0921587599464453 0.70076015544060533
v -1.6237045669318575 -0.72966883008868555 0.28292614877628475
v -1.6913818384165964 -0.90685022710158603 0.39243027430444638
v -1.6413709226338509 -0.81514207453865406 0.23911878463473754
v -1.6390877450526093 -0.72027506380870421 0.39237349397762789
v -1.6764748181817073 -0.90704526622046833 0.2959180807686953
v -1.6237045669318575 -1.2703311699113145 0.28292614877628475
v -1.6913818384165964 -1.0931497728984139 0.39243027430444638
v -1.6413709226338509 -1.1848579254613458 0.23911878463473754
v -1.6390877450526093 -1.2797249361912959 0.39237349397762789
v -1.6764748181817073 -1.0929547337795318 0.2959180807686953
v -1.6237045669318575 -0.72966883008868555 0.61707385122371528
v -1.6913818384165964 -0.90685022710158603 0.50756972569555359
v -1.6413709226338509 -0.81514207453865406 0.66088121536526245
v -1.6390877450526093 -0.72027506380870421 0.50762650602237214
v -1.6764748181817073 -0.90704526622046833 0.60408191923130472
v -1.6747028844273357 -0.81351670920580277 0.45000000000000001
v -1.6237045669318575 -1.2703311699113145 0.61707385122371528
v -1.6913818384165964 -1.0931497728984139 0.50756972569555359
v -1.6413709226338509 -1.1848579254613458 0.66088121536526245
v -1.6390877450526093 -1.2797249361912959 0.50762650602237214
v -1.6764748181817073 -1.0929547337795318 0.60408191923130472
v -1.6747028844273357 -1.1864832907941971 0.45000000000000001
v -1.325960330967427 -1.6194754737966672 0.45000000000000001
v -1.2373857552123388 -1.6585195541684905 0.45000000000000001
v -1.0483991107415087 -1.6983247998456243 0.45000000000000001
v -1.1442718330025612 -1.6849712681580749 0.45000000000000001
v -0.67403966903257295 -1.6194754737966672 0.45000000000000001
v -0.76261424478766127 -1.6585195541684905 0.45000000000000001
v -0.95160088925849129 -1.6983247998456243 0.45000000000000001
v -0.85572816699743892 -1.6849712681580749 0.45000000000000001
v -1.3544086144853562 -1.6018934676609935 0.49603028965360263
v -1.3221866109724467 -1.6061097430336666 0.58721066689493195
v -1.3117555312452662 -1.625048697300542 0.49607184325460801
v -1.239993786116536 -1.5799127784003548 0.76000669682029653
v -1.2838036790206848 -1.5987358448058577 0.67576726937034104
v -1.221744317544649 -1.6623384888167365 0.49622968601039563
v -1.2781454062182893 -1.6274806990139301 0.58748856448684239
v -1.2672050615543502 -1.645343139681219 0.49619185151217071
v -1.2956545352669671 -1.6277603979647752 0.54222406694123149
v -1.0284482835179289 -1.4004389041389587 1.0234451841430647
v -1.0848008557601079 -1.4593972778673787 0.97130888727355869
v -1.1915946753750273 -1.5500004829368326 0.83831810302532772
v -1.1395318460181239 -1.5095709483910258 0.90920399878773361
v -1.0288738713570029 -1.6978421336131895 0.49671890524242296
v -1.0859106435313146 -1.6806589442783735 0.58900634122904338
v -1.077269494739854 -1.6941533373698499 0.49669656733580192
v -1.1922856260561367 -1.5968481150478646 0.76112467850688192
v -1.1408320105408061 -1.6467156727579007 0.67787097975900779
v -1.2153616087656591 -1.6088077173235762 0.72013430140788048
v -1.1731279897273947 -1.6766501588459062 0.4965967993188482
v -1.1342459928583961 -1.6728317272887587 0.58883616299469288
v -1.1257171448055854 -1.6870381999687378 0.49662307675012657
v -1.2029506061752118 -1.6634752574053726 0.54279889150193861
v -1.1060842265925221 -1.6855983356746889 0.54327946713164155
v -1.2579627906611628 -1.6242193684400061 0.63386239065851635
v -1.1627186192195578 -1.6552346764485846 0.63490584019602869
v -1.2374461905570062 -1.6179858521637676 0.67740447030651763
v -1.2314245526889334 -1.645877390666046 0.58887070475498682
v -1.1894389761991824 -1.6340822672940361 0.6781502851189547
v -1.1830852793969573 -1.6611028150172409 0.58936587977126109
v -0.64559138551464379 -1.6018934676609935 0.49603028965360263
v -0.67781338902755328 -1.6061097430336666 0.58721066689493195
v -0.68824446875473377 -1.625048697300542 0.49607184325460801
v -0.76000621388346412 -1.5799127784003548 0.76000669682029653
v -0.71619632097931507 -1.5987358448058577 0.67576726937034104
v -0.77825568245535104 -1.6623384888167365 0.49622968601039563
v -0.72185459378171069 -1.6274806990139301 0.58748856448684239
v -0.7327949384456498 -1.645343139681219 0.49619185151217071
v -0.70434546473303294 -1.6277603979647752 0.54222406694123149
v -0.97155171648207095 -1.4004389041389587 1.0234451841430647
v -0.91519914423989202 -1.4593972778673787 0.97130888727355869
v -1 -1.4323731828101876 1.0005028889902288
v -0.80840532462497283 -1.5500004829368326 0.83831810302532772
v -0.86046815398187615 -1.5095709483910258 0.90920399878773361
v -1.0564010886736404 -1.4904351739591872 0.94627840708623401
v -0.94359891132635965 -1.4904351739591872 0.94627840708623401
v -1.0284494737126169 -1.462618587958179 0.97457093850217791
v -0.97155052628738314 -1.462618587958179 0.97457093850217791
v -0.97112612864299697 -1.6978421336131895 0.49671890524242296
v -0.91408935646868539 -1.6806589442783735 0.58900634122904338
v -0.92273050526014599 -1.6941533373698499 0.49669656733580192
v -1 -1.6937319592334374 0.5434664043287013
v -0.80771437394386314 -1.5968481150478646 0.76112467850688192
v -0.85916798945919393 -1.6467156727579007 0.67787097975900779
v -0.78463839123434098 -1.6088077173235762 0.72013430140788048
v -0.82687201027260526 -1.6766501588459062 0.4965967993188482
v -0.86575400714160389 -1.6728317272887587 0.58883616299469288
v -0.87428285519441473 -1.6870381999687378 0.49662307675012657
v -0.79704939382478823 -1.6634752574053726 0.54279889150193861
v -0.89391577340747785 -1.6855983356746889 0.54327946713164155
v -1.0570507400927818 -1.6724583201258627 0.63586290847925686
v -0.94294925990721823 -1.6724583201258627 0.63586290847925686
v -1.028875636769041 -1.685196355827419 0.59025744743865594
v -0.97112436323095896 -1.685196355827419 0.59025744743865594
v -0.74203720933883721 -1.6242193684400061 0.63386239065851635
v -0.83728138078044223 -1.6552346764485846 0.63490584019602869
v -0.76255380944299378 -1.6179858521637676 0.67740447030651763
v -0.76857544731106653 -1.645877390666046 0.58887070475498682
v -0.81056102380081763 -1.6340822672940361 0.6781502851189547
v -0.81691472060304271 -1.6611028150172409 0.58936587977126109
v -1.1634117546991338 -1.5790030811624445 0.80784358374930476
v -1.0549213670094915 -1.5936199750601721 0.81687732098805121
v -1.1380921140258049 -1.5610525432808151 0.84515897019049568
v -1.1387590554391209 -1.6079741467252298 0.76798327227602992
v -0.83658824530086617 -1.5790030811624445 0.80784358374930476
v -0.94507863299050854 -1.5936199750601721 0.81687732098805121
v -0.86190788597419499 -1.5610525432808151 0.84515897019049568
v -0.86124094456087907 -1.6079741467252298 0.76798327227602992
v -1.0848348009337681 -1.5172203863845337 0.91398936244138373
v -1.0284726263611617 -1.5722660900086201 0.85212041949438933
v -1.1117290457514208 -1.5402883837053234 0.88081908357054695
v -1.0284739465137216 -1.5204470180123708 0.91725168358387388
v -1.0833547496066602 -1.5685186095896118 0.84979816941590114
v -1.0859601673904369 -1.6545913114606179 0.68263934444215679
v -1.0289094272976551 -1.6193320149999422 0.77494938099561406
v -1.112704478253453 -1.6333872825525253 0.72589536219796158
v -1.0289113882868828 -1.659132639445754 0.68389804455060921
v -1.0838288414844119 -1.6155411575824616 0.77261712393706627
v -0.91516519906623184 -1.5172203863845337 0.91398936244138373
v -0.97152737363883834 -1.5722660900086201 0.85212041949438933
v -0.88827095424857916 -1.5402883837053234 0.88081908357054695
v -0.9715260534862783 -1.5204470180123708 0.91725168358387388
v -0.91664525039333977 -1.5685186095896118 0.84979816941590114
v -1 -1.5479498895101504 0.88560408467530904
v -0.91403983260956323 -1.6545913114606179 0.68263934444215679
v -0.971090572702345 -1.6193320149999422 0.77494938099561406
v -0.88729552174654713 -1.6333872825525253 0.72589536219796158
v -0.97108861171311722 -1.659132639445754 0.68389804455060921
v -0.91617115851558806 -1.6155411575824616 0.77261712393706627
v -1 -1.6412644188225149 0.7306776534607311
v -1 -1.325960330967427 1.0694754737966672
v -1 -1.2373857552123388 1.1085195541684905
v -1 -1.0483991107415087 1.1483247998456243
v -1 -1.1442718330025612 1.1349712681580748
v -1.3544086144853562 -1.6018934676609935 0.40396971034639739
v -1.3221866109724467 -1.6061097430336666 0.31278933310506807
v -1.3117555312452662 -1.625048697300542 0.40392815674539201
v -1.239993786116536 -1.5799127784003548 0.13999330317970343
v -1.2838036790206848 -1.5987358448058577 0.22423273062965898
v -1.221744317544649 -1.6623384888167365 0.40377031398960439
v -1.2781454062182893 -1.6274806990139301 0.31251143551315763
v -1.2672050615543502 -1.645343139681219 0.40380814848782931
v -1.2956545352669671 -1.6277603979647752 0.35777593305876854
v -1.0284482835179289 -1.4004389041389587 -0.12344518414306466
v -1.0848008557601079 -1.4593972778673787 -0.071308887273558608
v -1.1915946753750273 -1.5500004829368326 0.061681896974672357
v -1.1395318460181239 -1.5095709483910258 -0.0092039987877336471
v -1.0288738713570029 -1.6978421336131895 0.40328109475757706
v -1.0859106435313146 -1.6806589442783735 0.31099365877095664
v -1.077269494739854 -1.6941533373698499 0.4033034326641981
v -1.1922856260561367 -1.5968481150478646 0.13887532149311815
v -1.1408320105408061 -1.6467156727579007 0.22212902024099226
v -1.2153616087656591 -1.6088077173235762 0.17986569859211948
v -1.1731279897273947 -1.6766501588459062 0.40340320068115182
v -1.1342459928583961 -1.6728317272887587 0.31116383700530714
v -1.1257171448055854 -1.6870381999687378 0.40337692324987345
v -1.2029506061752118 -1.6634752574053726 0.35720110849806141
v -1.1060842265925221 -1.6855983356746889 0.35672053286835848
v -1.2579627906611628 -1.6242193684400061 0.26613760934148367
v -1.1627186192195578 -1.6552346764485846 0.26509415980397133
v -1.2374461905570062 -1.6179858521637676 0.22259552969348245
v -1.2314245526889334 -1.645877390666046 0.31112929524501315
v -1.1894389761991824 -1.6340822672940361 0.2218497148810453
v -1.1830852793969573 -1.6611028150172409 0.31063412022873893
v -0.64559138551464379 -1.6018934676609935 0.40396971034639739
v -0.67781338902755328 -1.6061097430336666 0.31278933310506807
v -0.68824446875473377 -1.625048697300542 0.40392815674539201
v -0.76000621388346412 -1.5799127784003548 0.13999330317970343
v -0.71619632097931507 -1.5987358448058577 0.22423273062965898
v -0.77825568245535104 -1.6623384888167365 0.40377031398960439
v -0.72185459378171069 -1.6274806990139301 0.31251143551315763
v -0.7327949384456498 -1.645343139681219 0.40380814848782931
v -0.70434546473303294 -1.6277603979647752 0.35777593305876854
v -0.97155171648207095 -1.4004389041389587 -0.12344518414306466
v -0.91519914423989202 -1.4593972778673787 -0.071308887273558608
v -1 -1.4323731828101876 -0.10050288899022869
v -0.80840532462497283 -1.5500004829368326 0.061681896974672357
v -0.86046815398187615 -1.5095709483910258 -0.0092039987877336471
v -1.0564010886736404 -1.4904351739591872 -0.046278407086233986
v -0.94359891132635965 -1.4904351739591872 -0.046278407086233986
v -1.0284494737126169 -1.462618587958179 -0.07457093850217783
v -0.97155052628738314 -1.462618587958179 -0.07457093850217783
v -0.97112612864299697 -1.6978421336131895 0.40328109475757706
v -0.91408935646868539 -1.6806589442783735 0.31099365877095664
v -0.92273050526014599 -1.6941533373698499 0.4033034326641981
v -1 -1.6937319592334374 0.35653359567129872
v -0.80771437394386314 -1.5968481150478646 0.13887532149311815
v -0.85916798945919393 -1.6467156727579007 0.22212902024099226
v -0.78463839123434098 -1.6088077173235762 0.17986569859211948
v -0.82687201027260526 -1.6766501588459062 0.40340320068115182
v -0.86575400714160389 -1.6728317272887587 0.31116383700530714
v -0.87428285519441473 -1.6870381999687378 0.40337692324987345
v -0.79704939382478823 -1.6634752574053726 0.35720110849806141
v -0.89391577340747785 -1.6855983356746889 0.35672053286835848
v -1.0570507400927818 -1.6724583201258627 0.26413709152074311
v -0.94294925990721823 -1.6724583201258627 0.26413709152074311
v -1.028875636769041 -1.685196355827419 0.30974255256134409
v -0.97112436323095896 -1.685196355827419 0.30974255256134409
v -0.74203720933883721 -1.6242193684400061 0.26613760934148367
v -0.83728138078044223 -1.6552346764485846 0.26509415980397133
v -0.76255380944299378 -1.6179858521637676 0.22259552969348245
v -0.76857544731106653 -1.645877390666046 0.31112929524501315
v -0.81056102380081763 -1.6340822672940361 0.2218497148810453
v -0.81691472060304271 -1.6611028150172409 0.31063412022873893
v -1.1634117546991338 -1.5790030811624445 0.092156416250695261
v -1.0549213670094915 -1.5936199750601721 0.083122679011948808
v -1.1380921140258049 -1.5610525432808151 0.054841029809504338
v -1.1387590554391209 -1.6079741467252298 0.13201672772397011
v -0.83658824530086617 -1.5790030811624445 0.092156416250695261
v -0.94507863299050854 -1.5936199750601721 0.083122679011948808
v -0.86190788597419499 -1.5610525432808151 0.054841029809504338
v -0.86124094456087907 -1.6079741467252298 0.13201672772397011
v -1.0848348009337681 -1.5172203863845337 -0.013989362441383657
v -1.0284726263611617 -1.5722660900086201 0.047879580505610697
v -1.1117290457514208 -1.5402883837053234 0.019180916429453077
v -1.0284739465137216 -1.5204470180123708 -0.017251683583873856
v -1.0833547496066602 -1.5685186095896118 0.050201830584098939
v -1.0859601673904369 -1.6545913114606179 0.21736065555784317
v -1.0289094272976551 -1.6193320149999422 0.12505061900438597
v -1.112704478253453 -1.6333872825525253 0.17410463780203839
v -1.0289113882868828 -1.659132639445754 0.21610195544939079
v -1.0838288414844119 -1.6155411575824616 0.1273828760629338
v -0.91516519906623184 -1.5172203863845337 -0.013989362441383657
v -0.97152737363883834 -1.5722660900086201 0.047879580505610697
v -0.88827095424857916 -1.5402883837053234 0.019180916429453077
v -0.9715260534862783 -1.5204470180123708 -0.017251683583873856
v -0.91664525039333977 -1.5685186095896118 0.050201830584098939
v -1 -1.5479498895101504 0.014395915324690922
v -0.91403983260956323 -1.6545913114606179 0.21736065555784317
v -0.971090572702345 -1.6193320149999422 0.12505061900438597
v -0.88729552174654713 -1.6333872825525253 0.17410463780203839
v -0.97108861171311722 -1.659132639445754 0.21610195544939079
v -0.91617115851558806 -1.6155411575824616 0.1273828760629338
v -1 -1.6412644188225149 0.16932234653926892
v -1 -1.325960330967427 -0.16947547379666722
v -1 -1.2373857552123388 -0.2085195541684905
v -1 -1.0483991107415087 -0.24832479984562422
v -1 -1.1442718330025612 -0.23497126815807473
v -1 -0.95160088925849129 -0.24832479984562422
v -0.59956109586104123 -1.5734451841430648 0.42155171648207096
v -0.54060272213262139 -1.5213088872735585 0.36519914423989208
v -0.61369866044442045 -1.5789768540459341 0.37545419168968663
v -0.6470533905276552 -1.5812510130035344 0.2839399182694976
v -0.55579451205120844 -1.5248499243298941 0.31879770807230406
v -0.62960547898305252 -1.5815685464526044 0.32922779882095882
v -0.58357326355399175 -1.5531190727399875 0.34681054053740268
v -0.73212159734443716 -1.5501292098054416 0.11000145013611518
v -0.63425100469883577 -1.5077093315288572 0.13621837670967762
v -0.70908175812706531 -1.5621111499877742 0.15100563282064577
v -0.54538636616887137 -1.4527879645193658 0.17016164823015051
v -0.6666420042739829 -1.5776225691211581 0.2373392035954775
v -0.61263975018740879 -1.5163985134538915 0.17928869220563065
v -0.68711608660119405 -1.571362775413641 0.19378088360180917
v -0.61842368674261605 -1.5530784991641076 0.25377642617850127
v -0.65963167552934299 -1.5408028001623943 0.16419983374121211
v -0.5293764129343147 -1.4927877681873898 0.28976999400137748
v -0.56657007298607287 -1.4879258870927299 0.19688574304580481
v -0.50633469304480305 -1.4596337296622202 0.26283323140677933
v -0.57235187348956784 -1.5246045526503857 0.27137429291782789
v -0.52476085754202983 -1.4574480505557341 0.21571590212186514
v -0.59141599026111069 -1.52173693524598 0.22450126965806802
v -0.95396971034639744 -1.3544086144853562 -0.1518934676609936
v -0.862789333105068 -1.3221866109724467 -0.15610974303366648
v -0.92545419168968668 -1.3863013395555797 -0.12897685404593401
v -0.953928156745392 -1.3117555312452662 -0.17504869730054201
v -0.77423273062965892 -1.2838036790206848 -0.1487358448058575
v -0.86879770807230405 -1.4442054879487918 -0.074849924329894069
v -0.83393991826949754 -1.352946609472345 -0.13125101300353431
v -0.89681054053740272 -1.4164267364460081 -0.10311907273998761
v -0.87922779882095881 -1.3703945210169475 -0.13156854645260446
v -0.95377031398960443 -1.221744317544649 -0.21233848881673639
v -0.86251143551315756 -1.2781454062182893 -0.17748069901392999
v -0.95380814848782935 -1.2672050615543502 -0.19534313968121902
v -0.90777593305876847 -1.2956545352669671 -0.17776039796477522
v -0.76099546870144019 -1.5322841759200214 0.063282544893692227
v -0.7201616482301505 -1.4546136338311286 -0.0027879645193658598
v -0.78635125286691943 -1.5143559759450134 0.025980964038030685
v -0.71000912555080009 -1.5145077423965283 0.074251313042592415
v -0.68621837670967756 -1.3657489953011641 -0.057709331528857211
v -0.70100563282064576 -1.2909182418729348 -0.11211114998777422
v -0.83976999400137753 -1.4706235870656852 -0.04278776818738983
v -0.7468857430458048 -1.433429927013927 -0.037925887092729871
v -0.81283323140677932 -1.4936653069551968 -0.0096337296622202029
v -0.82137429291782782 -1.4276481265104322 -0.074604552650385736
v -0.76571590212186513 -1.4752391424579701 -0.0074480505557341647
v -0.61330732944221444 -1.4687284029813608 0.1024910608697514
v -0.67035806953499621 -1.4334691065206855 0.010181024316294141
v -0.66035420461549987 -1.4931298351138693 0.087420768109647162
v -0.68922984138454091 -1.4752837101438057 0.040699006370542523
v -0.78733920359547749 -1.3333579957260171 -0.12762256912115794
v -0.72928869220563064 -1.3873602498125912 -0.066398513453891528
v -0.74378088360180916 -1.3128839133988059 -0.12136277541364099
v -0.8037764261785012 -1.3815763132573839 -0.10307849916410744
v -0.7141998337412121 -1.3403683244706572 -0.090802800162394337
v -0.77450126965806798 -1.4085840097388893 -0.071736935245979849
v -0.95328109475757705 -1.0288738713570031 -0.24784213361318957
v -0.86099365877095657 -1.0859106435313146 -0.23065894427837358
v -0.95330343266419804 -1.077269494739854 -0.24415333736984984
v -0.72986569859211947 -1.2153616087656591 -0.15880771732357629
v -0.95340320068115181 -1.1731279897273947 -0.22665015884590617
v -0.86116383700530708 -1.1342459928583961 -0.22283172728875872
v -0.95337692324987344 -1.1257171448055854 -0.23703819996873771
v -0.90720110849806135 -1.2029506061752118 -0.21347525740537271
v -0.90672053286835841 -1.1060842265925221 -0.23559833567468885
v -0.81613760934148361 -1.2579627906611628 -0.17421936844000613
v -0.81509415980397126 -1.1627186192195578 -0.20523467644858445
v -0.77259552969348233 -1.2374461905570062 -0.16798585216376755
v -0.86112929524501314 -1.2314245526889336 -0.19587739066604598
v -0.77184971488104526 -1.1894389761991824 -0.18408226729403593
v -0.86063412022873886 -1.1830852793969573 -0.21110281501724099
v -0.56653089347931451 -1.4398189756837059 0.12035806953499628
v -0.59263362572809442 -1.4252345948951448 0.071545014014977149
v -0.65249106086975139 -1.3866926705577856 -0.018728402981360914
v -0.6374207681096471 -1.3396457953845 -0.043129835113869364
v -0.62154501401497719 -1.4073663742719056 0.024765405104855309
v -0.5747654051048553 -1.3784549859850228 0.042633625728094371
v -0.95328109475757705 -0.97112612864299697 -0.24784213361318957
v -0.59956109586104123 -1.5734451841430648 0.47844828351792906
v -0.54060272213262139 -1.5213088872735585 0.53480085576010794
v -0.61369866044442045 -1.5789768540459341 0.52454580831031339
v -0.56762681718981234 -1.5505028889902288 0.45000000000000001
v -0.6470533905276552 -1.5812510130035344 0.61606008173050242
v -0.55579451205120844 -1.5248499243298941 0.58120229192769601
v -0.62960547898305252 -1.5815685464526044 0.57077220117904126
v -0.58357326355399175 -1.5531190727399875 0.55318945946259734
v -0.50956482604081277 -1.4962784070862341 0.39359891132635971
v -0.50956482604081277 -1.4962784070862341 0.50640108867364031
v -0.53738141204182122 -1.524570938502178 0.4215505262873831
v -0.53738141204182122 -1.524570938502178 0.47844947371261692
v -0.73212159734443716 -1.5501292098054416 0.78999854986388485
v -0.63425100469883577 -1.5077093315288572 0.7637816232903224
v -0.70908175812706531 -1.5621111499877742 0.74899436717935419
v -0.54538636616887137 -1.4527879645193658 0.72983835176984946
v -0.6666420042739829 -1.5776225691211581 0.66266079640452258
v -0.61263975018740879 -1.5163985134538915 0.72071130779436943
v -0.68711608660119405 -1.571362775413641 0.70621911639819079
v -0.61842368674261605 -1.5530784991641076 0.64622357382149875
v -0.65963167552934299 -1.5408028001623943 0.73580016625878786
v -0.5293764129343147 -1.4927877681873898 0.61023000599862254
v -0.56657007298607287 -1.4879258870927299 0.70311425695419527
v -0.57235187348956784 -1.5246045526503857 0.62862570708217214
v -0.52476085754202983 -1.4574480505557341 0.68428409787813482
v -0.59141599026111069 -1.52173693524598 0.67549873034193197
v -0.95396971034639744 -1.3544086144853562 1.0518934676609937
v -0.862789333105068 -1.3221866109724467 1.0561097430336666
v -0.92545419168968668 -1.3863013395555797 1.0289768540459341
v -0.953928156745392 -1.3117555312452662 1.075048697300542
v -0.77423273062965892 -1.2838036790206848 1.0487358448058575
v -0.86879770807230405 -1.4442054879487918 0.97484992432989404
v -0.83393991826949754 -1.352946609472345 1.0312510130035344
v -0.89681054053740272 -1.4164267364460081 1.0031190727399877
v -0.87922779882095881 -1.3703945210169475 1.0315685464526045
v -0.95377031398960443 -1.221744317544649 1.1123384888167365
v -0.86251143551315756 -1.2781454062182893 1.0774806990139301
v -0.95380814848782935 -1.2672050615543502 1.095343139681219
v -0.90777593305876847 -1.2956545352669671 1.0777603979647752
v -0.76099546870144019 -1.5322841759200214 0.83671745510630779
v -0.7201616482301505 -1.4546136338311286 0.90278796451936594
v -0.78635125286691943 -1.5143559759450134 0.87401903596196928
v -0.71000912555080009 -1.5145077423965283 0.82574868695740755
v -0.68621837670967756 -1.3657489953011641 0.95770933152885718
v -0.70100563282064576 -1.2909182418729348 1.0121111499877742
v -0.83976999400137753 -1.4706235870656852 0.94278776818738985
v -0.7468857430458048 -1.433429927013927 0.93792588709272984
v -0.81283323140677932 -1.4936653069551968 0.90963372966222023
v -0.82137429291782782 -1.4276481265104322 0.9746045526503857
v -0.76571590212186513 -1.4752391424579701 0.90744805055573419
v -0.61330732944221444 -1.4687284029813608 0.79750893913024856
v -0.67035806953499621 -1.4334691065206855 0.88981897568370583
v -0.66035420461549987 -1.4931298351138693 0.81257923189035286
v -0.68922984138454091 -1.4752837101438057 0.85930099362945755
v -0.78733920359547749 -1.3333579957260171 1.027622569121158
v -0.72928869220563064 -1.3873602498125912 0.96639851345389149
v -0.74378088360180916 -1.3128839133988059 1.021362775413641
v -0.8037764261785012 -1.3815763132573839 1.0030784991641075
v -0.7141998337412121 -1.3403683244706572 0.9908028001623943
v -0.77450126965806798 -1.4085840097388893 0.97173693524597993
v -0.95330343266419804 -1.077269494739854 1.1441533373698498
v -0.95340320068115181 -1.1731279897273947 1.1266501588459061
v -0.86116383700530708 -1.1342459928583961 1.1228317272887587
v -0.95337692324987344 -1.1257171448055854 1.1370381999687378
v -0.90720110849806135 -1.2029506061752118 1.1134752574053728
v -0.90672053286835841 -1.1060842265925221 1.1355983356746888
v -0.81613760934148361 -1.2579627906611628 1.0742193684400061
v -0.77259552969348233 -1.2374461905570062 1.0679858521637675
v -0.86112929524501314 -1.2314245526889336 1.0958773906660459
v -0.86063412022873886 -1.1830852793969573 1.1111028150172411
v -0.56653089347931451 -1.4398189756837059 0.77964193046500374
v -0.59263362572809442 -1.4252345948951448 0.82845498598502287
v -0.65249106086975139 -1.3866926705577856 0.91872840298136094
v -0.62154501401497719 -1.4073663742719056 0.87523459489514477
v -1.5500004829368326 -0.61168189697467235 0.25840532462497279
v -1.5095709483910258 -0.54079600121226634 0.31046815398187622
v -1.6018934676609935 -0.95396971034639744 0.095591385514643856
v -1.6061097430336666 -0.862789333105068 0.12781338902755329
v -1.5799127784003548 -0.68999330317970342 0.2100062138834641
v -1.5987358448058575 -0.77423273062965892 0.16619632097931508
v -1.5322841759200216 -0.61328254489369227 0.21099546870144023
v -1.4546136338311286 -0.54721203548063424 0.17016164823015051
v -1.5143559759450134 -0.57598096403803067 0.23635125286691938
v -1.4706235870656852 -0.50721223181261021 0.28976999400137748
v -1.4334299270139272 -0.51207411290727012 0.19688574304580481
v -1.4936653069551968 -0.54036627033777984 0.26283323140677933
v -1.4752391424579701 -0.54255194944426588 0.21571590212186514
v -1.4004389041389587 -1.5734451841430648 0.42155171648207096
v -1.4593972778673785 -1.5213088872735585 0.36519914423989208
v -1.3863013395555797 -1.5789768540459341 0.37545419168968663
v -1.5500004829368326 -1.3883181030253278 0.25840532462497279
v -1.5095709483910258 -1.4592039987877337 0.31046815398187622
v -1.3529466094723448 -1.5812510130035344 0.2839399182694976
v -1.4442054879487916 -1.5248499243298941 0.31879770807230406
v -1.3703945210169475 -1.5815685464526044 0.32922779882095882
v -1.4164267364460081 -1.5531190727399875 0.34681054053740268
v -1.6018934676609935 -1.0460302896536027 0.095591385514643856
v -1.6061097430336666 -1.137210666894932 0.12781338902755329
v -1.5799127784003548 -1.3100066968202966 0.2100062138834641
v -1.5987358448058575 -1.225767269370341 0.16619632097931508
v -1.2678784026555627 -1.5501292098054416 0.11000145013611518
v -1.3657489953011641 -1.5077093315288572 0.13621837670967762
v -1.2909182418729346 -1.5621111499877742 0.15100563282064577
v -1.5322841759200216 -1.3867174551063077 0.21099546870144023
v -1.4546136338311286 -1.4527879645193658 0.17016164823015051
v -1.5143559759450134 -1.4240190359619693 0.23635125286691938
v -1.3333579957260171 -1.5776225691211581 0.2373392035954775
v -1.3873602498125912 -1.5163985134538915 0.17928869220563065
v -1.3128839133988059 -1.571362775413641 0.19378088360180917
v -1.3815763132573839 -1.5530784991641076 0.25377642617850127
v -1.340368324470657 -1.5408028001623943 0.16419983374121211
v -1.4706235870656852 -1.4927877681873898 0.28976999400137748
v -1.4334299270139272 -1.4879258870927299 0.19688574304580481
v -1.4936653069551968 -1.4596337296622202 0.26283323140677933
v -1.4276481265104322 -1.5246045526503857 0.27137429291782789
v -1.4752391424579701 -1.4574480505557341 0.21571590212186514
v -1.4085840097388893 -1.52173693524598 0.22450126965806802
v -1.0460302896536027 -1.3544086144853562 -0.1518934676609936
v -1.137210666894932 -1.3221866109724467 -0.15610974303366648
v -1.0745458083103134 -1.3863013395555797 -0.12897685404593401
v -1.0460718432546081 -1.3117555312452662 -0.17504869730054201
v -1.3100066968202966 -1.239993786116536 -0.12991277840035481
v -1.225767269370341 -1.2838036790206848 -0.1487358448058575
v -1.1312022919276961 -1.4442054879487918 -0.074849924329894069
v -1.1660600817305025 -1.352946609472345 -0.13125101300353431
v -1.1031894594625973 -1.4164267364460081 -0.10311907273998761
v -1.1207722011790413 -1.3703945210169475 -0.13156854645260446
v -1.0462296860103957 -1.221744317544649 -0.21233848881673639
v -1.1374885644868424 -1.2781454062182893 -0.17748069901392999
v -1.0461918515121706 -1.2672050615543502 -0.19534313968121902
v -1.0922240669412315 -1.2956545352669671 -0.17776039796477522
v -1.5734451841430648 -1.0284482835179289 0.049561095861041238
v -1.5213088872735587 -1.0848008557601079 -0.0093972778673785951
v -1.5789768540459341 -1.0745458083103134 0.063698660444420463
v -1.3883181030253278 -1.1915946753750273 -0.10000048293683245
v -1.4592039987877337 -1.1395318460181239 -0.059570948391025891
v -1.5812510130035344 -1.1660600817305025 0.097053390527655048
v -1.5248499243298941 -1.1312022919276961 0.0057945120512083448
v -1.5815685464526044 -1.1207722011790413 0.079605478983052536
v -1.5531190727399875 -1.1031894594625973 0.033573263553991761
v -1.2390045312985598 -1.5322841759200214 0.063282544893692227
v -1.2798383517698495 -1.4546136338311286 -0.0027879645193658598
v -1.2136487471330806 -1.5143559759450134 0.025980964038030685
v -1.2899908744491999 -1.5145077423965283 0.074251313042592415
v -1.3399985498638849 -1.2678784026555627 -0.10012920980544143
v -1.3137816232903226 -1.3657489953011641 -0.057709331528857211
v -1.2989943671793542 -1.2909182418729348 -0.11211114998777422
v -1.1602300059986226 -1.4706235870656852 -0.04278776818738983
v -1.2531142569541953 -1.433429927013927 -0.037925887092729871
v -1.1871667685932206 -1.4936653069551968 -0.0096337296622202029
v -1.1786257070821722 -1.4276481265104322 -0.074604552650385736
v -1.2342840978781349 -1.4752391424579701 -0.0074480505557341647
v -1.3866926705577856 -1.4687284029813608 0.1024910608697514
v -1.3296419304650038 -1.4334691065206855 0.010181024316294141
v -1.3396457953845 -1.4931298351138693 0.087420768109647162
v -1.3107701586154592 -1.4752837101438057 0.040699006370542523
v -1.2126607964045226 -1.3333579957260171 -0.12762256912115794
v -1.2707113077943695 -1.3873602498125912 -0.066398513453891528
v -1.2562191163981908 -1.3128839133988059 -0.12136277541364099
v -1.1962235738214988 -1.3815763132573839 -0.10307849916410744
v -1.2858001662587879 -1.3403683244706572 -0.090802800162394337
v -1.225498730341932 -1.4085840097388893 -0.071736935245979849
v -1.0467189052424231 -1.0288738713570031 -0.24784213361318957
v -1.1390063412290434 -1.0859106435313146 -0.23065894427837358
v -1.046696567335802 -1.077269494739854 -0.24415333736984984
v -1.3111246785068817 -1.1922856260561367 -0.14684811504786449
v -1.2278709797590077 -1.1408320105408061 -0.19671567275790064
v -1.2701343014078805 -1.2153616087656591 -0.15880771732357629
v -1.0465967993188481 -1.1731279897273947 -0.22665015884590617
v -1.1388361629946928 -1.1342459928583961 -0.22283172728875872
v -1.0466230767501266 -1.1257171448055854 -0.23703819996873771
v -1.0927988915019387 -1.2029506061752118 -0.21347525740537271
v -1.0932794671316415 -1.1060842265925221 -0.23559833567468885
v -1.1838623906585164 -1.2579627906611628 -0.17421936844000613
v -1.1849058401960288 -1.1627186192195578 -0.20523467644858445
v -1.2274044703065177 -1.2374461905570062 -0.16798585216376755
v -1.1388707047549869 -1.2314245526889336 -0.19587739066604598
v -1.2281502851189547 -1.1894389761991824 -0.18408226729403593
v -1.1393658797712611 -1.1830852793969573 -0.21110281501724099
v -1.5501292098054416 -1.3399985498638849 0.18212159734443717
v -1.5077093315288572 -1.3137816232903226 0.084251004698835896
v -1.5621111499877742 -1.2989943671793542 0.15908175812706526
v -1.5145077423965283 -1.3757486869574076 0.1600091255508001
v -1.3867174551063077 -1.2390045312985598 -0.082284175920021518
v -1.452787964519366 -1.2798383517698495 -0.0046136338311285052
v -1.4240190359619693 -1.2136487471330806 -0.064355975945013355
v -1.3757486869574076 -1.2899908744491999 -0.0645077423965284
v -1.5776225691211581 -1.2126607964045226 0.11664200427398286
v -1.5163985134538915 -1.2707113077943695 0.062639750187408694
v -1.571362775413641 -1.2562191163981908 0.13711608660119406
v -1.5530784991641076 -1.1962235738214988 0.068423686742616008
v -1.5408028001623943 -1.2858001662587879 0.10963167552934289
v -1.4334691065206855 -1.4398189756837059 0.12035806953499628
v -1.4687284029813608 -1.3475089391302486 0.063307329442214455
v -1.4752837101438057 -1.4093009936294574 0.13922984138454092
v -1.4073663742719056 -1.4252345948951448 0.071545014014977149
v -1.4931298351138693 -1.3625792318903529 0.11035420461549988
v -1.4927877681873898 -1.1602300059986226 -0.020623587065685234
v -1.4879258870927301 -1.2531142569541953 0.016570072986072881
v -1.4596337296622202 -1.1871667685932206 -0.043665306955196881
v -1.5246045526503857 -1.1786257070821722 0.022351873489567853
v -1.4574480505557341 -1.2342840978781349 -0.025239142457970154
v -1.52173693524598 -1.225498730341932 0.041415990261110702
v -1.3475089391302486 -1.3866926705577856 -0.018728402981360914
v -1.4398189756837059 -1.3296419304650038 0.016530893479314579
v -1.3625792318903529 -1.3396457953845 -0.043129835113869364
v -1.3784549859850228 -1.4073663742719056 0.024765405104855309
v -1.4093009936294574 -1.3107701586154592 -0.02528371014380576
v -1.4252345948951448 -1.3784549859850228 0.042633625728094371
v -1.3100066968202966 -0.76000621388346412 -0.12991277840035481
v -1.225767269370341 -0.71619632097931507 -0.1487358448058575
v -1.5734451841430648 -0.97155171648207095 0.049561095861041238
v -1.5213088872735587 -0.91519914423989202 -0.0093972778673785951
v -1.5789768540459341 -0.92545419168968668 0.063698660444420463
v -1.5505028889902288 -1 0.017626817189812349
v -1.3883181030253278 -0.80840532462497283 -0.10000048293683245
v -1.4592039987877337 -0.86046815398187615 -0.059570948391025891
v -1.5812510130035344 -0.83393991826949754 0.097053390527655048
v -1.5248499243298941 -0.86879770807230405 0.0057945120512083448
v -1.5815685464526044 -0.87922779882095881 0.079605478983052536
v -1.5531190727399875 -0.89681054053740272 0.033573263553991761
v -1.4962784070862341 -1.0564010886736404 -0.040435173959187221
v -1.4962784070862341 -0.94359891132635965 -0.040435173959187221
v -1.524570938502178 -1.0284494737126169 -0.012618587958178829
v -1.524570938502178 -0.97155052628738314 -0.012618587958178829
v -1.3399985498638849 -0.73212159734443716 -0.10012920980544143
v -1.3137816232903226 -0.63425100469883589 -0.057709331528857211
v -1.2989943671793542 -0.7090817581270652 -0.11211114998777422
v -1.2562191163981908 -0.68711608660119405 -0.12136277541364099
v -1.2858001662587879 -0.65963167552934288 -0.090802800162394337
v -1.0467189052424231 -0.97112612864299697 -0.24784213361318957
v -1.1390063412290434 -0.91408935646868539 -0.23065894427837358
v -1.046696567335802 -0.92273050526014588 -0.24415333736984984
v -1.0934664043287012 -1 -0.24373195923343743
v -1.3111246785068817 -0.80771437394386314 -0.14684811504786449
v -1.2278709797590077 -0.85916798945919381 -0.19671567275790064
v -1.2701343014078805 -0.78463839123434087 -0.15880771732357629
v -1.1388361629946928 -0.86575400714160389 -0.22283172728875872
v -1.0932794671316415 -0.89391577340747785 -0.23559833567468885
v -1.1858629084792569 -1.0570507400927818 -0.2224583201258627
v -1.1858629084792569 -0.94294925990721823 -0.2224583201258627
v -1.140257447438656 -1.028875636769041 -0.23519635582741899
v -1.140257447438656 -0.97112436323095896 -0.23519635582741899
v -1.1849058401960288 -0.83728138078044223 -0.20523467644858445
v -1.2274044703065177 -0.76255380944299378 -0.16798585216376755
v -1.2281502851189547 -0.81056102380081763 -0.18408226729403593
v -1.1393658797712611 -0.8169147206030426 -0.21110281501724099
v -1.5501292098054416 -0.66000145013611511 0.18212159734443717
v -1.5077093315288572 -0.68621837670967756 0.084251004698835896
v -1.5621111499877742 -0.70100563282064576 0.15908175812706526
v -1.5145077423965283 -0.6242513130425924 0.1600091255508001
v -1.3867174551063077 -0.76099546870144019 -0.082284175920021518
v -1.452787964519366 -0.72016164823015039 -0.0046136338311285052
v -1.4240190359619693 -0.78635125286691931 -0.064355975945013355
v -1.3757486869574076 -0.71000912555080009 -0.0645077423965284
v -1.5776225691211581 -0.78733920359547749 0.11664200427398286
v -1.5163985134538915 -0.72928869220563064 0.062639750187408694
v -1.571362775413641 -0.74378088360180916 0.13711608660119406
v -1.5530784991641076 -0.8037764261785012 0.068423686742616008
v -1.5408028001623943 -0.7141998337412121 0.10963167552934289
v -1.4334691065206855 -0.56018102431629413 0.12035806953499628
v -1.4687284029813608 -0.65249106086975139 0.063307329442214455
v -1.4752837101438057 -0.59069900637054251 0.13922984138454092
v -1.4073663742719056 -0.5747654051048553 0.071545014014977149
v -1.4931298351138693 -0.6374207681096471 0.11035420461549988
v -1.4927877681873898 -0.83976999400137753 -0.020623587065685234
v -1.4879258870927301 -0.74688574304580468 0.016570072986072881
v -1.4596337296622202 -0.81283323140677932 -0.043665306955196881
v -1.5246045526503857 -0.82137429291782782 0.022351873489567853
v -1.4574480505557341 -0.76571590212186502 -0.025239142457970154
v -1.52173693524598 -0.77450126965806798 0.041415990261110702
v -1.3475089391302486 -0.61330732944221444 -0.018728402981360914
v -1.4398189756837059 -0.67035806953499621 0.016530893479314579
v -1.3625792318903529 -0.66035420461549987 -0.043129835113869364
v -1.3784549859850228 -0.59263362572809442 0.024765405104855309
v -1.4093009936294574 -0.68922984138454091 -0.02528371014380576
v -1.4252345948951448 -0.62154501401497719 0.042633625728094371
v -1.3578435837493048 -1.1634117546991338 -0.12900308116244458
v -1.3668773209880511 -1.0549213670094915 -0.14361997506017193
v -1.3951589701904956 -1.1380921140258051 -0.11105254328081521
v -1.3179832722760298 -1.1387590554391209 -0.15797414672522964
v -1.3578435837493048 -0.83658824530086617 -0.12900308116244458
v -1.3668773209880511 -0.94507863299050854 -0.14361997506017193
v -1.3951589701904956 -0.86190788597419499 -0.11105254328081521
v -1.3179832722760298 -0.86124094456087907 -0.15797414672522964
v -1.4639893624413838 -1.0848348009337681 -0.067220386384533592
v -1.4021204194943895 -1.0284726263611617 -0.12226609000862004
v -1.430819083570547 -1.1117290457514208 -0.090288383705323605
v -1.467251683583874 -1.0284739465137216 -0.070447018012370799
v -1.399798169415901 -1.0833547496066602 -0.11851860958961175
v -1.2326393444421568 -1.0859601673904369 -0.20459131146061788
v -1.3249493809956141 -1.0289094272976551 -0.16933201499994227
v -1.2758953621979616 -1.112704478253453 -0.18338728255252518
v -1.2338980445506094 -1.0289113882868828 -0.20913263944575394
v -1.3226171239370661 -1.0838288414844119 -0.16554115758246163
v -1.4639893624413838 -0.91516519906623184 -0.067220386384533592
v -1.4021204194943895 -0.97152737363883834 -0.12226609000862004
v -1.430819083570547 -0.88827095424857905 -0.090288383705323605
v -1.467251683583874 -0.9715260534862783 -0.070447018012370799
v -1.399798169415901 -0.91664525039333977 -0.11851860958961175
v -1.4356040846753091 -1 -0.097949889510150545
v -1.2326393444421568 -0.91403983260956312 -0.20459131146061788
v -1.3249493809956141 -0.971090572702345 -0.16933201499994227
v -1.2758953621979616 -0.88729552174654702 -0.18338728255252518
v -1.2338980445506094 -0.97108861171311722 -0.20913263944575394
v -1.3226171239370661 -0.91617115851558806 -0.16554115758246163
v -1.2806776534607311 -1 -0.19126441882251483
v -1.5500004829368326 -0.61168189697467235 0.64159467537502723
v -1.5095709483910258 -0.54079600121226634 0.58953184601812381
v -1.4904351739591872 -0.50372159291376595 0.39359891132635971
v -1.4904351739591872 -0.50372159291376595 0.50640108867364031
v -1.6018934676609935 -0.95396971034639744 0.80440861448535617
v -1.6061097430336666 -0.862789333105068 0.77218661097244667
v -1.5799127784003548 -0.68999330317970342 0.68999378611653595
v -1.5987358448058575 -0.77423273062965892 0.733803679020685
v -1.5322841759200216 -0.61328254489369227 0.68900453129855976
v -1.4546136338311286 -0.54721203548063424 0.72983835176984946
v -1.5143559759450134 -0.57598096403803067 0.66364874713308064
v -1.4706235870656852 -0.50721223181261021 0.61023000599862254
v -1.4936653069551968 -0.54036627033777984 0.63716676859322074
v -1.4752391424579701 -0.54255194944426588 0.68428409787813482
v -1.5790030811624445 -0.64215641625069519 0.28658824530086624
v -1.5936199750601721 -0.63312267901194885 0.39507863299050855
v -1.5610525432808151 -0.60484102980950438 0.311907885974195
v -1.5790030811624445 -0.64215641625069519 0.61341175469913378
v -1.5936199750601721 -0.63312267901194885 0.50492136700949142
v -1.5610525432808151 -0.60484102980950438 0.58809211402580508
v -1.5172203863845337 -0.53601063755861633 0.36516519906623185
v -1.5722660900086201 -0.59787958050561063 0.42152737363883835
v -1.5402883837053234 -0.56918091642945301 0.33827095424857911
v -1.5204470180123708 -0.53274831641612608 0.42152605348627831
v -1.5685186095896118 -0.60020183058409882 0.36664525039333978
v -1.5172203863845337 -0.53601063755861633 0.53483480093376823
v -1.5722660900086201 -0.59787958050561063 0.47847262636116167
v -1.5402883837053234 -0.56918091642945301 0.56172904575142091
v -1.5204470180123708 -0.53274831641612608 0.47847394651372172
v -1.5685186095896118 -0.60020183058409882 0.53335474960666018
v -1.5479498895101504 -0.56439591532469091 0.45000000000000001
v -1.4004389041389587 -1.5734451841430648 0.47844828351792906
v -1.4593972778673785 -1.5213088872735585 0.53480085576010794
v -1.3863013395555797 -1.5789768540459341 0.52454580831031339
v -1.4323731828101876 -1.5505028889902288 0.45000000000000001
v -1.5500004829368326 -1.3883181030253278 0.64159467537502723
v -1.5095709483910258 -1.4592039987877337 0.58953184601812381
v -1.3529466094723448 -1.5812510130035344 0.61606008173050242
v -1.4442054879487916 -1.5248499243298941 0.58120229192769601
v -1.3703945210169475 -1.5815685464526044 0.57077220117904126
v -1.4164267364460081 -1.5531190727399875 0.55318945946259734
v -1.4904351739591872 -1.4962784070862341 0.39359891132635971
v -1.4904351739591872 -1.4962784070862341 0.50640108867364031
v -1.4626185879581788 -1.524570938502178 0.4215505262873831
v -1.4626185879581788 -1.524570938502178 0.47844947371261692
v -1.6018934676609935 -1.0460302896536027 0.80440861448535617
v -1.6061097430336666 -1.137210666894932 0.77218661097244667
v -1.5799127784003548 -1.3100066968202966 0.68999378611653595
v -1.5987358448058575 -1.225767269370341 0.733803679020685
v -1.2678784026555627 -1.5501292098054416 0.78999854986388485
v -1.3657489953011641 -1.5077093315288572 0.7637816232903224
v -1.2909182418729346 -1.5621111499877742 0.74899436717935419
v -1.5322841759200216 -1.3867174551063077 0.68900453129855976
v -1.4546136338311286 -1.4527879645193658 0.72983835176984946
v -1.5143559759450134 -1.4240190359619693 0.66364874713308064
v -1.3333579957260171 -1.5776225691211581 0.66266079640452258
v -1.3873602498125912 -1.5163985134538915 0.72071130779436943
v -1.3128839133988059 -1.571362775413641 0.70621911639819079
v -1.3815763132573839 -1.5530784991641076 0.64622357382149875
v -1.340368324470657 -1.5408028001623943 0.73580016625878786
v -1.4706235870656852 -1.4927877681873898 0.61023000599862254
v -1.4334299270139272 -1.4879258870927299 0.70311425695419527
v -1.4936653069551968 -1.4596337296622202 0.63716676859322074
v -1.4276481265104322 -1.5246045526503857 0.62862570708217214
v -1.4752391424579701 -1.4574480505557341 0.68428409787813482
v -1.4085840097388893 -1.52173693524598 0.67549873034193197
v -1.5790030811624445 -1.3578435837493048 0.28658824530086624
v -1.5936199750601721 -1.3668773209880511 0.39507863299050855
v -1.5610525432808151 -1.3951589701904956 0.311907885974195
v -1.5790030811624445 -1.3578435837493048 0.61341175469913378
v -1.5936199750601721 -1.3668773209880511 0.50492136700949142
v -1.5610525432808151 -1.3951589701904956 0.58809211402580508
v -1.5172203863845337 -1.4639893624413838 0.36516519906623185
v -1.5722660900086201 -1.4021204194943895 0.42152737363883835
v -1.5402883837053234 -1.430819083570547 0.33827095424857911
v -1.5204470180123708 -1.467251683583874 0.42152605348627831
v -1.5685186095896118 -1.3997981694159012 0.36664525039333978
v -1.5172203863845337 -1.4639893624413838 0.53483480093376823
v -1.5722660900086201 -1.4021204194943895 0.47847262636116167
v -1.5402883837053234 -1.430819083570547 0.56172904575142091
v -1.5204470180123708 -1.467251683583874 0.47847394651372172
v -1.5685186095896118 -1.3997981694159012 0.53335474960666018
v -1.5479498895101504 -1.4356040846753091 0.45000000000000001
v -1.0460302896536027 -1.3544086144853562 1.0518934676609937
v -1.137210666894932 -1.3221866109724467 1.0561097430336666
v -1.0745458083103134 -1.3863013395555797 1.0289768540459341
v -1.0460718432546081 -1.3117555312452662 1.075048697300542
v -1.3100066968202966 -1.239993786116536 1.0299127784003548
v -1.225767269370341 -1.2838036790206848 1.0487358448058575
v -1.1312022919276961 -1.4442054879487918 0.97484992432989404
v -1.1660600817305025 -1.352946609472345 1.0312510130035344
v -1.1031894594625973 -1.4164267364460081 1.0031190727399877
v -1.1207722011790413 -1.3703945210169475 1.0315685464526045
v -1.0462296860103957 -1.221744317544649 1.1123384888167365
v -1.1374885644868424 -1.2781454062182893 1.0774806990139301
v -1.0461918515121706 -1.2672050615543502 1.095343139681219
v -1.0922240669412315 -1.2956545352669671 1.0777603979647752
v -1.5734451841430648 -1.0284482835179289 0.85043890413895884
v -1.5213088872735587 -1.0848008557601079 0.90939727786737867
v -1.5789768540459341 -1.0745458083103134 0.83630133955557961
v -1.3883181030253278 -1.1915946753750273 1.0000004829368325
v -1.4592039987877337 -1.1395318460181239 0.95957094839102597
v -1.5812510130035344 -1.1660600817305025 0.80294660947234497
v -1.5248499243298941 -1.1312022919276961 0.89420548794879173
v -1.5815685464526044 -1.1207722011790413 0.82039452101694743
v -1.5531190727399875 -1.1031894594625973 0.86642673644600832
v -1.2390045312985598 -1.5322841759200214 0.83671745510630779
v -1.2798383517698495 -1.4546136338311286 0.90278796451936594
v -1.2136487471330806 -1.5143559759450134 0.87401903596196928
v -1.2899908744491999 -1.5145077423965283 0.82574868695740755
v -1.3399985498638849 -1.2678784026555627 1.0001292098054415
v -1.3137816232903226 -1.3657489953011641 0.95770933152885718
v -1.2989943671793542 -1.2909182418729348 1.0121111499877742
v -1.1602300059986226 -1.4706235870656852 0.94278776818738985
v -1.2531142569541953 -1.433429927013927 0.93792588709272984
v -1.1871667685932206 -1.4936653069551968 0.90963372966222023
v -1.1786257070821722 -1.4276481265104322 0.9746045526503857
v -1.2342840978781349 -1.4752391424579701 0.90744805055573419
v -1.3866926705577856 -1.4687284029813608 0.79750893913024856
v -1.3296419304650038 -1.4334691065206855 0.88981897568370583
v -1.3396457953845 -1.4931298351138693 0.81257923189035286
v -1.3107701586154592 -1.4752837101438057 0.85930099362945755
v -1.2126607964045226 -1.3333579957260171 1.027622569121158
v -1.2707113077943695 -1.3873602498125912 0.96639851345389149
v -1.2562191163981908 -1.3128839133988059 1.021362775413641
v -1.1962235738214988 -1.3815763132573839 1.0030784991641075
v -1.2858001662587879 -1.3403683244706572 0.9908028001623943
v -1.225498730341932 -1.4085840097388893 0.97173693524597993
v -1.0467189052424231 -1.0288738713570031 1.1478421336131897
v -1.1390063412290434 -1.0859106435313146 1.1306589442783737
v -1.046696567335802 -1.077269494739854 1.1441533373698498
v -1.3111246785068817 -1.1922856260561367 1.0468481150478646
v -1.2278709797590077 -1.1408320105408061 1.0967156727579006
v -1.2701343014078805 -1.2153616087656591 1.0588077173235764
v -1.0465967993188481 -1.1731279897273947 1.1266501588459061
v -1.1388361629946928 -1.1342459928583961 1.1228317272887587
v -1.0466230767501266 -1.1257171448055854 1.1370381999687378
v -1.0927988915019387 -1.2029506061752118 1.1134752574053728
v -1.0932794671316415 -1.1060842265925221 1.1355983356746888
v -1.1838623906585164 -1.2579627906611628 1.0742193684400061
v -1.1849058401960288 -1.1627186192195578 1.1052346764485845
v -1.2274044703065177 -1.2374461905570062 1.0679858521637675
v -1.1388707047549869 -1.2314245526889336 1.0958773906660459
v -1.2281502851189547 -1.1894389761991824 1.084082267294036
v -1.1393658797712611 -1.1830852793969573 1.1111028150172411
v -1.5501292098054416 -1.3399985498638849 0.71787840265556291
v -1.5077093315288572 -1.3137816232903226 0.81574899530116407
v -1.5621111499877742 -1.2989943671793542 0.74091824187293476
v -1.5145077423965283 -1.3757486869574076 0.73999087444919986
v -1.3867174551063077 -1.2390045312985598 0.9822841759200216
v -1.452787964519366 -1.2798383517698495 0.90461363383112858
v -1.4240190359619693 -1.2136487471330806 0.96435597594501332
v -1.3757486869574076 -1.2899908744491999 0.96450774239652848
v -1.5776225691211581 -1.2126607964045226 0.78335799572601716
v -1.5163985134538915 -1.2707113077943695 0.83736024981259138
v -1.571362775413641 -1.2562191163981908 0.7628839133988059
v -1.5530784991641076 -1.1962235738214988 0.83157631325738401
v -1.5408028001623943 -1.2858001662587879 0.79036832447065719
v -1.4334691065206855 -1.4398189756837059 0.77964193046500374
v -1.4687284029813608 -1.3475089391302486 0.83669267055778551
v -1.4752837101438057 -1.4093009936294574 0.76077015861545916
v -1.4073663742719056 -1.4252345948951448 0.82845498598502287
v -1.4931298351138693 -1.3625792318903529 0.78964579538450019
v -1.4927877681873898 -1.1602300059986226 0.92062358706568526
v -1.4879258870927301 -1.2531142569541953 0.8834299270139272
v -1.4596337296622202 -1.1871667685932206 0.9436653069551969
v -1.5246045526503857 -1.1786257070821722 0.87764812651043211
v -1.4574480505557341 -1.2342840978781349 0.92523914245797023
v -1.52173693524598 -1.225498730341932 0.85858400973888926
v -1.3475089391302486 -1.3866926705577856 0.91872840298136094
v -1.4398189756837059 -1.3296419304650038 0.88346910652068544
v -1.3625792318903529 -1.3396457953845 0.94312983511386939
v -1.3784549859850228 -1.4073663742719056 0.87523459489514477
v -1.4093009936294574 -1.3107701586154592 0.92528371014380584
v -1.4252345948951448 -1.3784549859850228 0.85736637427190565
v -1.3100066968202966 -0.76000621388346412 1.0299127784003548
v -1.5734451841430648 -0.97155171648207095 0.85043890413895884
v -1.5213088872735587 -0.91519914423989202 0.90939727786737867
v -1.5789768540459341 -0.92545419168968668 0.83630133955557961
v -1.5505028889902288 -1 0.88237318281018773
v -1.3883181030253278 -0.80840532462497283 1.0000004829368325
v -1.4592039987877337 -0.86046815398187615 0.95957094839102597
v -1.5812510130035344 -0.83393991826949754 0.80294660947234497
v -1.5248499243298941 -0.86879770807230405 0.89420548794879173
v -1.5815685464526044 -0.87922779882095881 0.82039452101694743
v -1.5531190727399875 -0.89681054053740272 0.86642673644600832
v -1.4962784070862341 -1.0564010886736404 0.94043517395918719
v -1.4962784070862341 -0.94359891132635965 0.94043517395918719
v -1.524570938502178 -1.0284494737126169 0.91261858795817885
v -1.524570938502178 -0.97155052628738314 0.91261858795817885
v -1.3399985498638849 -0.73212159734443716 1.0001292098054415
v -1.2989943671793542 -0.7090817581270652 1.0121111499877742
v -1.0467189052424231 -0.97112612864299697 1.1478421336131897
v -1.1390063412290434 -0.91408935646868539 1.1306589442783737
v -1.0934664043287012 -1 1.1437319592334374
v -1.3111246785068817 -0.80771437394386314 1.0468481150478646
v -1.2278709797590077 -0.85916798945919381 1.0967156727579006
v -1.2701343014078805 -0.78463839123434087 1.0588077173235764
v -1.1388361629946928 -0.86575400714160389 1.1228317272887587
v -1.1858629084792569 -1.0570507400927818 1.1224583201258627
v -1.1858629084792569 -0.94294925990721823 1.1224583201258627
v -1.140257447438656 -1.028875636769041 1.135196355827419
v -1.140257447438656 -0.97112436323095896 1.135196355827419
v -1.1849058401960288 -0.83728138078044223 1.1052346764485845
v -1.2281502851189547 -0.81056102380081763 1.084082267294036
v -1.5501292098054416 -0.66000145013611511 0.71787840265556291
v -1.5077093315288572 -0.68621837670967756 0.81574899530116407
v -1.5621111499877742 -0.70100563282064576 0.74091824187293476
v -1.5145077423965283 -0.6242513130425924 0.73999087444919986
v -1.3867174551063077 -0.76099546870144019 0.9822841759200216
v -1.452787964519366 -0.72016164823015039 0.90461363383112858
v -1.4240190359619693 -0.78635125286691931 0.96435597594501332
v -1.3757486869574076 -0.71000912555080009 0.96450774239652848
v -1.5776225691211581 -0.78733920359547749 0.78335799572601716
v -1.5163985134538915 -0.72928869220563064 0.83736024981259138
v -1.571362775413641 -0.74378088360180916 0.7628839133988059
v -1.5530784991641076 -0.8037764261785012 0.83157631325738401
v -1.5408028001623943 -0.7141998337412121 0.79036832447065719
v -1.4334691065206855 -0.56018102431629413 0.77964193046500374
v -1.4687284029813608 -0.65249106086975139 0.83669267055778551
v -1.4752837101438057 -0.59069900637054251 0.76077015861545916
v -1.4073663742719056 -0.5747654051048553 0.82845498598502287
v -1.4931298351138693 -0.6374207681096471 0.78964579538450019
v -1.4927877681873898 -0.83976999400137753 0.92062358706568526
v -1.4879258870927301 -0.74688574304580468 0.8834299270139272
v -1.4596337296622202 -0.81283323140677932 0.9436653069551969
v -1.5246045526503857 -0.82137429291782782 0.87764812651043211
v -1.4574480505557341 -0.76571590212186502 0.92523914245797023
v -1.52173693524598 -0.77450126965806798 0.85858400973888926
v -1.4398189756837059 -0.67035806953499621 0.88346910652068544
v -1.3625792318903529 -0.66035420461549987 0.94312983511386939
v -1.4093009936294574 -0.68922984138454091 0.92528371014380584
v -1.4252345948951448 -0.62154501401497719 0.85736637427190565
v -1.3578435837493048 -1.1634117546991338 1.0290030811624447
v -1.3668773209880511 -1.0549213670094915 1.043619975060172
v -1.3951589701904956 -1.1380921140258051 1.0110525432808153
v -1.3179832722760298 -1.1387590554391209 1.0579741467252297
v -1.3578435837493048 -0.83658824530086617 1.0290030811624447
v -1.3668773209880511 -0.94507863299050854 1.043619975060172
v -1.3951589701904956 -0.86190788597419499 1.0110525432808153
v -1.3179832722760298 -0.86124094456087907 1.0579741467252297
v -1.4639893624413838 -1.0848348009337681 0.96722038638453367
v -1.4021204194943895 -1.0284726263611617 1.02226609000862
v -1.430819083570547 -1.1117290457514208 0.99028838370532357
v -1.467251683583874 -1.0284739465137216 0.97044701801237077
v -1.399798169415901 -1.0833547496066602 1.0185186095896117
v -1.2326393444421568 -1.0859601673904369 1.1045913114606178
v -1.3249493809956141 -1.0289094272976551 1.0693320149999423
v -1.2758953621979616 -1.112704478253453 1.0833872825525253
v -1.2338980445506094 -1.0289113882868828 1.1091326394457539
v -1.3226171239370661 -1.0838288414844119 1.0655411575824616
v -1.4639893624413838 -0.91516519906623184 0.96722038638453367
v -1.4021204194943895 -0.97152737363883834 1.02226609000862
v -1.430819083570547 -0.88827095424857905 0.99028838370532357
v -1.467251683583874 -0.9715260534862783 0.97044701801237077
v -1.399798169415901 -0.91664525039333977 1.0185186095896117
v -1.4356040846753091 -1 0.99794988951015062
v -1.2326393444421568 -0.91403983260956312 1.1045913114606178
v -1.3249493809956141 -0.971090572702345 1.0693320149999423
v -1.2758953621979616 -0.88729552174654702 1.0833872825525253
v -1.2338980445506094 -0.97108861171311722 1.1091326394457539
v -1.3226171239370661 -0.91617115851558806 1.0655411575824616
v -1.2806776534607311 -1 1.0912644188225149
v -1.6194754737966672 -1 0.12403966903257291
v -1.6585195541684905 -1 0.21261424478766125
v -1.625048697300542 -0.953928156745392 0.13824446875473373
v -1.625048697300542 -1.0460718432546081 0.13824446875473373
v -1.6983247998456243 -1 0.40160088925849136
v -1.6849712681580749 -1 0.30572816699743888
v -1.6274806990139301 -0.86251143551315756 0.1718545937817107
v -1.6623384888167365 -0.95377031398960443 0.22825568245535102
v -1.6277603979647752 -0.90777593305876847 0.15434546473303296
v -1.645343139681219 -0.95380814848782935 0.18279493844564981
v -1.6274806990139301 -1.1374885644868424 0.1718545937817107
v -1.6623384888167365 -1.0462296860103957 0.22825568245535102
v -1.6277603979647752 -1.0922240669412315 0.15434546473303296
v -1.645343139681219 -1.0461918515121706 0.18279493844564981
v -1.6194754737966672 -1 0.77596033096742711
v -1.6585195541684905 -1 0.6873857552123388
v -1.625048697300542 -0.953928156745392 0.76175553124526629
v -1.625048697300542 -1.0460718432546081 0.76175553124526629
v -1.6983247998456243 -1 0.49839911074150867
v -1.6849712681580749 -1 0.59427183300256115
v -1.6274806990139301 -0.86251143551315756 0.72814540621828927
v -1.6623384888167365 -0.95377031398960443 0.67174431754464903
v -1.6277603979647752 -0.90777593305876847 0.74565453526696701
v -1.645343139681219 -0.95380814848782935 0.71720506155435015
v -1.6274806990139301 -1.1374885644868424 0.72814540621828927
v -1.6623384888167365 -1.0462296860103957 0.67174431754464903
v -1.6277603979647752 -1.0922240669412315 0.74565453526696701
v -1.645343139681219 -1.0461918515121706 0.71720506155435015
v -1.5968481150478646 -0.68887532149311814 0.25771437394386315
v -1.6467156727579007 -0.77212902024099217 0.30916798945919388
v -1.6088077173235762 -0.72986569859211947 0.23463839123434091
v -1.6079741467252298 -0.68201672772397015 0.31124094456087914
v -1.6978421336131895 -0.95328109475757705 0.42112612864299698
v -1.6806589442783735 -0.86099365877095657 0.36408935646868534
v -1.6941533373698499 -0.95330343266419804 0.37273050526014595
v -1.6242193684400061 -0.81613760934148361 0.19203720933883717
v -1.6552346764485844 -0.81509415980397126 0.28728138078044219
v -1.6179858521637676 -0.77259552969348233 0.21255380944299385
v -1.645877390666046 -0.86112929524501314 0.21857544731106646
v -1.6340822672940361 -0.77184971488104526 0.26056102380081764
v -1.6193320149999422 -0.6750506190043859 0.42109057270234501
v -1.6545913114606179 -0.76736065555784316 0.36403983260956319
v -1.6155411575824616 -0.67738287606293379 0.36617115851558812
v -1.6333872825525253 -0.72410463780203838 0.33729552174654709
v -1.6766501588459062 -0.95340320068115181 0.27687201027260533
v -1.6728317272887587 -0.86116383700530708 0.31575400714160384
v -1.6870381999687378 -0.95337692324987344 0.32428285519441469
v -1.6634752574053726 -0.90720110849806135 0.24704939382478822
v -1.6855983356746889 -0.90672053286835841 0.34391577340747781
v -1.6611028150172409 -0.86063412022873886 0.26691472060304261
v -1.5968481150478646 -1.3111246785068817 0.25771437394386315
v -1.6467156727579007 -1.2278709797590077 0.30916798945919388
v -1.6088077173235762 -1.2701343014078805 0.23463839123434091
v -1.6079741467252298 -1.3179832722760298 0.31124094456087914
v -1.6978421336131895 -1.0467189052424231 0.42112612864299698
v -1.6806589442783735 -1.1390063412290434 0.36408935646868534
v -1.6941533373698499 -1.046696567335802 0.37273050526014595
v -1.6242193684400061 -1.1838623906585164 0.19203720933883717
v -1.6552346764485844 -1.1849058401960288 0.28728138078044219
v -1.6179858521637676 -1.2274044703065177 0.21255380944299385
v -1.645877390666046 -1.1388707047549869 0.21857544731106646
v -1.6340822672940361 -1.2281502851189547 0.26056102380081764
v -1.6193320149999422 -1.3249493809956141 0.42109057270234501
v -1.6545913114606179 -1.2326393444421568 0.36403983260956319
v -1.6155411575824616 -1.3226171239370661 0.36617115851558812
v -1.6333872825525253 -1.2758953621979616 0.33729552174654709
v -1.6766501588459062 -1.0465967993188481 0.27687201027260533
v -1.6728317272887587 -1.1388361629946928 0.31575400714160384
v -1.6870381999687378 -1.0466230767501266 0.32428285519441469
v -1.6634752574053726 -1.0927988915019387 0.24704939382478822
v -1.6855983356746889 -1.0932794671316415 0.34391577340747781
v -1.6611028150172409 -1.1393658797712611 0.26691472060304261
v -1.5968481150478646 -0.68887532149311814 0.64228562605613693
v -1.6467156727579007 -0.77212902024099217 0.59083201054080614
v -1.6088077173235762 -0.72986569859211947 0.66536160876565908
v -1.6079741467252298 -0.68201672772397015 0.58875905543912088
v -1.6978421336131895 -0.95328109475757705 0.47887387135700304
v -1.6806589442783735 -0.86099365877095657 0.53591064353131468
v -1.6941533373698499 -0.95330343266419804 0.52726949473985407
v -1.6937319592334374 -0.90653359567129865 0.45000000000000001
v -1.6242193684400061 -0.81613760934148361 0.70796279066116286
v -1.6552346764485844 -0.81509415980397126 0.61271861921955784
v -1.6179858521637676 -0.77259552969348233 0.68744619055700618
v -1.645877390666046 -0.86112929524501314 0.68142455268893354
v -1.6340822672940361 -0.77184971488104526 0.63943897619918233
v -1.6193320149999422 -0.6750506190043859 0.47890942729765501
v -1.6545913114606179 -0.76736065555784316 0.53596016739043684
v -1.6155411575824616 -0.67738287606293379 0.5338288414844119
v -1.6412644188225149 -0.71932234653926885 0.45000000000000001
v -1.6333872825525253 -0.72410463780203838 0.56270447825345293
v -1.6766501588459062 -0.95340320068115181 0.62312798972739469
v -1.6728317272887587 -0.86116383700530708 0.58424599285839618
v -1.6870381999687378 -0.95337692324987344 0.57571714480558533
v -1.6634752574053726 -0.90720110849806135 0.65295060617521183
v -1.6855983356746889 -0.90672053286835841 0.55608422659252221
v -1.6611028150172409 -0.86063412022873886 0.63308527939695747
v -1.6724583201258627 -0.81413709152074298 0.39294925990721818
v -1.6724583201258627 -0.81413709152074298 0.50705074009278184
v -1.685196355827419 -0.85974255256134402 0.42112436323095898
v -1.659132639445754 -0.76610195544939075 0.42108861171311729
v -1.685196355827419 -0.85974255256134402 0.47887563676904105
v -1.659132639445754 -0.76610195544939075 0.47891138828688273
v -1.5968481150478646 -1.3111246785068817 0.64228562605613693
v -1.6467156727579007 -1.2278709797590077 0.59083201054080614
v -1.6088077173235762 -1.2701343014078805 0.66536160876565908
v -1.6079741467252298 -1.3179832722760298 0.58875905543912088
v -1.6978421336131895 -1.0467189052424231 0.47887387135700304
v -1.6806589442783735 -1.1390063412290434 0.53591064353131468
v -1.6941533373698499 -1.046696567335802 0.52726949473985407
v -1.6937319592334374 -1.0934664043287012 0.45000000000000001
v -1.6242193684400061 -1.1838623906585164 0.70796279066116286
v -1.6552346764485844 -1.1849058401960288 0.61271861921955784
v -1.6179858521637676 -1.2274044703065177 0.68744619055700618
v -1.645877390666046 -1.1388707047549869 0.68142455268893354
v -1.6340822672940361 -1.2281502851189547 0.63943897619918233
v -1.6193320149999422 -1.3249493809956141 0.47890942729765501
v -1.6545913114606179 -1.2326393444421568 0.53596016739043684
v -1.6155411575824616 -1.3226171239370661 0.5338288414844119
v -1.6412644188225149 -1.2806776534607311 0.45000000000000001
v -1.6333872825525253 -1.2758953621979616 0.56270447825345293
v -1.6766501588459062 -1.0465967993188481 0.62312798972739469
v -1.6728317272887587 -1.1388361629946928 0.58424599285839618
v -1.6870381999687378 -1.0466230767501266 0.57571714480558533
v -1.6634752574053726 -1.0927988915019387 0.65295060617521183
v -1.6855983356746889 -1.0932794671316415 0.55608422659252221
v -1.6611028150172409 -1.1393658797712611 0.63308527939695747
v -1.6724583201258627 -1.1858629084792569 0.39294925990721818
v -1.6724583201258627 -1.1858629084792569 0.50705074009278184
v -1.685196355827419 -1.140257447438656 0.42112436323095898
v -1.659132639445754 -1.2338980445506094 0.42108861171311729
v -1.685196355827419 -1.140257447438656 0.47887563676904105
v -1.659132639445754 -1.2338980445506094 0.47891138828688273
v 0.6319882215166065 1.595455565846428 0.55000000000000004
v 1.3680117784833934 1.595455565846428 0.55000000000000004
v 1 1.3680117784833934 1.145455565846428
v 1 1.3680117784833934 -0.045455565846427959
v 1.595455565846428 1 0.18198822151660654
v 1.595455565846428 1 0.91801177848339355
v 1 1.7 0.55000000000000004
v 0.78368810393753674 1.5663118960624631 0.90000000000000013
v 1.2163118960624633 1.5663118960624631 0.90000000000000013
v 1 1 1.25
v 0.78368810393753674 1.5663118960624631 0.20000000000000001
v 1.2163118960624633 1.5663118960624631 0.20000000000000001
v 1 1 -0.14999999999999991
v 1.5663118960624631 1.3500000000000001 0.33368810393753684
v 1.5663118960624631 0.64999999999999991 0.33368810393753684
v 1.3500000000000001 0.78368810393753674 -0.016311896062463083
v 1.3500000000000001 1.2163118960624633 -0.016311896062463083
v 1.5663118960624631 1.3500000000000001 0.7663118960624633
v 1.5663118960624631 0.64999999999999991 0.7663118960624633
v 1.3500000000000001 0.78368810393753674 1.1163118960624632
v 1.3500000000000001 1.2163118960624633 1.1163118960624632
v 1.7 1 0.55000000000000004
v 0.80871342976112981 1.6733568504487422 0.55000000000000004
v 1.1912865702388702 1.6733568504487422 0.55000000000000004
v 0.69627800481311364 1.6038679362913304 0.73192433910542809
v 0.88756457505198383 1.4856463342923145 1.0414325113433143
v 0.88627810631848281 1.6657395614066075 0.73400588924169674
v 1.3037219951868864 1.6038679362913304 0.73192433910542809
v 1.1124354249480162 1.4856463342923145 1.0414325113433143
v 1.1137218936815172 1.6657395614066075 0.73400588924169674
v 1 1.595455565846428 0.91801177848339366
v 1 1.1912865702388702 1.2233568504487424
v 0.69627800481311364 1.6038679362913304 0.368075660894572
v 0.88756457505198383 1.4856463342923145 0.058567488656685929
v 0.88627810631848281 1.6657395614066075 0.36599411075830329
v 1.3037219951868864 1.6038679362913304 0.368075660894572
v 1.1124354249480162 1.4856463342923145 0.058567488656685929
v 1.1137218936815172 1.6657395614066075 0.36599411075830329
v 1 1.595455565846428 0.18198822151660649
v 1 1.1912865702388702 -0.12335685044874223
v 1.4856463342923145 1.4914325113433142 0.43756457505198382
v 1.6038679362913304 1.1819243391054282 0.24627800481311368
v 1.4114496766047313 1.4817336721649106 0.25227221707678604
v 1.4856463342923145 0.50856748865668577 0.43756457505198382
v 1.6038679362913304 0.81807566089457184 0.24627800481311368
v 1.491432511343314 0.88756457505198383 0.064353665707685692
v 1.1840058892416967 0.88627810631848281 -0.11573956140660746
v 1.4817336721649106 0.702272217076786 0.13855032339526885
v 1.1819243391054282 1.3037219951868864 -0.053867936291330243
v 1.491432511343314 1.1124354249480162 0.064353665707685692
v 1.2977277829232139 1.4114496766047311 0.068266327835089347
v 1.1840058892416967 1.1137218936815172 -0.11573956140660746
v 1.4817336721649106 1.2977277829232139 0.13855032339526885
v 1.3680117784833936 1 -0.045455565846427848
v 1.4856463342923145 1.4914325113433142 0.66243542494801622
v 1.6038679362913304 1.1819243391054282 0.85372199518688641
v 1.4114496766047313 1.4817336721649106 0.84772778292321405
v 1.5954555658464278 1.3680117784833936 0.55000000000000004
v 1.4856463342923145 0.50856748865668577 0.66243542494801622
v 1.6038679362913304 0.81807566089457184 0.85372199518688641
v 1.5954555658464278 0.63198822151660639 0.55000000000000004
v 1.491432511343314 0.88756457505198383 1.0356463342923143
v 1.1840058892416967 0.88627810631848281 1.2157395614066075
v 1.4817336721649106 0.702272217076786 0.96144967660473124
v 1.1819243391054282 1.3037219951868864 1.1538679362913302
v 1.491432511343314 1.1124354249480162 1.0356463342923143
v 1.2977277829232139 1.4114496766047311 1.0317336721649109
v 1.1840058892416967 1.1137218936815172 1.2157395614066075
v 1.4817336721649106 1.2977277829232139 0.96144967660473124
v 1.3680117784833936 1 1.145455565846428
v 1.6733568504487422 1 0.35871342976112985
v 1.6733568504487422 1 0.74128657023887023
v 1.6657395614066075 1.1840058892416967 0.43627810631848279
v 1.6657395614066075 0.81599411075830319 0.43627810631848279
v 1.6657395614066075 1.1840058892416967 0.66372189368151724
v 1.6657395614066075 0.81599411075830319 0.66372189368151724
v 0.51435366570768548 1.4914325113433142 0.43756457505198382
v 0.58855032339526869 1.4817336721649106 0.25227221707678604
v 0.81807566089457184 1.3037219951868864 -0.053867936291330243
v 0.702272217076786 1.4114496766047311 0.068266327835089347
v 0.51435366570768548 1.4914325113433142 0.66243542494801622
v 0.58855032339526869 1.4817336721649106 0.84772778292321405
v 0.81807566089457184 1.3037219951868864 1.1538679362913302
v 0.702272217076786 1.4114496766047311 1.0317336721649109
v 0.81599411075830319 1.1137218936815172 1.2157395614066075
v 0.71765125596784496 1.6405303948630889 0.55000000000000004
v 0.90343343051065639 1.6933072173698034 0.55000000000000004
v 1.282348744032155 1.6405303948630889 0.55000000000000004
v 1.0965665694893436 1.6933072173698034 0.55000000000000004
v 0.66089085055753249 1.6054505351042923 0.64184026516910908
v 0.73747300276525318 1.5907380322356732 0.81852961287953341
v 0.74923984455939474 1.6470132204279424 0.64215875994644533
v 0.94323959458968754 1.4309494146115764 1.0986901296939799
v 0.83403957225459679 1.5310566101142802 0.97477760449027007
v 0.94243027430444637 1.6913818384165964 0.64314977289841391
v 0.83292614877628479 1.6237045669318575 0.8203311699113145
v 0.84591808076869535 1.6764748181817073 0.64295473377953172
v 0.78911878463473761 1.6413709226338509 0.73485792546134587
v 1.3391091494424674 1.6054505351042923 0.64184026516910908
v 1.2625269972347468 1.5907380322356732 0.81852961287953341
v 1.2507601554406054 1.6470132204279424 0.64215875994644533
v 1.0567604054103124 1.4309494146115764 1.0986901296939799
v 1.1659604277454032 1.5310566101142802 0.97477760449027007
v 1 1.4920349213414412 1.0478972144735514
v 1.0575697256955536 1.6913818384165964 0.64314977289841391
v 1.1670738512237153 1.6237045669318575 0.8203311699113145
v 1.1540819192313048 1.6764748181817073 0.64295473377953172
v 1 1.6747028844273357 0.73648329079419717
v 1.2108812153652624 1.6413709226338509 0.73485792546134587
v 0.89049587447183842 1.5881245197289973 0.91348094280972858
v 1.1095041255281617 1.5881245197289973 0.91348094280972858
v 0.94320070386604227 1.5461430594970886 0.9841677078294131
v 0.94237349397762793 1.6390877450526093 0.82972493619129584
v 1.0567992961339578 1.5461430594970886 0.9841677078294131
v 1.0576265060223722 1.6390877450526093 0.82972493619129584
v 1 1.282348744032155 1.1905303948630888
v 1 1.0965665694893436 1.2433072173698032
v 0.66089085055753249 1.6054505351042923 0.45815973483089106
v 0.73747300276525318 1.5907380322356732 0.28147038712046663
v 0.74923984455939474 1.6470132204279424 0.45784124005355481
v 0.94323959458968754 1.4309494146115764 0.0013098703060201444
v 0.83403957225459679 1.5310566101142802 0.12522239550973008
v 0.94243027430444637 1.6913818384165964 0.45685022710158613
v 0.83292614877628479 1.6237045669318575 0.27966883008868559
v 0.84591808076869535 1.6764748181817073 0.45704526622046837
v 0.78911878463473761 1.6413709226338509 0.36514207453865422
v 1.3391091494424674 1.6054505351042923 0.45815973483089106
v 1.2625269972347468 1.5907380322356732 0.28147038712046663
v 1.2507601554406054 1.6470132204279424 0.45784124005355481
v 1.0567604054103124 1.4309494146115764 0.0013098703060201444
v 1.1659604277454032 1.5310566101142802 0.12522239550973008
v 1 1.4920349213414412 0.052102785526448647
v 1.0575697256955536 1.6913818384165964 0.45685022710158613
v 1.1670738512237153 1.6237045669318575 0.27966883008868559
v 1.1540819192313048 1.6764748181817073 0.45704526622046837
v 1 1.6747028844273357 0.36351670920580292
v 1.2108812153652624 1.6413709226338509 0.36514207453865422
v 0.89049587447183842 1.5881245197289973 0.18651905719027156
v 1.1095041255281617 1.5881245197289973 0.18651905719027156
v 0.94320070386604227 1.5461430594970886 0.11583229217058705
v 0.94237349397762793 1.6390877450526093 0.27027506380870425
v 1.0567992961339578 1.5461430594970886 0.11583229217058705
v 1.0576265060223722 1.6390877450526093 0.27027506380870425
v 1 1.282348744032155 -0.090530394863088781
v 1 1.0965665694893436 -0.14330721736980323
v 1.4309494146115764 1.5486901296939801 0.49323959458968758
v 1.5310566101142802 1.42477760449027 0.38403957225459684
v 1.3998761613949959 1.5548544604814971 0.40088399404560926
v 1.6054505351042923 1.091840265169109 0.21089085055753254
v 1.590738032235673 1.2685296128795334 0.28747300276525328
v 1.3177933498176828 1.5305547940334434 0.22209910439313196
v 1.4949747468305832 1.4210506685052819 0.28977637587787092
v 1.3612851340357426 1.5484161888543193 0.30769288964770558
v 1.4531883257175569 1.4916168927203617 0.342796785195562
v 1.5310566101142802 0.57522239550972998 0.38403957225459684
v 1.6054505351042923 0.90815973483089096 0.21089085055753254
v 1.590738032235673 0.73147038712046653 0.28747300276525328
v 1.4949747468305832 0.57894933149471806 0.28977637587787092
v 1.2685296128795334 0.73747300276525318 -0.040738032235672961
v 1.5486901296939799 0.94323959458968754 0.11905058538842356
v 1.42477760449027 0.83403957225459679 0.018943389885719863
v 1.5548544604814971 0.85088399404560922 0.150123838605004
v 1.3279008956068681 0.68220665018231719 0.019445205966556522
v 1.0931497728984139 0.94243027430444637 -0.14138183841659635
v 1.2703311699113145 0.83292614877628479 -0.073704566931857451
v 1.5305547940334434 0.67209910439313192 0.23220665018231729
v 1.4210506685052819 0.73977637587787082 0.055025253169416866
v 1.5484161888543193 0.75769288964770554 0.18871486596425729
v 1.4526044542584122 0.60502205176395996 0.19063719113868655
v 1.4916168927203617 0.79279678519556196 0.096811674282443194
v 1.39497794823604 0.64063719113868656 0.09739554574158793
v 1.091840265169109 1.3391091494424674 -0.05545053510429232
v 1.2685296128795334 1.2625269972347468 -0.040738032235672961
v 1.1491160059543908 1.3998761613949962 -0.0048544604814969583
v 1.0921587599464453 1.2507601554406054 -0.097013220427942248
v 1.5486901296939799 1.0567604054103126 0.11905058538842356
v 1.42477760449027 1.1659604277454032 0.018943389885719863
v 1.5548544604814971 1.1491160059543908 0.150123838605004
v 1.4978972144735514 1 0.057965078658558822
v 1.2602236241221292 1.4949747468305832 0.12894933149471804
v 1.3279008956068681 1.3177933498176828 0.019445205966556522
v 1.207203214804438 1.4531883257175569 0.058383107279638469
v 1.3593628088613134 1.4526044542584122 0.15502205176396
v 1.2423071103522945 1.3612851340357428 0.0015838111456808468
v 1.0931497728984139 1.0575697256955536 -0.14138183841659635
v 1.2703311699113145 1.1670738512237153 -0.073704566931857451
v 1.0929547337795318 1.1540819192313048 -0.12647481818170725
v 1.1864832907941971 1 -0.12470288442733568
v 1.1848579254613458 1.2108812153652624 -0.091370922633850937
v 1.5305547940334434 1.3279008956068681 0.23220665018231729
v 1.4210506685052819 1.2602236241221292 0.055025253169416866
v 1.5484161888543193 1.2423071103522945 0.18871486596425729
v 1.4526044542584122 1.39497794823604 0.19063719113868655
v 1.4916168927203617 1.207203214804438 0.096811674282443194
v 1.39497794823604 1.3593628088613134 0.09739554574158793
v 1.3634809428097285 0.89049587447183842 -0.038124519728997108
v 1.3634809428097285 1.1095041255281617 -0.038124519728997108
v 1.4341677078294131 0.94320070386604227 0.0038569405029114101
v 1.2797249361912959 0.94237349397762793 -0.089087745052609302
v 1.4341677078294131 1.0567992961339578 0.0038569405029114101
v 1.2797249361912959 1.0576265060223722 -0.089087745052609302
v 1.4309494146115764 1.5486901296939801 0.60676040541031251
v 1.5310566101142802 1.42477760449027 0.71596042774540325
v 1.3998761613949959 1.5548544604814971 0.69911600595439083
v 1.4920349213414412 1.4978972144735514 0.55000000000000004
v 1.6054505351042923 1.091840265169109 0.88910914944246755
v 1.590738032235673 1.2685296128795334 0.81252699723474686
v 1.3177933498176828 1.5305547940334434 0.87790089560686813
v 1.4949747468305832 1.4210506685052819 0.81022362412212923
v 1.3612851340357426 1.5484161888543193 0.79230711035229451
v 1.4531883257175569 1.4916168927203617 0.75720321480443809
v 1.5881245197289973 1.3634809428097285 0.44049587447183847
v 1.5881245197289973 1.3634809428097285 0.65950412552816162
v 1.5461430594970886 1.4341677078294131 0.49320070386604231
v 1.5461430594970886 1.4341677078294131 0.60679929613395778
v 1.5310566101142802 0.57522239550972998 0.71596042774540325
v 1.4920349213414412 0.5021027855264486 0.55000000000000004
v 1.6054505351042923 0.90815973483089096 0.88910914944246755
v 1.590738032235673 0.73147038712046653 0.81252699723474686
v 1.4949747468305832 0.57894933149471806 0.81022362412212923
v 1.4531883257175569 0.50838310727963842 0.75720321480443809
v 1.5881245197289973 0.63651905719027146 0.44049587447183847
v 1.5881245197289973 0.63651905719027146 0.65950412552816162
v 1.5461430594970886 0.56583229217058695 0.49320070386604231
v 1.5461430594970886 0.56583229217058695 0.60679929613395778
v 1.2685296128795334 0.73747300276525318 1.140738032235673
v 1.5486901296939799 0.94323959458968754 0.98094941461157648
v 1.42477760449027 0.83403957225459679 1.0810566101142802
v 1.5548544604814971 0.85088399404560922 0.94987616139499609
v 1.3279008956068681 0.68220665018231719 1.0805547940334437
v 1.0931497728984139 0.94243027430444637 1.2413818384165964
v 1.2703311699113145 0.83292614877628479 1.1737045669318575
v 1.0929547337795318 0.84591808076869535 1.2264748181817073
v 1.1848579254613458 0.7891187846347375 1.1913709226338511
v 1.5305547940334434 0.67209910439313192 0.86779334981768286
v 1.4210506685052819 0.73977637587787082 1.0449747468305832
v 1.5484161888543193 0.75769288964770554 0.91128513403574285
v 1.4526044542584122 0.60502205176395996 0.90936280886131349
v 1.4916168927203617 0.79279678519556196 1.0031883257175569
v 1.39497794823604 0.64063719113868656 1.002604454258412
v 1.091840265169109 1.3391091494424674 1.1554505351042925
v 1.2685296128795334 1.2625269972347468 1.140738032235673
v 1.1491160059543908 1.3998761613949962 1.1048544604814969
v 1.0921587599464453 1.2507601554406054 1.1970132204279422
v 1.5486901296939799 1.0567604054103126 0.98094941461157648
v 1.42477760449027 1.1659604277454032 1.0810566101142802
v 1.5548544604814971 1.1491160059543908 0.94987616139499609
v 1.4978972144735514 1 1.0420349213414413
v 1.2602236241221292 1.4949747468305832 0.97105066850528199
v 1.3279008956068681 1.3177933498176828 1.0805547940334437
v 1.207203214804438 1.4531883257175569 1.0416168927203615
v 1.3593628088613134 1.4526044542584122 0.94497794823604009
v 1.2423071103522945 1.3612851340357428 1.0984161888543191
v 1.0931497728984139 1.0575697256955536 1.2413818384165964
v 1.2703311699113145 1.1670738512237153 1.1737045669318575
v 1.0929547337795318 1.1540819192313048 1.2264748181817073
v 1.1864832907941971 1 1.2247028844273358
v 1.1848579254613458 1.2108812153652624 1.1913709226338511
v 1.5305547940334434 1.3279008956068681 0.86779334981768286
v 1.4210506685052819 1.2602236241221292 1.0449747468305832
v 1.5484161888543193 1.2423071103522945 0.91128513403574285
v 1.4526044542584122 1.39497794823604 0.90936280886131349
v 1.4916168927203617 1.207203214804438 1.0031883257175569
v 1.39497794823604 1.3593628088613134 1.002604454258412
v 1.3634809428097285 0.89049587447183842 1.1381245197289971
v 1.3634809428097285 1.1095041255281617 1.1381245197289971
v 1.4341677078294131 0.94320070386604227 1.0961430594970887
v 1.2797249361912959 0.94237349397762793 1.1890877450526094
v 1.4341677078294131 1.0567992961339578 1.0961430594970887
v 1.2797249361912959 1.0576265060223722 1.1890877450526094
v 1.6405303948630889 1 0.267651255967845
v 1.6933072173698034 1 0.45343343051065643
v 1.6470132204279424 1.0921587599464453 0.29923984455939479
v 1.6470132204279424 0.90784124005355471 0.29923984455939479
v 1.6405303948630889 1 0.83234874403215509
v 1.6933072173698034 1 0.64656656948934366
v 1.6470132204279424 1.0921587599464453 0.8007601554406053
v 1.6470132204279424 0.90784124005355471 0.8007601554406053
v 1.6237045669318575 1.2703311699113145 0.38292614877628484
v 1.6913818384165964 1.0931497728984139 0.49243027430444641
v 1.6413709226338509 1.1848579254613458 0.33911878463473755
v 1.6390877450526093 1.2797249361912959 0.49237349397762792
v 1.6764748181817073 1.0929547337795318 0.39591808076869539
v 1.6237045669318575 0.72966883008868555 0.38292614877628484
v 1.6913818384165964 0.90685022710158603 0.49243027430444641
v 1.6413709226338509 0.81514207453865406 0.33911878463473755
v 1.6390877450526093 0.72027506380870421 0.49237349397762792
v 1.6764748181817073 0.90704526622046833 0.39591808076869539
v 1.6237045669318575 1.2703311699113145 0.71707385122371525
v 1.6913818384165964 1.0931497728984139 0.60756972569555368
v 1.6413709226338509 1.1848579254613458 0.76088121536526254
v 1.6390877450526093 1.2797249361912959 0.60762650602237211
v 1.6764748181817073 1.0929547337795318 0.7040819192313047
v 1.6747028844273357 1.1864832907941971 0.55000000000000004
v 1.6237045669318575 0.72966883008868555 0.71707385122371525
v 1.6913818384165964 0.90685022710158603 0.60756972569555368
v 1.6413709226338509 0.81514207453865406 0.76088121536526254
v 1.6390877450526093 0.72027506380870421 0.60762650602237211
v 1.6764748181817073 0.90704526622046833 0.7040819192313047
v 1.6747028844273357 0.81351670920580277 0.55000000000000004
v 0.56905058538842357 1.5486901296939801 0.49323959458968758
v 0.60012383860500396 1.5548544604814971 0.40088399404560926
v 0.68220665018231719 1.5305547940334434 0.22209910439313196
v 0.63871486596425731 1.5484161888543193 0.30769288964770558
v 0.54681167428244315 1.4916168927203617 0.342796785195562
v 0.90815973483089096 1.3391091494424674 -0.05545053510429232
v 0.73147038712046653 1.2625269972347468 -0.040738032235672961
v 0.8508839940456091 1.3998761613949962 -0.0048544604814969583
v 0.90784124005355471 1.2507601554406054 -0.097013220427942248
v 0.73977637587787082 1.4949747468305832 0.12894933149471804
v 0.67209910439313192 1.3177933498176828 0.019445205966556522
v 0.79279678519556196 1.4531883257175569 0.058383107279638469
v 0.64063719113868645 1.4526044542584122 0.15502205176396
v 0.75769288964770554 1.3612851340357428 0.0015838111456808468
v 0.90704526622046833 1.1540819192313048 -0.12647481818170725
v 0.81514207453865406 1.2108812153652624 -0.091370922633850937
v 0.56905058538842357 1.5486901296939801 0.60676040541031251
v 0.60012383860500396 1.5548544604814971 0.69911600595439083
v 0.50796507865855878 1.4978972144735514 0.55000000000000004
v 0.68220665018231719 1.5305547940334434 0.87790089560686813
v 0.63871486596425731 1.5484161888543193 0.79230711035229451
v 0.54681167428244315 1.4916168927203617 0.75720321480443809
v 0.90815973483089096 1.3391091494424674 1.1554505351042925
v 0.73147038712046653 1.2625269972347468 1.140738032235673
v 0.8508839940456091 1.3998761613949962 1.1048544604814969
v 0.90784124005355471 1.2507601554406054 1.1970132204279422
v 0.73977637587787082 1.4949747468305832 0.97105066850528199
v 0.67209910439313192 1.3177933498176828 1.0805547940334437
v 0.79279678519556196 1.4531883257175569 1.0416168927203615
v 0.64063719113868645 1.4526044542584122 0.94497794823604009
v 0.75769288964770554 1.3612851340357428 1.0984161888543191
v 0.90685022710158603 1.0575697256955536 1.2413818384165964
v 0.90704526622046833 1.1540819192313048 1.2264748181817073
v 0.81514207453865406 1.2108812153652624 1.1913709226338511
v 0.54739554574158789 1.39497794823604 0.90936280886131349
v 0.60502205176395996 1.3593628088613134 1.002604454258412
v 0.67403966903257295 1.6194754737966672 0.55000000000000004
v 0.76261424478766127 1.6585195541684905 0.55000000000000004
v 0.95160088925849129 1.6983247998456243 0.55000000000000004
v 0.85572816699743892 1.6849712681580749 0.55000000000000004
v 1.325960330967427 1.6194754737966672 0.55000000000000004
v 1.2373857552123388 1.6585195541684905 0.55000000000000004
v 1.0483991107415087 1.6983247998456243 0.55000000000000004
v 1.1442718330025612 1.6849712681580749 0.55000000000000004
v 0.64559138551464379 1.6018934676609935 0.59603028965360261
v 0.67781338902755328 1.6061097430336666 0.68721066689493193
v 0.68824446875473377 1.625048697300542 0.59607184325460805
v 0.76000621388346412 1.5799127784003548 0.86000669682029662
v 0.71619632097931507 1.5987358448058577 0.77576726937034102
v 0.77825568245535104 1.6623384888167365 0.59622968601039561
v 0.72185459378171069 1.6274806990139301 0.68748856448684237
v 0.7327949384456498 1.645343139681219 0.59619185151217069
v 0.70434546473303294 1.6277603979647752 0.64222406694123158
v 0.97155171648207095 1.4004389041389587 1.1234451841430646
v 0.91519914423989202 1.4593972778673787 1.0713088872735588
v 0.80840532462497283 1.5500004829368326 0.9383181030253277
v 0.86046815398187615 1.5095709483910258 1.0092039987877337
v 0.97112612864299697 1.6978421336131895 0.59671890524242299
v 0.91408935646868539 1.6806589442783735 0.68900634122904347
v 0.92273050526014599 1.6941533373698499 0.59669656733580201
v 0.80771437394386314 1.5968481150478646 0.8611246785068819
v 0.85916798945919393 1.6467156727579007 0.77787097975900776
v 0.78463839123434098 1.6088077173235762 0.82013430140788057
v 0.82687201027260526 1.6766501588459062 0.59659679931884824
v 0.86575400714160389 1.6728317272887587 0.68883616299469297
v 0.87428285519441473 1.6870381999687378 0.5966230767501266
v 0.79704939382478823 1.6634752574053726 0.64279889150193859
v 0.89391577340747785 1.6855983356746889 0.64327946713164152
v 0.74203720933883721 1.6242193684400061 0.73386239065851644
v 0.83728138078044223 1.6552346764485846 0.73490584019602867
v 0.76255380944299378 1.6179858521637676 0.7774044703065176
v 0.76857544731106653 1.645877390666046 0.68887070475498691
v 0.81056102380081763 1.6340822672940361 0.77815028511895479
v 0.81691472060304271 1.6611028150172409 0.68936587977126118
v 1.3544086144853562 1.6018934676609935 0.59603028965360261
v 1.3221866109724467 1.6061097430336666 0.68721066689493193
v 1.3117555312452662 1.625048697300542 0.59607184325460805
v 1.239993786116536 1.5799127784003548 0.86000669682029662
v 1.2838036790206848 1.5987358448058577 0.77576726937034102
v 1.221744317544649 1.6623384888167365 0.59622968601039561
v 1.2781454062182893 1.6274806990139301 0.68748856448684237
v 1.2672050615543502 1.645343139681219 0.59619185151217069
v 1.2956545352669671 1.6277603979647752 0.64222406694123158
v 1.0284482835179289 1.4004389041389587 1.1234451841430646
v 1.0848008557601079 1.4593972778673787 1.0713088872735588
v 1 1.4323731828101876 1.1005028889902286
v 1.1915946753750273 1.5500004829368326 0.9383181030253277
v 1.1395318460181239 1.5095709483910258 1.0092039987877337
v 0.94359891132635965 1.4904351739591872 1.0462784070862341
v 1.0564010886736404 1.4904351739591872 1.0462784070862341
v 0.97155052628738314 1.462618587958179 1.0745709385021778
v 1.0284494737126169 1.462618587958179 1.0745709385021778
v 1.0288738713570029 1.6978421336131895 0.59671890524242299
v 1.0859106435313146 1.6806589442783735 0.68900634122904347
v 1.077269494739854 1.6941533373698499 0.59669656733580201
v 1 1.6937319592334374 0.64346640432870139
v 1.1922856260561367 1.5968481150478646 0.8611246785068819
v 1.1408320105408061 1.6467156727579007 0.77787097975900776
v 1.2153616087656591 1.6088077173235762 0.82013430140788057
v 1.1731279897273947 1.6766501588459062 0.59659679931884824
v 1.1342459928583961 1.6728317272887587 0.68883616299469297
v 1.1257171448055854 1.6870381999687378 0.5966230767501266
v 1.2029506061752118 1.6634752574053726 0.64279889150193859
v 1.1060842265925221 1.6855983356746889 0.64327946713164152
v 0.94294925990721823 1.6724583201258627 0.73586290847925695
v 1.0570507400927818 1.6724583201258627 0.73586290847925695
v 0.97112436323095896 1.685196355827419 0.69025744743865602
v 1.028875636769041 1.685196355827419 0.69025744743865602
v 1.2579627906611628 1.6242193684400061 0.73386239065851644
v 1.1627186192195578 1.6552346764485846 0.73490584019602867
v 1.2374461905570062 1.6179858521637676 0.7774044703065176
v 1.2314245526889334 1.645877390666046 0.68887070475498691
v 1.1894389761991824 1.6340822672940361 0.77815028511895479
v 1.1830852793969573 1.6611028150172409 0.68936587977126118
v 0.83658824530086617 1.5790030811624445 0.90784358374930485
v 0.94507863299050854 1.5936199750601721 0.91687732098805119
v 0.86190788597419499 1.5610525432808151 0.94515897019049566
v 0.86124094456087907 1.6079741467252298 0.86798327227602989
v 1.1634117546991338 1.5790030811624445 0.90784358374930485
v 1.0549213670094915 1.5936199750601721 0.91687732098805119
v 1.1380921140258049 1.5610525432808151 0.94515897019049566
v 1.1387590554391209 1.6079741467252298 0.86798327227602989
v 0.91516519906623184 1.5172203863845337 1.0139893624413836
v 0.97152737363883834 1.5722660900086201 0.9521204194943893
v 0.88827095424857916 1.5402883837053234 0.98081908357054703
v 0.9715260534862783 1.5204470180123708 1.0172516835838739
v 0.91664525039333977 1.5685186095896118 0.94979816941590112
v 0.91403983260956323 1.6545913114606179 0.78263934444215688
v 0.971090572702345 1.6193320149999422 0.87494938099561415
v 0.88729552174654713 1.6333872825525253 0.82589536219796167
v 0.97108861171311722 1.659132639445754 0.7838980445506093
v 0.91617115851558806 1.6155411575824616 0.87261712393706625
v 1.0848348009337681 1.5172203863845337 1.0139893624413836
v 1.0284726263611617 1.5722660900086201 0.9521204194943893
v 1.1117290457514208 1.5402883837053234 0.98081908357054703
v 1.0284739465137216 1.5204470180123708 1.0172516835838739
v 1.0833547496066602 1.5685186095896118 0.94979816941590112
v 1 1.5479498895101504 0.98560408467530913
v 1.0859601673904369 1.6545913114606179 0.78263934444215688
v 1.0289094272976551 1.6193320149999422 0.87494938099561415
v 1.112704478253453 1.6333872825525253 0.82589536219796167
v 1.0289113882868828 1.659132639445754 0.7838980445506093
v 1.0838288414844119 1.6155411575824616 0.87261712393706625
v 1 1.6412644188225149 0.83067765346073119
v 1 0.95160088925849129 1.2483247998456242
v 1 1.325960330967427 1.1694754737966673
v 1 1.2373857552123388 1.2085195541684906
v 1 1.0483991107415087 1.2483247998456242
v 1 1.1442718330025612 1.2349712681580747
v 0.64559138551464379 1.6018934676609935 0.50396971034639748
v 0.67781338902755328 1.6061097430336666 0.41278933310506816
v 0.68824446875473377 1.625048697300542 0.50392815674539204
v 0.76000621388346412 1.5799127784003548 0.23999330317970347
v 0.71619632097931507 1.5987358448058577 0.32423273062965902
v 0.77825568245535104 1.6623384888167365 0.50377031398960448
v 0.72185459378171069 1.6274806990139301 0.41251143551315772
v 0.7327949384456498 1.645343139681219 0.5038081484878294
v 0.70434546473303294 1.6277603979647752 0.45777593305876857
v 0.97155171648207095 1.4004389041389587 -0.023445184143064624
v 0.91519914423989202 1.4593972778673787 0.028691112726441426
v 0.80840532462497283 1.5500004829368326 0.16168189697467239
v 0.86046815398187615 1.5095709483910258 0.090796001212266386
v 0.97112612864299697 1.6978421336131895 0.5032810947575771
v 0.91408935646868539 1.6806589442783735 0.41099365877095667
v 0.92273050526014599 1.6941533373698499 0.50330343266419808
v 0.80771437394386314 1.5968481150478646 0.23887532149311819
v 0.85916798945919393 1.6467156727579007 0.32212902024099233
v 0.78463839123434098 1.6088077173235762 0.27986569859211952
v 0.82687201027260526 1.6766501588459062 0.50340320068115185
v 0.86575400714160389 1.6728317272887587 0.41116383700530712
v 0.87428285519441473 1.6870381999687378 0.50337692324987349
v 0.79704939382478823 1.6634752574053726 0.45720110849806145
v 0.89391577340747785 1.6855983356746889 0.45672053286835851
v 0.74203720933883721 1.6242193684400061 0.36613760934148365
v 0.83728138078044223 1.6552346764485846 0.36509415980397142
v 0.76255380944299378 1.6179858521637676 0.32259552969348249
v 0.76857544731106653 1.645877390666046 0.41112929524501318
v 0.81056102380081763 1.6340822672940361 0.3218497148810453
v 0.81691472060304271 1.6611028150172409 0.41063412022873891
v 1.3544086144853562 1.6018934676609935 0.50396971034639748
v 1.3221866109724467 1.6061097430336666 0.41278933310506816
v 1.3117555312452662 1.625048697300542 0.50392815674539204
v 1.239993786116536 1.5799127784003548 0.23999330317970347
v 1.2838036790206848 1.5987358448058577 0.32423273062965902
v 1.221744317544649 1.6623384888167365 0.50377031398960448
v 1.2781454062182893 1.6274806990139301 0.41251143551315772
v 1.2672050615543502 1.645343139681219 0.5038081484878294
v 1.2956545352669671 1.6277603979647752 0.45777593305876857
v 1.0284482835179289 1.4004389041389587 -0.023445184143064624
v 1.0848008557601079 1.4593972778673787 0.028691112726441426
v 1 1.4323731828101876 -0.00050288899022865596
v 1.1915946753750273 1.5500004829368326 0.16168189697467239
v 1.1395318460181239 1.5095709483910258 0.090796001212266386
v 0.94359891132635965 1.4904351739591872 0.053721592913766048
v 1.0564010886736404 1.4904351739591872 0.053721592913766048
v 0.97155052628738314 1.462618587958179 0.025429061497822203
v 1.0284494737126169 1.462618587958179 0.025429061497822203
v 1.0288738713570029 1.6978421336131895 0.5032810947575771
v 1.0859106435313146 1.6806589442783735 0.41099365877095667
v 1.077269494739854 1.6941533373698499 0.50330343266419808
v 1 1.6937319592334374 0.4565335956712987
v 1.1922856260561367 1.5968481150478646 0.23887532149311819
v 1.1408320105408061 1.6467156727579007 0.32212902024099233
v 1.2153616087656591 1.6088077173235762 0.27986569859211952
v 1.1731279897273947 1.6766501588459062 0.50340320068115185
v 1.1342459928583961 1.6728317272887587 0.41116383700530712
v 1.1257171448055854 1.6870381999687378 0.50337692324987349
v 1.2029506061752118 1.6634752574053726 0.45720110849806145
v 1.1060842265925221 1.6855983356746889 0.45672053286835851
v 0.94294925990721823 1.6724583201258627 0.36413709152074314
v 1.0570507400927818 1.6724583201258627 0.36413709152074314
v 0.97112436323095896 1.685196355827419 0.40974255256134412
v 1.028875636769041 1.685196355827419 0.40974255256134412
v 1.2579627906611628 1.6242193684400061 0.36613760934148365
v 1.1627186192195578 1.6552346764485846 0.36509415980397142
v 1.2374461905570062 1.6179858521637676 0.32259552969348249
v 1.2314245526889334 1.645877390666046 0.41112929524501318
v 1.1894389761991824 1.6340822672940361 0.3218497148810453
v 1.1830852793969573 1.6611028150172409 0.41063412022873891
v 0.83658824530086617 1.5790030811624445 0.19215641625069529
v 0.94507863299050854 1.5936199750601721 0.18312267901194884
v 0.86190788597419499 1.5610525432808151 0.15484102980950437
v 0.86124094456087907 1.6079741467252298 0.23201672772397014
v 1.1634117546991338 1.5790030811624445 0.19215641625069529
v 1.0549213670094915 1.5936199750601721 0.18312267901194884
v 1.1380921140258049 1.5610525432808151 0.15484102980950437
v 1.1387590554391209 1.6079741467252298 0.23201672772397014
v 0.91516519906623184 1.5172203863845337 0.086010637558616376
v 0.97152737363883834 1.5722660900086201 0.14787958050561073
v 0.88827095424857916 1.5402883837053234 0.11918091642945311
v 0.9715260534862783 1.5204470180123708 0.082748316416126177
v 0.91664525039333977 1.5685186095896118 0.15020183058409897
v 0.91403983260956323 1.6545913114606179 0.31736065555784321
v 0.971090572702345 1.6193320149999422 0.225050619004386
v 0.88729552174654713 1.6333872825525253 0.27410463780203842
v 0.97108861171311722 1.659132639445754 0.31610195544939079
v 0.91617115851558806 1.6155411575824616 0.22738287606293384
v 1.0848348009337681 1.5172203863845337 0.086010637558616376
v 1.0284726263611617 1.5722660900086201 0.14787958050561073
v 1.1117290457514208 1.5402883837053234 0.11918091642945311
v 1.0284739465137216 1.5204470180123708 0.082748316416126177
v 1.0833547496066602 1.5685186095896118 0.15020183058409897
v 1 1.5479498895101504 0.11439591532469096
v 1.0859601673904369 1.6545913114606179 0.31736065555784321
v 1.0289094272976551 1.6193320149999422 0.225050619004386
v 1.112704478253453 1.6333872825525253 0.27410463780203842
v 1.0289113882868828 1.659132639445754 0.31610195544939079
v 1.0838288414844119 1.6155411575824616 0.22738287606293384
v 1 1.6412644188225149 0.26932234653926895
v 1 1.325960330967427 -0.069475473796667186
v 1 1.2373857552123388 -0.10851955416849046
v 1 1.0483991107415087 -0.14832479984562419
v 1 1.1442718330025612 -0.1349712681580747
v 1.4004389041389587 1.5734451841430648 0.52155171648207099
v 1.4593972778673785 1.5213088872735585 0.46519914423989206
v 1.3863013395555797 1.5789768540459341 0.47545419168968672
v 1.5500004829368326 1.3883181030253278 0.35840532462497288
v 1.5095709483910258 1.4592039987877337 0.41046815398187619
v 1.3529466094723448 1.5812510130035344 0.38393991826949769
v 1.4442054879487916 1.5248499243298941 0.4187977080723041
v 1.3703945210169475 1.5815685464526044 0.42922779882095885
v 1.4164267364460081 1.5531190727399875 0.44681054053740271
v 1.6018934676609935 1.0460302896536027 0.19559138551464389
v 1.6061097430336666 1.137210666894932 0.22781338902755333
v 1.5799127784003548 1.3100066968202966 0.31000621388346417
v 1.5987358448058575 1.225767269370341 0.26619632097931512
v 1.2678784026555627 1.5501292098054416 0.21000145013611521
v 1.3657489953011641 1.5077093315288572 0.23621837670967766
v 1.2909182418729346 1.5621111499877742 0.25100563282064581
v 1.5322841759200216 1.3867174551063077 0.31099546870144024
v 1.4546136338311286 1.4527879645193658 0.27016164823015054
v 1.5143559759450134 1.4240190359619693 0.33635125286691941
v 1.3333579957260171 1.5776225691211581 0.33733920359547753
v 1.3873602498125912 1.5163985134538915 0.27928869220563068
v 1.3128839133988059 1.571362775413641 0.29378088360180921
v 1.3815763132573839 1.5530784991641076 0.3537764261785013
v 1.340368324470657 1.5408028001623943 0.26419983374121214
v 1.4706235870656852 1.4927877681873898 0.38976999400137757
v 1.4334299270139272 1.4879258870927299 0.29688574304580484
v 1.4936653069551968 1.4596337296622202 0.36283323140677937
v 1.4276481265104322 1.5246045526503857 0.37137429291782792
v 1.4752391424579701 1.4574480505557341 0.31571590212186518
v 1.4085840097388893 1.52173693524598 0.32450126965806803
v 1.5500004829368326 0.61168189697467235 0.35840532462497288
v 1.5095709483910258 0.54079600121226634 0.41046815398187619
v 1.6018934676609935 0.95396971034639744 0.19559138551464389
v 1.6061097430336666 0.862789333105068 0.22781338902755333
v 1.5799127784003548 0.68999330317970342 0.31000621388346417
v 1.5987358448058575 0.77423273062965892 0.26619632097931512
v 1.5322841759200216 0.61328254489369227 0.31099546870144024
v 1.4546136338311286 0.54721203548063424 0.27016164823015054
v 1.5143559759450134 0.57598096403803067 0.33635125286691941
v 1.4706235870656852 0.50721223181261021 0.38976999400137757
v 1.4936653069551968 0.54036627033777984 0.36283323140677937
v 1.4752391424579701 0.54255194944426588 0.31571590212186518
v 1.3100066968202966 0.76000621388346412 -0.029912778400354778
v 1.5734451841430648 0.97155171648207095 0.14956109586104127
v 1.5213088872735587 0.91519914423989202 0.090602722132621438
v 1.5789768540459341 0.92545419168968668 0.1636986604444205
v 1.3883181030253278 0.80840532462497283 -4.8293683241329433e-07
v 1.4592039987877337 0.86046815398187615 0.040429051608974143
v 1.5812510130035344 0.83393991826949754 0.19705339052765508
v 1.5248499243298941 0.86879770807230405 0.10579451205120838
v 1.5815685464526044 0.87922779882095881 0.17960547898305257
v 1.5531190727399875 0.89681054053740272 0.13357326355399179
v 1.3399985498638849 0.73212159734443716 -0.00012920980544139926
v 1.2989943671793542 0.7090817581270652 -0.012111149987774184
v 1.0467189052424231 0.97112612864299697 -0.14784213361318954
v 1.1390063412290434 0.91408935646868539 -0.13065894427837355
v 1.3111246785068817 0.80771437394386314 -0.046848115047864458
v 1.2278709797590077 0.85916798945919381 -0.096715672757900606
v 1.2701343014078805 0.78463839123434087 -0.058807717323576258
v 1.1388361629946928 0.86575400714160389 -0.12283172728875869
v 1.1849058401960288 0.83728138078044223 -0.10523467644858442
v 1.2281502851189547 0.81056102380081763 -0.084082267294035895
v 1.5501292098054416 0.66000145013611511 0.2821215973444372
v 1.5077093315288572 0.68621837670967756 0.18425100469883593
v 1.5621111499877742 0.70100563282064576 0.2590817581270653
v 1.5145077423965283 0.6242513130425924 0.26000912555080014
v 1.3867174551063077 0.76099546870144019 0.017715824079978515
v 1.452787964519366 0.72016164823015039 0.095386366168871528
v 1.4240190359619693 0.78635125286691931 0.035644024054986678
v 1.3757486869574076 0.71000912555080009 0.035492257603471633
v 1.5776225691211581 0.78733920359547749 0.21664200427398289
v 1.5163985134538915 0.72928869220563064 0.16263975018740873
v 1.571362775413641 0.74378088360180916 0.2371160866011941
v 1.5530784991641076 0.8037764261785012 0.16842368674261604
v 1.5408028001623943 0.7141998337412121 0.20963167552934292
v 1.4334691065206855 0.56018102431629413 0.22035806953499631
v 1.4687284029813608 0.65249106086975139 0.16330732944221449
v 1.4752837101438057 0.59069900637054251 0.23922984138454095
v 1.4073663742719056 0.5747654051048553 0.17154501401497718
v 1.4931298351138693 0.6374207681096471 0.21035420461549992
v 1.4927877681873898 0.83976999400137753 0.079376412934314799
v 1.4879258870927301 0.74688574304580468 0.11657007298607291
v 1.4596337296622202 0.81283323140677932 0.056334693044803152
v 1.5246045526503857 0.82137429291782782 0.12235187348956789
v 1.4574480505557341 0.76571590212186502 0.074760857542029879
v 1.52173693524598 0.77450126965806798 0.14141599026111074
v 1.4398189756837059 0.67035806953499621 0.11653089347931461
v 1.3625792318903529 0.66035420461549987 0.05687016488613067
v 1.4093009936294574 0.68922984138454091 0.074716289856194273
v 1.4252345948951448 0.62154501401497719 0.1426336257280944
v 1.0460302896536027 1.3544086144853562 -0.051893467660993564
v 1.137210666894932 1.3221866109724467 -0.056109743033666448
v 1.0745458083103134 1.3863013395555797 -0.028976854045933975
v 1.0460718432546081 1.3117555312452662 -0.075048697300541978
v 1.3100066968202966 1.239993786116536 -0.029912778400354778
v 1.225767269370341 1.2838036790206848 -0.048735844805857464
v 1.1312022919276961 1.4442054879487918 0.025150075670105965
v 1.1660600817305025 1.352946609472345 -0.031251013003534278
v 1.1031894594625973 1.4164267364460081 -0.0031190727399875717
v 1.1207722011790413 1.3703945210169475 -0.031568546452604429
v 1.0462296860103957 1.221744317544649 -0.11233848881673636
v 1.1374885644868424 1.2781454062182893 -0.077480699013929955
v 1.0461918515121706 1.2672050615543502 -0.095343139681218991
v 1.0922240669412315 1.2956545352669671 -0.077760397964775185
v 1.5734451841430648 1.0284482835179289 0.14956109586104127
v 1.5213088872735587 1.0848008557601079 0.090602722132621438
v 1.5789768540459341 1.0745458083103134 0.1636986604444205
v 1.5505028889902288 1 0.11762681718981238
v 1.3883181030253278 1.1915946753750273 -4.8293683241329433e-07
v 1.4592039987877337 1.1395318460181239 0.040429051608974143
v 1.5812510130035344 1.1660600817305025 0.19705339052765508
v 1.5248499243298941 1.1312022919276961 0.10579451205120838
v 1.5815685464526044 1.1207722011790413 0.17960547898305257
v 1.5531190727399875 1.1031894594625973 0.13357326355399179
v 1.4962784070862341 0.94359891132635965 0.059564826040812813
v 1.4962784070862341 1.0564010886736404 0.059564826040812813
v 1.524570938502178 0.97155052628738314 0.087381412041821205
v 1.524570938502178 1.0284494737126169 0.087381412041821205
v 1.2390045312985598 1.5322841759200214 0.16328254489369226
v 1.2798383517698495 1.4546136338311286 0.097212035480634174
v 1.2136487471330806 1.5143559759450134 0.12598096403803072
v 1.2899908744491999 1.5145077423965283 0.17425131304259245
v 1.3399985498638849 1.2678784026555627 -0.00012920980544139926
v 1.3137816232903226 1.3657489953011641 0.042290668471142823
v 1.2989943671793542 1.2909182418729348 -0.012111149987774184
v 1.1602300059986226 1.4706235870656852 0.057212231812610204
v 1.2531142569541953 1.433429927013927 0.062074112907270163
v 1.1871667685932206 1.4936653069551968 0.09036627033777983
v 1.1786257070821722 1.4276481265104322 0.025395447349614297
v 1.2342840978781349 1.4752391424579701 0.092551949444265869
v 1.3866926705577856 1.4687284029813608 0.20249106086975144
v 1.3296419304650038 1.4334691065206855 0.11018102431629417
v 1.3396457953845 1.4931298351138693 0.1874207681096472
v 1.3107701586154592 1.4752837101438057 0.14069900637054256
v 1.2126607964045226 1.3333579957260171 -0.027622569121157903
v 1.2707113077943695 1.3873602498125912 0.033601486546108505
v 1.2562191163981908 1.3128839133988059 -0.021362775413640955
v 1.1962235738214988 1.3815763132573839 -0.0030784991641074066
v 1.2858001662587879 1.3403683244706572 0.0091971998376056963
v 1.225498730341932 1.4085840097388893 0.028263064754020184
v 1.0467189052424231 1.0288738713570031 -0.14784213361318954
v 1.1390063412290434 1.0859106435313146 -0.13065894427837355
v 1.046696567335802 1.077269494739854 -0.14415333736984981
v 1.0934664043287012 1 -0.1437319592334374
v 1.3111246785068817 1.1922856260561367 -0.046848115047864458
v 1.2278709797590077 1.1408320105408061 -0.096715672757900606
v 1.2701343014078805 1.2153616087656591 -0.058807717323576258
v 1.0465967993188481 1.1731279897273947 -0.12665015884590614
v 1.1388361629946928 1.1342459928583961 -0.12283172728875869
v 1.0466230767501266 1.1257171448055854 -0.13703819996873767
v 1.0927988915019387 1.2029506061752118 -0.11347525740537268
v 1.0932794671316415 1.1060842265925221 -0.13559833567468882
v 1.1858629084792569 0.94294925990721823 -0.12245832012586266
v 1.1858629084792569 1.0570507400927818 -0.12245832012586266
v 1.140257447438656 0.97112436323095896 -0.13519635582741896
v 1.140257447438656 1.028875636769041 -0.13519635582741896
v 1.1838623906585164 1.2579627906611628 -0.074219368440006095
v 1.1849058401960288 1.1627186192195578 -0.10523467644858442
v 1.2274044703065177 1.2374461905570062 -0.067985852163767513
v 1.1388707047549869 1.2314245526889336 -0.095877390666045947
v 1.2281502851189547 1.1894389761991824 -0.084082267294035895
v 1.1393658797712611 1.1830852793969573 -0.11110281501724095
v 1.5501292098054416 1.3399985498638849 0.2821215973444372
v 1.5077093315288572 1.3137816232903226 0.18425100469883593
v 1.5621111499877742 1.2989943671793542 0.2590817581270653
v 1.5145077423965283 1.3757486869574076 0.26000912555080014
v 1.3867174551063077 1.2390045312985598 0.017715824079978515
v 1.452787964519366 1.2798383517698495 0.095386366168871528
v 1.4240190359619693 1.2136487471330806 0.035644024054986678
v 1.3757486869574076 1.2899908744491999 0.035492257603471633
v 1.5776225691211581 1.2126607964045226 0.21664200427398289
v 1.5163985134538915 1.2707113077943695 0.16263975018740873
v 1.571362775413641 1.2562191163981908 0.2371160866011941
v 1.5530784991641076 1.1962235738214988 0.16842368674261604
v 1.5408028001623943 1.2858001662587879 0.20963167552934292
v 1.4334691065206855 1.4398189756837059 0.22035806953499631
v 1.4687284029813608 1.3475089391302486 0.16330732944221449
v 1.4752837101438057 1.4093009936294574 0.23922984138454095
v 1.4073663742719056 1.4252345948951448 0.17154501401497718
v 1.4931298351138693 1.3625792318903529 0.21035420461549992
v 1.4927877681873898 1.1602300059986226 0.079376412934314799
v 1.4879258870927301 1.2531142569541953 0.11657007298607291
v 1.4596337296622202 1.1871667685932206 0.056334693044803152
v 1.5246045526503857 1.1786257070821722 0.12235187348956789
v 1.4574480505557341 1.2342840978781349 0.074760857542029879
v 1.52173693524598 1.225498730341932 0.14141599026111074
v 1.3475089391302486 1.3866926705577856 0.081271597018639119
v 1.4398189756837059 1.3296419304650038 0.11653089347931461
v 1.3625792318903529 1.3396457953845 0.05687016488613067
v 1.3784549859850228 1.4073663742719056 0.12476540510485534
v 1.4093009936294574 1.3107701586154592 0.074716289856194273
v 1.4252345948951448 1.3784549859850228 0.1426336257280944
v 1.3578435837493048 0.83658824530086617 -0.029003081162444544
v 1.3668773209880511 0.94507863299050854 -0.043619975060171901
v 1.3951589701904956 0.86190788597419499 -0.011052543280815175
v 1.3179832722760298 0.86124094456087907 -0.057974146725229603
v 1.3578435837493048 1.1634117546991338 -0.029003081162444544
v 1.3668773209880511 1.0549213670094915 -0.043619975060171901
v 1.3951589701904956 1.1380921140258051 -0.011052543280815175
v 1.3179832722760298 1.1387590554391209 -0.057974146725229603
v 1.4639893624413838 0.91516519906623184 0.032779613615466441
v 1.4021204194943895 0.97152737363883834 -0.02226609000862001
v 1.430819083570547 0.88827095424857905 0.0097116162946764284
v 1.467251683583874 0.9715260534862783 0.029552981987629234
v 1.399798169415901 0.91664525039333977 -0.018518609589611712
v 1.2326393444421568 0.91403983260956312 -0.10459131146061784
v 1.3249493809956141 0.971090572702345 -0.069332014999942237
v 1.2758953621979616 0.88729552174654702 -0.083387282552525144
v 1.2338980445506094 0.97108861171311722 -0.10913263944575391
v 1.3226171239370661 0.91617115851558806 -0.065541157582461596
v 1.4639893624413838 1.0848348009337681 0.032779613615466441
v 1.4021204194943895 1.0284726263611617 -0.02226609000862001
v 1.430819083570547 1.1117290457514208 0.0097116162946764284
v 1.467251683583874 1.0284739465137216 0.029552981987629234
v 1.399798169415901 1.0833547496066602 -0.018518609589611712
v 1.4356040846753091 1 0.0020501104898494882
v 1.2326393444421568 1.0859601673904369 -0.10459131146061784
v 1.3249493809956141 1.0289094272976551 -0.069332014999942237
v 1.2758953621979616 1.112704478253453 -0.083387282552525144
v 1.2338980445506094 1.0289113882868828 -0.10913263944575391
v 1.3226171239370661 1.0838288414844119 -0.065541157582461596
v 1.2806776534607311 1 -0.091264418822514792
v 1.4004389041389587 1.5734451841430648 0.5784482835179291
v 1.4593972778673785 1.5213088872735585 0.63480085576010803
v 1.3863013395555797 1.5789768540459341 0.62454580831031337
v 1.4323731828101876 1.5505028889902288 0.55000000000000004
v 1.5500004829368326 1.3883181030253278 0.74159467537502721
v 1.5095709483910258 1.4592039987877337 0.6895318460181239
v 1.3529466094723448 1.5812510130035344 0.7160600817305024
v 1.4442054879487916 1.5248499243298941 0.68120229192769599
v 1.3703945210169475 1.5815685464526044 0.67077220117904124
v 1.4164267364460081 1.5531190727399875 0.65318945946259732
v 1.4904351739591872 1.4962784070862341 0.49359891132635969
v 1.4904351739591872 1.4962784070862341 0.6064010886736404
v 1.4626185879581788 1.524570938502178 0.52155052628738319
v 1.4626185879581788 1.524570938502178 0.5784494737126169
v 1.6018934676609935 1.0460302896536027 0.90440861448535625
v 1.6061097430336666 1.137210666894932 0.87218661097244676
v 1.5799127784003548 1.3100066968202966 0.78999378611653592
v 1.5987358448058575 1.225767269370341 0.83380367902068497
v 1.2678784026555627 1.5501292098054416 0.88999854986388494
v 1.3657489953011641 1.5077093315288572 0.86378162329032238
v 1.2909182418729346 1.5621111499877742 0.84899436717935428
v 1.5322841759200216 1.3867174551063077 0.78900453129855985
v 1.4546136338311286 1.4527879645193658 0.82983835176984955
v 1.5143559759450134 1.4240190359619693 0.76364874713308062
v 1.3333579957260171 1.5776225691211581 0.76266079640452256
v 1.3873602498125912 1.5163985134538915 0.8207113077943694
v 1.3128839133988059 1.571362775413641 0.80621911639819088
v 1.3815763132573839 1.5530784991641076 0.74622357382149884
v 1.340368324470657 1.5408028001623943 0.83580016625878795
v 1.4706235870656852 1.4927877681873898 0.71023000599862252
v 1.4334299270139272 1.4879258870927299 0.80311425695419525
v 1.4936653069551968 1.4596337296622202 0.73716676859322072
v 1.4276481265104322 1.5246045526503857 0.72862570708217222
v 1.4752391424579701 1.4574480505557341 0.78428409787813491
v 1.4085840097388893 1.52173693524598 0.77549873034193206
v 1.5790030811624445 1.3578435837493048 0.38658824530086627
v 1.5936199750601721 1.3668773209880511 0.49507863299050858
v 1.5610525432808151 1.3951589701904956 0.41190788597419503
v 1.5790030811624445 1.3578435837493048 0.71341175469913387
v 1.5936199750601721 1.3668773209880511 0.60492136700949151
v 1.5610525432808151 1.3951589701904956 0.68809211402580506
v 1.5172203863845337 1.4639893624413838 0.46516519906623188
v 1.5722660900086201 1.4021204194943895 0.52152737363883839
v 1.5402883837053234 1.430819083570547 0.43827095424857915
v 1.5204470180123708 1.467251683583874 0.52152605348627834
v 1.5685186095896118 1.3997981694159012 0.46664525039333982
v 1.5172203863845337 1.4639893624413838 0.63483480093376821
v 1.5722660900086201 1.4021204194943895 0.5784726263611617
v 1.5402883837053234 1.430819083570547 0.66172904575142089
v 1.5204470180123708 1.467251683583874 0.57847394651372175
v 1.5685186095896118 1.3997981694159012 0.63335474960666027
v 1.5479498895101504 1.4356040846753091 0.55000000000000004
v 1.5500004829368326 0.61168189697467235 0.74159467537502721
v 1.5095709483910258 0.54079600121226634 0.6895318460181239
v 1.4904351739591872 0.50372159291376595 0.49359891132635969
v 1.4904351739591872 0.50372159291376595 0.6064010886736404
v 1.6018934676609935 0.95396971034639744 0.90440861448535625
v 1.6061097430336666 0.862789333105068 0.87218661097244676
v 1.5799127784003548 0.68999330317970342 0.78999378611653592
v 1.5987358448058575 0.77423273062965892 0.83380367902068497
v 1.5322841759200216 0.61328254489369227 0.78900453129855985
v 1.4546136338311286 0.54721203548063424 0.82983835176984955
v 1.5143559759450134 0.57598096403803067 0.76364874713308062
v 1.4706235870656852 0.50721223181261021 0.71023000599862252
v 1.4334299270139272 0.51207411290727012 0.80311425695419525
v 1.4936653069551968 0.54036627033777984 0.73716676859322072
v 1.4752391424579701 0.54255194944426588 0.78428409787813491
v 1.5790030811624445 0.64215641625069519 0.38658824530086627
v 1.5936199750601721 0.63312267901194885 0.49507863299050858
v 1.5610525432808151 0.60484102980950438 0.41190788597419503
v 1.5790030811624445 0.64215641625069519 0.71341175469913387
v 1.5936199750601721 0.63312267901194885 0.60492136700949151
v 1.5610525432808151 0.60484102980950438 0.68809211402580506
v 1.5172203863845337 0.53601063755861633 0.46516519906623188
v 1.5722660900086201 0.59787958050561063 0.52152737363883839
v 1.5402883837053234 0.56918091642945301 0.43827095424857915
v 1.5204470180123708 0.53274831641612608 0.52152605348627834
v 1.5685186095896118 0.60020183058409882 0.46664525039333982
v 1.5172203863845337 0.53601063755861633 0.63483480093376821
v 1.5722660900086201 0.59787958050561063 0.5784726263611617
v 1.5402883837053234 0.56918091642945301 0.66172904575142089
v 1.5204470180123708 0.53274831641612608 0.57847394651372175
v 1.5685186095896118 0.60020183058409882 0.63335474960666027
v 1.5479498895101504 0.56439591532469091 0.55000000000000004
v 1.3100066968202966 0.76000621388346412 1.1299127784003549
v 1.225767269370341 0.71619632097931507 1.1487358448058576
v 1.5734451841430648 0.97155171648207095 0.95043890413895882
v 1.5213088872735587 0.91519914423989202 1.0093972778673788
v 1.5789768540459341 0.92545419168968668 0.93630133955557959
v 1.3883181030253278 0.80840532462497283 1.1000004829368324
v 1.4592039987877337 0.86046815398187615 1.0595709483910261
v 1.5812510130035344 0.83393991826949754 0.90294660947234506
v 1.5248499243298941 0.86879770807230405 0.99420548794879171
v 1.5815685464526044 0.87922779882095881 0.92039452101694752
v 1.5531190727399875 0.89681054053740272 0.96642673644600829
v 1.3399985498638849 0.73212159734443716 1.1001292098054414
v 1.3137816232903226 0.63425100469883589 1.0577093315288573
v 1.2989943671793542 0.7090817581270652 1.1121111499877743
v 1.2562191163981908 0.68711608660119405 1.121362775413641
v 1.2858001662587879 0.65963167552934288 1.0908028001623944
v 1.0467189052424231 0.97112612864299697 1.2478421336131897
v 1.1390063412290434 0.91408935646868539 1.2306589442783737
v 1.046696567335802 0.92273050526014588 1.2441533373698499
v 1.3111246785068817 0.80771437394386314 1.1468481150478644
v 1.2278709797590077 0.85916798945919381 1.1967156727579007
v 1.2701343014078805 0.78463839123434087 1.1588077173235765
v 1.1388361629946928 0.86575400714160389 1.2228317272887588
v 1.0932794671316415 0.89391577340747785 1.2355983356746889
v 1.1849058401960288 0.83728138078044223 1.2052346764485846
v 1.2274044703065177 0.76255380944299378 1.1679858521637676
v 1.2281502851189547 0.81056102380081763 1.1840822672940359
v 1.1393658797712611 0.8169147206030426 1.2111028150172412
v 1.5501292098054416 0.66000145013611511 0.81787840265556289
v 1.5077093315288572 0.68621837670967756 0.91574899530116416
v 1.5621111499877742 0.70100563282064576 0.84091824187293485
v 1.5145077423965283 0.6242513130425924 0.83999087444919995
v 1.3867174551063077 0.76099546870144019 1.0822841759200217
v 1.452787964519366 0.72016164823015039 1.0046136338311284
v 1.4240190359619693 0.78635125286691931 1.0643559759450134
v 1.3757486869574076 0.71000912555080009 1.0645077423965286
v 1.5776225691211581 0.78733920359547749 0.88335799572601714
v 1.5163985134538915 0.72928869220563064 0.93736024981259136
v 1.571362775413641 0.74378088360180916 0.86288391339880599
v 1.5530784991641076 0.8037764261785012 0.93157631325738399
v 1.5408028001623943 0.7141998337412121 0.89036832447065717
v 1.4334691065206855 0.56018102431629413 0.87964193046500383
v 1.4687284029813608 0.65249106086975139 0.9366926705577856
v 1.4752837101438057 0.59069900637054251 0.86077015861545914
v 1.4073663742719056 0.5747654051048553 0.92845498598502285
v 1.4931298351138693 0.6374207681096471 0.88964579538450017
v 1.4927877681873898 0.83976999400137753 1.0206235870656852
v 1.4879258870927301 0.74688574304580468 0.98342992701392717
v 1.4596337296622202 0.81283323140677932 1.0436653069551969
v 1.5246045526503857 0.82137429291782782 0.9776481265104322
v 1.4574480505557341 0.76571590212186502 1.0252391424579703
v 1.52173693524598 0.77450126965806798 0.95858400973888935
v 1.3475089391302486 0.61330732944221444 1.018728402981361
v 1.4398189756837059 0.67035806953499621 0.98346910652068553
v 1.3625792318903529 0.66035420461549987 1.0431298351138694
v 1.3784549859850228 0.59263362572809442 0.97523459489514475
v 1.4093009936294574 0.68922984138454091 1.0252837101438059
v 1.4252345948951448 0.62154501401497719 0.95736637427190563
v 1.0460302896536027 1.3544086144853562 1.1518934676609938
v 1.137210666894932 1.3221866109724467 1.1561097430336664
v 1.0745458083103134 1.3863013395555797 1.1289768540459342
v 1.0460718432546081 1.3117555312452662 1.1750486973005421
v 1.3100066968202966 1.239993786116536 1.1299127784003549
v 1.225767269370341 1.2838036790206848 1.1487358448058576
v 1.1312022919276961 1.4442054879487918 1.0748499243298941
v 1.1660600817305025 1.352946609472345 1.1312510130035345
v 1.1031894594625973 1.4164267364460081 1.1031190727399878
v 1.1207722011790413 1.3703945210169475 1.1315685464526046
v 1.0462296860103957 1.221744317544649 1.2123384888167363
v 1.1374885644868424 1.2781454062182893 1.1774806990139299
v 1.0461918515121706 1.2672050615543502 1.1953431396812191
v 1.0922240669412315 1.2956545352669671 1.1777603979647753
v 1.5734451841430648 1.0284482835179289 0.95043890413895882
v 1.5213088872735587 1.0848008557601079 1.0093972778673788
v 1.5789768540459341 1.0745458083103134 0.93630133955557959
v 1.5505028889902288 1 0.98237318281018771
v 1.3883181030253278 1.1915946753750273 1.1000004829368324
v 1.4592039987877337 1.1395318460181239 1.0595709483910261
v 1.5812510130035344 1.1660600817305025 0.90294660947234506
v 1.5248499243298941 1.1312022919276961 0.99420548794879171
v 1.5815685464526044 1.1207722011790413 0.92039452101694752
v 1.5531190727399875 1.1031894594625973 0.96642673644600829
v 1.4962784070862341 0.94359891132635965 1.0404351739591873
v 1.4962784070862341 1.0564010886736404 1.0404351739591873
v 1.524570938502178 0.97155052628738314 1.0126185879581788
v 1.524570938502178 1.0284494737126169 1.0126185879581788
v 1.2390045312985598 1.5322841759200214 0.93671745510630777
v 1.2798383517698495 1.4546136338311286 1.0027879645193658
v 1.2136487471330806 1.5143559759450134 0.97401903596196937
v 1.2899908744491999 1.5145077423965283 0.92574868695740764
v 1.3399985498638849 1.2678784026555627 1.1001292098054414
v 1.3137816232903226 1.3657489953011641 1.0577093315288573
v 1.2989943671793542 1.2909182418729348 1.1121111499877743
v 1.1602300059986226 1.4706235870656852 1.0427877681873898
v 1.2531142569541953 1.433429927013927 1.0379258870927299
v 1.1871667685932206 1.4936653069551968 1.0096337296622202
v 1.1786257070821722 1.4276481265104322 1.0746045526503858
v 1.2342840978781349 1.4752391424579701 1.0074480505557342
v 1.3866926705577856 1.4687284029813608 0.89750893913024865
v 1.3296419304650038 1.4334691065206855 0.98981897568370592
v 1.3396457953845 1.4931298351138693 0.91257923189035295
v 1.3107701586154592 1.4752837101438057 0.95930099362945753
v 1.2126607964045226 1.3333579957260171 1.1276225691211579
v 1.2707113077943695 1.3873602498125912 1.0663985134538916
v 1.2562191163981908 1.3128839133988059 1.121362775413641
v 1.1962235738214988 1.3815763132573839 1.1030784991641074
v 1.2858001662587879 1.3403683244706572 1.0908028001623944
v 1.225498730341932 1.4085840097388893 1.0717369352459798
v 1.0467189052424231 1.0288738713570031 1.2478421336131897
v 1.1390063412290434 1.0859106435313146 1.2306589442783737
v 1.046696567335802 1.077269494739854 1.2441533373698499
v 1.0934664043287012 1 1.2437319592334375
v 1.3111246785068817 1.1922856260561367 1.1468481150478644
v 1.2278709797590077 1.1408320105408061 1.1967156727579007
v 1.2701343014078805 1.2153616087656591 1.1588077173235765
v 1.0465967993188481 1.1731279897273947 1.2266501588459062
v 1.1388361629946928 1.1342459928583961 1.2228317272887588
v 1.0466230767501266 1.1257171448055854 1.2370381999687377
v 1.0927988915019387 1.2029506061752118 1.2134752574053729
v 1.0932794671316415 1.1060842265925221 1.2355983356746889
v 1.1858629084792569 0.94294925990721823 1.2224583201258628
v 1.1858629084792569 1.0570507400927818 1.2224583201258628
v 1.140257447438656 0.97112436323095896 1.235196355827419
v 1.140257447438656 1.028875636769041 1.235196355827419
v 1.1838623906585164 1.2579627906611628 1.1742193684400062
v 1.1849058401960288 1.1627186192195578 1.2052346764485846
v 1.2274044703065177 1.2374461905570062 1.1679858521637676
v 1.1388707047549869 1.2314245526889336 1.195877390666046
v 1.2281502851189547 1.1894389761991824 1.1840822672940359
v 1.1393658797712611 1.1830852793969573 1.2111028150172412
v 1.5501292098054416 1.3399985498638849 0.81787840265556289
v 1.5077093315288572 1.3137816232903226 0.91574899530116416
v 1.5621111499877742 1.2989943671793542 0.84091824187293485
v 1.5145077423965283 1.3757486869574076 0.83999087444919995
v 1.3867174551063077 1.2390045312985598 1.0822841759200217
v 1.452787964519366 1.2798383517698495 1.0046136338311284
v 1.4240190359619693 1.2136487471330806 1.0643559759450134
v 1.3757486869574076 1.2899908744491999 1.0645077423965286
v 1.5776225691211581 1.2126607964045226 0.88335799572601714
v 1.5163985134538915 1.2707113077943695 0.93736024981259136
v 1.571362775413641 1.2562191163981908 0.86288391339880599
v 1.5530784991641076 1.1962235738214988 0.93157631325738399
v 1.5408028001623943 1.2858001662587879 0.89036832447065717
v 1.4334691065206855 1.4398189756837059 0.87964193046500383
v 1.4687284029813608 1.3475089391302486 0.9366926705577856
v 1.4752837101438057 1.4093009936294574 0.86077015861545914
v 1.4073663742719056 1.4252345948951448 0.92845498598502285
v 1.4931298351138693 1.3625792318903529 0.88964579538450017
v 1.4927877681873898 1.1602300059986226 1.0206235870656852
v 1.4879258870927301 1.2531142569541953 0.98342992701392717
v 1.4596337296622202 1.1871667685932206 1.0436653069551969
v 1.5246045526503857 1.1786257070821722 0.9776481265104322
v 1.4574480505557341 1.2342840978781349 1.0252391424579703
v 1.52173693524598 1.225498730341932 0.95858400973888935
v 1.3475089391302486 1.3866926705577856 1.018728402981361
v 1.4398189756837059 1.3296419304650038 0.98346910652068553
v 1.3625792318903529 1.3396457953845 1.0431298351138694
v 1.3784549859850228 1.4073663742719056 0.97523459489514475
v 1.4093009936294574 1.3107701586154592 1.0252837101438059
v 1.4252345948951448 1.3784549859850228 0.95736637427190563
v 1.3578435837493048 0.83658824530086617 1.1290030811624447
v 1.3668773209880511 0.94507863299050854 1.1436199750601719
v 1.3951589701904956 0.86190788597419499 1.1110525432808154
v 1.3179832722760298 0.86124094456087907 1.1579741467252296
v 1.3578435837493048 1.1634117546991338 1.1290030811624447
v 1.3668773209880511 1.0549213670094915 1.1436199750601719
v 1.3951589701904956 1.1380921140258051 1.1110525432808154
v 1.3179832722760298 1.1387590554391209 1.1579741467252296
v 1.4639893624413838 0.91516519906623184 1.0672203863845335
v 1.4021204194943895 0.97152737363883834 1.1222660900086201
v 1.430819083570547 0.88827095424857905 1.0902883837053237
v 1.467251683583874 0.9715260534862783 1.0704470180123709
v 1.399798169415901 0.91664525039333977 1.1185186095896118
v 1.2326393444421568 0.91403983260956312 1.2045913114606179
v 1.3249493809956141 0.971090572702345 1.1693320149999424
v 1.2758953621979616 0.88729552174654702 1.1833872825525251
v 1.2338980445506094 0.97108861171311722 1.209132639445754
v 1.3226171239370661 0.91617115851558806 1.1655411575824617
v 1.4639893624413838 1.0848348009337681 1.0672203863845335
v 1.4021204194943895 1.0284726263611617 1.1222660900086201
v 1.430819083570547 1.1117290457514208 1.0902883837053237
v 1.467251683583874 1.0284739465137216 1.0704470180123709
v 1.399798169415901 1.0833547496066602 1.1185186095896118
v 1.4356040846753091 1 1.0979498895101507
v 1.2326393444421568 1.0859601673904369 1.2045913114606179
v 1.3249493809956141 1.0289094272976551 1.1693320149999424
v 1.2758953621979616 1.112704478253453 1.1833872825525251
v 1.2338980445506094 1.0289113882868828 1.209132639445754
v 1.3226171239370661 1.0838288414844119 1.1655411575824617
v 1.2806776534607311 1 1.1912644188225148
v 1.6194754737966672 1 0.22403966903257294
v 1.6585195541684905 1 0.31261424478766131
v 1.625048697300542 1.0460718432546081 0.23824446875473376
v 1.625048697300542 0.953928156745392 0.23824446875473376
v 1.6983247998456243 1 0.50160088925849133
v 1.6849712681580749 1 0.40572816699743897
v 1.6274806990139301 1.1374885644868424 0.27185459378171073
v 1.6623384888167365 1.0462296860103957 0.32825568245535108
v 1.6277603979647752 1.0922240669412315 0.25434546473303299
v 1.645343139681219 1.0461918515121706 0.28279493844564985
v 1.6274806990139301 0.86251143551315756 0.27185459378171073
v 1.6623384888167365 0.95377031398960443 0.32825568245535108
v 1.6277603979647752 0.90777593305876847 0.25434546473303299
v 1.645343139681219 0.95380814848782935 0.28279493844564985
v 1.6194754737966672 1 0.87596033096742709
v 1.6585195541684905 1 0.78738575521233878
v 1.625048697300542 1.0460718432546081 0.86175553124526627
v 1.625048697300542 0.953928156745392 0.86175553124526627
v 1.6983247998456243 1 0.59839911074150876
v 1.6849712681580749 1 0.69427183300256112
v 1.6274806990139301 1.1374885644868424 0.82814540621828936
v 1.6623384888167365 1.0462296860103957 0.77174431754464901
v 1.6277603979647752 1.0922240669412315 0.8456545352669671
v 1.645343139681219 1.0461918515121706 0.81720506155435024
v 1.6274806990139301 0.86251143551315756 0.82814540621828936
v 1.6623384888167365 0.95377031398960443 0.77174431754464901
v 1.6277603979647752 0.90777593305876847 0.8456545352669671
v 1.645343139681219 0.95380814848782935 0.81720506155435024
v 1.5968481150478646 1.3111246785068817 0.35771437394386318
v 1.6467156727579007 1.2278709797590077 0.40916798945919386
v 1.6088077173235762 1.2701343014078805 0.33463839123434092
v 1.6079741467252298 1.3179832722760298 0.41124094456087912
v 1.6978421336131895 1.0467189052424231 0.52112612864299701
v 1.6806589442783735 1.1390063412290434 0.46408935646868538
v 1.6941533373698499 1.046696567335802 0.47273050526014598
v 1.6242193684400061 1.1838623906585164 0.2920372093388372
v 1.6552346764485844 1.1849058401960288 0.38728138078044222
v 1.6179858521637676 1.2274044703065177 0.31255380944299388
v 1.645877390666046 1.1388707047549869 0.31857544731106646
v 1.6340822672940361 1.2281502851189547 0.36056102380081767
v 1.6193320149999422 1.3249493809956141 0.52109057270234505
v 1.6545913114606179 1.2326393444421568 0.46403983260956322
v 1.6155411575824616 1.3226171239370661 0.4661711585155881
v 1.6333872825525253 1.2758953621979616 0.43729552174654712
v 1.6766501588459062 1.0465967993188481 0.37687201027260536
v 1.6728317272887587 1.1388361629946928 0.41575400714160388
v 1.6870381999687378 1.0466230767501266 0.42428285519441478
v 1.6634752574053726 1.0927988915019387 0.34704939382478828
v 1.6855983356746889 1.0932794671316415 0.44391577340747784
v 1.6611028150172409 1.1393658797712611 0.36691472060304264
v 1.5968481150478646 0.68887532149311814 0.35771437394386318
v 1.6467156727579007 0.77212902024099217 0.40916798945919386
v 1.6088077173235762 0.72986569859211947 0.33463839123434092
v 1.6079741467252298 0.68201672772397015 0.41124094456087912
v 1.6978421336131895 0.95328109475757705 0.52112612864299701
v 1.6806589442783735 0.86099365877095657 0.46408935646868538
v 1.6941533373698499 0.95330343266419804 0.47273050526014598
v 1.6242193684400061 0.81613760934148361 0.2920372093388372
v 1.6552346764485844 0.81509415980397126 0.38728138078044222
v 1.6179858521637676 0.77259552969348233 0.31255380944299388
v 1.645877390666046 0.86112929524501314 0.31857544731106646
v 1.6340822672940361 0.77184971488104526 0.36056102380081767
v 1.6193320149999422 0.6750506190043859 0.52109057270234505
v 1.6545913114606179 0.76736065555784316 0.46403983260956322
v 1.6155411575824616 0.67738287606293379 0.4661711585155881
v 1.6333872825525253 0.72410463780203838 0.43729552174654712
v 1.6766501588459062 0.95340320068115181 0.37687201027260536
v 1.6728317272887587 0.86116383700530708 0.41575400714160388
v 1.6870381999687378 0.95337692324987344 0.42428285519441478
v 1.6634752574053726 0.90720110849806135 0.34704939382478828
v 1.6855983356746889 0.90672053286835841 0.44391577340747784
v 1.6611028150172409 0.86063412022873886 0.36691472060304264
v 1.5968481150478646 1.3111246785068817 0.7422856260561369
v 1.6467156727579007 1.2278709797590077 0.69083201054080623
v 1.6088077173235762 1.2701343014078805 0.76536160876565917
v 1.6079741467252298 1.3179832722760298 0.68875905543912097
v 1.6978421336131895 1.0467189052424231 0.57887387135700308
v 1.6806589442783735 1.1390063412290434 0.63591064353131466
v 1.6941533373698499 1.046696567335802 0.62726949473985405
v 1.6937319592334374 1.0934664043287012 0.55000000000000004
v 1.6242193684400061 1.1838623906585164 0.80796279066116283
v 1.6552346764485844 1.1849058401960288 0.71271861921955781
v 1.6179858521637676 1.2274044703065177 0.78744619055700626
v 1.645877390666046 1.1388707047549869 0.78142455268893363
v 1.6340822672940361 1.2281502851189547 0.73943897619918242
v 1.6193320149999422 1.3249493809956141 0.57890942729765504
v 1.6545913114606179 1.2326393444421568 0.63596016739043693
v 1.6155411575824616 1.3226171239370661 0.63382884148441199
v 1.6412644188225149 1.2806776534607311 0.55000000000000004
v 1.6333872825525253 1.2758953621979616 0.66270447825345302
v 1.6766501588459062 1.0465967993188481 0.72312798972739478
v 1.6728317272887587 1.1388361629946928 0.68424599285839616
v 1.6870381999687378 1.0466230767501266 0.67571714480558531
v 1.6634752574053726 1.0927988915019387 0.75295060617521181
v 1.6855983356746889 1.0932794671316415 0.65608422659252219
v 1.6611028150172409 1.1393658797712611 0.73308527939695745
v 1.6724583201258627 1.1858629084792569 0.49294925990721827
v 1.6724583201258627 1.1858629084792569 0.60705074009278182
v 1.685196355827419 1.140257447438656 0.52112436323095901
v 1.659132639445754 1.2338980445506094 0.52108861171311727
v 1.685196355827419 1.140257447438656 0.57887563676904108
v 1.659132639445754 1.2338980445506094 0.57891138828688282
v 1.5968481150478646 0.68887532149311814 0.7422856260561369
v 1.6467156727579007 0.77212902024099217 0.69083201054080623
v 1.6088077173235762 0.72986569859211947 0.76536160876565917
v 1.6079741467252298 0.68201672772397015 0.68875905543912097
v 1.6978421336131895 0.95328109475757705 0.57887387135700308
v 1.6806589442783735 0.86099365877095657 0.63591064353131466
v 1.6941533373698499 0.95330343266419804 0.62726949473985405
v 1.6937319592334374 0.90653359567129865 0.55000000000000004
v 1.6242193684400061 0.81613760934148361 0.80796279066116283
v 1.6552346764485844 0.81509415980397126 0.71271861921955781
v 1.6179858521637676 0.77259552969348233 0.78744619055700626
v 1.645877390666046 0.86112929524501314 0.78142455268893363
v 1.6340822672940361 0.77184971488104526 0.73943897619918242
v 1.6193320149999422 0.6750506190043859 0.57890942729765504
v 1.6545913114606179 0.76736065555784316 0.63596016739043693
v 1.6155411575824616 0.67738287606293379 0.63382884148441199
v 1.6412644188225149 0.71932234653926885 0.55000000000000004
v 1.6333872825525253 0.72410463780203838 0.66270447825345302
v 1.6766501588459062 0.95340320068115181 0.72312798972739478
v 1.6728317272887587 0.86116383700530708 0.68424599285839616
v 1.6870381999687378 0.95337692324987344 0.67571714480558531
v 1.6634752574053726 0.90720110849806135 0.75295060617521181
v 1.6855983356746889 0.90672053286835841 0.65608422659252219
v 1.6611028150172409 0.86063412022873886 0.73308527939695745
v 1.6724583201258627 0.81413709152074298 0.49294925990721827
v 1.6724583201258627 0.81413709152074298 0.60705074009278182
v 1.685196355827419 0.85974255256134402 0.52112436323095901
v 1.659132639445754 0.76610195544939075 0.52108861171311727
v 1.685196355827419 0.85974255256134402 0.57887563676904108
v 1.659132639445754 0.76610195544939075 0.57891138828688282
v 0.59956109586104123 1.5734451841430648 0.52155171648207099
v 0.54060272213262139 1.5213088872735585 0.46519914423989206
v 0.61369866044442045 1.5789768540459341 0.47545419168968672
v 0.6470533905276552 1.5812510130035344 0.38393991826949769
v 0.55579451205120844 1.5248499243298941 0.4187977080723041
v 0.62960547898305252 1.5815685464526044 0.42922779882095885
v 0.58357326355399175 1.5531190727399875 0.44681054053740271
v 0.73212159734443716 1.5501292098054416 0.21000145013611521
v 0.63425100469883577 1.5077093315288572 0.23621837670967766
v 0.70908175812706531 1.5621111499877742 0.25100563282064581
v 0.54538636616887137 1.4527879645193658 0.27016164823015054
v 0.6666420042739829 1.5776225691211581 0.33733920359547753
v 0.61263975018740879 1.5163985134538915 0.27928869220563068
v 0.68711608660119405 1.571362775413641 0.29378088360180921
v 0.61842368674261605 1.5530784991641076 0.3537764261785013
v 0.65963167552934299 1.5408028001623943 0.26419983374121214
v 0.5293764129343147 1.4927877681873898 0.38976999400137757
v 0.56657007298607287 1.4879258870927299 0.29688574304580484
v 0.57235187348956784 1.5246045526503857 0.37137429291782792
v 0.52476085754202983 1.4574480505557341 0.31571590212186518
v 0.59141599026111069 1.52173693524598 0.32450126965806803
v 0.95396971034639744 1.3544086144853562 -0.051893467660993564
v 0.862789333105068 1.3221866109724467 -0.056109743033666448
v 0.92545419168968668 1.3863013395555797 -0.028976854045933975
v 0.953928156745392 1.3117555312452662 -0.075048697300541978
v 0.77423273062965892 1.2838036790206848 -0.048735844805857464
v 0.86879770807230405 1.4442054879487918 0.025150075670105965
v 0.83393991826949754 1.352946609472345 -0.031251013003534278
v 0.89681054053740272 1.4164267364460081 -0.0031190727399875717
v 0.87922779882095881 1.3703945210169475 -0.031568546452604429
v 0.95377031398960443 1.221744317544649 -0.11233848881673636
v 0.86251143551315756 1.2781454062182893 -0.077480699013929955
v 0.95380814848782935 1.2672050615543502 -0.095343139681218991
v 0.90777593305876847 1.2956545352669671 -0.077760397964775185
v 0.76099546870144019 1.5322841759200214 0.16328254489369226
v 0.7201616482301505 1.4546136338311286 0.097212035480634174
v 0.78635125286691943 1.5143559759450134 0.12598096403803072
v 0.71000912555080009 1.5145077423965283 0.17425131304259245
v 0.68621837670967756 1.3657489953011641 0.042290668471142823
v 0.70100563282064576 1.2909182418729348 -0.012111149987774184
v 0.83976999400137753 1.4706235870656852 0.057212231812610204
v 0.7468857430458048 1.433429927013927 0.062074112907270163
v 0.81283323140677932 1.4936653069551968 0.09036627033777983
v 0.82137429291782782 1.4276481265104322 0.025395447349614297
v 0.76571590212186513 1.4752391424579701 0.092551949444265869
v 0.61330732944221444 1.4687284029813608 0.20249106086975144
v 0.67035806953499621 1.4334691065206855 0.11018102431629417
v 0.66035420461549987 1.4931298351138693 0.1874207681096472
v 0.68922984138454091 1.4752837101438057 0.14069900637054256
v 0.78733920359547749 1.3333579957260171 -0.027622569121157903
v 0.72928869220563064 1.3873602498125912 0.033601486546108505
v 0.74378088360180916 1.3128839133988059 -0.021362775413640955
v 0.8037764261785012 1.3815763132573839 -0.0030784991641074066
v 0.7141998337412121 1.3403683244706572 0.0091971998376056963
v 0.77450126965806798 1.4085840097388893 0.028263064754020184
v 0.95330343266419804 1.077269494739854 -0.14415333736984981
v 0.95340320068115181 1.1731279897273947 -0.12665015884590614
v 0.86116383700530708 1.1342459928583961 -0.12283172728875869
v 0.95337692324987344 1.1257171448055854 -0.13703819996873767
v 0.90720110849806135 1.2029506061752118 -0.11347525740537268
v 0.90672053286835841 1.1060842265925221 -0.13559833567468882
v 0.81613760934148361 1.2579627906611628 -0.074219368440006095
v 0.77259552969348233 1.2374461905570062 -0.067985852163767513
v 0.86112929524501314 1.2314245526889336 -0.095877390666045947
v 0.86063412022873886 1.1830852793969573 -0.11110281501724095
v 0.56653089347931451 1.4398189756837059 0.22035806953499631
v 0.59263362572809442 1.4252345948951448 0.17154501401497718
v 0.65249106086975139 1.3866926705577856 0.081271597018639119
v 0.62154501401497719 1.4073663742719056 0.12476540510485534
v 0.59956109586104123 1.5734451841430648 0.5784482835179291
v 0.54060272213262139 1.5213088872735585 0.63480085576010803
v 0.61369866044442045 1.5789768540459341 0.62454580831031337
v 0.56762681718981234 1.5505028889902288 0.55000000000000004
v 0.6470533905276552 1.5812510130035344 0.7160600817305024
v 0.55579451205120844 1.5248499243298941 0.68120229192769599
v 0.62960547898305252 1.5815685464526044 0.67077220117904124
v 0.58357326355399175 1.5531190727399875 0.65318945946259732
v 0.50956482604081277 1.4962784070862341 0.49359891132635969
v 0.50956482604081277 1.4962784070862341 0.6064010886736404
v 0.53738141204182122 1.524570938502178 0.52155052628738319
v 0.53738141204182122 1.524570938502178 0.5784494737126169
v 0.73212159734443716 1.5501292098054416 0.88999854986388494
v 0.63425100469883577 1.5077093315288572 0.86378162329032238
v 0.70908175812706531 1.5621111499877742 0.84899436717935428
v 0.54538636616887137 1.4527879645193658 0.82983835176984955
v 0.6666420042739829 1.5776225691211581 0.76266079640452256
v 0.61263975018740879 1.5163985134538915 0.8207113077943694
v 0.68711608660119405 1.571362775413641 0.80621911639819088
v 0.61842368674261605 1.5530784991641076 0.74622357382149884
v 0.65963167552934299 1.5408028001623943 0.83580016625878795
v 0.5293764129343147 1.4927877681873898 0.71023000599862252
v 0.56657007298607287 1.4879258870927299 0.80311425695419525
v 0.50633469304480305 1.4596337296622202 0.73716676859322072
v 0.57235187348956784 1.5246045526503857 0.72862570708217222
v 0.52476085754202983 1.4574480505557341 0.78428409787813491
v 0.59141599026111069 1.52173693524598 0.77549873034193206
v 0.95328109475757705 0.97112612864299697 1.2478421336131897
v 0.95396971034639744 1.3544086144853562 1.1518934676609938
v 0.862789333105068 1.3221866109724467 1.1561097430336664
v 0.92545419168968668 1.3863013395555797 1.1289768540459342
v 0.953928156745392 1.3117555312452662 1.1750486973005421
v 0.77423273062965892 1.2838036790206848 1.1487358448058576
v 0.86879770807230405 1.4442054879487918 1.0748499243298941
v 0.83393991826949754 1.352946609472345 1.1312510130035345
v 0.89681054053740272 1.4164267364460081 1.1031190727399878
v 0.87922779882095881 1.3703945210169475 1.1315685464526046
v 0.95377031398960443 1.221744317544649 1.2123384888167363
v 0.86251143551315756 1.2781454062182893 1.1774806990139299
v 0.95380814848782935 1.2672050615543502 1.1953431396812191
v 0.90777593305876847 1.2956545352669671 1.1777603979647753
v 0.76099546870144019 1.5322841759200214 0.93671745510630777
v 0.7201616482301505 1.4546136338311286 1.0027879645193658
v 0.78635125286691943 1.5143559759450134 0.97401903596196937
v 0.71000912555080009 1.5145077423965283 0.92574868695740764
v 0.68621837670967756 1.3657489953011641 1.0577093315288573
v 0.70100563282064576 1.2909182418729348 1.1121111499877743
v 0.83976999400137753 1.4706235870656852 1.0427877681873898
v 0.7468857430458048 1.433429927013927 1.0379258870927299
v 0.81283323140677932 1.4936653069551968 1.0096337296622202
v 0.82137429291782782 1.4276481265104322 1.0746045526503858
v 0.76571590212186513 1.4752391424579701 1.0074480505557342
v 0.61330732944221444 1.4687284029813608 0.89750893913024865
v 0.67035806953499621 1.4334691065206855 0.98981897568370592
v 0.66035420461549987 1.4931298351138693 0.91257923189035295
v 0.68922984138454091 1.4752837101438057 0.95930099362945753
v 0.78733920359547749 1.3333579957260171 1.1276225691211579
v 0.72928869220563064 1.3873602498125912 1.0663985134538916
v 0.74378088360180916 1.3128839133988059 1.121362775413641
v 0.8037764261785012 1.3815763132573839 1.1030784991641074
v 0.7141998337412121 1.3403683244706572 1.0908028001623944
v 0.77450126965806798 1.4085840097388893 1.0717369352459798
v 0.95328109475757705 1.0288738713570031 1.2478421336131897
v 0.86099365877095657 1.0859106435313146 1.2306589442783737
v 0.95330343266419804 1.077269494739854 1.2441533373698499
v 0.72986569859211947 1.2153616087656591 1.1588077173235765
v 0.95340320068115181 1.1731279897273947 1.2266501588459062
v 0.86116383700530708 1.1342459928583961 1.2228317272887588
v 0.95337692324987344 1.1257171448055854 1.2370381999687377
v 0.90720110849806135 1.2029506061752118 1.2134752574053729
v 0.90672053286835841 1.1060842265925221 1.2355983356746889
v 0.81613760934148361 1.2579627906611628 1.1742193684400062
v 0.81509415980397126 1.1627186192195578 1.2052346764485846
v 0.77259552969348233 1.2374461905570062 1.1679858521637676
v 0.86112929524501314 1.2314245526889336 1.195877390666046
v 0.77184971488104526 1.1894389761991824 1.1840822672940359
v 0.86063412022873886 1.1830852793969573 1.2111028150172412
v 0.56653089347931451 1.4398189756837059 0.87964193046500383
v 0.59263362572809442 1.4252345948951448 0.92845498598502285
v 0.65249106086975139 1.3866926705577856 1.018728402981361
v 0.6374207681096471 1.3396457953845 1.0431298351138694
v 0.62154501401497719 1.4073663742719056 0.97523459489514475
v 0.5747654051048553 1.3784549859850228 0.95736637427190563
f 1331 1333 336
f 336 1328 1331
f 1332 336 1329
f 1329 336 1333
f 1778 2209 1343
f 625 626 163
f 1278 1234 22
f 1343 2646 2611
f 1781 2646 1343
f 948 952 245
f 1171 1160 298
f 836 217 840
f 813 730 191
f 337 451 86
f 39 524 544
f 992 1003 1000
f 1330 336 1332
f 1328 336 1330
f 22 1256 1308
f 2250 2248 2237
f 2206 2208 1563
f 2209 1778 2211
f 684 685 674
f 1184 1182 1174
f 1174 1182 269
f 829 769 56
f 613 152 621
f 623 613 621
f 1945 1948 1498
f 629 164 630
f 630 626 629
f 621 152 580
f 2408 1405 2398
f 2406 2398 2404
f 2404 2398 1405
f 158 629 626
f 123 500 462
f 498 133 512
f 512 133 500
f 276 1069 1067
f 1077 1069 276
f 1220 1278 22
f 22 1308 1220
f 2374 1602 2376
f 2376 2364 2374
f 2374 2364 1581
f 2376 1602 2372
f 1067 1131 1133
f 1133 276 1067
f 1140 276 1133
f 1133 1131 292
f 2301 1781 1343
f 1343 2209 2301
f 2209 2304 2301
f 2303 1781 2301
f 2301 1587 2303
f 2304 1587 2301
f 2648 1665 2646
f 2646 1781 2648
f 1129 1130 291
f 1168 300 1171
f 1159 1157 948
f 948 245 1159
f 1159 298 1157
f 1161 298 1159
f 949 952 951
f 949 245 952
f 1144 18 945
f 65 1152 946
f 1282 65 946
f 191 730 1254
f 53 729 768
f 854 927 930
f 830 216 833
f 217 836 839
f 827 215 840
f 825 836 840
f 840 215 825
f 730 813 811
f 811 813 212
f 1328 1330 1257
f 1202 728 1205
f 1205 728 190
f 544 524 547
f 547 143 544
f 545 547 526
f 143 547 545
f 544 143 548
f 35 466 532
f 347 345 337
f 337 86 347
f 90 347 353
f 345 347 90
f 337 345 1
f 455 476 120
f 454 23 338
f 533 548 141
f 533 39 544
f 544 548 533
f 519 138 522
f 837 835 217
f 837 839 818
f 217 839 837
f 835 837 777
f 1206 1258 1256
f 22 1234 1206
f 1206 1256 22
f 1270 1258 308
f 1258 1206 308
f 1256 1258 321
f 321 1257 1330
f 1283 1297 327
f 1332 1329 1309
f 1309 332 1332
f 1309 1326 332
f 1323 1326 1309
f 1310 1308 332
f 332 1326 1310
f 312 1220 1310
f 1310 1220 1308
f 1311 1330 1332
f 1311 1308 1256
f 1256 321 1311
f 1311 321 1330
f 1332 332 1311
f 332 1308 1311
f 333 1316 1314
f 1314 1316 1306
f 1306 255 1314
f 1314 255 987
f 1313 1327 1323
f 1313 1316 333
f 333 1327 1313
f 1319 1307 1321
f 1098 75 1085
f 1101 283 1098
f 1098 1085 1101
f 1101 1085 280
f 1320 1333 1331
f 1177 302 1194
f 2399 1539 2123
f 2195 1339 2265
f 2265 1339 2123
f 2459 2401 1355
f 2221 2224 2169
f 2229 2168 1393
f 2244 1570 2232
f 2232 2242 2244
f 1562 2242 2232
f 1570 2229 2232
f 1573 2245 2248
f 2248 2250 1573
f 2212 2193 1353
f 2161 1549 2181
f 410 414 109
f 401 414 410
f 444 429 113
f 2172 2162 2174
f 2174 2162 1549
f 674 685 175
f 175 671 674
f 685 684 178
f 178 705 683
f 683 685 178
f 275 1064 1061
f 796 145 802
f 802 804 796
f 796 804 208
f 208 794 796
f 795 873 208
f 208 804 795
f 803 810 210
f 804 802 210
f 2568 1647 2566
f 2566 1647 2564
f 2574 1648 2579
f 862 553 13
f 13 794 862
f 831 817 833
f 831 216 829
f 833 216 831
f 156 628 593
f 1943 1498 2082
f 1945 1498 1943
f 1933 1349 2079
f 2079 1943 2082
f 1349 1943 2079
f 1502 1965 1976
f 621 580 619
f 1944 1948 1947
f 1944 1498 1948
f 601 158 603
f 629 158 601
f 540 142 542
f 540 132 494
f 542 142 538
f 524 39 538
f 538 528 542
f 538 39 528
f 489 37 494
f 494 37 537
f 537 540 494
f 142 540 537
f 131 491 525
f 591 491 131
f 589 491 591
f 597 591 131
f 599 591 597
f 152 594 606
f 606 580 152
f 151 588 577
f 577 588 586
f 1644 2553 2568
f 1473 1876 1864
f 1864 1876 1874
f 2561 2582 2583
f 1413 2553 2582
f 1413 2561 2550
f 2582 2561 1413
f 1830 1824 1829
f 1793 1829 1454
f 1454 1829 1824
f 1463 1824 1830
f 1645 2558 2569
f 2451 2439 2453
f 1605 2439 2451
f 2387 2439 1605
f 1958 1972 1501
f 1501 1972 1960
f 2427 1616 2429
f 2408 2398 2410
f 2400 2409 2410
f 2461 2459 1623
f 1609 2401 2461
f 2401 2459 2461
f 1551 2409 2400
f 626 625 600
f 625 42 600
f 600 158 626
f 2181 2191 1556
f 2500 1631 2502
f 2437 2439 2387
f 2437 2387 1355
f 2448 2446 1620
f 2448 2447 2436
f 1620 2447 2448
f 344 89 506
f 508 133 498
f 506 89 499
f 499 508 506
f 133 508 499
f 143 545 543
f 168 646 652
f 652 645 168
f 645 684 168
f 168 684 674
f 9 387 419
f 671 387 9
f 1203 80 1209
f 708 1202 1204
f 1204 183 708
f 708 183 845
f 1280 1220 312
f 1278 1220 1280
f 329 1297 1293
f 1293 1296 329
f 1293 1297 1283
f 1296 1293 1279
f 2302 1587 2316
f 2316 1587 2304
f 1600 2364 2376
f 1600 2361 2364
f 2275 2277 1581
f 1581 2364 2275
f 2275 2196 2277
f 2364 2361 2275
f 1395 2196 2275
f 2275 2361 1395
f 2371 2373 1602
f 1602 2374 2371
f 2276 2374 1581
f 1399 2371 2276
f 2276 2371 2374
f 2376 2372 2362
f 2362 1600 2376
f 2365 1600 2362
f 2375 2372 1602
f 1602 2373 2375
f 2359 1599 2375
f 2375 2373 2359
f 2212 1353 2353
f 2206 2193 1559
f 1450 1781 2303
f 1450 2648 1781
f 294 1199 1188
f 1188 1138 294
f 294 1138 1140
f 1143 1136 293
f 1114 286 1130
f 1130 1129 1114
f 1136 286 1114
f 1149 1168 78
f 2302 2316 2314
f 2379 2306 2377
f 2377 2314 2380
f 1665 2648 2654
f 2647 1665 2654
f 2303 1587 2312
f 2312 1587 2302
f 2309 2312 2302
f 1589 2312 2309
f 1161 1159 1147
f 1144 295 1147
f 1147 295 1161
f 1147 1159 245
f 2522 2552 1636
f 2524 2522 1636
f 1786 2522 2524
f 244 945 1276
f 1154 946 1152
f 1152 297 1154
f 1154 297 1156
f 244 946 1154
f 1253 1260 1263
f 53 768 819
f 834 830 820
f 216 830 834
f 867 933 935
f 816 830 833
f 816 839 836
f 833 817 213
f 213 816 833
f 839 816 213
f 818 839 213
f 838 827 840
f 840 217 838
f 217 835 838
f 820 830 59
f 836 825 59
f 59 816 836
f 830 816 59
f 59 812 820
f 825 812 59
f 727 187 720
f 721 187 727
f 727 726 721
f 189 726 727
f 215 826 828
f 828 825 215
f 212 812 828
f 828 812 825
f 215 827 824
f 824 826 215
f 770 729 190
f 770 768 729
f 5 1202 708
f 763 728 5
f 5 728 1202
f 854 930 222
f 930 920 222
f 222 920 853
f 763 846 200
f 219 845 852
f 1328 1257 83
f 83 1260 1253
f 1212 1262 310
f 1212 729 53
f 546 548 143
f 143 543 546
f 472 463 123
f 477 466 474
f 474 466 35
f 345 90 972
f 719 187 721
f 721 726 118
f 743 723 745
f 473 476 455
f 119 453 740
f 724 726 189
f 827 838 206
f 456 120 454
f 456 86 451
f 454 338 456
f 456 338 86
f 471 120 476
f 454 120 471
f 95 358 396
f 360 358 95
f 350 338 23
f 534 532 466
f 141 532 534
f 536 522 138
f 536 533 141
f 141 534 536
f 536 534 522
f 521 138 519
f 521 531 138
f 815 776 818
f 818 213 815
f 815 213 817
f 805 754 807
f 55 754 805
f 207 791 793
f 204 777 837
f 818 776 204
f 204 837 818
f 530 540 542
f 132 540 530
f 774 783 781
f 783 205 781
f 835 777 57
f 1003 993 1001
f 1018 975 251
f 975 1001 251
f 251 1001 993
f 998 995 258
f 997 994 258
f 989 995 998
f 1059 1057 989
f 1004 1002 997
f 1004 995 1000
f 997 258 1004
f 1004 258 995
f 1000 995 69
f 69 1057 1097
f 1097 992 69
f 69 992 1000
f 69 989 1057
f 995 989 69
f 1059 989 256
f 256 989 998
f 1047 271 1045
f 346 90 353
f 1270 308 1207
f 1207 1268 1270
f 80 1268 1207
f 1207 308 1248
f 1236 1206 1234
f 1236 308 1206
f 1248 308 1236
f 1272 1258 1270
f 1272 321 1258
f 1257 321 1272
f 1294 1280 312
f 329 1296 1294
f 1296 1280 1294
f 312 1310 1324
f 1324 1310 1326
f 1084 280 1086
f 1318 1329 1333
f 1306 1316 331
f 331 1321 1307
f 1093 1085 75
f 75 1103 1093
f 1097 283 1099
f 283 1101 1099
f 1099 992 1097
f 1087 280 1084
f 1087 1101 280
f 1087 1099 1101
f 334 1317 1319
f 334 1320 1317
f 1319 1321 334
f 1333 1320 334
f 334 1318 1333
f 1321 1318 334
f 261 1307 1319
f 1008 1307 261
f 1319 1317 1009
f 1009 261 1319
f 1020 261 1009
f 986 19 1084
f 1084 1086 986
f 986 1086 255
f 986 255 1306
f 1304 1307 1008
f 1008 19 1304
f 19 986 1304
f 1304 986 1306
f 1306 331 1304
f 1304 331 1307
f 1177 1194 1191
f 1191 1194 305
f 303 1182 1184
f 305 1190 1193
f 1193 1190 1126
f 290 1193 1126
f 1183 1193 290
f 2397 2399 2123
f 2123 1339 2397
f 2195 2265 2268
f 2457 2467 1622
f 2465 2467 2457
f 1355 2387 2415
f 2415 2459 1355
f 2223 2221 2167
f 2223 2233 1568
f 1568 2221 2223
f 2224 2221 1568
f 2230 1570 2244
f 2230 2233 1570
f 2244 2242 1572
f 1570 2233 2231
f 2231 2229 1570
f 2231 2233 2223
f 2168 2229 2231
f 2245 1573 2247
f 2205 2245 2247
f 2247 1563 2205
f 2187 2164 2190
f 1392 2162 2172
f 1392 2187 2162
f 2164 2187 1392
f 177 677 679
f 664 173 689
f 691 179 689
f 691 177 678
f 2194 1559 2218
f 10 1067 447
f 1067 1069 447
f 107 414 401
f 408 394 406
f 106 422 441
f 401 410 30
f 406 394 30
f 30 394 401
f 442 115 444
f 679 677 388
f 31 416 429
f 31 420 434
f 424 31 434
f 416 31 424
f 657 654 649
f 649 645 652
f 2236 2234 2170
f 170 654 657
f 673 387 671
f 671 175 673
f 682 684 645
f 682 178 684
f 1063 265 1051
f 1063 275 1061
f 1023 1031 264
f 1035 1023 264
f 1029 1031 1023
f 1061 1064 1029
f 1029 1064 266
f 266 1031 1029
f 1060 271 1046
f 1097 1057 1100
f 1100 283 1097
f 1109 75 1098
f 1062 275 1065
f 1065 1063 1051
f 275 1063 1065
f 1066 275 1062
f 1064 275 1066
f 1046 271 1056
f 1056 271 1047
f 1185 1138 1188
f 1188 304 1185
f 1185 304 1187
f 281 1088 1090
f 1106 281 1090
f 1039 1174 269
f 269 1090 1039
f 1039 1090 1088
f 13 610 551
f 551 794 13
f 551 612 145
f 610 612 551
f 551 145 796
f 796 794 551
f 803 210 800
f 800 210 802
f 801 210 810
f 810 806 801
f 795 804 801
f 804 210 801
f 209 924 798
f 871 873 795
f 798 924 922
f 925 871 922
f 2567 1647 2569
f 2564 1647 2567
f 2569 2558 2567
f 2568 2566 2554
f 2576 1649 2577
f 2578 1642 2574
f 2574 2579 2578
f 2578 2546 1642
f 2578 2579 1649
f 1649 2576 2578
f 2578 2576 2546
f 2572 2579 1648
f 865 862 794
f 865 208 873
f 794 208 865
f 224 862 865
f 240 937 935
f 935 933 240
f 934 240 938
f 937 240 934
f 938 925 238
f 924 926 238
f 238 922 924
f 925 922 238
f 912 926 924
f 912 797 909
f 924 209 912
f 912 209 797
f 829 56 767
f 767 831 829
f 2093 2096 1532
f 2095 2039 1521
f 2080 2096 2093
f 627 593 628
f 627 628 164
f 164 629 627
f 629 601 627
f 44 593 627
f 627 601 44
f 1929 1492 1945
f 1945 1943 1929
f 1929 1943 1349
f 1349 1939 1929
f 1940 1492 1929
f 1929 1939 1940
f 1940 1939 1496
f 1502 1976 1963
f 2092 2039 2095
f 2095 1532 2092
f 37 489 581
f 496 489 494
f 494 132 496
f 496 132 495
f 523 525 491
f 142 537 539
f 131 525 539
f 139 547 524
f 526 547 139
f 139 523 526
f 525 523 139
f 589 591 155
f 155 591 599
f 492 597 131
f 131 539 492
f 492 537 37
f 492 539 537
f 599 597 157
f 157 596 599
f 608 594 156
f 608 606 594
f 156 593 608
f 43 619 580
f 586 619 43
f 43 577 586
f 1874 1876 1475
f 1473 1864 1861
f 2553 1413 2565
f 2569 1647 2565
f 2568 2553 2565
f 2565 1647 2568
f 2556 1413 2550
f 2556 1645 2569
f 2569 2565 2556
f 2556 2565 1413
f 1465 1864 1874
f 1830 1829 1465
f 1824 1463 1822
f 1463 1979 1822
f 1794 1855 1455
f 1455 2551 1794
f 1455 1795 2557
f 2557 2551 1455
f 1344 2522 1786
f 2558 2541 1641
f 1641 2567 2558
f 1793 1454 2543
f 2543 2541 1793
f 1454 2538 2543
f 2543 1641 2541
f 2543 2538 2544
f 2544 1641 2543
f 2557 1795 2555
f 2555 1645 2557
f 2555 2541 2558
f 2558 1645 2555
f 1618 2453 2439
f 2439 2437 1618
f 1618 2437 2492
f 2432 1616 2430
f 2390 1606 2430
f 2430 2427 2390
f 1616 2427 2430
f 1968 1972 1958
f 1968 1971 1503
f 1503 1972 1968
f 1951 1499 1961
f 1958 1501 1961
f 2451 2449 2388
f 2388 2427 2429
f 2388 1605 2451
f 2429 1605 2388
f 2420 1614 2418
f 2420 2418 1899
f 1483 1899 2059
f 2413 2420 1483
f 2420 1899 1483
f 2421 1606 2389
f 2421 1614 2432
f 2432 2430 2421
f 2421 2430 1606
f 2389 2418 2421
f 2421 2418 1614
f 2389 1606 2391
f 2391 1897 2389
f 2503 1405 2408
f 2503 2402 1405
f 2491 2401 1609
f 2474 2464 2478
f 2474 2478 1626
f 1626 2478 2476
f 2494 2497 2486
f 2408 2410 1611
f 1611 2410 2409
f 2407 1611 2409
f 2496 1611 2407
f 2165 1551 2400
f 2400 2397 2165
f 2165 2397 1339
f 2165 1339 2195
f 2436 2176 2433
f 109 414 412
f 412 409 109
f 643 167 641
f 2191 2188 2180
f 2500 1556 2180
f 2180 1556 2191
f 2180 2188 1394
f 2181 1556 2179
f 2179 2161 2181
f 1393 2168 2493
f 2493 2407 1393
f 2496 2407 2493
f 1628 2502 2486
f 2486 2497 1628
f 2445 2447 1620
f 1620 2501 2445
f 2486 2502 2499
f 2499 2502 1631
f 1620 2446 2512
f 2512 2501 1620
f 504 344 506
f 383 382 377
f 375 99 377
f 377 99 383
f 505 508 498
f 343 499 89
f 89 395 343
f 674 671 644
f 671 9 644
f 644 168 674
f 646 168 644
f 310 1262 1271
f 1213 80 1203
f 1213 1268 80
f 1213 1271 1268
f 1203 1215 1213
f 1213 1215 310
f 310 1271 1213
f 1203 1209 1211
f 852 845 851
f 851 845 183
f 852 851 221
f 898 902 888
f 1296 1279 326
f 1278 1280 326
f 326 1280 1296
f 1603 2381 2379
f 2379 2377 1603
f 1603 2377 2380
f 2378 2381 1603
f 2379 2381 2360
f 2360 2381 1599
f 2201 2242 1562
f 2201 2196 1395
f 2363 1600 2365
f 2361 1600 2363
f 2382 2367 2378
f 2378 1603 2382
f 2382 1603 2380
f 2365 2362 2354
f 2354 2367 2370
f 2378 2367 1403
f 1403 2362 2372
f 2367 2354 1403
f 1403 2354 2362
f 2372 2375 2358
f 2378 1403 2358
f 2358 1403 2372
f 2358 2381 2378
f 1599 2381 2358
f 2358 2375 1599
f 2365 2354 1598
f 1598 2354 2370
f 2370 2368 2356
f 2212 2353 2356
f 2356 1565 2212
f 2356 2368 1565
f 2356 1598 2370
f 2353 1598 2356
f 2219 2217 1567
f 1567 2218 2219
f 1567 2217 2220
f 2366 1396 2213
f 1396 2217 2213
f 2213 2217 2219
f 2213 2368 2366
f 2219 1565 2213
f 1565 2368 2213
f 1564 2304 2209
f 2209 2211 1564
f 2313 1396 2366
f 2313 2210 1396
f 1396 2210 2215
f 2220 2217 2215
f 2215 2217 1396
f 2310 1450 2303
f 2303 2312 2310
f 2310 2312 1589
f 1450 2310 1782
f 1135 1142 1143
f 1135 1198 1196
f 1143 293 1135
f 1135 293 1198
f 77 1132 1137
f 77 1135 1196
f 1142 1135 77
f 1199 294 1139
f 1196 1199 1139
f 1139 77 1196
f 1132 77 1139
f 306 1199 1196
f 1196 1198 306
f 1201 1197 1186
f 1188 1199 1201
f 1201 304 1188
f 1186 304 1201
f 1199 306 1201
f 1201 306 1197
f 300 1168 1170
f 1170 1169 300
f 1170 1168 1149
f 1149 296 1170
f 1192 288 1120
f 1120 1190 1192
f 305 1194 1192
f 1192 1190 305
f 1136 1114 1134
f 1134 293 1136
f 21 1114 1129
f 1176 1134 21
f 21 1134 1114
f 1161 295 1145
f 1145 295 1156
f 2647 2654 2651
f 2651 2654 1666
f 2302 2314 1401
f 1401 2309 2302
f 2314 2377 1401
f 1401 2377 2306
f 947 18 1144
f 1144 1147 947
f 245 949 947
f 947 1147 245
f 2530 2524 1636
f 1786 2524 1452
f 2560 2581 2580
f 1275 1283 1286
f 1283 327 1286
f 1156 295 1146
f 1146 1154 1156
f 1146 295 1144
f 244 1154 1146
f 1144 945 1146
f 1146 945 244
f 1259 1212 53
f 1262 1212 1259
f 1252 1254 730
f 1253 1263 320
f 320 1263 1254
f 1254 1252 320
f 320 1252 1255
f 1317 1320 1264
f 53 819 731
f 731 1259 53
f 212 813 823
f 820 812 823
f 823 812 212
f 822 819 768
f 216 834 832
f 832 769 829
f 829 216 832
f 834 822 832
f 935 937 916
f 863 870 224
f 936 925 938
f 933 872 936
f 938 240 936
f 936 240 933
f 228 878 875
f 225 867 935
f 935 916 225
f 225 916 866
f 847 885 883
f 883 17 847
f 237 920 932
f 932 920 930
f 239 930 927
f 239 932 930
f 236 931 915
f 236 916 937
f 785 773 787
f 787 206 785
f 785 206 838
f 785 838 835
f 835 57 785
f 785 57 773
f 1018 1020 263
f 262 1014 1021
f 720 187 982
f 735 811 814
f 814 828 826
f 814 193 735
f 826 193 814
f 814 811 212
f 212 828 814
f 765 728 763
f 771 770 765
f 763 200 765
f 765 200 771
f 190 728 765
f 765 770 190
f 708 845 843
f 843 5 708
f 845 219 843
f 843 219 846
f 843 846 763
f 763 5 843
f 855 200 846
f 855 222 853
f 769 771 764
f 771 200 764
f 764 56 769
f 853 56 764
f 764 855 853
f 200 855 764
f 844 219 852
f 846 219 856
f 854 222 856
f 856 844 854
f 219 844 856
f 856 855 846
f 222 855 856
f 307 1215 1203
f 1203 1211 307
f 1202 1205 307
f 1205 1215 307
f 307 1204 1202
f 307 1211 1204
f 190 729 1214
f 729 1212 1214
f 1214 1205 190
f 1214 1212 310
f 310 1215 1214
f 1214 1215 1205
f 35 532 509
f 509 463 35
f 498 512 510
f 510 546 543
f 469 474 35
f 35 463 469
f 469 472 125
f 463 472 469
f 970 719 1
f 970 972 250
f 970 1 345
f 345 972 970
f 721 118 449
f 449 719 721
f 1 719 449
f 449 118 451
f 449 451 337
f 337 1 449
f 451 118 457
f 455 120 457
f 457 456 451
f 120 456 457
f 1013 723 1011
f 1011 262 1013
f 1014 262 1011
f 745 723 188
f 188 723 1013
f 725 727 720
f 189 727 725
f 723 743 52
f 52 1011 723
f 52 725 720
f 743 725 52
f 746 725 743
f 189 725 746
f 826 824 736
f 736 193 826
f 476 473 126
f 477 474 126
f 475 473 453
f 453 119 475
f 477 126 475
f 475 126 473
f 522 534 124
f 124 466 477
f 124 534 466
f 192 775 732
f 740 453 738
f 741 724 189
f 189 746 741
f 741 746 748
f 741 738 724
f 455 457 450
f 450 457 118
f 450 118 726
f 726 724 450
f 733 742 739
f 192 742 733
f 203 775 787
f 203 783 774
f 787 773 203
f 203 773 783
f 123 462 464
f 464 472 123
f 7 358 339
f 339 462 7
f 360 87 339
f 339 358 360
f 339 464 462
f 87 464 339
f 366 87 360
f 364 97 367
f 367 350 364
f 364 366 97
f 364 350 23
f 92 350 367
f 533 536 520
f 520 531 528
f 138 531 520
f 520 536 138
f 528 39 520
f 39 533 520
f 774 781 122
f 909 797 16
f 776 815 16
f 807 754 197
f 197 754 790
f 211 805 807
f 211 806 810
f 782 205 793
f 793 791 782
f 762 761 752
f 789 207 793
f 789 57 777
f 791 207 788
f 788 207 790
f 790 754 788
f 788 754 55
f 778 204 776
f 778 197 790
f 777 204 792
f 792 789 777
f 207 789 792
f 790 207 792
f 792 778 790
f 204 778 792
f 579 588 151
f 151 576 579
f 576 549 579
f 550 761 759
f 803 800 759
f 531 521 529
f 521 122 529
f 773 57 780
f 793 205 780
f 780 789 793
f 57 789 780
f 780 205 783
f 783 773 780
f 1003 1001 259
f 1000 1003 259
f 259 1004 1000
f 1002 1004 259
f 1018 251 1010
f 1008 261 1010
f 1010 1020 1018
f 1010 261 1020
f 974 251 993
f 974 19 1008
f 1008 1010 974
f 974 1010 251
f 997 1002 252
f 1002 977 252
f 374 97 365
f 367 97 374
f 1221 1294 312
f 312 1324 1221
f 1227 81 1322
f 81 1221 1322
f 1322 1221 1324
f 1295 1297 329
f 81 1223 1292
f 1292 1221 81
f 1294 1221 1292
f 329 1294 1292
f 1292 1295 329
f 1223 1295 1292
f 1217 81 1227
f 1217 1223 81
f 1315 1327 333
f 1121 1152 65
f 65 944 1121
f 1123 1121 944
f 1124 289 1123
f 289 1121 1123
f 1096 1086 280
f 280 1085 1096
f 1096 1093 282
f 1085 1093 1096
f 987 255 1094
f 255 1086 1094
f 1086 1096 1094
f 1094 1096 282
f 314 1315 1226
f 284 1103 1106
f 1043 1041 270
f 1182 303 1180
f 1180 303 1183
f 1043 270 1044
f 1044 270 1042
f 1316 1313 1305
f 1305 1318 1321
f 1305 331 1316
f 1321 331 1305
f 85 1313 1323
f 1329 1318 85
f 1323 1309 85
f 85 1309 1329
f 85 1305 1313
f 1318 1305 85
f 1003 992 257
f 992 1099 257
f 257 993 1003
f 1099 1087 257
f 1084 19 991
f 991 1087 1084
f 19 974 991
f 991 974 993
f 993 257 991
f 991 257 1087
f 79 1173 1186
f 1186 1197 79
f 79 1197 1177
f 1177 1191 79
f 1072 1082 277
f 1187 1175 277
f 1027 1063 1061
f 265 1063 1027
f 301 1173 1184
f 1184 1174 301
f 1187 304 1189
f 1189 1175 1187
f 1189 304 1186
f 1189 301 1175
f 1186 1173 1189
f 1173 301 1189
f 1122 289 1124
f 943 6 1115
f 1115 6 1036
f 1195 1193 1183
f 1183 303 1195
f 1195 1191 305
f 305 1193 1195
f 1118 1115 1036
f 287 1115 1118
f 2270 2371 1399
f 2373 2371 2270
f 1608 2410 2398
f 1608 2398 2406
f 2400 2410 1608
f 1608 2397 2400
f 2406 2399 1608
f 2399 2397 1608
f 1623 2459 2462
f 2459 2415 2462
f 1408 2464 2474
f 1622 2467 2456
f 2456 2467 2464
f 2464 1408 2456
f 2456 1408 2469
f 2487 2167 2485
f 2485 1628 2487
f 2487 1628 2497
f 2169 2161 1352
f 1352 2221 2169
f 1352 2167 2221
f 2485 2167 1352
f 2161 2179 1352
f 1352 2179 2485
f 2236 2224 2238
f 2224 1568 2238
f 2241 1561 2227
f 1353 2225 2198
f 2198 2353 1353
f 2227 1561 2198
f 2198 2225 2227
f 2204 1353 2193
f 2204 2225 1353
f 2204 2193 2206
f 2206 1563 2204
f 640 167 642
f 642 643 635
f 167 643 642
f 1558 2187 2190
f 1558 2188 2191
f 2189 2191 2181
f 2162 2187 2189
f 2189 1558 2191
f 2187 1558 2189
f 2181 1549 2189
f 1549 2162 2189
f 678 177 681
f 681 177 679
f 679 673 681
f 681 673 175
f 659 664 48
f 48 668 659
f 666 664 659
f 173 664 666
f 384 658 3
f 662 688 172
f 676 688 690
f 690 688 179
f 690 675 176
f 2206 1559 2207
f 689 173 680
f 680 691 689
f 177 691 680
f 677 177 680
f 687 691 678
f 179 691 687
f 687 690 179
f 675 690 687
f 696 701 180
f 2214 1565 2219
f 2219 2218 2214
f 2212 1565 2214
f 2214 2218 1559
f 2214 2193 2212
f 2214 1559 2193
f 181 701 700
f 701 696 700
f 105 408 396
f 394 408 105
f 89 344 402
f 402 395 89
f 402 344 400
f 400 107 402
f 413 410 109
f 422 106 397
f 419 422 397
f 397 9 419
f 406 30 439
f 439 442 406
f 441 115 439
f 115 442 439
f 441 422 443
f 443 115 441
f 431 442 444
f 431 444 113
f 108 408 406
f 406 442 108
f 442 431 108
f 108 431 405
f 1047 94 1054
f 1054 1056 1047
f 273 1056 1054
f 357 423 26
f 357 1054 94
f 389 423 426
f 26 423 389
f 29 385 390
f 29 388 677
f 419 387 421
f 104 436 390
f 426 436 104
f 104 389 426
f 391 389 104
f 426 423 112
f 438 436 426
f 438 424 434
f 426 112 438
f 438 112 424
f 2236 2170 1553
f 2169 2224 1553
f 1553 2224 2236
f 2172 2174 1554
f 387 673 103
f 103 421 387
f 679 388 103
f 103 673 679
f 178 682 703
f 705 178 703
f 682 702 703
f 1058 1060 1046
f 1058 1108 1111
f 1048 1045 271
f 271 1060 1048
f 988 1045 1048
f 1048 1060 1059
f 1059 256 1048
f 1048 256 988
f 1098 283 1113
f 283 1100 1113
f 1113 1100 1111
f 1113 1109 1098
f 1059 1060 274
f 1111 1100 274
f 274 1058 1111
f 1060 1058 274
f 274 1057 1059
f 274 1100 1057
f 1089 1103 75
f 75 1109 1089
f 1106 1103 1089
f 1109 1112 1089
f 1089 281 1106
f 1089 1112 281
f 1053 1066 1062
f 273 1066 1053
f 1046 1056 1053
f 1053 1056 273
f 266 1064 1055
f 1064 1066 1055
f 1055 1028 266
f 1055 1066 273
f 391 386 93
f 1071 1082 1079
f 1071 1185 1187
f 1187 277 1071
f 1071 277 1082
f 1068 1074 1077
f 1140 1138 1068
f 1077 276 1068
f 1068 276 1140
f 1138 1185 74
f 1079 1074 74
f 74 1071 1079
f 1185 1071 74
f 74 1068 1138
f 1074 1068 74
f 1026 265 1072
f 1051 265 1026
f 1026 1049 1051
f 1174 1039 1172
f 1172 301 1174
f 1175 301 1172
f 162 620 623
f 162 623 621
f 621 619 162
f 145 612 616
f 161 614 616
f 797 209 799
f 807 197 799
f 58 806 798
f 798 922 58
f 58 801 806
f 58 922 871
f 795 801 58
f 58 871 795
f 218 842 876
f 2540 2566 2564
f 2540 2576 2577
f 2540 1640 2566
f 2544 2537 2542
f 2542 1641 2544
f 2567 1641 2542
f 2564 2567 2542
f 1639 2537 2544
f 1639 2538 2536
f 2544 2538 1639
f 553 862 864
f 864 862 224
f 224 870 864
f 874 865 873
f 224 865 874
f 874 863 224
f 872 863 874
f 923 934 938
f 938 238 923
f 923 238 926
f 63 934 923
f 914 934 63
f 937 934 914
f 914 236 937
f 931 236 914
f 235 912 909
f 926 912 235
f 918 921 237
f 237 932 918
f 237 921 919
f 817 831 201
f 831 767 201
f 767 919 201
f 1648 2573 2575
f 2571 1648 2574
f 2571 2573 1648
f 631 610 13
f 1885 2027 1346
f 2093 1532 2108
f 2108 1532 2095
f 2041 1521 2039
f 2039 1942 2041
f 2041 1942 1497
f 2096 2080 1529
f 2082 2096 1529
f 1529 2079 2082
f 1503 1971 1969
f 1987 1989 1508
f 1508 1989 1990
f 1990 1988 1508
f 1508 1988 2046
f 2146 1890 1480
f 1480 2152 2146
f 1347 1890 2144
f 2144 2411 1347
f 2414 2411 2144
f 2144 1890 2146
f 2146 1545 2144
f 2144 1545 2414
f 2078 2074 1528
f 1930 1994 1991
f 1991 1994 1509
f 1903 1890 1347
f 599 596 590
f 590 601 603
f 44 601 590
f 590 596 44
f 603 155 590
f 590 155 599
f 1974 1496 1956
f 1956 1496 1939
f 1973 1963 1976
f 1966 1964 1502
f 1502 1963 1966
f 1502 1964 1962
f 1498 1944 2094
f 1944 2092 2094
f 2082 1498 2094
f 2094 2092 1532
f 2094 2096 2082
f 2094 1532 2096
f 37 581 595
f 595 492 37
f 597 492 595
f 595 157 597
f 595 581 598
f 598 157 595
f 598 581 153
f 490 496 495
f 142 539 541
f 541 139 524
f 541 539 525
f 525 139 541
f 524 538 541
f 541 538 142
f 605 608 593
f 605 593 44
f 44 596 605
f 580 606 604
f 604 43 580
f 883 885 230
f 230 884 907
f 905 858 223
f 903 858 905
f 907 884 904
f 892 895 232
f 1795 1861 1367
f 1367 2555 1795
f 1793 2541 1367
f 2541 2555 1367
f 1827 1861 1864
f 1827 1829 1793
f 1793 1367 1827
f 1827 1367 1861
f 1864 1465 1827
f 1827 1465 1829
f 1863 1861 1795
f 1795 1455 1863
f 1863 1455 1855
f 1473 1861 1863
f 2559 2551 2557
f 2559 1643 2551
f 2557 1645 2559
f 2550 1643 2559
f 2559 2556 2550
f 1645 2556 2559
f 1823 1463 1830
f 1792 1454 1824
f 1792 2538 1454
f 2536 2538 1792
f 1824 1822 1792
f 2552 2522 2549
f 2522 1344 2549
f 2549 1344 1794
f 1794 2551 2549
f 2549 1643 2552
f 2551 1643 2549
f 2511 1618 2492
f 2492 2513 2511
f 2511 2513 1633
f 2386 1919 2383
f 2383 1604 2386
f 2386 1604 2396
f 1489 1919 2386
f 1970 1972 1503
f 1960 1972 1970
f 1957 1501 1960
f 1404 2388 2449
f 2427 2388 1404
f 2390 2427 1404
f 1489 2386 2395
f 2395 2386 2396
f 2422 2420 2413
f 2422 1614 2420
f 2414 2426 1612
f 2413 2411 1612
f 1612 2411 2414
f 1612 2422 2413
f 1375 1899 2418
f 2389 1897 1375
f 1375 2418 2389
f 2051 1483 2059
f 2059 1525 2061
f 2061 2051 2059
f 1523 2051 2061
f 2385 1604 2383
f 2507 2491 2505
f 2402 2503 2505
f 1609 2402 2505
f 2505 2491 1609
f 2401 2491 2489
f 1355 2401 2489
f 2489 2437 1355
f 2492 2437 2489
f 1624 2467 2465
f 2464 2467 1624
f 1624 2478 2464
f 2474 1626 2477
f 2477 2461 1623
f 2124 1389 2271
f 2271 2273 2124
f 2124 2273 1539
f 1551 2202 2166
f 1393 2407 2166
f 2409 1551 2166
f 2166 2407 2409
f 1617 2448 2436
f 2436 2433 1617
f 558 570 41
f 562 600 42
f 101 382 383
f 101 380 382
f 169 649 652
f 657 649 169
f 383 99 376
f 99 638 376
f 657 169 651
f 651 169 648
f 635 632 554
f 639 638 634
f 375 632 634
f 634 99 375
f 634 638 99
f 639 634 165
f 165 634 632
f 165 632 635
f 635 643 165
f 653 637 46
f 2485 2179 2488
f 2500 2502 2488
f 2488 1628 2485
f 2502 1628 2488
f 2488 1556 2500
f 2488 2179 1556
f 2496 2493 1630
f 2497 2494 1630
f 1630 2508 2496
f 2494 2508 1630
f 2498 2180 1394
f 1394 2445 2498
f 2498 2445 2501
f 2500 2180 2498
f 2498 1631 2500
f 2498 2501 1631
f 1409 2494 2486
f 2486 2499 1409
f 1631 2501 2514
f 2514 2499 1631
f 2501 2512 2514
f 2514 2512 1633
f 1629 2491 2507
f 1629 2513 2492
f 2492 2489 1629
f 1629 2489 2491
f 88 377 382
f 486 88 342
f 382 380 342
f 342 88 382
f 506 508 135
f 135 504 506
f 135 507 504
f 508 505 135
f 135 505 518
f 518 507 135
f 134 545 526
f 497 343 7
f 7 462 497
f 497 462 500
f 499 343 497
f 500 133 497
f 133 499 497
f 393 343 395
f 393 105 396
f 395 105 393
f 7 343 393
f 393 358 7
f 396 358 393
f 378 644 9
f 9 397 378
f 100 646 378
f 646 644 378
f 1268 1271 324
f 1270 1268 324
f 324 1272 1270
f 1273 1271 1262
f 1273 324 1271
f 2319 2307 1575
f 1588 2306 2379
f 2379 2360 1588
f 2305 2307 1588
f 1588 2360 2305
f 2357 1599 2359
f 2357 2360 1599
f 2359 2269 2357
f 2305 2360 2357
f 2196 2201 2203
f 1562 2202 2203
f 2203 2201 1562
f 2239 1572 2242
f 2242 2201 2239
f 2239 2241 1572
f 2239 2201 1395
f 2370 2367 1601
f 2367 2382 1601
f 1601 2368 2370
f 2366 2368 1601
f 2355 2363 2365
f 2365 1598 2355
f 2355 1598 2353
f 1561 2363 2355
f 2355 2198 1561
f 2353 2198 2355
f 2216 1564 2211
f 2210 1564 2216
f 1566 2215 2216
f 2216 2215 2210
f 2380 2314 1590
f 1590 2314 2316
f 180 701 694
f 2308 2310 1589
f 2308 2311 2261
f 1589 2311 2308
f 2308 1782 2310
f 1666 2654 2652
f 2652 2654 2648
f 2648 1450 2652
f 1450 1782 2652
f 292 1132 1141
f 1132 1139 1141
f 1141 1133 292
f 1141 1139 294
f 1140 1133 1141
f 1141 294 1140
f 1200 306 1198
f 1197 306 1200
f 1200 302 1177
f 1177 1197 1200
f 2630 1657 2642
f 1169 1170 1151
f 291 1169 1151
f 1151 1129 291
f 1151 1170 296
f 288 1192 1178
f 302 1176 1178
f 1178 1194 302
f 1178 1192 1194
f 1164 1162 1120
f 1120 288 1164
f 288 1150 1164
f 1119 1150 288
f 1176 21 1119
f 288 1178 1119
f 1119 1178 1176
f 1692 1740 1428
f 1158 78 1168
f 1158 1145 78
f 1158 1168 1171
f 1161 1145 1158
f 1171 298 1158
f 1158 298 1161
f 1661 2630 2644
f 2644 2630 2642
f 2261 2311 1577
f 2634 2643 1658
f 2660 2651 1666
f 1666 2653 2660
f 2318 1401 2306
f 2309 1401 2318
f 1799 1344 1786
f 2524 2530 2528
f 2528 1452 2524
f 2528 1637 2526
f 2530 1637 2528
f 2533 1638 2531
f 2533 2535 1638
f 2523 2530 1636
f 2583 2581 1646
f 1646 2561 2583
f 2581 2560 1646
f 1275 1286 325
f 325 1286 1276
f 1284 327 1282
f 1284 1286 327
f 1276 1286 1284
f 1282 946 1284
f 1284 946 244
f 244 1276 1284
f 1262 1259 322
f 322 1263 1260
f 1260 1273 322
f 322 1273 1262
f 15 1252 730
f 730 811 15
f 15 811 735
f 1253 320 1267
f 1267 320 1255
f 70 1009 1317
f 1317 1264 70
f 821 813 191
f 191 731 821
f 821 731 819
f 821 823 813
f 191 1254 1261
f 1261 731 191
f 1259 731 1261
f 1254 1263 1261
f 1263 322 1261
f 1261 322 1259
f 819 822 214
f 214 821 819
f 823 821 214
f 820 823 214
f 214 834 820
f 214 822 834
f 202 771 769
f 769 832 202
f 202 770 771
f 202 832 822
f 768 770 202
f 202 822 768
f 913 17 866
f 866 916 913
f 913 847 17
f 915 847 913
f 913 236 915
f 916 236 913
f 61 863 872
f 61 872 933
f 933 867 61
f 867 875 61
f 868 225 866
f 868 218 876
f 877 876 228
f 867 225 877
f 877 868 876
f 225 868 877
f 228 875 877
f 877 875 867
f 901 230 885
f 898 884 901
f 884 230 901
f 1021 1014 1019
f 1019 263 1021
f 720 982 980
f 1014 1011 980
f 980 52 720
f 1011 52 980
f 136 510 512
f 546 510 136
f 548 546 535
f 535 509 532
f 141 548 535
f 535 532 141
f 546 136 535
f 535 136 509
f 478 471 476
f 474 469 478
f 476 126 478
f 478 126 474
f 125 471 478
f 478 469 125
f 983 982 973
f 719 970 973
f 187 719 973
f 973 982 187
f 250 983 973
f 973 970 250
f 745 188 737
f 735 193 737
f 748 746 195
f 195 743 745
f 195 746 743
f 739 748 744
f 748 195 744
f 467 475 119
f 477 475 467
f 467 124 477
f 192 732 734
f 740 742 734
f 734 742 192
f 734 119 740
f 772 732 775
f 772 203 774
f 775 203 772
f 194 748 739
f 194 741 748
f 739 742 194
f 738 741 194
f 194 742 740
f 740 738 194
f 33 738 453
f 453 473 33
f 724 738 33
f 33 450 724
f 33 473 455
f 455 450 33
f 784 824 827
f 827 206 784
f 125 472 470
f 472 464 470
f 470 464 87
f 87 366 340
f 340 470 87
f 340 364 23
f 366 364 340
f 405 359 407
f 407 359 95
f 407 95 396
f 407 108 405
f 396 408 407
f 408 108 407
f 365 97 368
f 368 359 365
f 95 359 368
f 97 366 368
f 360 95 368
f 368 366 360
f 353 347 352
f 352 92 353
f 350 92 352
f 352 347 86
f 86 338 352
f 338 350 352
f 25 349 994
f 753 16 797
f 797 799 753
f 753 799 197
f 776 16 753
f 753 778 776
f 197 778 753
f 809 209 798
f 798 806 809
f 806 211 809
f 809 211 807
f 807 799 809
f 809 799 209
f 55 805 760
f 756 788 55
f 791 788 756
f 144 761 550
f 144 579 549
f 752 761 144
f 144 549 752
f 531 529 140
f 528 531 140
f 542 528 140
f 140 530 542
f 999 259 1001
f 999 67 977
f 999 977 1002
f 1002 259 999
f 999 1001 975
f 975 67 999
f 971 983 250
f 977 67 971
f 979 252 977
f 250 972 979
f 979 971 250
f 977 971 979
f 90 346 978
f 978 972 90
f 978 979 972
f 252 979 978
f 113 429 432
f 429 416 432
f 8 1045 988
f 428 431 113
f 405 431 428
f 405 428 27
f 365 359 27
f 27 359 405
f 372 92 367
f 367 374 372
f 91 349 371
f 994 349 996
f 998 258 996
f 996 258 994
f 349 91 996
f 1323 1327 335
f 335 1326 1323
f 335 1324 1326
f 335 1322 1324
f 1297 1295 1285
f 1282 327 1285
f 1285 327 1297
f 1223 1217 1225
f 1218 1224 1225
f 1155 297 1152
f 1152 1121 1155
f 1155 1167 297
f 1155 1121 289
f 243 1123 944
f 944 1224 243
f 1218 943 243
f 243 1224 1218
f 987 1094 1092
f 1092 1094 282
f 1107 1093 1103
f 282 1093 1107
f 1103 284 1107
f 1183 290 1125
f 1125 1180 1183
f 1043 1044 1038
f 1038 254 1043
f 1072 265 1080
f 265 1027 1080
f 1080 1082 1072
f 71 1027 1061
f 1061 1029 71
f 71 1029 1023
f 1124 287 1116
f 1116 1122 1124
f 1165 1122 1162
f 289 1122 1165
f 1165 1155 289
f 1167 1155 1165
f 297 1167 1153
f 1156 297 1153
f 1153 1145 1156
f 78 1145 1153
f 1124 1123 1117
f 943 1115 1117
f 1117 243 943
f 1123 243 1117
f 1117 287 1124
f 1117 1115 287
f 1181 79 1191
f 1191 1195 1181
f 1173 79 1181
f 1181 1195 303
f 1184 1173 1181
f 1181 303 1184
f 287 1118 1128
f 1126 1116 1128
f 1128 1116 287
f 1128 290 1126
f 2341 2270 1399
f 1399 2272 2341
f 1579 2269 2359
f 2359 2373 1579
f 2373 2270 1579
f 2344 2341 2272
f 1596 2341 2344
f 1578 2268 2265
f 2267 2265 2123
f 2273 2274 2267
f 2123 1539 2267
f 1539 2273 2267
f 2267 1578 2265
f 2274 1578 2267
f 2125 1351 2323
f 2113 1351 2147
f 2147 2149 2113
f 2465 2457 1540
f 2457 2125 1540
f 2331 2334 2271
f 2271 1389 2331
f 2469 1408 2480
f 1613 2462 2415
f 2470 1625 2468
f 2469 1625 2472
f 2472 2458 1622
f 2472 2470 2458
f 1625 2470 2472
f 1622 2456 2472
f 2472 2456 2469
f 2167 2487 1552
f 2223 2167 1552
f 1552 2231 2223
f 2168 2231 1552
f 2495 2493 2168
f 2168 1552 2495
f 2495 1552 2487
f 2495 2487 2497
f 2497 1630 2495
f 2495 1630 2493
f 2233 2230 2222
f 2222 1568 2233
f 2222 2238 1568
f 1571 2250 2237
f 2236 2238 1571
f 2237 2234 1571
f 1571 2234 2236
f 2246 1573 2250
f 2240 2230 2244
f 2244 1572 2240
f 2249 2246 2226
f 2249 2247 1573
f 1573 2246 2249
f 1561 2241 2199
f 2199 2363 1561
f 2199 2239 1395
f 2241 2239 2199
f 1395 2361 2199
f 2361 2363 2199
f 1569 2249 2226
f 2227 2225 1569
f 672 175 685
f 672 681 175
f 672 685 683
f 678 681 672
f 686 48 664
f 179 688 686
f 686 688 662
f 662 48 686
f 689 179 686
f 686 664 689
f 171 666 659
f 660 658 384
f 660 171 658
f 666 171 660
f 663 680 173
f 677 680 663
f 663 29 677
f 385 29 663
f 49 687 678
f 49 672 683
f 678 672 49
f 675 687 49
f 1035 264 1025
f 1025 264 1022
f 693 448 32
f 693 696 180
f 692 447 117
f 117 447 1069
f 659 668 670
f 670 171 659
f 662 699 698
f 698 48 662
f 668 48 698
f 698 699 181
f 181 700 698
f 698 700 668
f 394 105 404
f 401 394 404
f 404 107 401
f 404 402 107
f 404 105 395
f 395 402 404
f 106 413 399
f 399 397 106
f 100 378 399
f 399 378 397
f 410 413 398
f 398 30 410
f 398 439 30
f 441 439 398
f 398 106 441
f 398 413 106
f 444 115 440
f 115 443 440
f 440 443 420
f 429 444 440
f 440 31 429
f 420 31 440
f 273 1054 1052
f 1052 1055 273
f 1028 1055 1052
f 26 1028 1052
f 1052 357 26
f 1054 357 1052
f 384 386 102
f 102 660 384
f 114 438 434
f 436 438 114
f 392 104 390
f 392 102 386
f 392 386 391
f 391 104 392
f 390 385 392
f 385 102 392
f 425 112 423
f 423 357 425
f 425 94 417
f 425 357 94
f 2169 1553 2171
f 2171 2174 1549
f 2171 2161 2169
f 1549 2161 2171
f 47 649 654
f 47 702 682
f 645 649 47
f 47 682 645
f 647 702 47
f 47 654 647
f 1111 1108 285
f 285 1113 1111
f 1109 1113 285
f 285 1112 1109
f 1091 1088 281
f 281 1112 1091
f 1091 1049 1088
f 73 1058 1046
f 1046 1053 73
f 1108 1058 73
f 73 1053 1062
f 1030 1031 266
f 266 1028 1030
f 355 389 391
f 391 93 355
f 26 389 355
f 355 1028 26
f 355 1030 1028
f 93 1030 355
f 354 93 386
f 384 3 354
f 354 386 384
f 354 3 1022
f 1077 1074 278
f 1035 1025 1034
f 1034 1025 116
f 1070 1026 1072
f 1072 277 1070
f 1070 277 1175
f 1175 1172 1070
f 622 619 586
f 622 162 619
f 1380 1942 2039
f 2039 2092 1380
f 1380 1944 1947
f 1380 2092 1944
f 161 616 618
f 618 615 161
f 611 615 618
f 618 616 612
f 552 800 802
f 552 616 614
f 552 802 145
f 145 616 552
f 866 17 841
f 841 868 866
f 218 868 841
f 860 218 859
f 223 861 859
f 218 841 859
f 2576 2540 1412
f 2546 2576 1412
f 1412 2537 2546
f 1412 2540 2564
f 2564 2542 1412
f 1412 2542 2537
f 2539 1639 2536
f 2536 1883 2539
f 2570 2575 2573
f 227 936 872
f 872 874 227
f 925 936 227
f 227 874 873
f 873 871 227
f 227 871 925
f 928 239 931
f 931 914 928
f 932 239 928
f 928 914 63
f 63 918 928
f 928 918 932
f 921 918 910
f 910 923 926
f 63 923 910
f 910 918 63
f 926 235 910
f 910 235 921
f 917 767 56
f 917 919 767
f 917 56 853
f 237 919 917
f 853 920 917
f 917 920 237
f 921 235 911
f 911 919 921
f 911 235 909
f 911 201 919
f 766 16 815
f 766 815 817
f 817 201 766
f 909 16 766
f 766 911 909
f 201 911 766
f 2545 2571 2574
f 2574 1642 2545
f 2545 1642 2547
f 2035 1520 2048
f 2044 2035 2048
f 2048 1522 2044
f 2046 1522 2048
f 1497 1941 2030
f 2030 2041 1497
f 2030 1941 2027
f 2030 2027 1518
f 1518 2028 2042
f 2028 2040 2042
f 2042 2030 1518
f 2042 2040 1521
f 1521 2041 2042
f 2041 2030 2042
f 2095 1521 2106
f 1521 2040 2106
f 2106 2040 2103
f 2106 2108 2095
f 1385 2035 2044
f 2103 2040 1385
f 2044 2032 1385
f 1385 2032 2103
f 2028 2035 1385
f 1385 2040 2028
f 1530 2086 2083
f 2091 1529 2080
f 2091 2088 1531
f 2080 2088 2091
f 1971 1500 1955
f 1955 1969 1971
f 2547 2539 1477
f 1477 2539 1883
f 1990 1989 1980
f 1989 1477 1980
f 1980 1477 1883
f 2065 2078 2076
f 2076 2078 1528
f 1526 2064 2066
f 1526 2078 2065
f 1997 1897 1999
f 1997 1375 1897
f 1493 1994 1930
f 1338 1919 1930
f 2383 1919 1338
f 1930 1991 1338
f 1988 1382 2043
f 2045 1522 2043
f 2043 1522 2046
f 2046 1988 2043
f 1534 2106 2103
f 2108 2106 1534
f 2044 1522 2047
f 2047 2032 2044
f 2047 1522 2045
f 2045 2033 2047
f 2032 2047 1519
f 1519 2047 2033
f 1487 1916 1914
f 1914 1911 1487
f 1913 1915 1487
f 1487 1911 1913
f 1484 1901 2019
f 1485 1904 1915
f 2064 1904 1485
f 1376 1901 1907
f 1504 1973 1976
f 1975 1956 1500
f 1973 1504 1975
f 1975 1504 1974
f 1974 1956 1975
f 1971 1968 1954
f 1973 1975 1954
f 1954 1500 1971
f 1954 1975 1500
f 1381 1968 1958
f 1963 1973 1381
f 1381 1954 1968
f 1973 1954 1381
f 1950 1966 1963
f 1958 1961 1950
f 1950 1961 1499
f 1499 1966 1950
f 1950 1381 1958
f 1963 1381 1950
f 1924 1962 1964
f 1949 1499 1951
f 1491 1924 1964
f 1928 1924 1491
f 2446 2448 2434
f 2434 1407 2446
f 2448 1617 2434
f 2434 1617 2444
f 151 577 584
f 489 496 130
f 496 490 130
f 609 605 596
f 609 157 598
f 596 157 609
f 577 43 582
f 43 604 582
f 582 584 577
f 153 584 582
f 608 605 159
f 606 608 159
f 159 604 606
f 605 609 159
f 883 230 886
f 886 230 907
f 907 905 886
f 886 905 223
f 906 903 234
f 903 905 234
f 234 905 907
f 907 904 234
f 62 884 898
f 62 904 884
f 898 888 62
f 893 904 62
f 893 232 908
f 232 895 908
f 908 904 893
f 908 895 906
f 906 234 908
f 908 234 904
f 2532 2534 1638
f 1638 2535 2532
f 18 947 939
f 939 947 949
f 2015 1515 2026
f 2015 1507 1983
f 2012 2015 1983
f 1515 2015 2012
f 1828 1823 1830
f 1830 1465 1828
f 1828 1465 1874
f 1337 1883 2536
f 1337 1792 1822
f 2536 1792 1337
f 2438 1407 2450
f 2450 2453 2438
f 2453 1618 2438
f 1618 2511 2438
f 1378 1957 1935
f 1935 1957 1960
f 1930 1919 1932
f 1932 1937 1938
f 1932 1493 1930
f 1938 1493 1932
f 1932 1919 1489
f 1489 1937 1932
f 1503 1969 1967
f 1967 1970 1503
f 1938 1937 1495
f 1960 1970 1495
f 1495 1935 1960
f 1937 1935 1495
f 1951 1961 1959
f 1959 1490 1951
f 1959 1961 1501
f 1501 1957 1959
f 2396 1604 2384
f 2390 1404 2384
f 1621 2453 2450
f 1621 2452 2449
f 1621 2449 2451
f 2451 2453 1621
f 1619 2440 2443
f 1619 2444 2442
f 2442 2440 1619
f 2443 2440 2393
f 2393 2440 1378
f 1607 2452 2443
f 1607 2395 2396
f 2443 2393 1607
f 1607 2393 2395
f 1483 2051 1898
f 1347 2411 1898
f 2413 1483 1898
f 1898 2411 2413
f 2049 2051 1523
f 2049 1898 2051
f 2049 1903 1347
f 1347 1898 2049
f 2066 1523 2050
f 1523 2061 2050
f 1896 1338 1991
f 1896 2385 2383
f 2383 1338 1896
f 2392 2391 1606
f 2392 2385 2391
f 2392 1606 2390
f 1604 2385 2392
f 2390 2384 2392
f 2392 2384 1604
f 2507 2505 1632
f 1632 2505 2503
f 2461 2477 2475
f 2475 2402 1609
f 1609 2461 2475
f 2475 2477 1626
f 2405 2399 2406
f 1539 2399 2405
f 2405 2124 1539
f 2200 2229 1393
f 1393 2166 2200
f 2200 2232 2229
f 2200 2166 2202
f 1562 2232 2200
f 2200 2202 1562
f 2435 1617 2433
f 2435 1490 2442
f 2442 2444 2435
f 2444 1617 2435
f 1555 2186 2178
f 2436 2447 1555
f 1555 2176 2436
f 1555 2178 2176
f 2177 2445 1394
f 2447 2445 2177
f 2177 1555 2447
f 2186 1555 2177
f 2192 1558 2190
f 2188 1558 2192
f 149 575 568
f 572 570 150
f 150 574 572
f 147 558 560
f 147 557 568
f 640 642 555
f 560 558 555
f 555 41 640
f 555 558 41
f 2190 2164 1550
f 2182 2163 1377
f 380 101 403
f 414 107 403
f 403 412 414
f 403 101 412
f 403 107 400
f 400 380 403
f 650 646 100
f 100 379 650
f 650 379 648
f 652 646 650
f 650 169 652
f 648 169 650
f 648 379 28
f 28 379 409
f 383 376 381
f 381 101 383
f 412 101 381
f 409 412 381
f 381 28 409
f 376 28 381
f 657 651 655
f 655 170 657
f 653 170 655
f 655 637 653
f 636 376 638
f 636 651 648
f 648 28 636
f 636 28 376
f 2 632 375
f 2 554 632
f 633 637 639
f 639 165 633
f 633 46 637
f 641 46 633
f 633 643 641
f 633 165 643
f 2510 1409 2499
f 2499 2514 2510
f 1633 2513 2510
f 2510 2514 1633
f 504 507 484
f 486 342 484
f 484 129 486
f 507 129 484
f 24 380 400
f 24 342 380
f 400 344 24
f 344 504 24
f 504 484 24
f 24 484 342
f 568 557 565
f 565 149 568
f 526 523 501
f 501 134 526
f 515 137 517
f 148 562 569
f 569 563 148
f 1260 83 1269
f 1269 1273 1260
f 1269 83 1257
f 324 1273 1269
f 1257 1272 1269
f 1272 324 1269
f 2305 2357 1354
f 1354 2357 2269
f 2351 2328 2348
f 1593 2328 2351
f 2196 2203 1560
f 2277 2196 1560
f 2195 2268 1560
f 1560 2268 2277
f 2197 2165 2195
f 2197 2203 2202
f 2197 2202 1551
f 1551 2165 2197
f 2195 1560 2197
f 2197 1560 2203
f 2366 1601 2369
f 2369 1601 2382
f 2369 2382 2380
f 2369 2313 2366
f 2380 1590 2369
f 2369 1590 2313
f 2315 2316 2304
f 2315 1590 2316
f 2313 1590 2315
f 2304 1564 2315
f 2315 1564 2210
f 2210 2313 2315
f 1365 2308 2261
f 1782 2308 1365
f 1179 1176 302
f 302 1200 1179
f 1179 1134 1176
f 1179 1200 1198
f 1198 293 1179
f 293 1134 1179
f 1166 296 1149
f 1166 1150 296
f 1166 1164 1150
f 1150 1119 1148
f 296 1150 1148
f 1148 1151 296
f 1148 1119 21
f 1148 21 1129
f 1129 1151 1148
f 2585 2593 1414
f 2585 1414 2589
f 2589 1414 2605
f 1741 1739 1727
f 1761 1446 1764
f 1673 1804 1802
f 1420 1804 1673
f 1428 1693 1701
f 1701 1692 1428
f 1428 1740 1729
f 1740 1741 1729
f 1420 1693 1672
f 2618 1658 2643
f 2620 1658 2618
f 2664 1661 2629
f 1661 2644 2629
f 2262 2252 2264
f 2264 1577 2262
f 2295 2298 2258
f 2258 2298 1576
f 2261 1577 2263
f 2254 1449 2263
f 2263 2264 2254
f 1577 2264 2263
f 2623 1449 2615
f 1779 1449 2254
f 2615 1449 1779
f 1779 2612 2615
f 1336 2612 1779
f 2321 2318 2306
f 2306 1588 2321
f 2307 2319 2321
f 2321 1588 2307
f 2309 2318 2322
f 1589 2309 2322
f 2322 2311 1589
f 1547 2152 2150
f 1547 2150 2153
f 2153 2150 2119
f 1893 1911 1914
f 1893 1895 1888
f 1888 1895 1479
f 1895 1889 1479
f 2323 1351 2130
f 2130 1351 2113
f 2348 2337 2352
f 2110 2120 2122
f 1825 2007 1464
f 2005 2007 1825
f 1464 1859 1825
f 1825 1859 1857
f 1470 1848 1852
f 1851 1837 1467
f 1467 1836 1851
f 1851 1848 1470
f 1851 1836 1848
f 1853 1855 1794
f 1794 1344 1853
f 1344 1799 1853
f 1473 1863 1865
f 1865 1863 1855
f 1862 1876 1473
f 1473 1865 1862
f 1862 1865 1854
f 2529 1637 2535
f 2535 2533 2529
f 2529 2533 1635
f 2526 1637 2529
f 1635 2533 2519
f 2531 1410 2519
f 2519 2533 2531
f 941 50 959
f 1802 1804 1458
f 1866 1800 1368
f 1790 1453 1791
f 1791 1453 1789
f 1789 1784 1791
f 1791 1784 1451
f 1783 1451 2517
f 1634 2515 2517
f 2517 2515 1783
f 2562 2523 1636
f 2560 2523 2562
f 1636 2552 2562
f 2562 1646 2560
f 2535 1637 2527
f 2527 2532 2535
f 2527 1637 2530
f 2530 2523 2527
f 2561 1646 2563
f 2552 1643 2563
f 2563 2562 2552
f 1646 2562 2563
f 2550 2561 2563
f 2563 1643 2550
f 722 15 735
f 735 737 722
f 722 737 188
f 1255 1252 1005
f 1252 15 1005
f 15 722 1005
f 1005 260 1255
f 1253 1267 1265
f 1331 1328 1265
f 1328 83 1265
f 1265 83 1253
f 323 1264 1320
f 323 1320 1331
f 1331 1265 323
f 323 1265 1267
f 1009 70 1017
f 1021 263 1017
f 1020 1009 1017
f 1017 263 1020
f 1012 262 1021
f 1021 1017 1012
f 1012 1017 70
f 863 61 869
f 869 875 878
f 869 61 875
f 226 870 869
f 870 863 869
f 233 902 898
f 233 900 902
f 898 901 233
f 897 900 233
f 852 221 850
f 221 900 850
f 850 844 852
f 850 900 897
f 927 848 929
f 915 931 929
f 929 239 927
f 931 239 929
f 899 848 897
f 899 901 885
f 897 233 899
f 899 233 901
f 220 847 915
f 915 929 220
f 220 929 848
f 885 847 220
f 220 899 885
f 848 899 220
f 60 848 927
f 60 927 854
f 854 844 60
f 897 848 60
f 60 850 897
f 844 850 60
f 263 1019 1016
f 1018 263 1016
f 1016 975 1018
f 1016 67 975
f 253 982 983
f 253 1019 1014
f 1014 980 253
f 253 980 982
f 511 512 500
f 511 136 512
f 509 136 511
f 511 500 123
f 123 463 511
f 463 509 511
f 747 195 745
f 745 737 747
f 747 737 193
f 193 736 747
f 736 744 747
f 747 744 195
f 452 467 119
f 119 734 452
f 452 734 732
f 192 733 786
f 733 784 786
f 786 775 192
f 786 784 206
f 786 206 787
f 787 775 786
f 739 744 54
f 824 784 54
f 54 736 824
f 54 744 736
f 54 733 739
f 54 784 733
f 468 23 454
f 125 470 468
f 468 340 23
f 470 340 468
f 454 471 468
f 468 471 125
f 779 781 205
f 205 782 779
f 495 132 493
f 132 530 493
f 461 529 122
f 461 122 781
f 781 779 461
f 461 779 34
f 762 760 199
f 761 762 199
f 803 759 199
f 199 759 761
f 579 144 587
f 588 579 587
f 550 585 587
f 587 144 550
f 983 971 981
f 981 253 983
f 1019 253 981
f 981 1016 1019
f 981 971 67
f 67 1016 981
f 976 978 346
f 976 994 997
f 997 252 976
f 252 978 976
f 976 25 994
f 346 25 976
f 113 432 430
f 430 428 113
f 110 432 416
f 417 94 356
f 1045 8 356
f 1047 1045 356
f 356 94 1047
f 370 374 365
f 365 27 370
f 371 349 369
f 349 25 369
f 348 8 988
f 363 91 371
f 371 373 363
f 363 373 96
f 363 348 91
f 990 256 998
f 998 996 990
f 988 256 990
f 990 996 91
f 990 348 988
f 91 348 990
f 1325 335 1327
f 1325 314 1227
f 1227 1322 1325
f 1322 335 1325
f 1327 1315 1325
f 1325 1315 314
f 1282 1285 1222
f 1222 65 1282
f 1222 944 65
f 1222 1224 944
f 313 1285 1295
f 313 1225 1224
f 1224 1222 313
f 313 1222 1285
f 313 1295 1223
f 1223 1225 313
f 1227 314 1229
f 1229 1217 1227
f 1216 943 1218
f 1216 6 943
f 314 1226 1228
f 1228 1229 314
f 1219 1229 1228
f 1228 254 1219
f 987 1092 68
f 68 1092 1041
f 1104 1090 269
f 1106 1090 1104
f 1104 284 1106
f 1104 1102 284
f 282 1107 1095
f 1095 1092 282
f 1041 1092 1095
f 1095 270 1041
f 1105 1107 284
f 1105 1102 1042
f 284 1102 1105
f 1042 270 1105
f 270 1095 1105
f 1105 1095 1107
f 1037 1044 1042
f 1127 1125 290
f 290 1128 1127
f 1127 1128 1118
f 1127 1037 1125
f 1036 6 984
f 984 1038 1036
f 254 1038 984
f 1219 254 984
f 6 1216 984
f 984 1216 1219
f 1078 1080 1027
f 1027 71 1078
f 1162 1122 76
f 1122 1116 76
f 1120 1162 76
f 76 1190 1120
f 1126 1190 76
f 76 1116 1126
f 2269 1579 2329
f 1580 2274 2273
f 2334 2344 1580
f 1580 2273 2271
f 2271 2334 1580
f 2272 2274 1580
f 1580 2344 2272
f 2335 2332 1594
f 2334 2331 1594
f 1594 2333 2335
f 1594 2331 2333
f 2346 2344 2334
f 2334 1594 2346
f 2346 1594 2332
f 1596 2344 2346
f 1586 2298 2295
f 2295 2297 1586
f 1586 2297 2299
f 1754 1768 1436
f 2268 1578 2278
f 2278 2276 1581
f 1581 2277 2278
f 2277 2268 2278
f 2266 2274 2272
f 2266 1578 2274
f 2266 2272 1399
f 1399 2276 2266
f 2276 2278 2266
f 2266 2278 1578
f 2159 1548 2157
f 2157 2149 2159
f 2455 2125 2457
f 2455 2457 1622
f 1622 2458 2455
f 1351 2125 2455
f 2458 2147 2455
f 2455 2147 1351
f 2126 1540 2333
f 2126 2331 1389
f 2333 2331 2126
f 2465 1540 2126
f 2333 1540 2325
f 2335 2333 2325
f 2325 2125 2323
f 2325 1540 2125
f 2324 2340 2337
f 2324 2332 2335
f 2337 2340 1595
f 1595 2352 2337
f 1623 2462 2483
f 2460 1408 2474
f 2460 2480 1408
f 2474 2477 2460
f 2460 2483 2480
f 2460 2477 1623
f 1623 2483 2460
f 2468 1625 2471
f 2412 1612 2426
f 2422 1612 2412
f 2417 1613 2415
f 2417 1605 2429
f 2387 1605 2417
f 2417 2415 2387
f 2429 1616 2431
f 2431 2417 2429
f 1613 2417 2431
f 2423 2471 1615
f 2423 1391 2468
f 2468 2471 2423
f 2238 2222 2235
f 2250 1571 2235
f 2235 1571 2238
f 2235 2246 2250
f 2226 2246 1397
f 1397 2240 2226
f 2230 2240 1397
f 2246 2235 1397
f 1397 2222 2230
f 1397 2235 2222
f 2225 2204 2228
f 2247 2249 2228
f 1563 2247 2228
f 2228 2204 1563
f 2228 1569 2225
f 2249 1569 2228
f 2243 1569 2226
f 2243 2240 1572
f 2226 2240 2243
f 1572 2241 2243
f 2243 2241 2227
f 2227 1569 2243
f 173 666 665
f 666 660 665
f 665 663 173
f 660 102 665
f 385 663 665
f 665 102 385
f 704 49 683
f 675 49 704
f 683 705 704
f 1022 3 445
f 445 1025 1022
f 116 1025 445
f 445 3 658
f 695 697 692
f 448 693 695
f 180 697 695
f 695 693 180
f 692 117 695
f 695 117 448
f 411 379 100
f 100 399 411
f 409 379 411
f 411 399 413
f 109 409 411
f 411 413 109
f 388 29 433
f 433 29 390
f 390 436 433
f 436 114 433
f 420 443 111
f 111 443 422
f 111 422 419
f 419 421 111
f 2170 2173 2175
f 2175 1553 2170
f 2175 1554 2174
f 2174 2171 2175
f 2175 2171 1553
f 272 1065 1051
f 1051 1049 272
f 1049 1091 272
f 1031 1030 1024
f 1024 354 1022
f 1022 264 1024
f 1024 264 1031
f 1024 1030 93
f 93 354 1024
f 1077 278 1075
f 1075 1069 1077
f 1075 117 1069
f 448 117 1075
f 1035 1034 267
f 1076 267 1032
f 1032 267 1034
f 20 1172 1039
f 20 1070 1172
f 1026 1070 20
f 20 1039 1088
f 1088 1049 20
f 1049 1026 20
f 154 587 585
f 588 587 154
f 586 588 154
f 154 622 586
f 161 615 624
f 624 615 620
f 620 162 624
f 162 622 624
f 620 615 45
f 1942 1380 1946
f 611 618 160
f 160 618 612
f 160 612 610
f 40 552 614
f 40 585 550
f 614 585 40
f 800 552 40
f 550 759 40
f 40 759 800
f 2547 1642 2548
f 2548 2539 2547
f 1642 2546 2548
f 1639 2539 2548
f 2546 2537 2548
f 2537 1639 2548
f 1884 1989 1987
f 1884 1477 1989
f 1884 2545 2547
f 2547 1477 1884
f 2038 2036 1520
f 2038 2028 1518
f 2038 2035 2028
f 2038 1520 2035
f 1518 2027 2029
f 2029 2038 1518
f 2036 2038 2029
f 2029 2027 1885
f 1373 1884 1987
f 2571 2545 1373
f 2545 1884 1373
f 2037 1508 2046
f 2046 2048 2037
f 1987 1508 2037
f 2037 2048 1520
f 1387 2080 2093
f 1387 2088 2080
f 2098 2088 1387
f 2001 2087 2090
f 2090 2087 1531
f 1509 1994 2004
f 1494 1955 1933
f 1969 1955 1494
f 1500 1956 1953
f 1953 1955 1500
f 1933 1955 1953
f 1953 1349 1933
f 1953 1939 1349
f 1953 1956 1939
f 1990 1980 1505
f 2073 2076 1528
f 2018 2076 2073
f 2073 1384 2018
f 2010 1384 2073
f 2067 2069 1527
f 2085 1530 2083
f 2083 1995 2085
f 2085 1995 1510
f 2074 1386 2054
f 1528 2074 2077
f 2074 2054 2077
f 2077 2054 1524
f 2033 1981 2031
f 2031 1519 2033
f 2086 1519 2031
f 2083 2086 2031
f 2057 1525 2059
f 1375 1997 2057
f 2059 1899 2057
f 1899 1375 2057
f 2060 2072 1525
f 1525 2057 2060
f 2060 2057 1997
f 1931 1493 1938
f 1994 1493 2003
f 2003 2004 1994
f 2003 1931 2001
f 1493 1931 2003
f 1983 1507 1985
f 1985 1979 1463
f 1463 1823 1985
f 1985 1823 1983
f 2105 1534 2103
f 2105 1519 2086
f 2103 2032 2105
f 2032 1519 2105
f 2086 1530 2107
f 2107 2105 2086
f 1534 2105 2107
f 1916 1487 1912
f 1904 1376 1912
f 1915 1904 1912
f 1912 1487 1915
f 1907 1916 1912
f 1912 1376 1907
f 1484 2019 2008
f 2017 2019 1901
f 1901 1376 2017
f 2065 2076 1516
f 1516 2017 2065
f 2019 2017 1516
f 1516 2076 2018
f 2045 2043 1982
f 1982 2043 1382
f 1905 1915 1913
f 1905 1485 1915
f 1903 1485 1905
f 1913 1480 1905
f 1905 1480 1890
f 1890 1903 1905
f 564 42 625
f 1952 1966 1499
f 1499 1949 1952
f 1952 1949 1923
f 1964 1966 1952
f 1952 1491 1964
f 1923 1491 1952
f 1921 2435 2433
f 1490 2435 1921
f 1951 1490 1921
f 1921 1949 1951
f 1927 1928 1925
f 1928 1491 1925
f 1925 1491 1923
f 1925 1488 1927
f 488 130 490
f 583 581 489
f 489 130 583
f 583 153 581
f 583 584 153
f 153 582 607
f 598 153 607
f 607 609 598
f 607 159 609
f 607 582 604
f 604 159 607
f 223 859 857
f 857 886 223
f 857 859 841
f 857 841 17
f 857 17 883
f 883 886 857
f 894 892 232
f 896 232 893
f 896 894 232
f 882 894 896
f 957 247 968
f 964 64 942
f 967 964 942
f 249 964 967
f 1515 2012 2014
f 1464 2007 2014
f 2026 1515 2013
f 1874 1475 1871
f 1871 1828 1874
f 2509 2438 2511
f 1633 2512 2509
f 2509 2511 1633
f 2509 2512 2446
f 2446 1407 2509
f 1407 2438 2509
f 1378 1935 1920
f 1920 2393 1378
f 1920 1937 1489
f 1920 1935 1937
f 1489 2395 1920
f 2395 2393 1920
f 1379 2087 2001
f 2001 1931 1379
f 1922 1957 1378
f 1922 1959 1957
f 1490 1959 1922
f 2442 1490 1922
f 1922 2440 2442
f 1378 2440 1922
f 2396 2384 2394
f 2394 1607 2396
f 2452 1607 2394
f 2449 2452 2394
f 2394 1404 2449
f 2394 2384 1404
f 2454 1619 2443
f 2443 2452 2454
f 2454 1621 2450
f 2452 1621 2454
f 2052 1523 2066
f 2052 2049 1523
f 2066 2064 2052
f 1903 2049 2052
f 2064 1485 2052
f 2052 1485 1903
f 1386 2050 2058
f 1525 2072 2058
f 2058 2061 1525
f 2058 2050 2061
f 2063 1386 2074
f 2063 2050 1386
f 2074 2078 2063
f 2066 2050 2063
f 2063 1526 2066
f 2078 1526 2063
f 2391 2385 1482
f 2385 1896 1482
f 1897 2391 1482
f 1999 1897 1482
f 1993 2000 1999
f 1993 1896 1991
f 1993 1991 1509
f 1509 2000 1993
f 1999 1482 1993
f 1993 1482 1896
f 2507 1632 2504
f 2504 1632 2508
f 2504 2508 2494
f 2494 1409 2504
f 2506 2503 2408
f 2506 1632 2503
f 2508 1632 2506
f 2408 1611 2506
f 2506 1611 2496
f 2496 2508 2506
f 1405 2402 2473
f 2402 2475 2473
f 2473 2404 1405
f 2473 2475 1626
f 2473 2476 2404
f 2473 1626 2476
f 1610 2405 2406
f 2406 2404 1610
f 2404 2476 1610
f 1389 2124 2403
f 2124 2405 2403
f 2405 1610 2403
f 2183 2177 1394
f 1394 2188 2183
f 2188 2192 2183
f 2192 1557 2183
f 2186 2177 2183
f 2183 1557 2186
f 575 149 566
f 566 562 42
f 569 562 566
f 566 149 569
f 568 575 573
f 573 147 568
f 558 147 573
f 575 150 573
f 570 558 573
f 573 150 570
f 146 555 642
f 146 642 635
f 635 554 146
f 560 555 146
f 2185 1550 2163
f 2185 1557 2192
f 2185 2192 2190
f 2190 1550 2185
f 2163 2182 2185
f 2182 1557 2185
f 1918 2182 1377
f 1927 1488 1918
f 1918 1926 1927
f 1918 1377 1926
f 639 637 166
f 637 655 166
f 166 638 639
f 166 655 651
f 166 636 638
f 651 636 166
f 2490 2510 2513
f 2490 1629 2507
f 2513 1629 2490
f 2507 2504 2490
f 1409 2510 2490
f 2490 2504 1409
f 516 507 518
f 516 129 507
f 485 129 516
f 518 137 516
f 36 565 557
f 565 36 483
f 554 2 479
f 486 129 487
f 487 129 485
f 134 501 503
f 515 517 503
f 503 517 134
f 12 491 589
f 12 523 491
f 12 501 523
f 514 137 518
f 514 517 137
f 518 505 514
f 600 562 602
f 562 148 602
f 158 600 602
f 603 158 602
f 2295 2258 1398
f 1398 2258 2252
f 1398 2252 2262
f 2262 2317 1398
f 2305 1354 2255
f 1575 2307 2255
f 2255 2307 2305
f 2255 1354 2283
f 2621 1365 1780
f 1780 2623 2621
f 1449 2623 1780
f 1780 1365 2261
f 2261 2263 1780
f 1780 2263 1449
f 2650 2652 1782
f 1782 1365 2650
f 2650 1365 2621
f 1666 2652 2650
f 2650 2653 1666
f 2621 2653 2650
f 2656 1418 2651
f 2651 2660 2656
f 1657 2649 2657
f 2649 2659 2657
f 2662 2665 1663
f 1163 1166 1149
f 1149 78 1163
f 78 1153 1163
f 1163 1153 1167
f 940 950 64
f 951 950 940
f 64 964 940
f 2595 1652 2593
f 2595 2585 1650
f 2593 2585 2595
f 1749 1757 1364
f 1364 1757 1767
f 1767 1757 1771
f 1771 1447 1767
f 1769 1447 1771
f 1771 1757 1445
f 1655 2605 2607
f 1763 1446 1761
f 1765 1446 1763
f 1760 1757 1749
f 1445 1757 1760
f 1765 1763 1751
f 1762 1446 1765
f 1762 1765 1749
f 1749 1364 1762
f 1762 1364 1773
f 1438 1741 1727
f 1438 1729 1741
f 1761 1764 1738
f 1740 1692 1738
f 1441 1741 1740
f 1740 1738 1441
f 1441 1738 1764
f 1739 1741 1441
f 1777 1773 1448
f 1777 1762 1773
f 1777 1764 1446
f 1446 1762 1777
f 1699 1701 1693
f 1699 1673 1697
f 1699 1697 1430
f 1430 1701 1699
f 1699 1693 1420
f 1420 1673 1699
f 1726 1728 1676
f 1726 1438 1728
f 1729 1438 1726
f 2640 2618 2643
f 2664 2629 2663
f 2663 1669 2664
f 2665 1669 2663
f 2645 2643 2634
f 2298 1586 2300
f 2615 2612 1656
f 1769 1771 1759
f 1759 1771 1445
f 2634 1658 2617
f 1591 2322 2318
f 2318 2321 1591
f 2319 2317 1591
f 1591 2321 2319
f 1913 1911 1891
f 1891 2150 2152
f 1891 1480 1913
f 2152 1480 1891
f 2158 2153 1538
f 2122 2120 1538
f 1538 2120 2158
f 1538 2153 2119
f 1818 1675 1820
f 1820 1675 1421
f 1421 1710 1674
f 2121 2119 1888
f 1888 1479 2121
f 2121 1479 2112
f 2121 1538 2119
f 2121 2112 2122
f 2122 1538 2121
f 2112 1479 1887
f 1335 2109 1887
f 1887 2109 2112
f 1887 1479 1889
f 2323 2130 2326
f 2326 2130 1542
f 1536 2149 2157
f 2113 2149 1536
f 1542 2130 2132
f 2132 1536 2140
f 2132 2130 2113
f 2113 1536 2132
f 2284 2347 1400
f 2284 2299 1583
f 2350 2347 1597
f 1597 2352 2350
f 1597 2351 2348
f 2348 2352 1597
f 2122 2112 1535
f 2112 2109 1535
f 1535 2110 2122
f 1535 2109 2111
f 2120 2110 1388
f 1421 1675 1715
f 1715 1710 1421
f 1708 2109 1335
f 2111 2109 1708
f 1335 1674 1708
f 1708 1674 1710
f 1470 1852 1850
f 1345 1825 1857
f 2005 1825 1345
f 1837 1816 1835
f 1835 1860 1467
f 1467 1837 1835
f 1816 1345 1835
f 1835 1857 1860
f 1835 1345 1857
f 1486 1916 1907
f 1474 1882 1867
f 1799 1457 1856
f 1856 1853 1799
f 1876 1862 1872
f 1875 1475 1872
f 1872 1475 1876
f 1879 1476 1877
f 1467 1860 1879
f 1877 1836 1879
f 1879 1836 1467
f 1472 1859 1875
f 1860 1857 1472
f 1857 1859 1472
f 1860 1472 1881
f 1881 1879 1860
f 1476 1879 1881
f 2516 2519 1410
f 1410 2592 2516
f 1695 1763 1761
f 2591 2585 2589
f 1650 2585 2591
f 1423 2590 1679
f 1679 1686 1423
f 2604 1653 2598
f 2598 1681 1424
f 1679 2590 2588
f 2588 1358 1679
f 2600 1358 2588
f 707 959 50
f 707 717 182
f 182 717 714
f 1790 1671 1788
f 1788 1453 1790
f 1697 1673 1356
f 1356 1683 1697
f 1671 1683 1356
f 1356 1673 1802
f 1802 1788 1356
f 1356 1788 1671
f 1812 1458 1803
f 1789 1453 1810
f 1812 1459 1810
f 1789 1810 1807
f 1807 1810 1459
f 1809 1807 1459
f 1808 1459 1812
f 1808 1368 1800
f 1812 1803 1808
f 1808 1803 1368
f 2518 2529 1635
f 2526 2529 2518
f 1785 1451 1783
f 1785 1791 1451
f 1790 1791 1785
f 1783 1670 1785
f 1634 2517 2521
f 2521 2516 1634
f 2519 2516 2521
f 1635 2519 2521
f 1411 2523 2560
f 1411 2527 2523
f 1411 2560 2580
f 2532 2527 1411
f 2580 2525 1411
f 2525 2532 1411
f 247 1277 956
f 18 939 956
f 1274 325 1276
f 1274 1277 325
f 1274 1276 945
f 1274 945 18
f 18 956 1274
f 1274 956 1277
f 1289 247 957
f 1289 1277 247
f 1007 722 188
f 1007 1005 722
f 1007 188 1013
f 260 1005 1007
f 1264 323 1266
f 1255 260 1266
f 1266 1267 1255
f 1266 323 1267
f 262 1012 1015
f 1013 262 1015
f 1015 1007 1013
f 260 1007 1015
f 460 521 519
f 460 122 521
f 774 122 460
f 460 772 774
f 519 522 465
f 467 452 465
f 522 124 465
f 124 467 465
f 121 490 495
f 198 782 791
f 791 756 198
f 750 760 762
f 55 760 750
f 750 756 55
f 34 779 755
f 755 779 782
f 782 198 755
f 755 198 757
f 530 140 527
f 527 493 530
f 527 140 529
f 34 493 527
f 529 461 527
f 527 461 34
f 808 810 803
f 803 199 808
f 808 199 760
f 808 211 810
f 805 211 808
f 808 760 805
f 427 425 417
f 417 110 427
f 112 425 427
f 427 110 416
f 416 424 427
f 424 112 427
f 418 430 432
f 96 430 418
f 432 110 418
f 98 370 373
f 98 369 372
f 98 372 374
f 374 370 98
f 98 373 371
f 371 369 98
f 362 27 428
f 362 370 27
f 373 370 362
f 428 430 362
f 96 373 362
f 362 430 96
f 351 25 346
f 351 369 25
f 372 369 351
f 351 346 353
f 353 92 351
f 92 372 351
f 1217 1229 311
f 311 1225 1217
f 311 1229 1219
f 1219 1216 311
f 1218 1225 311
f 311 1216 1218
f 1312 1314 987
f 987 68 1312
f 1312 68 1226
f 333 1314 1312
f 1312 1315 333
f 1312 1226 1315
f 985 68 1041
f 985 1041 1043
f 1043 254 985
f 1226 68 985
f 985 1228 1226
f 254 1228 985
f 269 1182 1040
f 1040 1104 269
f 1182 1180 1040
f 1102 1104 1040
f 1180 1125 72
f 1125 1037 72
f 72 1040 1180
f 1102 1040 72
f 1042 1102 72
f 72 1037 1042
f 268 1118 1036
f 268 1127 1118
f 1037 1127 268
f 1044 1037 268
f 1036 1038 268
f 268 1038 1044
f 1079 1082 279
f 1082 1080 279
f 1080 1078 279
f 1033 71 1023
f 1033 1078 71
f 1033 1023 1035
f 1035 267 1033
f 2327 2329 1593
f 2269 2329 2327
f 2327 1354 2269
f 2283 1354 2327
f 1593 2329 2345
f 2345 2328 1593
f 2343 1579 2270
f 2343 2329 1579
f 2270 2341 2343
f 2343 2345 2329
f 2343 2341 1596
f 1596 2345 2343
f 1596 2346 2342
f 2342 2345 1596
f 2328 2345 2342
f 2342 2346 2332
f 1583 2299 2285
f 2299 2297 2285
f 2285 2283 1583
f 2285 2297 1575
f 1575 2255 2285
f 2285 2255 2283
f 1766 1447 1769
f 1768 1447 1766
f 1770 1447 1768
f 1768 1754 1770
f 1767 1447 1770
f 2118 1535 2111
f 2110 1535 2118
f 1546 2159 2149
f 2458 2470 1546
f 1546 2147 2458
f 2149 2147 1546
f 2468 1391 2148
f 2148 2470 2468
f 2148 1546 2470
f 2159 1546 2148
f 2335 2325 1592
f 1592 2324 2335
f 2340 2324 1592
f 1592 2326 2340
f 1592 2325 2323
f 2323 2326 1592
f 2462 1613 2481
f 2481 2483 2462
f 1614 2422 2419
f 2422 2412 2419
f 2432 1614 2419
f 2419 2412 1406
f 1547 2151 2154
f 2154 2152 1547
f 2146 2152 2154
f 2154 1545 2146
f 1391 2151 2156
f 2156 2148 1391
f 1548 2159 2156
f 2159 2148 2156
f 2425 2423 1615
f 1615 2426 2425
f 2425 2426 2414
f 2414 1545 2425
f 667 693 32
f 696 693 667
f 174 700 696
f 174 669 670
f 668 700 174
f 174 670 668
f 696 667 174
f 174 667 669
f 670 669 661
f 661 445 658
f 658 171 661
f 171 670 661
f 116 445 661
f 661 669 116
f 388 433 435
f 435 103 388
f 421 103 435
f 435 433 114
f 654 170 656
f 1065 272 1050
f 1062 1065 1050
f 1050 73 1062
f 1108 73 1050
f 32 448 1073
f 448 1075 1073
f 1073 1032 32
f 1073 1075 278
f 1073 278 1076
f 1076 1032 1073
f 32 1032 446
f 446 667 32
f 446 1034 116
f 446 1032 1034
f 116 669 446
f 669 667 446
f 622 154 617
f 617 624 622
f 617 154 585
f 161 624 617
f 617 614 161
f 617 585 614
f 1885 2570 1478
f 1478 2029 1885
f 1478 2570 2573
f 2036 2029 1478
f 2034 1373 1987
f 1520 2036 2034
f 1987 2037 2034
f 2034 2037 1520
f 2102 2088 2098
f 2100 2090 2102
f 1531 2088 2102
f 2102 2090 1531
f 1509 2004 1992
f 1992 2000 1509
f 1998 2000 1992
f 2087 1379 1934
f 1969 1494 1934
f 1934 1967 1969
f 1934 1379 1967
f 1529 2091 2081
f 2079 1529 2081
f 1933 2079 2081
f 2081 1494 1933
f 1977 1505 1980
f 1977 1980 1883
f 1883 1337 1977
f 1979 1505 1977
f 1977 1822 1979
f 1977 1337 1822
f 1986 1505 1979
f 1979 1985 1986
f 1986 1985 1507
f 2055 2069 1510
f 2055 1995 2053
f 1510 1995 2055
f 2053 1524 2055
f 1530 2085 2101
f 1524 2054 2071
f 1527 2069 2071
f 2071 2055 1524
f 2069 2055 2071
f 2068 2054 1386
f 1386 2058 2068
f 2068 2058 2072
f 2068 2072 1527
f 1527 2071 2068
f 2068 2071 2054
f 2053 2009 2056
f 2056 1524 2053
f 2056 2077 1524
f 2011 2009 1981
f 2053 1995 1350
f 1981 2009 1350
f 1350 2009 2053
f 1350 1995 2083
f 1350 2031 1981
f 2083 2031 1350
f 2072 2060 2070
f 1527 2072 2070
f 2070 2067 1527
f 1998 2067 2070
f 1970 1967 1936
f 1936 1931 1938
f 1967 1379 1936
f 1936 1379 1931
f 1938 1495 1936
f 1936 1495 1970
f 1512 2090 2100
f 2004 2003 1512
f 2001 2090 1512
f 1512 2003 2001
f 2104 1387 2093
f 2093 2108 2104
f 2108 1534 2104
f 1534 2107 2104
f 2018 1384 2006
f 1384 2013 2006
f 1513 2007 2005
f 2005 2008 1513
f 2065 2017 2062
f 2062 1904 2064
f 2062 1376 1904
f 2062 2017 1376
f 2062 1526 2065
f 2064 1526 2062
f 2020 2008 2019
f 2019 1516 2020
f 2020 1516 2018
f 2020 1513 2008
f 2018 2006 2020
f 2006 1513 2020
f 2022 1517 2026
f 2022 1384 2010
f 2026 2013 2022
f 2022 2013 1384
f 2023 1517 2025
f 2025 2011 2023
f 2025 2022 2010
f 1517 2022 2025
f 2026 1517 2024
f 2024 2015 2026
f 1507 2015 2024
f 1984 1986 1507
f 1507 2024 1984
f 1506 2033 2045
f 2045 1982 1506
f 1506 1981 2033
f 1506 2011 1981
f 1506 1982 2023
f 2023 2011 1506
f 571 564 574
f 574 150 571
f 571 150 575
f 42 564 571
f 571 566 42
f 575 566 571
f 2176 2178 1917
f 2178 1488 1917
f 1917 1925 1923
f 1488 1925 1917
f 130 488 578
f 578 583 130
f 578 488 576
f 584 583 578
f 578 576 151
f 151 584 578
f 880 896 893
f 888 891 880
f 893 62 880
f 880 62 888
f 957 968 965
f 965 968 249
f 954 960 963
f 249 968 966
f 966 964 249
f 966 940 964
f 242 967 942
f 963 960 248
f 1303 1299 1288
f 1302 326 1279
f 1279 1299 1302
f 183 1204 1210
f 1204 1211 1210
f 1237 51 1208
f 1242 954 1244
f 1873 1859 1464
f 1875 1859 1873
f 1873 1475 1875
f 1873 1871 1475
f 1823 1828 1370
f 1828 1871 1370
f 1983 1823 1370
f 1370 2012 1983
f 1619 2454 2441
f 2441 2434 2444
f 2444 1619 2441
f 1407 2434 2441
f 2450 1407 2441
f 2441 2454 2450
f 1389 2403 2463
f 2465 2126 2463
f 2463 2126 1389
f 2463 1624 2465
f 2478 1624 2466
f 2466 2403 1610
f 1624 2463 2466
f 2466 2463 2403
f 2476 2478 2466
f 2466 1610 2476
f 2184 1488 2178
f 2184 1918 1488
f 2182 1918 2184
f 2178 2186 2184
f 2186 1557 2184
f 2184 1557 2182
f 513 36 485
f 513 137 515
f 515 483 513
f 513 483 36
f 485 516 513
f 513 516 137
f 480 36 557
f 485 36 480
f 480 487 485
f 127 487 480
f 565 483 567
f 567 563 569
f 569 149 567
f 149 565 567
f 554 479 556
f 560 146 556
f 556 146 554
f 556 479 127
f 341 479 2
f 377 88 341
f 375 377 341
f 341 2 375
f 482 503 501
f 501 12 482
f 517 514 502
f 502 543 545
f 545 134 502
f 134 517 502
f 38 510 543
f 38 514 505
f 38 505 498
f 498 510 38
f 543 502 38
f 38 502 514
f 592 602 148
f 603 602 592
f 592 155 603
f 589 155 592
f 2256 2297 2295
f 2295 1398 2256
f 1575 2297 2256
f 2256 2319 1575
f 2256 2317 2319
f 2256 1398 2317
f 2642 1657 2616
f 1657 2657 2616
f 2616 2640 2642
f 1667 2657 2659
f 2659 2656 1667
f 1667 2656 2660
f 2666 1669 2665
f 2665 2662 2666
f 1663 2638 2636
f 2636 2662 1663
f 1668 2662 2661
f 2662 2636 2661
f 1167 1165 299
f 299 1163 1167
f 1166 1163 299
f 299 1165 1162
f 1162 1164 299
f 1164 1166 299
f 2594 2592 1652
f 1652 2595 2594
f 1634 2516 2594
f 2594 2516 2592
f 1733 1440 1736
f 1877 1476 1880
f 1880 1476 1882
f 2609 1655 2607
f 2606 2609 2599
f 1655 2609 2606
f 2589 2605 2608
f 2605 1655 2608
f 1748 1751 1694
f 1765 1751 1443
f 1750 1760 1443
f 1443 1748 1750
f 1751 1748 1443
f 1749 1765 1443
f 1443 1760 1749
f 2628 1653 2638
f 1728 1438 1737
f 1737 1438 1727
f 1739 1441 1775
f 1775 1441 1764
f 1775 1772 1739
f 1764 1777 1775
f 1775 1777 1448
f 1448 1772 1775
f 1340 1796 1672
f 1340 1726 1676
f 1420 1672 1798
f 1672 1796 1798
f 1798 1804 1420
f 1663 2665 2637
f 2665 2663 2637
f 2643 2645 1664
f 1664 2640 2643
f 1664 2644 2642
f 2642 2640 1664
f 2287 2280 2290
f 1400 2280 2287
f 1436 2288 2281
f 2281 2288 2290
f 2260 2258 1576
f 2252 2258 2260
f 1717 2253 1435
f 1756 1759 1445
f 1756 1690 1359
f 2619 1658 2620
f 2619 2617 1658
f 1359 1690 2631
f 2634 2617 2631
f 2631 2617 1359
f 2322 1591 2320
f 2262 1577 2320
f 2320 2317 2262
f 2320 1591 2317
f 2320 1577 2311
f 2311 2322 2320
f 1374 1891 1911
f 1374 1893 1888
f 1911 1893 1374
f 2150 1891 1374
f 1888 2119 1374
f 2119 2150 1374
f 1813 1674 1335
f 1335 1887 1813
f 1813 1887 1889
f 2338 1595 2340
f 2340 2326 2338
f 2336 1595 2338
f 2338 2326 1542
f 2338 2131 2336
f 1542 2131 2338
f 2296 1586 2299
f 2299 2284 2296
f 2296 2300 1586
f 2296 2284 1400
f 1400 2287 2296
f 2296 2287 2300
f 2351 1597 2349
f 2349 1597 2347
f 2349 2284 1583
f 2347 2284 2349
f 2120 1388 2155
f 2157 1548 2155
f 2158 2120 2155
f 2155 1548 2158
f 2140 1536 2114
f 2114 1536 2157
f 2157 2155 2114
f 2114 2155 1388
f 1462 1820 1821
f 1818 1820 1462
f 1900 1345 1816
f 1484 2008 1900
f 1900 2008 2005
f 2005 1345 1900
f 1849 1851 1470
f 1837 1851 1849
f 1461 1816 1837
f 1837 1849 1461
f 1461 1849 1817
f 1819 1462 1821
f 1850 1462 1819
f 1910 1901 1484
f 1907 1901 1910
f 1910 1486 1907
f 1481 1893 1914
f 1895 1893 1481
f 1909 1486 1906
f 1906 1892 1909
f 1916 1486 1909
f 1892 1481 1909
f 1914 1916 1909
f 1909 1481 1914
f 1460 1813 1889
f 1854 1865 1471
f 1471 1865 1855
f 1855 1853 1471
f 1853 1856 1471
f 1868 1856 1457
f 1868 1800 1866
f 1868 1457 1800
f 1866 1474 1868
f 1372 1872 1862
f 1372 1854 1867
f 1372 1862 1854
f 1867 1882 1878
f 1878 1372 1867
f 1882 1476 1878
f 1476 1881 1878
f 1763 1695 1429
f 1694 1751 1429
f 1429 1751 1763
f 1430 1697 1700
f 1697 1683 1700
f 1685 1683 1671
f 1695 1703 1706
f 1706 1429 1695
f 1698 1701 1430
f 1692 1701 1698
f 1684 1686 1679
f 1679 1358 1684
f 1783 2515 1334
f 1334 1670 1783
f 1419 1671 1790
f 1790 1785 1419
f 1419 1785 1670
f 1419 1685 1671
f 1680 1423 1686
f 1686 1685 1680
f 1680 1419 1670
f 1685 1419 1680
f 2586 2591 2590
f 1650 2591 2586
f 2590 1423 2586
f 2602 2604 2598
f 2598 1424 2602
f 2601 2604 1654
f 1654 2602 2600
f 2604 2602 1654
f 1682 1424 1704
f 1682 2602 1424
f 1682 1358 2600
f 2600 2602 1682
f 717 707 715
f 715 186 717
f 715 707 50
f 185 894 882
f 1453 1788 1805
f 1812 1810 1805
f 1805 1810 1453
f 1805 1458 1812
f 1802 1458 1805
f 1805 1788 1802
f 1368 1803 1797
f 1787 2528 2526
f 1807 1809 1787
f 1452 2528 1787
f 1787 1809 1452
f 1366 1784 1789
f 1789 1807 1366
f 1807 1787 1366
f 1366 1787 2526
f 2526 2518 1366
f 1366 2518 1784
f 1811 1809 1459
f 1800 1457 1811
f 1811 1808 1800
f 1459 1808 1811
f 1452 1809 1801
f 1786 1452 1801
f 1801 1799 1786
f 1801 1457 1799
f 1801 1811 1457
f 1809 1811 1801
f 2520 2517 1451
f 1451 1784 2520
f 1784 2518 2520
f 2520 2518 1635
f 1635 2521 2520
f 2520 2521 2517
f 1287 1289 957
f 1287 1242 1290
f 1006 1266 260
f 260 1015 1006
f 1264 1266 1006
f 1006 1015 1012
f 1006 70 1264
f 1006 1012 70
f 11 452 732
f 732 772 11
f 772 460 11
f 11 460 519
f 11 465 452
f 519 465 11
f 458 488 490
f 490 121 458
f 758 198 756
f 757 198 758
f 756 750 758
f 34 755 459
f 459 493 34
f 757 121 459
f 459 755 757
f 495 493 459
f 459 121 495
f 415 110 417
f 415 418 110
f 417 356 415
f 415 356 8
f 8 348 361
f 361 415 8
f 418 415 361
f 348 363 361
f 361 363 96
f 96 418 361
f 1079 279 1083
f 1083 1074 1079
f 1083 278 1074
f 1076 278 1083
f 1593 2351 2330
f 2330 2327 1593
f 2283 2327 2330
f 2351 2349 2330
f 1583 2283 2330
f 2330 2349 1583
f 2348 2328 1402
f 2328 2342 1402
f 1402 2337 2348
f 1402 2342 2332
f 1402 2324 2337
f 2332 2324 1402
f 1723 1766 1769
f 1448 1773 1776
f 1439 1730 1732
f 1768 1766 1721
f 2286 2288 1721
f 1436 1768 1721
f 1721 2288 1436
f 1576 2257 2259
f 2253 2260 2259
f 2259 2260 1576
f 1435 2253 2259
f 2286 2257 2289
f 2289 2257 1576
f 1576 2298 2289
f 2298 2300 2289
f 1727 1739 1363
f 1363 1772 1731
f 1739 1772 1363
f 2116 1388 2110
f 2110 2118 2116
f 1613 2431 2416
f 2416 2481 1613
f 2416 2479 2481
f 1406 2479 2416
f 2145 2154 2151
f 2145 2151 1391
f 1391 2423 2145
f 2423 2425 2145
f 1545 2154 2145
f 2145 2425 1545
f 2158 1548 2160
f 1548 2156 2160
f 2160 2153 2158
f 2160 2156 2151
f 1547 2153 2160
f 2160 2151 1547
f 437 111 421
f 421 435 437
f 437 435 114
f 420 111 437
f 434 420 437
f 437 114 434
f 1108 1050 1110
f 1110 1050 272
f 1110 272 1091
f 1110 285 1108
f 1112 285 1110
f 1110 1091 1112
f 1886 1478 2573
f 2573 2571 1886
f 2571 1373 1886
f 2036 1478 1886
f 1886 2034 2036
f 1373 2034 1886
f 2002 1992 2004
f 2002 1512 2100
f 2004 1512 2002
f 1383 2067 1998
f 1998 1992 1383
f 1992 2002 1383
f 2089 1934 1494
f 1494 2081 2089
f 2087 1934 2089
f 2089 2081 2091
f 1531 2087 2089
f 2089 2091 1531
f 2098 2101 1533
f 1533 2102 2098
f 2100 2102 1533
f 2010 2073 2075
f 2075 2073 1528
f 1528 2077 2075
f 2077 2056 2075
f 1511 2000 1998
f 1998 2070 1511
f 1999 2000 1511
f 1511 2070 2060
f 1511 1997 1999
f 1511 2060 1997
f 2098 1387 2084
f 1387 2104 2084
f 2084 2101 2098
f 2084 2104 2107
f 2084 2107 1530
f 1530 2101 2084
f 2016 2014 2007
f 2007 1513 2016
f 1515 2014 2016
f 2016 1513 2006
f 2016 2013 1515
f 2016 2006 2013
f 2021 2024 1517
f 2021 1984 2024
f 2021 1517 2023
f 1382 1984 2021
f 2021 1982 1382
f 2023 1982 2021
f 1505 1986 1978
f 1986 1984 1978
f 1978 1984 1382
f 1978 1382 1988
f 1978 1988 1990
f 1990 1505 1978
f 1923 1949 1348
f 1949 1921 1348
f 1348 1917 1923
f 1348 1921 2433
f 1348 2433 2176
f 2176 1917 1348
f 249 967 969
f 969 965 249
f 960 965 969
f 969 248 960
f 958 956 939
f 247 956 958
f 958 968 247
f 958 966 968
f 1277 1289 1291
f 325 1277 1291
f 1275 325 1291
f 1291 1288 1275
f 84 1293 1283
f 84 1288 1299
f 84 1279 1293
f 84 1299 1279
f 84 1283 1275
f 1275 1288 84
f 1234 1278 1281
f 1278 326 1281
f 326 1302 1281
f 330 1299 1303
f 330 1302 1299
f 1248 319 1246
f 1246 1209 80
f 1246 1207 1248
f 80 1207 1246
f 1240 1237 1208
f 709 851 183
f 1208 51 709
f 183 1210 709
f 709 1210 1208
f 961 707 182
f 182 955 961
f 959 707 961
f 961 955 963
f 963 248 961
f 961 248 959
f 1233 1244 246
f 963 955 246
f 246 954 963
f 246 1244 954
f 891 881 229
f 229 880 891
f 896 880 229
f 882 896 229
f 229 879 882
f 229 881 879
f 879 881 710
f 710 14 879
f 1233 246 953
f 953 246 955
f 712 185 882
f 714 185 712
f 882 879 712
f 879 14 712
f 1826 1873 1464
f 1464 2014 1826
f 1871 1873 1826
f 1826 1370 1871
f 1826 2014 2012
f 2012 1370 1826
f 559 147 560
f 560 556 559
f 557 147 559
f 559 556 127
f 559 480 557
f 127 480 559
f 486 487 481
f 479 341 481
f 127 479 481
f 481 487 127
f 481 88 486
f 481 341 88
f 128 482 563
f 563 567 128
f 128 567 483
f 503 482 128
f 128 483 515
f 515 503 128
f 561 148 563
f 561 592 148
f 563 482 561
f 561 482 12
f 561 12 589
f 589 592 561
f 2618 2640 1416
f 2640 2616 1416
f 2658 2660 2653
f 2658 1667 2660
f 2597 2604 2601
f 2597 2636 2638
f 2638 1653 2597
f 1653 2604 2597
f 2587 2515 1634
f 1634 2594 2587
f 2587 2594 2595
f 2587 2595 1650
f 1742 1442 1744
f 1713 1733 1736
f 1713 1715 1675
f 1736 1434 1713
f 1713 1434 1715
f 1357 1675 1818
f 1357 1713 1675
f 1733 1713 1357
f 1840 1833 1422
f 1676 1728 1422
f 1422 1833 1676
f 1676 1833 1831
f 1831 1340 1676
f 1834 1796 1831
f 1796 1340 1831
f 1852 1468 1841
f 1818 1462 1841
f 1841 1850 1852
f 1841 1462 1850
f 1838 1468 1840
f 1838 1357 1818
f 1818 1841 1838
f 1838 1841 1468
f 1842 1833 1840
f 1840 1468 1842
f 1877 1880 1844
f 1844 1880 1469
f 1869 1880 1882
f 1869 1474 1866
f 1882 1474 1869
f 1469 1880 1869
f 2599 2661 1415
f 1415 2606 2599
f 1415 2661 2636
f 2601 2606 1415
f 1415 2597 2601
f 2636 2597 1415
f 1651 2588 2590
f 2590 2591 1651
f 1651 2591 2589
f 2589 2608 1651
f 2610 2606 2601
f 2601 1654 2610
f 1655 2606 2610
f 2610 2608 1655
f 1694 1681 1341
f 1341 1748 1694
f 2598 1653 2596
f 1653 2628 2596
f 2596 1681 2598
f 2596 1341 1681
f 2596 2628 2625
f 2625 1341 2596
f 1729 1726 1691
f 1726 1340 1691
f 1691 1340 1672
f 1691 1672 1693
f 1691 1693 1428
f 1428 1729 1691
f 1663 2637 2639
f 2639 2638 1663
f 2639 2628 2638
f 1417 2663 2629
f 1417 2637 2663
f 1582 2294 2282
f 1582 2281 2290
f 2290 2280 1582
f 2280 2294 1582
f 2292 2294 2280
f 2292 2347 2350
f 1400 2347 2292
f 2292 2280 1400
f 2336 2131 1390
f 2282 2294 2293
f 1574 2264 2252
f 2252 2260 1574
f 2254 2264 1574
f 1574 2260 2253
f 1690 1756 1758
f 1750 1427 1758
f 1758 1427 1690
f 1758 1760 1750
f 1445 1760 1758
f 1758 1756 1445
f 2614 2619 2620
f 2620 1656 2614
f 2614 1656 2612
f 1359 2617 1688
f 2617 2619 1688
f 1750 1748 1689
f 1689 1427 1750
f 1748 1341 1689
f 1689 1341 2625
f 2627 1689 2625
f 1427 1689 2627
f 1821 1820 1815
f 1674 1813 1815
f 1815 1820 1421
f 1421 1674 1815
f 1815 1460 1821
f 1813 1460 1815
f 2140 1544 2142
f 1542 2132 2142
f 2142 2132 2140
f 2142 2131 1542
f 1484 1900 1902
f 1902 1910 1484
f 1902 1900 1816
f 1816 1461 1902
f 1906 1817 1369
f 1369 1892 1906
f 1847 1849 1470
f 1470 1850 1847
f 1850 1819 1847
f 1819 1369 1847
f 1817 1849 1847
f 1847 1369 1817
f 1894 1889 1895
f 1895 1481 1894
f 1894 1481 1892
f 1894 1460 1889
f 1814 1819 1821
f 1821 1460 1814
f 1814 1369 1819
f 1892 1369 1814
f 1814 1894 1892
f 1460 1894 1814
f 1867 1854 1870
f 1854 1471 1870
f 1870 1471 1856
f 1870 1474 1867
f 1870 1868 1474
f 1856 1868 1870
f 1872 1372 1858
f 1372 1878 1858
f 1875 1872 1858
f 1858 1878 1881
f 1858 1472 1875
f 1858 1881 1472
f 1694 1429 1696
f 1704 1424 1696
f 1696 1706 1704
f 1429 1706 1696
f 1696 1681 1694
f 1696 1424 1681
f 1425 1700 1683
f 1683 1685 1425
f 1705 1700 1425
f 1425 1685 1686
f 1686 1684 1425
f 1425 1684 1705
f 1431 1706 1703
f 1704 1706 1431
f 1360 1738 1692
f 1692 1698 1360
f 1360 1698 1703
f 1761 1738 1360
f 1360 1695 1761
f 1360 1703 1695
f 1707 1700 1705
f 1703 1698 1707
f 1707 1431 1703
f 1705 1431 1707
f 1430 1700 1707
f 1707 1698 1430
f 1670 1334 1678
f 1678 1680 1670
f 1423 1680 1678
f 1678 2586 1423
f 1650 2586 2584
f 2584 2587 1650
f 2584 1678 1334
f 2586 1678 2584
f 2584 1334 2515
f 2515 2587 2584
f 894 185 713
f 892 894 713
f 66 965 960
f 1242 1287 66
f 66 954 1242
f 960 954 66
f 957 965 66
f 66 1287 957
f 751 121 757
f 751 458 121
f 757 758 751
f 576 488 4
f 4 549 576
f 488 458 4
f 1081 267 1076
f 1076 1083 1081
f 1081 1033 267
f 1081 1083 279
f 1081 279 1078
f 1078 1033 1081
f 1362 2257 2286
f 1766 1723 1362
f 2286 1721 1362
f 1362 1721 1766
f 1444 1770 1754
f 1753 1776 1773
f 1767 1770 1753
f 1770 1444 1753
f 1753 1444 1776
f 1753 1364 1767
f 1773 1364 1753
f 1448 1776 1774
f 1774 1772 1448
f 1731 1772 1774
f 1774 1439 1731
f 2300 2287 1584
f 1584 2289 2300
f 1584 2287 2290
f 2286 2289 1584
f 2290 2288 1584
f 1584 2288 2286
f 1727 1363 1734
f 1734 1737 1727
f 1440 1737 1734
f 1745 1434 1736
f 1745 1442 1742
f 2117 2118 2111
f 1710 1715 1716
f 1715 1434 1716
f 1388 2116 2138
f 2140 2114 2138
f 2138 2114 1388
f 2138 1544 2140
f 1544 2138 2141
f 2141 2138 2116
f 2424 2426 1615
f 2424 2412 2426
f 1406 2412 2424
f 2424 2479 1406
f 2483 2481 1627
f 2480 2483 1627
f 2481 2479 1627
f 2428 2431 1616
f 2428 2416 2431
f 2428 1616 2432
f 1406 2416 2428
f 2432 2419 2428
f 2428 2419 1406
f 2099 2085 1510
f 2099 2101 2085
f 2099 1533 2101
f 1514 2025 2010
f 2010 2075 1514
f 2011 2025 1514
f 1514 2075 2056
f 1514 2056 2009
f 2009 2011 1514
f 962 242 941
f 248 969 962
f 967 242 962
f 962 969 967
f 941 959 962
f 959 248 962
f 241 958 939
f 241 939 949
f 940 966 241
f 966 958 241
f 241 949 951
f 951 940 241
f 1303 1288 328
f 1288 1291 328
f 1290 1303 328
f 328 1291 1289
f 328 1287 1290
f 1289 1287 328
f 316 1236 1234
f 1234 1281 316
f 1301 330 1303
f 1298 330 1301
f 1301 1303 1290
f 1301 1243 1298
f 1300 330 1298
f 1300 316 1281
f 1300 1281 1302
f 1302 330 1300
f 1209 1246 1249
f 1249 1246 319
f 1238 1241 317
f 1237 1240 317
f 1239 1237 317
f 317 1241 1239
f 902 900 890
f 890 900 221
f 889 881 891
f 1231 1241 1238
f 1298 1243 82
f 1238 1247 82
f 82 1231 1238
f 1243 1231 82
f 1239 1241 1232
f 14 710 1230
f 1233 953 1230
f 1230 953 14
f 710 1232 1230
f 706 955 182
f 706 953 955
f 14 953 706
f 706 712 14
f 182 714 706
f 714 712 706
f 2618 1416 2613
f 2620 2618 2613
f 2613 1656 2620
f 1667 2658 2655
f 2657 1667 2655
f 2655 2616 2657
f 2655 1416 2616
f 1659 2658 2653
f 1659 2653 2621
f 2621 2623 1659
f 1746 1439 1732
f 1732 1744 1746
f 1746 1744 1442
f 1731 1439 1746
f 1735 1422 1728
f 1728 1737 1735
f 1440 1733 1735
f 1735 1737 1440
f 1833 1842 1466
f 1834 1831 1466
f 1466 1831 1833
f 1839 1468 1852
f 1839 1842 1468
f 1839 1852 1848
f 1846 1844 1469
f 1846 1845 1834
f 1469 1845 1846
f 1834 1466 1846
f 2588 1651 2603
f 2603 2610 1654
f 2603 1651 2608
f 2608 2610 2603
f 2600 2588 2603
f 2603 1654 2600
f 2641 1417 2629
f 2641 1664 2645
f 2641 2629 2644
f 2644 1664 2641
f 2626 2639 2637
f 2637 1417 2626
f 2279 1582 2282
f 2281 1582 2279
f 1730 1342 1711
f 1732 1730 1711
f 2139 1390 2131
f 2131 2142 2139
f 2139 2142 1544
f 1585 2293 2294
f 1585 2292 2350
f 2294 2292 1585
f 2339 1585 2350
f 2350 2352 2339
f 2339 1595 2336
f 2352 1595 2339
f 2254 1574 2251
f 2251 1779 2254
f 1336 1779 2251
f 2251 1574 2253
f 2251 1717 1336
f 2253 1717 2251
f 1687 2612 1336
f 1687 2614 2612
f 1336 1717 1687
f 1722 1756 1359
f 1359 1688 1722
f 1759 1756 1722
f 1690 1427 2633
f 1427 2627 2633
f 2633 2631 1690
f 1908 1461 1817
f 1908 1902 1461
f 1908 1817 1906
f 1910 1902 1908
f 1906 1486 1908
f 1486 1910 1908
f 1704 1431 1702
f 1702 1684 1358
f 1705 1684 1702
f 1702 1431 1705
f 1702 1682 1704
f 1358 1682 1702
f 716 713 718
f 718 713 185
f 717 186 718
f 718 714 717
f 718 185 714
f 1834 1845 1456
f 1456 1796 1834
f 1456 1798 1796
f 1456 1845 1797
f 1469 1869 1843
f 1843 1845 1469
f 1797 1845 1843
f 1843 1869 1866
f 1866 1368 1843
f 1368 1797 1843
f 196 762 752
f 196 751 758
f 196 750 762
f 196 758 750
f 1769 1759 1437
f 1437 1723 1769
f 1437 1725 1723
f 1759 1722 1437
f 1719 1717 1435
f 1435 1725 1719
f 1719 1687 1717
f 2257 1362 1718
f 1435 2259 1718
f 1718 2259 2257
f 1718 1362 1723
f 1718 1725 1435
f 1723 1725 1718
f 1776 1444 1755
f 1755 1774 1776
f 1730 1439 1755
f 1439 1774 1755
f 1541 2137 2129
f 2282 2293 1541
f 1541 2293 2128
f 2128 2137 1541
f 1743 1734 1363
f 1743 1363 1731
f 1731 1746 1743
f 1743 1746 1442
f 1709 1361 2115
f 2115 2117 1709
f 2136 2115 2133
f 2133 2115 1361
f 1709 2117 1432
f 1432 1716 1709
f 2111 1708 1432
f 1432 2117 2111
f 1432 1708 1710
f 1710 1716 1432
f 1434 1745 1714
f 1714 1716 1434
f 1709 1716 1714
f 1714 1745 1742
f 1742 1361 1714
f 1714 1361 1709
f 2118 2117 1537
f 2136 2141 1537
f 1537 2115 2136
f 2117 2115 1537
f 1537 2116 2118
f 1537 2141 2116
f 1615 2471 2482
f 2482 2424 1615
f 2479 2424 2482
f 2482 1627 2479
f 1996 2099 1510
f 1510 2069 1996
f 2069 2067 1996
f 2067 1383 1996
f 2097 1383 2002
f 1533 2099 2097
f 2097 1996 1383
f 2099 1996 2097
f 2097 2002 2100
f 2100 1533 2097
f 1243 1301 318
f 318 1301 1290
f 1290 1242 318
f 1242 1244 318
f 1235 1300 1298
f 1298 82 1235
f 1235 82 1247
f 316 1300 1235
f 319 1247 1251
f 1251 1249 319
f 1251 1247 1238
f 1240 1249 1251
f 1238 317 1251
f 1251 317 1240
f 309 1210 1211
f 309 1249 1240
f 1208 1210 309
f 309 1240 1208
f 309 1211 1209
f 1209 1249 309
f 231 888 902
f 902 890 231
f 231 891 888
f 231 890 887
f 231 889 891
f 887 889 231
f 849 221 851
f 849 890 221
f 851 709 849
f 887 890 849
f 849 709 51
f 51 887 849
f 1241 1231 315
f 315 1232 1241
f 1233 1230 315
f 315 1230 1232
f 881 889 184
f 1239 1232 184
f 184 710 881
f 184 1232 710
f 2622 2613 1416
f 1416 2655 2622
f 2622 2655 2658
f 2658 1659 2622
f 1422 1735 1677
f 1840 1422 1677
f 1733 1357 1677
f 1677 1735 1733
f 1677 1838 1840
f 1357 1838 1677
f 1877 1844 1371
f 1371 1839 1848
f 1371 1836 1877
f 1848 1836 1371
f 1832 1466 1842
f 1832 1846 1466
f 1844 1846 1832
f 1842 1839 1832
f 1832 1371 1844
f 1839 1371 1832
f 2639 2626 1660
f 2628 2639 1660
f 2625 2628 1660
f 1660 2627 2625
f 2632 2626 1417
f 2632 2641 2645
f 1417 2641 2632
f 1436 2281 1720
f 2281 2279 1720
f 1720 2279 1342
f 1720 1754 1436
f 2129 1711 2127
f 2282 1541 2127
f 2127 1541 2129
f 2127 1711 1342
f 2127 2279 2282
f 1342 2279 2127
f 2143 2141 2136
f 1544 2141 2143
f 2143 2139 1544
f 2293 1585 2291
f 1585 2339 2291
f 2128 2293 2291
f 2291 2339 2336
f 2336 1390 2291
f 2291 1390 2128
f 1804 1798 1806
f 1798 1456 1806
f 1806 1458 1804
f 1806 1456 1797
f 1806 1803 1458
f 1806 1797 1803
f 749 196 752
f 752 549 749
f 549 4 749
f 751 196 749
f 458 751 749
f 749 4 458
f 1687 1719 1426
f 1426 1688 2619
f 2619 2614 1426
f 2614 1687 1426
f 1752 1444 1754
f 1752 1755 1444
f 1754 1720 1752
f 1752 1720 1342
f 1752 1342 1730
f 1730 1755 1752
f 1747 1745 1736
f 1734 1743 1747
f 1736 1440 1747
f 1440 1734 1747
f 1442 1745 1747
f 1747 1743 1442
f 2129 2137 2135
f 2480 1627 2484
f 1627 2482 2484
f 2469 2480 2484
f 2484 2482 2471
f 2484 1625 2469
f 2484 2471 1625
f 1245 1244 1233
f 1245 318 1244
f 1243 318 1245
f 1233 315 1245
f 1245 1231 1243
f 1245 315 1231
f 1250 1247 319
f 1250 1235 1247
f 316 1235 1250
f 1250 319 1248
f 1248 1236 1250
f 1236 316 1250
f 1239 184 711
f 711 1237 1239
f 51 1237 711
f 711 184 889
f 711 887 51
f 711 889 887
f 1656 2613 2624
f 2613 2622 2624
f 2615 1656 2624
f 2624 2622 1659
f 2624 2623 2615
f 2624 1659 2623
f 2635 2633 2627
f 2627 1660 2635
f 2635 1660 2626
f 2626 2632 2635
f 1543 2143 2136
f 2136 2133 1543
f 1543 2135 2137
f 2133 2135 1543
f 1724 1722 1688
f 1688 1426 1724
f 1724 1426 1719
f 1724 1437 1722
f 1725 1437 1724
f 1724 1719 1725
f 1712 2133 1361
f 1712 2135 2133
f 1742 1744 1712
f 1712 1361 1742
f 2631 2633 1662
f 2633 2635 1662
f 2634 2631 1662
f 1662 2635 2632
f 1662 2645 2634
f 1662 2632 2645
f 2134 2137 2128
f 2134 1543 2137
f 2143 1543 2134
f 2128 1390 2134
f 1390 2139 2134
f 2139 2143 2134
f 2129 2135 1433
f 2135 1712 1433
f 1433 1711 2129
f 1732 1711 1433
f 1433 1744 1732
f 1433 1712 1744
f 2611 1067 10
f 2611 10 1343
f 2646 1665 1131
f 1131 1665 292
f 1067 2611 1131
f 1131 2611 2646
f 1492 594 152
f 1940 594 1492
f 1492 613 1945
f 152 613 1492
f 163 626 1965
f 1502 163 1965
f 1945 613 623
f 623 1948 1945
f 2577 1649 876
f 876 1649 228
f 228 1649 2579
f 2579 878 228
f 1976 1965 626
f 1976 626 630
f 2568 861 1644
f 1644 861 223
f 903 906 2583
f 2583 2582 903
f 292 1665 1132
f 1132 1665 2647
f 1563 176 675
f 2205 1563 675
f 1343 10 447
f 447 1778 1343
f 447 2211 1778
f 447 692 2211
f 1948 623 620
f 1947 1948 620
f 1496 594 1940
f 156 594 1496
f 1496 628 156
f 1496 1974 628
f 858 1644 223
f 2553 1644 858
f 858 903 2582
f 2582 2553 858
f 1927 1926 570
f 572 1927 570
f 1377 570 1926
f 41 570 1377
f 2220 701 1567
f 1567 701 181
f 1661 2664 1169
f 1661 1169 291
f 2651 1132 2647
f 1137 1132 2651
f 172 1559 2194
f 172 2194 662
f 2206 676 690
f 690 2208 2206
f 690 176 1563
f 690 1563 2208
f 2207 676 2206
f 2207 688 676
f 1559 172 2207
f 2207 172 688
f 662 2194 699
f 2194 2218 699
f 699 1567 181
f 2218 1567 699
f 1554 170 653
f 653 2172 1554
f 647 2170 702
f 702 2170 2234
f 2248 705 703
f 2237 2248 703
f 703 702 2234
f 703 2234 2237
f 2566 1640 218
f 860 2566 218
f 2577 876 2540
f 876 842 2540
f 2540 218 1640
f 842 218 2540
f 2575 870 226
f 226 1648 2575
f 553 1885 1346
f 13 553 1346
f 1346 631 13
f 2027 631 1346
f 1941 631 2027
f 610 631 1941
f 1928 1927 572
f 572 574 1928
f 1962 163 1502
f 1962 625 163
f 2583 906 895
f 895 2581 2583
f 2581 895 892
f 2580 2581 892
f 41 1377 2163
f 640 41 2163
f 2164 1392 46
f 46 641 2164
f 46 2172 653
f 46 1392 2172
f 2211 692 2216
f 692 697 2216
f 180 1566 2216
f 2216 697 180
f 694 1566 180
f 694 2215 1566
f 694 701 2220
f 2220 2215 694
f 2649 1657 286
f 2649 286 1136
f 286 1657 2630
f 1130 286 2630
f 2630 1661 291
f 291 1130 2630
f 942 64 2593
f 2593 64 1414
f 1137 2651 1418
f 1418 77 1137
f 2173 2170 647
f 647 654 2173
f 859 2566 860
f 859 2554 2566
f 859 861 2568
f 2568 2554 859
f 2570 1885 553
f 553 864 2570
f 870 2575 2570
f 2570 864 870
f 1504 1976 630
f 630 164 1504
f 628 1974 1504
f 164 628 1504
f 640 2163 1550
f 1550 167 640
f 2164 641 1550
f 641 167 1550
f 2659 2649 1136
f 2659 1136 1143
f 1414 64 2605
f 64 950 2605
f 951 2607 2605
f 2605 950 951
f 869 1648 226
f 869 2572 1648
f 878 2579 869
f 2579 2572 869
f 2205 675 704
f 704 2245 2205
f 704 705 2248
f 2248 2245 704
f 1947 620 45
f 45 1380 1947
f 611 1942 1946
f 1946 615 611
f 1380 45 1946
f 1946 45 615
f 160 1942 611
f 1497 1942 160
f 610 1941 160
f 160 1941 1497
f 625 1962 564
f 1962 1924 564
f 564 1928 574
f 564 1924 1928
f 2656 2659 1143
f 1143 1142 2656
f 77 1418 2656
f 1142 77 2656
f 1169 2664 1669
f 300 1169 1669
f 2662 1668 298
f 2662 298 1160
f 1410 50 2592
f 2592 50 941
f 656 2173 654
f 656 2175 2173
f 170 1554 656
f 1554 2175 656
f 242 2592 941
f 1652 2592 242
f 942 2593 242
f 2593 1652 242
f 300 1669 2666
f 1171 300 2666
f 2666 2662 1160
f 2666 1160 1171
f 2661 2599 948
f 948 1157 2661
f 298 1668 2661
f 1157 298 2661
f 2609 2607 951
f 951 952 2609
f 948 2599 2609
f 2609 952 948
f 1638 186 715
f 2531 1638 715
f 715 50 1410
f 715 1410 2531
f 713 2532 2525
f 716 2532 713
f 2580 892 713
f 713 2525 2580
f 718 2532 716
f 2534 2532 718
f 718 186 1638
f 1638 2534 718
