v -2 -2 -0.099999999999999978
v -2 -1.8999999999999999 -0.10999999999999999
v -2 -1.8 -0.11999999999999997
v -2 -1.7 -0.12999999999999998
v -2 -1.6000000000000001 -0.13999999999999996
v -2 -1.5 -0.14999999999999997
v -2 -1.3999999999999999 -0.16
v -2 -1.2999999999999998 -0.17000000000000001
v -2 -1.1000000000000001 -0.18999999999999997
v -2 -0.79999999999999982 -0.22
v -2 -0.69999999999999996 -0.22999999999999998
v -2 -0.59999999999999987 -0.23999999999999999
v -2 -0.5 -0.25
v -2 -0.29999999999999982 -0.27000000000000002
v -2 -0.19999999999999996 -0.27999999999999997
v -2 -0.099999999999999867 -0.28999999999999998
v -2 0 -0.29999999999999999
v -2 0.40000000000000036 -0.34000000000000002
v -2 0.5 -0.34999999999999998
v -2 0.90000000000000036 -0.39000000000000001
v -2 1 -0.40000000000000002
v -2 1.4000000000000004 -0.44000000000000006
v -2 1.5 -0.45000000000000001
v -2 1.9000000000000004 -0.49000000000000005
v -2 2 -0.5
v -1.8999999999999999 -2 -0.084999999999999964
v -1.8999999999999999 -1.8999999999999999 -0.094999999999999973
v -1.8999999999999999 -1.8 -0.10499999999999995
v -1.8999999999999999 -1.7 -0.11499999999999996
v -1.8999999999999999 -1.6000000000000001 -0.12499999999999994
v -1.8999999999999999 -1.5 -0.13499999999999995
v -1.8999999999999999 -1.3999999999999999 -0.14499999999999999
v -1.8999999999999999 -1.2999999999999998 -0.155
v -1.8999999999999999 -1.1000000000000001 -0.17499999999999996
v -1.8999999999999999 -0.79999999999999982 -0.20499999999999999
v -1.8999999999999999 -0.69999999999999996 -0.21499999999999997
v -1.8999999999999999 -0.59999999999999987 -0.22499999999999998
v -1.8999999999999999 -0.5 -0.23499999999999999
v -1.8999999999999999 -0.29999999999999982 -0.255
v -1.8999999999999999 -0.19999999999999996 -0.26499999999999996
v -1.8999999999999999 -0.099999999999999867 -0.27499999999999997
v -1.8999999999999999 0 -0.28499999999999998
v -1.8999999999999999 0.40000000000000036 -0.32500000000000001
v -1.8999999999999999 0.5 -0.33499999999999996
v -1.8999999999999999 0.90000000000000036 -0.375
v -1.8999999999999999 1 -0.38500000000000001
v -1.8999999999999999 1.4000000000000004 -0.42500000000000004
v -1.8999999999999999 1.5 -0.435
v -1.8999999999999999 1.9000000000000004 -0.47500000000000003
v -1.8999999999999999 2 -0.48499999999999999
v -1.8 -2 -0.070000000000000007
v -1.8 -1.8999999999999999 -0.080000000000000016
v -1.8 -1.8 -0.089999999999999997
v -1.8 -1.7 -0.10000000000000001
v -1.8 -1.6000000000000001 -0.10999999999999999
v -1.8 -1.5 -0.12
v -1.8 -1.3999999999999999 -0.13000000000000003
v -1.8 -1.2999999999999998 -0.14000000000000004
v -1.8 -1.1000000000000001 -0.16
v -1.8 -0.79999999999999982 -0.19000000000000003
v -1.8 -0.69999999999999996 -0.20000000000000001
v -1.8 -0.59999999999999987 -0.21000000000000002
v -1.8 -0.5 -0.22000000000000003
v -1.8 -0.29999999999999982 -0.24000000000000005
v -1.8 -0.19999999999999996 -0.25
v -1.8 -0.099999999999999867 -0.26000000000000001
v -1.8 0 -0.27000000000000002
v -1.8 0.40000000000000036 -0.31000000000000005
v -1.8 0.5 -0.32000000000000001
v -1.8 0.90000000000000036 -0.36000000000000004
v -1.8 1 -0.37
v -1.8 1.4000000000000004 -0.41000000000000003
v -1.8 1.5 -0.42000000000000004
v -1.8 1.9000000000000004 -0.46000000000000008
v -1.8 2 -0.47000000000000003
v -1.7 -2 -0.054999999999999993
v -1.7 -1.8999999999999999 -0.065000000000000002
v -1.7 -1.8 -0.074999999999999983
v -1.7 -1.7 -0.084999999999999992
v -1.7 -1.6000000000000001 -0.094999999999999973
v -1.7 -1.5 -0.10499999999999998
v -1.7 -1.3999999999999999 -0.11500000000000002
v -1.7 -1.2999999999999998 -0.12500000000000003
v -1.7 -1.1000000000000001 -0.14499999999999999
v -1.7 -0.79999999999999982 -0.17500000000000002
v -1.7 -0.69999999999999996 -0.185
v -1.7 -0.59999999999999987 -0.19500000000000001
v -1.7 -0.5 -0.20500000000000002
v -1.7 -0.29999999999999982 -0.22500000000000003
v -1.7 -0.19999999999999996 -0.23500000000000001
v -1.7 -0.099999999999999867 -0.24500000000000002
v -1.7 0 -0.255
v -1.7 0.40000000000000036 -0.29500000000000004
v -1.7 0.5 -0.30499999999999999
v -1.7 0.90000000000000036 -0.34500000000000003
v -1.7 1 -0.35499999999999998
v -1.7 1.4000000000000004 -0.39500000000000002
v -1.7 1.5 -0.40500000000000003
v -1.7 1.9000000000000004 -0.44500000000000006
v -1.7 2 -0.45500000000000002
v -1.6000000000000001 -2 -0.03999999999999998
v -1.6000000000000001 -1.8999999999999999 -0.049999999999999989
v -1.6000000000000001 -1.8 -0.05999999999999997
v -1.6000000000000001 -1.7 -0.069999999999999979
v -1.6000000000000001 -1.6000000000000001 -0.07999999999999996
v -1.6000000000000001 -1.5 -0.089999999999999969
v -1.6000000000000001 -1.3999999999999999 -0.10000000000000001
v -1.6000000000000001 -1.2999999999999998 -0.11000000000000001
v -1.6000000000000001 -1.1000000000000001 -0.12999999999999998
v -1.6000000000000001 -0.79999999999999982 -0.16
v -1.6000000000000001 -0.69999999999999996 -0.16999999999999998
v -1.6000000000000001 -0.59999999999999987 -0.17999999999999999
v -1.6000000000000001 -0.5 -0.19
v -1.6000000000000001 -0.29999999999999982 -0.21000000000000002
v -1.6000000000000001 -0.19999999999999996 -0.22
v -1.6000000000000001 -0.099999999999999867 -0.23000000000000001
v -1.6000000000000001 0 -0.23999999999999999
v -1.6000000000000001 0.40000000000000036 -0.28000000000000003
v -1.6000000000000001 0.5 -0.28999999999999998
v -1.6000000000000001 0.90000000000000036 -0.33000000000000002
v -1.6000000000000001 1 -0.33999999999999997
v -1.6000000000000001 1.4000000000000004 -0.38
v -1.6000000000000001 1.5 -0.39000000000000001
v -1.6000000000000001 1.9000000000000004 -0.43000000000000005
v -1.6000000000000001 2 -0.44
v -1.5 -2 -0.024999999999999967
v -1.5 -1.8999999999999999 -0.034999999999999976
v -1.5 -1.8 -0.044999999999999957
v -1.5 -1.7 -0.054999999999999966
v -1.5 -1.6000000000000001 -0.064999999999999947
v -1.5 -1.5 -0.074999999999999956
v -1.5 -1.3999999999999999 -0.084999999999999992
v -1.5 -1.2999999999999998 -0.095000000000000001
v -1.5 -1.1000000000000001 -0.11499999999999996
v -1.5 -0.79999999999999982 -0.14499999999999999
v -1.5 -0.69999999999999996 -0.15499999999999997
v -1.5 -0.59999999999999987 -0.16499999999999998
v -1.5 -0.29999999999999982 -0.19500000000000001
v -1.5 -0.19999999999999996 -0.20499999999999999
v -1.5 -0.099999999999999867 -0.215
v -1.5 0 -0.22499999999999998
v -1.5 0.30000000000000027 -0.255
v -1.5 0.40000000000000036 -0.26500000000000001
v -1.5 0.5 -0.27499999999999997
v -1.5 0.90000000000000036 -0.315
v -1.5 1 -0.32499999999999996
v -1.5 1.4000000000000004 -0.36499999999999999
v -1.5 1.9000000000000004 -0.41500000000000004
v -1.5 2 -0.42499999999999999
v -1.3999999999999999 -2 -0.0099999999999999811
v -1.3999999999999999 -1.8999999999999999 -0.01999999999999999
v -1.3999999999999999 -1.8 -0.029999999999999971
v -1.3999999999999999 -1.7 -0.03999999999999998
v -1.3999999999999999 -1.6000000000000001 -0.049999999999999961
v -1.3999999999999999 -1.5 -0.05999999999999997
v -1.3999999999999999 -1.3999999999999999 -0.070000000000000007
v -1.3999999999999999 -1.2999999999999998 -0.080000000000000016
v -1.3999999999999999 -0.79999999999999982 -0.13
v -1.3999999999999999 -0.69999999999999996 -0.14000000000000001
v -1.3999999999999999 -0.59999999999999987 -0.14999999999999999
v -1.3999999999999999 -0.5 -0.15999999999999998
v -1.3999999999999999 -0.19999999999999996 -0.19
v -1.3999999999999999 -0.099999999999999867 -0.20000000000000001
v -1.3999999999999999 0 -0.20999999999999999
v -1.3999999999999999 0.30000000000000027 -0.24000000000000002
v -1.3999999999999999 0.40000000000000036 -0.25
v -1.3999999999999999 0.5 -0.26000000000000001
v -1.3999999999999999 0.90000000000000036 -0.30000000000000004
v -1.3999999999999999 1 -0.31
v -1.3999999999999999 1.4000000000000004 -0.35000000000000003
v -1.3999999999999999 1.5 -0.35999999999999999
v -1.3999999999999999 2 -0.41000000000000003
v -1.2999999999999998 -2 0.0050000000000000322
v -1.2999999999999998 -1.8999999999999999 -0.0049999999999999767
v -1.2999999999999998 -1.8 -0.014999999999999958
v -1.2999999999999998 -1.7 -0.024999999999999967
v -1.2999999999999998 -1.6000000000000001 -0.034999999999999948
v -1.2999999999999998 -1.5 -0.044999999999999957
v -1.2999999999999998 -1.3999999999999999 -0.054999999999999993
v -1.2999999999999998 -0.69999999999999996 -0.12499999999999999
v -1.2999999999999998 -0.59999999999999987 -0.13499999999999998
v -1.2999999999999998 -0.5 -0.14499999999999996
v -1.2999999999999998 -0.29999999999999982 -0.16499999999999998
v -1.2999999999999998 -0.19999999999999996 -0.17499999999999999
v -1.2999999999999998 -0.099999999999999867 -0.185
v -1.2999999999999998 0 -0.19499999999999998
v -1.2999999999999998 0.40000000000000036 -0.23500000000000001
v -1.2999999999999998 0.5 -0.245
v -1.2999999999999998 0.90000000000000036 -0.28500000000000003
v -1.2999999999999998 1 -0.29499999999999998
v -1.2999999999999998 1.4000000000000004 -0.33500000000000002
v -1.2999999999999998 1.5 -0.34499999999999997
v -1.2999999999999998 1.9000000000000004 -0.38500000000000001
v -1.2999999999999998 2 -0.39500000000000002
v -1.2 -0.59999999999999987 -0.12
v -1.2 -0.5 -0.13
v -1.2 -0.29999999999999982 -0.15000000000000002
v -1.2 -0.19999999999999996 -0.16
v -1.2 0.40000000000000036 -0.22000000000000003
v -1.2 0.5 -0.22999999999999998
v -1.2 0.90000000000000036 -0.27000000000000002
v -1.2 1 -0.28000000000000003
v -1.2 1.4000000000000004 -0.32000000000000006
v -1.2 1.9000000000000004 -0.37000000000000005
v -1.2 2 -0.38
v -1.1000000000000001 -2 0.035000000000000003
v -1.1000000000000001 -1.8999999999999999 0.024999999999999994
v -1.1000000000000001 -1.8 0.015000000000000013
v -1.1000000000000001 -1.7 0.0050000000000000044
v -1.1000000000000001 -1.6000000000000001 -0.0049999999999999767
v -1.1000000000000001 -0.5 -0.115
v -1.1000000000000001 -0.39999999999999991 -0.125
v -1.1000000000000001 -0.29999999999999982 -0.13500000000000001
v -1.1000000000000001 -0.19999999999999996 -0.14500000000000002
v -1.1000000000000001 -0.099999999999999867 -0.15500000000000003
v -1.1000000000000001 0 -0.16500000000000001
v -1.1000000000000001 0.40000000000000036 -0.20500000000000004
v -1.1000000000000001 0.5 -0.21500000000000002
v -1.1000000000000001 0.90000000000000036 -0.25500000000000006
v -1.1000000000000001 1 -0.26500000000000001
v -1.1000000000000001 1.4000000000000004 -0.30500000000000005
v -1.1000000000000001 1.5 -0.31500000000000006
v -1.1000000000000001 1.9000000000000004 -0.35500000000000009
v -1.1000000000000001 2 -0.36499999999999999
v -1 -0.39999999999999991 -0.11
v -1 -0.29999999999999982 -0.12000000000000001
v -1 -0.19999999999999996 -0.13
v -0.79999999999999982 -2 0.080000000000000043
v -0.79999999999999982 -1.8999999999999999 0.070000000000000034
v -0.79999999999999982 -1.8 0.060000000000000053
v -0.79999999999999982 -1.7 0.050000000000000044
v -0.79999999999999982 -1.6000000000000001 0.040000000000000063
v -0.79999999999999982 -0.19999999999999996 -0.099999999999999978
v -0.79999999999999982 -0.099999999999999867 -0.10999999999999999
v -0.79999999999999982 0 -0.11999999999999997
v -0.79999999999999982 0.10000000000000009 -0.12999999999999998
v -0.79999999999999982 0.40000000000000036 -0.16
v -0.79999999999999982 0.5 -0.16999999999999998
v -0.79999999999999982 0.90000000000000036 -0.21000000000000002
v -0.79999999999999982 1 -0.21999999999999997
v -0.79999999999999982 1.4000000000000004 -0.26000000000000001
v -0.79999999999999982 1.5 -0.27000000000000002
v -0.79999999999999982 1.9000000000000004 -0.31000000000000005
v -0.79999999999999982 2 -0.31999999999999995
v -0.69999999999999996 -2 0.095000000000000015
v -0.69999999999999996 -1.8999999999999999 0.085000000000000006
v -0.69999999999999996 -1.8 0.075000000000000025
v -0.69999999999999996 -1.7 0.065000000000000016
v -0.69999999999999996 -1.6000000000000001 0.055000000000000035
v -0.69999999999999996 -1.5 0.045000000000000026
v -0.69999999999999996 -0.099999999999999867 -0.095000000000000001
v -0.69999999999999996 0 -0.105
v -0.69999999999999996 0.10000000000000009 -0.115
v -0.69999999999999996 0.20000000000000018 -0.125
v -0.69999999999999996 0.90000000000000036 -0.19500000000000003
v -0.69999999999999996 1 -0.20500000000000002
v -0.69999999999999996 1.4000000000000004 -0.24500000000000005
v -0.69999999999999996 1.5 -0.255
v -0.69999999999999996 1.9000000000000004 -0.29500000000000004
v -0.69999999999999996 2 -0.30499999999999999
v -0.59999999999999987 -2 0.11000000000000003
v -0.59999999999999987 -1.8999999999999999 0.10000000000000002
v -0.59999999999999987 -1.8 0.090000000000000038
v -0.59999999999999987 -1.7 0.080000000000000029
v -0.59999999999999987 -1.6000000000000001 0.070000000000000048
v -0.59999999999999987 -1.5 0.060000000000000039
v -0.59999999999999987 0 -0.089999999999999983
v -0.59999999999999987 0.90000000000000036 -0.18000000000000002
v -0.59999999999999987 1 -0.19
v -0.59999999999999987 1.4000000000000004 -0.23000000000000004
v -0.59999999999999987 1.5 -0.23999999999999999
v -0.59999999999999987 1.9000000000000004 -0.28000000000000003
v -0.59999999999999987 2 -0.28999999999999998
v -0.5 -2 0.125
v -0.5 -1.8999999999999999 0.115
v -0.5 -1.8 0.10500000000000002
v -0.5 -1.7 0.095000000000000015
v -0.5 -1.6000000000000001 0.085000000000000034
v -0.5 -1.5 0.075000000000000025
v -0.5 -1.3999999999999999 0.064999999999999988
v -0.5 0.90000000000000036 -0.16500000000000004
v -0.5 1 -0.17499999999999999
v -0.5 1.4000000000000004 -0.21500000000000002
v -0.5 1.5 -0.22500000000000003
v -0.5 1.9000000000000004 -0.26500000000000007
v -0.5 2 -0.27500000000000002
v -0.39999999999999991 -1.8999999999999999 0.13
v -0.39999999999999991 -1.8 0.12000000000000004
v -0.39999999999999991 -1.7 0.11000000000000003
v -0.29999999999999982 -2 0.15500000000000003
v -0.29999999999999982 -1.8999999999999999 0.14500000000000002
v -0.29999999999999982 -1.8 0.13500000000000006
v -0.29999999999999982 -1.7 0.12500000000000006
v -0.29999999999999982 -1.6000000000000001 0.11500000000000006
v -0.29999999999999982 -1.5 0.10500000000000005
v -0.29999999999999982 -1.3999999999999999 0.095000000000000015
v -0.29999999999999982 -1.2999999999999998 0.085000000000000006
v -0.29999999999999982 0.90000000000000036 -0.13500000000000001
v -0.29999999999999982 1 -0.14499999999999996
v -0.29999999999999982 1.4000000000000004 -0.185
v -0.29999999999999982 1.5 -0.19500000000000001
v -0.29999999999999982 1.9000000000000004 -0.23500000000000004
v -0.29999999999999982 2 -0.245
v -0.19999999999999996 -2 0.17000000000000001
v -0.19999999999999996 -1.8999999999999999 0.16
v -0.19999999999999996 -1.8 0.15000000000000002
v -0.19999999999999996 -1.7 0.14000000000000001
v -0.19999999999999996 -1.6000000000000001 0.13000000000000003
v -0.19999999999999996 -1.5 0.12000000000000002
v -0.19999999999999996 -1.3999999999999999 0.10999999999999999
v -0.19999999999999996 -1.2999999999999998 0.099999999999999978
v -0.19999999999999996 -1.1000000000000001 0.080000000000000016
v -0.19999999999999996 0.90000000000000036 -0.12000000000000002
v -0.19999999999999996 1 -0.13
v -0.19999999999999996 1.4000000000000004 -0.17000000000000004
v -0.19999999999999996 1.5 -0.18000000000000002
v -0.19999999999999996 1.9000000000000004 -0.22000000000000006
v -0.19999999999999996 2 -0.23000000000000001
v -0.099999999999999867 -2 0.18500000000000003
v -0.099999999999999867 -1.8999999999999999 0.17500000000000002
v -0.099999999999999867 -1.8 0.16500000000000004
v -0.099999999999999867 -1.7 0.15500000000000003
v -0.099999999999999867 -1.6000000000000001 0.14500000000000005
v -0.099999999999999867 -1.5 0.13500000000000004
v -0.099999999999999867 -1.3999999999999999 0.125
v -0.099999999999999867 -1.2999999999999998 0.11499999999999999
v -0.099999999999999867 -1.1000000000000001 0.095000000000000029
v -0.099999999999999867 0.90000000000000036 -0.10500000000000001
v -0.099999999999999867 1 -0.11499999999999999
v -0.099999999999999867 1.4000000000000004 -0.15500000000000003
v -0.099999999999999867 1.5 -0.16500000000000001
v -0.099999999999999867 1.9000000000000004 -0.20500000000000004
v -0.099999999999999867 2 -0.215
v 0 -2 0.20000000000000001
v 0 -1.8999999999999999 0.19
v 0 -1.8 0.18000000000000002
v 0 -1.7 0.17000000000000001
v 0 -1.6000000000000001 0.16000000000000003
v 0 -1.5 0.15000000000000002
v 0 -1.3999999999999999 0.13999999999999999
v 0 -1.2999999999999998 0.12999999999999998
v 0 -1.1000000000000001 0.11000000000000001
v 0 0.90000000000000036 -0.090000000000000038
v 0 1 -0.10000000000000001
v 0 1.4000000000000004 -0.14000000000000004
v 0 1.5 -0.15000000000000002
v 0 1.9000000000000004 -0.19000000000000006
v 0 2 -0.20000000000000001
v 0.40000000000000036 -2 0.26000000000000006
v 0.40000000000000036 -1.8999999999999999 0.25000000000000006
v 0.40000000000000036 -1.8 0.24000000000000007
v 0.40000000000000036 -1.7 0.23000000000000007
v 0.40000000000000036 -1.6000000000000001 0.22000000000000008
v 0.40000000000000036 -1.5 0.21000000000000008
v 0.40000000000000036 -1.3999999999999999 0.20000000000000004
v 0.40000000000000036 -1.2999999999999998 0.19000000000000003
v 0.40000000000000036 1 -0.039999999999999952
v 0.40000000000000036 1.4000000000000004 -0.079999999999999988
v 0.40000000000000036 1.5 -0.089999999999999969
v 0.40000000000000036 1.9000000000000004 -0.13
v 0.40000000000000036 2 -0.13999999999999996
v 0.5 -2 0.27500000000000002
v 0.5 -1.8999999999999999 0.26500000000000001
v 0.5 -1.8 0.255
v 0.5 -1.7 0.245
v 0.5 -1.6000000000000001 0.23500000000000004
v 0.5 -1.5 0.22500000000000003
v 0.5 1.4000000000000004 -0.065000000000000044
v 0.5 1.5 -0.075000000000000025
v 0.5 1.9000000000000004 -0.11500000000000006
v 0.5 2 -0.125
v 0.60000000000000009 2 -0.11
v 0.80000000000000027 -1.7 0.29000000000000004
v 0.80000000000000027 1.4000000000000004 -0.020000000000000004
v 0.80000000000000027 1.5 -0.029999999999999985
v 0.80000000000000027 1.9000000000000004 -0.070000000000000021
v 0.80000000000000027 2 -0.079999999999999974
v 0.90000000000000036 -2 0.33500000000000008
v 0.90000000000000036 -1.8999999999999999 0.32500000000000007
v 0.90000000000000036 -1.8 0.31500000000000006
v 0.90000000000000036 -1.7 0.30500000000000005
v 0.90000000000000036 0 0.13500000000000004
v 0.90000000000000036 1.5 -0.014999999999999986
v 0.90000000000000036 1.9000000000000004 -0.055000000000000021
v 0.90000000000000036 2 -0.064999999999999974
v 1 -2 0.34999999999999998
v 1 -1.8999999999999999 0.33999999999999997
v 1 -1.8 0.33000000000000002
v 1 -1.7 0.32000000000000001
v 1 -0.099999999999999867 0.15999999999999998
v 1 0 0.14999999999999999
v 1 1.5 -2.7755575615628914e-17
v 1 1.9000000000000004 -0.040000000000000063
v 1 2 -0.050000000000000017
v 1.4000000000000004 -2 0.41000000000000003
v 1.4000000000000004 -1.8999999999999999 0.40000000000000002
v 1.4000000000000004 -1.8 0.39000000000000007
v 1.4000000000000004 -1.7 0.38000000000000006
v 1.4000000000000004 -1.6000000000000001 0.37000000000000011
v 1.4000000000000004 -0.29999999999999982 0.24000000000000005
v 1.4000000000000004 -0.19999999999999996 0.23000000000000004
v 1.4000000000000004 -0.099999999999999867 0.22000000000000003
v 1.4000000000000004 0 0.21000000000000005
v 1.4000000000000004 0.40000000000000036 0.17000000000000001
v 1.4000000000000004 0.5 0.16000000000000003
v 1.4000000000000004 1.4000000000000004 0.070000000000000007
v 1.4000000000000004 1.5 0.060000000000000026
v 1.4000000000000004 1.9000000000000004 0.01999999999999999
v 1.4000000000000004 2 0.010000000000000037
v 1.5 -2 0.42499999999999999
v 1.5 -1.8999999999999999 0.41499999999999998
v 1.5 -1.8 0.40500000000000003
v 1.5 -1.7 0.39500000000000002
v 1.5 -1.6000000000000001 0.38500000000000001
v 1.5 -0.5 0.27499999999999997
v 1.5 -0.29999999999999982 0.25499999999999995
v 1.5 -0.19999999999999996 0.24499999999999997
v 1.5 -0.099999999999999867 0.23499999999999996
v 1.5 0 0.22499999999999998
v 1.5 0.40000000000000036 0.18499999999999994
v 1.5 0.5 0.17499999999999999
v 1.5 1.4000000000000004 0.084999999999999937
v 1.5 1.5 0.074999999999999956
v 1.5 1.9000000000000004 0.03499999999999992
v 1.5 2 0.024999999999999967
v 1.6000000000000001 -0.19999999999999996 0.26000000000000001
v 1.6000000000000001 -0.099999999999999867 0.24999999999999997
v 1.7000000000000002 -0.099999999999999867 0.26500000000000001
v 1.7000000000000002 0 0.255
v 1.9000000000000004 -2 0.48500000000000004
v 1.9000000000000004 -1.8999999999999999 0.47500000000000003
v 1.9000000000000004 -1.8 0.46500000000000008
v 1.9000000000000004 -1.7 0.45500000000000007
v 1.9000000000000004 -1.6000000000000001 0.44500000000000006
v 1.9000000000000004 -1.5 0.43500000000000005
v 1.9000000000000004 -1.2999999999999998 0.41500000000000004
v 1.9000000000000004 -1.2 0.40500000000000003
v 1.9000000000000004 -1.1000000000000001 0.39500000000000002
v 1.9000000000000004 -0.79999999999999982 0.36499999999999999
v 1.9000000000000004 -0.69999999999999996 0.35500000000000004
v 1.9000000000000004 -0.59999999999999987 0.34500000000000003
v 1.9000000000000004 -0.5 0.33500000000000002
v 1.9000000000000004 -0.29999999999999982 0.315
v 1.9000000000000004 -0.19999999999999996 0.30500000000000005
v 1.9000000000000004 -0.099999999999999867 0.29500000000000004
v 1.9000000000000004 0 0.28500000000000003
v 1.9000000000000004 0.40000000000000036 0.245
v 1.9000000000000004 0.5 0.23500000000000004
v 1.9000000000000004 0.90000000000000036 0.19500000000000001
v 1.9000000000000004 1 0.18500000000000003
v 1.9000000000000004 1.4000000000000004 0.14499999999999999
v 1.9000000000000004 1.5 0.13500000000000001
v 1.9000000000000004 1.9000000000000004 0.094999999999999973
v 1.9000000000000004 2 0.08500000000000002
v 2 -2 0.5
v 2 -1.8999999999999999 0.48999999999999999
v 2 -1.8 0.47999999999999998
v 2 -1.7 0.46999999999999997
v 2 -1.6000000000000001 0.46000000000000002
v 2 -1.5 0.45000000000000001
v 2 -1.3999999999999999 0.43999999999999995
v 2 -1.2999999999999998 0.42999999999999994
v 2 -1.2 0.41999999999999998
v 2 -1.1000000000000001 0.41000000000000003
v 2 -0.79999999999999982 0.38
v 2 -0.69999999999999996 0.37
v 2 -0.59999999999999987 0.35999999999999999
v 2 -0.5 0.34999999999999998
v 2 -0.29999999999999982 0.32999999999999996
v 2 -0.19999999999999996 0.32000000000000001
v 2 -0.099999999999999867 0.31
v 2 0 0.29999999999999999
v 2 0.40000000000000036 0.25999999999999995
v 2 0.5 0.25
v 2 0.90000000000000036 0.20999999999999996
v 2 1 0.19999999999999998
v 2 1.4000000000000004 0.15999999999999995
v 2 1.5 0.14999999999999997
v 2 1.9000000000000004 0.10999999999999993
v 2 2 0.099999999999999978
v -2 -2 -0.90000000000000002
v -2 2 -0.90000000000000002
v 2 -2 -0.90000000000000002
v 2 2 -0.90000000000000002
v -1 -1.3680117784833934 -0.14545556584642799
v -1 -1 -0.24999999999999994
v -1 -1.1912865702388702 -0.22335685044874226
v -0.81807566089457184 -1.3037219951868864 -0.15386793629133028
v -0.81599411075830319 -1.1137218936815172 -0.21573956140660749
v -1.1840058892416967 -0.88627810631848281 -0.21573956140660749
v -1.3680117784833936 -1 -0.14545556584642788
v -1.0567604054103124 -1.4309494146115764 -0.098690129693979889
v -0.94323959458968754 -1.4309494146115764 -0.098690129693979889
v -1 -1.4920349213414412 -0.047897214473551331
v -1 -0.90343343051065639 -0.24330721736980326
v -0.73147038712046653 -1.2625269972347468 -0.14073803223567299
v -0.90784124005355471 -1.2507601554406054 -0.19701322042794217
v -0.67209910439313192 -1.3177933498176828 -0.080554794033443511
v -0.75769288964770554 -1.3612851340357428 -0.098416188854319187
v -0.90685022710158603 -1.0575697256955536 -0.24138183841659638
v -0.90704526622046833 -1.1540819192313048 -0.22647481818170728
v -0.81514207453865406 -1.2108812153652624 -0.19137092263385097
v -1.091840265169109 -1.3391091494424674 -0.15545053510429235
v -1.1491160059543908 -1.3998761613949959 -0.10485446048149688
v -1.0921587599464453 -1.2507601554406054 -0.19701322042794217
v -1.3279008956068681 -1.3177933498176828 -0.080554794033443511
v -1.207203214804438 -1.4531883257175569 -0.041616892720361454
v -1.0931497728984139 -1.0575697256955536 -0.24138183841659638
v -1.0929547337795318 -1.1540819192313048 -0.22647481818170728
v -1.2685296128795334 -0.73747300276525318 -0.14073803223567299
v -1.0929547337795318 -0.84591808076869535 -0.22647481818170728
v -1.1864832907941971 -1 -0.22470288442733571
v -1.2797249361912959 -1.0576265060223722 -0.18908774505260934
v -1.2797249361912959 -0.94237349397762793 -0.18908774505260934
v 1 1.3680117784833934 -0.045455565846427959
v 1.3500000000000001 0.78368810393753674 -0.016311896062463083
v 1.3500000000000001 1.2163118960624633 -0.016311896062463083
v 1 1.1912865702388702 -0.12335685044874223
v 1.491432511343314 0.88756457505198383 0.064353665707685692
v 1.1840058892416967 0.88627810631848281 -0.11573956140660746
v 1.4817336721649106 0.702272217076786 0.13855032339526885
v 1.1819243391054282 1.3037219951868864 -0.053867936291330243
v 1.491432511343314 1.1124354249480162 0.064353665707685692
v 1.1840058892416967 1.1137218936815172 -0.11573956140660746
v 1.0567604054103124 1.4309494146115764 0.0013098703060201444
v 1 1.282348744032155 -0.090530394863088781
v 1.2685296128795334 0.73747300276525318 -0.040738032235672961
v 1.5486901296939799 0.94323959458968754 0.11905058538842367
v 1.42477760449027 0.83403957225459679 0.018943389885719975
v 1.3279008956068681 0.68220665018231719 0.019445205966556522
v 1.0931497728984139 0.94243027430444637 -0.14138183841659635
v 1.1848579254613458 0.7891187846347375 -0.091370922633850937
v 1.4210506685052819 0.73977637587787082 0.055025253169416866
v 1.2685296128795334 1.2625269972347468 -0.040738032235672961
v 1.1491160059543908 1.3998761613949959 -0.0048544604814968473
v 1.0921587599464453 1.2507601554406054 -0.097013220427942137
v 1.42477760449027 1.1659604277454032 0.018943389885719975
v 1.4978972144735514 1 0.057965078658558822
v 1.3279008956068681 1.3177933498176828 0.019445205966556522
v 1.2423071103522945 1.3612851340357428 0.0015838111456808468
v 1.2703311699113145 1.1670738512237153 -0.073704566931857451
v 1.0929547337795318 1.1540819192313048 -0.12647481818170725
v 1.1848579254613458 1.2108812153652624 -0.091370922633850937
v 1.4210506685052819 1.2602236241221292 0.055025253169416866
v 1.4916168927203615 1.207203214804438 0.096811674282443305
v 1.2797249361912959 0.94237349397762793 -0.089087745052609302
v 1.4341677078294128 1.0567992961339578 0.0038569405029114101
v 1.2797249361912959 1.0576265060223722 -0.089087745052609302
v 0.90685022710158603 1.0575697256955536 -0.14138183841659635
v 0.90704526622046833 1.1540819192313048 -0.12647481818170725
v 0.81514207453865406 1.2108812153652624 -0.091370922633850937
v -0.8364873069517359 -1.5335308618270407 0.027879990139943703
v -0.63674855347039416 -1.4424238686728899 0.048730103846729864
v -0.64555588843355605 -1.4493201546181489 0.048098632196781475
v -1.4085334416282709 -1.1509990033764439 -0.096180115906596239
v -0.67824852398653301 -1.4686788569376861 0.045130607095788651
v -0.29999999999999988 -1.1093258230548178 0.06593258230548181
v 0.94155222640143699 1.4265318273432013 -0.0014203487741045896
v 0.96269874511451869 1.4309494146115764 0.0013098703060201444
v 0.90000000000000036 1.4099084241491502 -0.0059908424149149727
v -0.9406803882849174 -1.5434025589915594 0.013238197656418347
v -1.4179152172696403 -1.0689173318361884 -0.10579554940682717
v -1.4090345564036399 -0.96477919765675779 -0.11487726369487022
v -0.19999999999999998 -1.0093258230548179 0.070932582305481787
v -1.2999999999999998 -1.3726757776613259 -0.057732422233867424
v 1.071206703173337 1.4451419195265154 0.016166813523348991
v -1.3500458469128158 -1.3041070172313958 -0.072096175313782818
v -1.0824150333770055 -1.518289428233679 -0.010533312183182902
v -1.3534593729141151 -0.81109626919855449 -0.12190927901726183
v -0.099999999999999867 -0.90932582305481768 0.075932582305481791
v -1.3824502431161327 -1.2363672492514304 -0.083730811542276851
v -1.2113792263330034 -1.4564795220427285 -0.03605893174567764
v -1.2263828264868408 -1.4443450790855299 -0.039522916064473147
v 1.185250129785407 1.4330398885815421 0.034483530609656816
v 1.2093258230548183 0.40000000000000036 0.14139887345822269
v 0 -0.80932582305481782 0.080932582305481782
v -1.1312495313549369 -1.5 -0.019687429703240476
v -1.3416119454470583 -0.7888722067507431 -0.12235457114198442
v 1.2848294373141187 1.3997746178701227 0.052746953810105503
v 1.2842112201186828 1.4000000000000004 0.052631683017802369
v -1.275835252438809 -1.3999999999999999 -0.051375287865821337
v 1.218347682715337 1.4240117299402908 0.040350979413271468
v 1.3093258230548179 0.5 0.14639887345822264
v 1.4000000000000006 0.59067417694518254 0.15093258230548176
v -1.2682459823901637 -0.70000000000000007 -0.12023689735852454
v 1.5000000000000002 0.71608731785417845 0.15339126821458215
v 1.4896341025962687 0.69738948254445277 0.15370616713499502
v 1.4289605878714078 0.61963476481658997 0.15238061169905215
v -1.1682459823901634 -0.59999999999999987 -0.11523689735852451
v -1.1000000000000001 -0.53175401760983654 -0.11182459823901635
v -1.0682459823901636 -0.5 -0.11023689735852452
v 0.5 1.0682459823901636 -0.031824598239016358
v 1.4061526726937204 1.3168719194957585 0.079235708954482148
v 1.5019472969341956 1.1977141663112862 0.1055206779090007
v 1.5255026447791997 0.77185423868884817 0.15163997284799513
v 1.5523266663481317 0.84856207511429693 0.14799279244079006
v 1.5531209495217484 0.8518865836860815 0.14777948405965408
v 1.5584947313155266 0.90000000000000036 0.14377420969732893
v 1.5542696361249062 0.85964598403730974 0.14717584701500491
v -0.83184421839056133 -1.5325937614788967 0.028482743389305502
v -0.79999999999999982 -1.5222660155038956 0.032226601550389603
v 1.5621509196547421 0.93492036887851326 0.14083060106035997
v -0.73486018158712996 -1.5 0.03977097276193052
v -0.69999999999999984 -1.4808068524976838 0.043080685249768394
v -0.76824598239016351 -0.19999999999999996 -0.09523689735852453
v 0.77836751377786206 1.341575931644442 -0.017402466097764909
v 0.74462170740929712 1.3120569719901654 -0.019512441087621971
v 0.84630213666206855 1.3864477231268699 -0.011699451813376706
v 0.87523268378196706 1.4000000000000006 -0.0087150974327049966
v -0.63897402565383377 -0.070728043263670215 -0.088773299521708052
v -0.5 -1.3093258230548179 0.05593258230548178
v -0.56824598239016355 -0 -0.085236897358524535
v 1 -1.3680117784833934 -0.095455565846428003
v 1.595455565846428 -1 0.1319882215166065
v 0.78368810393753674 -1.5663118960624631 0.14999999999999997
v 1.2163118960624633 -1.5663118960624631 0.14999999999999997
v 1 -1 -0.19999999999999996
v 1.5663118960624631 -0.64999999999999991 0.2836881039375368
v 1.5663118960624631 -1.3500000000000001 0.2836881039375368
v 1.3500000000000001 -1.2163118960624633 -0.066311896062463127
v 1.3500000000000001 -0.78368810393753674 -0.066311896062463127
v 0.88756457505198383 -1.4856463342923145 0.0085674886566858843
v 1.3037219951868864 -1.6038679362913304 0.31807566089457195
v 1.1124354249480162 -1.4856463342923145 0.0085674886566858843
v 1.1137218936815172 -1.6657395614066075 0.31599411075830325
v 1 -1.595455565846428 0.13198822151660644
v 1 -1.1912865702388702 -0.17335685044874227
v 1.6038679362913304 -0.81807566089457184 0.19627800481311364
v 1.4114496766047313 -0.5182663278350893 0.202272217076786
v 1.6038679362913304 -1.1819243391054282 0.19627800481311364
v 1.4114496766047313 -1.4817336721649106 0.202272217076786
v 1.1819243391054282 -1.3037219951868864 -0.10386793629133029
v 1.491432511343314 -1.1124354249480162 0.014353665707685648
v 1.2977277829232139 -1.4114496766047311 0.018266327835089302
v 1.1840058892416967 -1.1137218936815172 -0.16573956140660751
v 1.4817336721649106 -1.2977277829232139 0.088550323395268804
v 1.491432511343314 -0.88756457505198383 0.014353665707685648
v 1.1840058892416967 -0.88627810631848281 -0.16573956140660751
v 1.4817336721649106 -0.702272217076786 0.088550323395268804
v 1.3680117784833936 -1 -0.095455565846427892
v 1.6733568504487422 -1 0.30871342976112981
v 0.58855032339526869 -1.4817336721649106 0.202272217076786
v 0.81807566089457184 -1.3037219951868864 -0.10386793629133029
v 0.702272217076786 -1.4114496766047311 0.018266327835089302
v 0.81599411075830319 -1.1137218936815172 -0.16573956140660751
v 0.73747300276525318 -1.5907380322356732 0.23147038712046658
v 0.94323959458968754 -1.4309494146115764 -0.0486901296939799
v 0.83403957225459679 -1.53105661011428 0.075222395509730089
v 0.83292614877628479 -1.6237045669318575 0.22966883008868555
v 1.2625269972347468 -1.5907380322356732 0.23147038712046658
v 1.0567604054103124 -1.4309494146115764 -0.0486901296939799
v 1.1659604277454032 -1.53105661011428 0.075222395509730089
v 1 -1.4920349213414412 0.0021027855264486583
v 1.1670738512237153 -1.6237045669318575 0.22966883008868555
v 1 -1.6747028844273357 0.31351670920580288
v 1.2108812153652624 -1.6413709226338509 0.31514207453865417
v 0.89049587447183842 -1.5881245197289973 0.13651905719027163
v 1.1095041255281617 -1.5881245197289973 0.13651905719027163
v 0.94320070386604227 -1.5461430594970886 0.065832292170587114
v 0.94237349397762793 -1.6390877450526093 0.22027506380870421
v 1.0567992961339576 -1.5461430594970886 0.065832292170587114
v 1.0576265060223722 -1.6390877450526093 0.22027506380870421
v 1 -1.282348744032155 -0.14053039486308883
v 1 -1.0965665694893436 -0.19330721736980327
v 1.6054505351042923 -0.90815973483089096 0.16089085055753249
v 1.590738032235673 -0.73147038712046653 0.23747300276525324
v 1.4949747468305832 -0.57894933149471806 0.23977637587787087
v 1.53105661011428 -1.42477760449027 0.33403957225459679
v 1.3998761613949959 -1.5548544604814971 0.35088399404560922
v 1.6054505351042923 -1.091840265169109 0.16089085055753249
v 1.590738032235673 -1.2685296128795334 0.23747300276525324
v 1.3177933498176828 -1.5305547940334434 0.17209910439313197
v 1.4949747468305832 -1.4210506685052819 0.23977637587787087
v 1.3612851340357426 -1.5484161888543193 0.25769288964770554
v 1.4531883257175569 -1.4916168927203617 0.29279678519556196
v 1.091840265169109 -1.3391091494424674 -0.10545053510429236
v 1.2685296128795334 -1.2625269972347468 -0.090738032235673005
v 1.1491160059543908 -1.3998761613949959 -0.054854460481496892
v 1.0921587599464453 -1.2507601554406054 -0.14701322042794218
v 1.5486901296939799 -1.0567604054103126 0.069050585388423624
v 1.42477760449027 -1.1659604277454032 -0.03105661011428007
v 1.5548544604814971 -1.1491160059543908 0.10012383860500396
v 1.2602236241221292 -1.4949747468305832 0.078949331494718
v 1.3279008956068681 -1.3177933498176828 -0.030554794033443522
v 1.207203214804438 -1.4531883257175569 0.0083831072796385353
v 1.3593628088613134 -1.4526044542584122 0.10502205176395996
v 1.2423071103522945 -1.3612851340357428 -0.048416188854319198
v 1.0931497728984139 -1.0575697256955536 -0.19138183841659639
v 1.2703311699113145 -1.1670738512237153 -0.1237045669318575
v 1.0929547337795318 -1.1540819192313048 -0.17647481818170729
v 1.1848579254613458 -1.2108812153652624 -0.14137092263385098
v 1.5305547940334434 -1.3279008956068681 0.18220665018231724
v 1.4210506685052819 -1.2602236241221292 0.0050252531694168212
v 1.5484161888543193 -1.2423071103522945 0.13871486596425725
v 1.4526044542584122 -1.39497794823604 0.1406371911386865
v 1.4916168927203615 -1.207203214804438 0.046811674282443261
v 1.39497794823604 -1.3593628088613134 0.047395545741587886
v 1.2685296128795334 -0.73747300276525318 -0.090738032235673005
v 1.5486901296939799 -0.94323959458968754 0.069050585388423624
v 1.42477760449027 -0.83403957225459679 -0.03105661011428007
v 1.5548544604814971 -0.85088399404560922 0.10012383860500396
v 1.4978972144735514 -1 0.0079650786585587774
v 1.3279008956068681 -0.68220665018231719 -0.030554794033443522
v 1.0931497728984139 -0.94243027430444637 -0.19138183841659639
v 1.2703311699113145 -0.83292614877628479 -0.1237045669318575
v 1.0929547337795318 -0.84591808076869535 -0.17647481818170729
v 1.1864832907941971 -1 -0.17470288442733573
v 1.1848579254613458 -0.7891187846347375 -0.14137092263385098
v 1.5305547940334434 -0.67209910439313192 0.18220665018231724
v 1.4210506685052819 -0.73977637587787082 0.0050252531694168212
v 1.5484161888543193 -0.75769288964770554 0.13871486596425725
v 1.4526044542584122 -0.60502205176395996 0.1406371911386865
v 1.4916168927203615 -0.79279678519556196 0.046811674282443261
v 1.39497794823604 -0.64063719113868656 0.047395545741587886
v 1.3634809428097285 -1.1095041255281617 -0.088124519728997153
v 1.3634809428097285 -0.89049587447183842 -0.088124519728997153
v 1.4341677078294128 -1.0567992961339578 -0.046143059497088634
v 1.2797249361912959 -1.0576265060223722 -0.13908774505260935
v 1.4341677078294128 -0.94320070386604227 -0.046143059497088634
v 1.2797249361912959 -0.94237349397762793 -0.13908774505260935
v 1.6405303948630889 -1 0.21765125596784496
v 1.6470132204279422 -0.90784124005355471 0.24923984455939474
v 1.6470132204279422 -1.0921587599464453 0.24923984455939474
v 1.6413709226338509 -0.81514207453865406 0.2891187846347375
v 1.6237045669318575 -1.2703311699113145 0.33292614877628479
v 1.6413709226338509 -1.1848579254613458 0.2891187846347375
v 1.6764748181817073 -1.0929547337795318 0.34591808076869535
v 0.68220665018231719 -1.5305547940334434 0.17209910439313197
v 0.90815973483089096 -1.3391091494424674 -0.10545053510429236
v 0.73147038712046653 -1.2625269972347468 -0.090738032235673005
v 0.85088399404560922 -1.3998761613949959 -0.054854460481496892
v 0.90784124005355471 -1.2507601554406054 -0.14701322042794218
v 0.73977637587787082 -1.4949747468305832 0.078949331494718
v 0.67209910439313192 -1.3177933498176828 -0.030554794033443522
v 0.79279678519556196 -1.4531883257175569 0.0083831072796385353
v 0.64063719113868645 -1.4526044542584122 0.10502205176395996
v 0.75769288964770554 -1.3612851340357428 -0.048416188854319198
v 0.90685022710158603 -1.0575697256955536 -0.19138183841659639
v 0.90704526622046833 -1.1540819192313048 -0.17647481818170729
v 0.81514207453865406 -1.2108812153652624 -0.14137092263385098
v 0.54739554574158789 -1.39497794823604 0.1406371911386865
v 0.60502205176395996 -1.3593628088613134 0.047395545741587886
v -0.69999999999999996 0.85586095087152381 -0.19058609508715238
v 1.4988235790619848 -1.4720904569998066 0.3720325825592784
v 1.4800243696319793 -1.4914644475473915 0.37115010019953604
v -0.65680622061721061 0.20000000000000018 -0.1185209330925816
v -0.63729734837512297 0.16270265162487699 -0.11186486741875615
v 1.2822473148121383 -1.6213622527831684 0.35447332250013758
v 1.3195589983694735 -1.6045762052370787 0.35839147027912893
v -0.55549768193834603 0.012748300451817603 -0.08459948233593366
v 0.4995393841017694 -1.4004606158982307 0.21497696920508844
v 0.5 -1.4009959154513798 0.21509959154513794
v 1.2250580743459283 -1.6433767447545649 0.34809638562734568
v 0.49914303218170042 -1.3999999999999999 0.21487145482725503
v -0.62111593190805547 0.85438397770476082 -0.17860578755668444
v -0.59999999999999987 0.85271747053749314 -0.17527174705374932
v -0.6070846115224946 0.85412126453333115 -0.17647481818170729
v -0.19999999999999996 0.70497438949021429 -0.10049743894902143
v -0.15052948489697993 0.68158609501126011 -0.090738032235673005
v 0.40780381053708042 -1.2921961894629197 0.19039019052685402
v 0.41430838678213949 -1.2999999999999996 0.19214625801732088
v -0.099999999999999853 0.65126883296347104 -0.080126883296347082
v 0.4000000000000003 -1.282833633532408 0.18828336335324083
v 1.3255156696458295 -0.40949025430996439 0.23977637587787087
v 1.1976778393870895 -0.29999999999999982 0.20965167590806338
v 1.3854274301110701 -1.5668848214085298 0.36450259665751356
v 1.3275562495095539 -1.6000000000000001 0.35913343742643311
v -0.0084722307535709286 0.59635294829631136 -0.060906129442666768
v 1.4000000000000006 -0.47438734800109755 0.25743873480010987
v 1.569693198983855 -0.64791023986832053 0.30024500383441027
v 1.5572303539785133 -0.63073775481176186 0.29665832857795316
v -0 0.59126968175581474 -0.059126968175581468
v 1.0779582721913217 -0.19999999999999996 0.18169374082869827
v 0.8953880013097455 -1.6614113045134267 0.30044933064780449
v 0.87441667932314715 -1.6563941682630245 0.29680191872477452
v 0.90000000000000047 -1.6620565498371682 0.30120565498371688
v 0.85086515698258514 -1.6491348430174151 0.29254325784912927
v 0.24760581976946575 -1.1000000000000003 0.14714087296541989
v 1.5121069812864767 -0.57717972385015481 0.28453401957798696
v 1.5313333756694743 -0.59999999999999987 0.28970000635042115
v 0.8049560062242096 -1.6349841884531118 0.28424181977894264
v 0.80000000000000027 -1.6328662080732956 0.28328662080732958
v 1.1663622078150009 -0.27317885904535882 0.20227221707678603
v 1.1851548391294524 -0.28927432920163554 0.20670065878958144
v 0.87022831351577756 -0.029771686484222817 0.13351141567578889
v 0.90000000000000036 -0.052777080585667803 0.14027770805856679
v 1.5000000000000002 -0.56521765140629143 0.28152176514062915
v 1.4682919187940322 -0.53388908522891121 0.27363269634199594
v 0.13807550665572413 -0.96192449334427599 0.11690377533278622
v 0.01135199012542105 -0.79999999999999982 0.081702798518813152
v 1 -0.13546783441414578 0.16354678344141457
v 1 -1.6754222551618543 0.31754222551618549
v 0.99773076751397305 -1.6753603206712657 0.31719564719422255
v 0.97799490389571186 -1.6729684885419023 0.31399608443854704
v 0.93328647899714023 -1.6667135210028596 0.30666432394985704
v -0.59999999999999998 0.091397033414192835 -0.099139703341419277
v -0.57537477298840412 0.044318162874123886 -0.090738032235673005
v -0.5632585658605731 0.025074552672686788 -0.086996240146354639
v 1.6007423504851015 -0.69999999999999996 0.31011135257276518
v 1.6177416247999865 -0.72999469328379463 0.31566071304837745
v 1.594880925358747 -0.68965769681609401 0.30819790848542145
v 0.15585136921304235 -0.98463809550084935 0.12184151493204129
v 0.22351580355696513 -1.0710982060514171 0.1406371911386865
v 1.6762213345222952 -0.91460227389216298 0.34289342756756053
v 1.675280788055761 -0.90707752573144651 0.34199987078150873
v 1.467126407498238 -0.53287359250176214 0.27335632037491192
v -0.59773337299168372 0.85226834536316631 -0.17488684048506922
v 0.010462453362717271 -0.79886336969210059 0.081455704973617649
v 1.6289730584934825 -0.7551588108592282 0.31986183985994515
v 1.429396404742133 -0.5 0.26440946071131993
v 0.83170024865384207 -0 0.12475503729807633
v 0.46047545032354392 -1.3550629073604541 0.20457760828457699
v 1.6456705904296289 -0.79999999999999982 0.32685058856444427
v 1.6514401495236777 -0.81549413958808092 0.32926543638735967
v -0.54386713245714446 0.84159491538035847 -0.16573956140660751
v -0.5 0.8291845109410827 -0.15791845109410826
v -0.52391508334902603 0.83595030209121901 -0.1621822927114758
v 1.6733723173408186 -0.89892281356889692 0.34089812895801247
v 0.45181552879928727 -1.344998877568929 0.20227221707678597
v 0.43459599655052555 -1.3243398888594722 0.19762338836852603
v 1.4000000000000004 -1.557173476472026 0.36571734764720265
v 1.405007313470813 -1.5538365394258571 0.36613475096320769
v 0.72805470950799922 -1.5999999999999999 0.26920820642619991
v 4.3125322284526659e-16 4.3125322284526659e-16 -0.19999999999999993
v 0.76533194491192236 -1.6180505970427312 0.27660485144106145
v 1.4413512897512906 -1.5241860661871125 0.36862130008140481
v 1.5 -1.470717863201968 0.37207178632019683
v 0.58974156282789569 -1.4999999999999998 0.2384612344241844
v 0.63014391125984937 -1.5370230254593806 0.24822388923491548
v 0.64210635397368498 -1.5470233578298909 0.25101828887904187
v 0.028337070324878932 -0.12238242826908863 -0.19462247354527312
v 0.12265227950873864 0.028067219085228912 -0.19138183841659639
v 0.65408223565573365 -1.55500172635364 0.25361250798372409
v 0.72025832790712041 -1.5962247913198517 0.26766122831805328
v 0.015257565270600007 -0.4570606752413563 -0.12413477483077362
v 0.80518631394975038 0.0096182116274695119 0.10785931422145412
v 0.53765667356986935 -1.4447581924645574 0.22512432028193616
v 0.57365652968096426 -1.4852603471128218 0.23457451416342687
v 0.0099330707036855582 -0.76427382780103903 0.047395545741587886
v 0.01005375478141593 -0.7721592522497237 0.055160286112542103
v 0.01014093535736049 -0.7778555782103006 0.060769431497174391
v 0.010091125766818438 -0.7746010497718685 0.05756471264928445
v 0.010191291665558728 -0.78114582884882444 0.064009325827500074
v 0.010259843617199164 -0.78562497179490764 0.068419916821942844
v 0.76355518809379752 0.0092144309964439872 0.065824407734475801
v 0.013299503169845142 -0.74104125392750841 0.028311623488278162
v 0.015422253586643394 -0.46309666951626149 -0.12193785825618687
v 0.016817639187471929 -0.51423897092680837 -0.10332363092027606
v -0.40718803420476063 0.8029271750313689 -0.14137092263385095
v 0.85699234079824316 -0.019543889384309933 0.13050324005816749
v -0.29999999999999982 0.75225163014608598 -0.12022516301460856
v 0.012809289592665597 -0.54386589970694588 -0.090738032235673005
v 0.013950881520124631 -0.59121673076242587 -0.066478794524963622
v 0.014681976223455906 -0.62154100071416563 -0.050942769987167465
v 0.63053499723294015 0.015159248191610748 -0.030554794033443522
v 0.65716746819211402 0.011473222767563067 -0.014091465404181193
v 0.011519876925653375 -0.65721412235020427 -0.030554794033443525
v 0.43573049851902085 0.015000048382254402 -0.12079431969206084
v 0.014683899180188559 -0.39763441847825082 -0.14455056737194152
v 1.5986999935897683 -1.3357939927950935 0.3733843983179746
v 1.6162480456366153 -1.2999999999999998 0.37243720684549225
v 1.571298468653062 -1.3815538101564437 0.37385015131360366
v 1.5847243528682438 -1.3613795241223619 0.37384660534247272
v 1.0027412504347899 -1.6754970725066167 0.31796089481588019
v 1.1034812677452646 -1.6704160142744418 0.33256379158923388
v 1.5364808099981924 -1.4281537333692191 0.37328749483665075
v -0.21914630528059492 0.71402623431442913 -0.10427456922353215
v 1.6610484275025557 -1.1841699121908138 0.3675742553444647
v 1.6291600153332246 -1.2736625496062428 0.37174025726060794
v 1.6716245904158247 -1.1340919745172324 0.3641528860140969
v 1.6775947900779158 -1.1000000000000001 0.36163921851168729
v 0.019428117515154185 -0.27829966540805978 -0.17396844999293462
v 0.018250200692443774 -0.29479431476163626 -0.17022579252790426
v 0.35555791684625754 0.017214175425780454 -0.14708123745730578
v 0.33875509212789068 0.015537861714495478 -0.15167571975871214
v 0.016838260872217799 -0.31456604379543179 -0.16573956140660751
v 1.6521379565173444 -1.2119388620966873 0.36901457968727036
v 1.6803627247810837 -1.0714842755955123 0.35920283627671373
v 1.6788231791809178 -1.0929854590521138 0.36112202278234901
v 0.016869401198117261 -0.35374215661321584 -0.15600691699855376
v 0.3764415361031721 0.019297604723436265 -0.14137092263385098
v -0.62146072015292864 0.13242595328163678 -0.10646170335110297
v -0.51461490646334962 0.016441703650930627 -0.1030422969148638
v -0.49695870852935198 0.01600933113465362 -0.10948708241967409
v 0.017938944762004989 0.18455612838289451 -0.18336852508548146
v -0.16181886897245912 0.011099370378491569 -0.19138183841659639
v -0.18053561528549567 0.01412979709323242 -0.18895406441228282
v 0.017945146553773335 0.16866464514774088 -0.18582709244398701
v 1.6825547841949375 -1 0.35238321762924063
v 0.013009996668699422 0.25633057785828628 -0.17175134239844073
v -0.22560902431011426 0.021427628700722193 -0.1831075327082364
v 0.012441886281234681 0.25947853929207115 -0.17120498717866894
v 1.1222043126255685 -1.6679957776551833 0.33513022465935366
v 0.01819589755884278 0.11476246704818639 -0.19239742249186112
v -0.074315234479415904 0.022251335009927709 -0.19702297909377406
v -0.099396652092399881 0.020233414800590981 -0.19547343524354427
v -0.10541623791813289 0.019749110281722982 -0.19510154190238135
v -0.72377934686604728 0.32804020603943895 -0.14137092263385098
v -0.69999999999999996 0.28257850158055731 -0.13325785015805569
v -0.43426647142119462 0.014474096855404022 -0.13237071923033725
v 0.014370967669383559 0.58188630220827142 -0.056508550557502514
v 0.014290494588218341 0.57869826647561673 -0.058224474337470654
v 1.1929310038221872 -1.6524647634727221 0.34418612692060035
v 0.015250936277588448 -0.20891277587586504 -0.18473564594797184
v 0.017031580570222693 -0.26406823358105913 -0.17647481818170729
v -0.22659240347088394 0.021282596818369394 -0.18293288836419469
v -0.80471393393116375 0.5576772809203272 -0.17647481818170729
v -0.80772358987272941 0.57442460261909123 -0.17860099874281854
v 0.014194604997775358 0.57489948760080134 -0.060269123630252788
v 0.014168458653712782 0.57386366943722622 -0.060826640912884158
v 0.014096626238585342 0.57101794384957338 -0.062358320171400909
v -0.31844666205329963 0.015703820726087208 -0.16449266360531622
v -0.82581515310397258 0.67509565451000508 -0.19138183841659639
v 0.019099286303264747 0.37663985452334364 -0.14137092263385101
v -0.37647219031391049 0.019266950512697903 -0.1509516358764792
v 0.016992290362592935 0.49759754134390094 -0.096899547010679918
v -0.70523955422879858 0.85595905282276608 -0.19138183841659639
v -0.71478422617353654 0.85032262090030364 -0.19224989601606085
v -0.79999999999999982 0.79999999999999982 -0.19999999999999996
v -0.82247690100201143 0.69124749340077996 -0.1924962844903797
v 0.76292016171391386 0.0093136052834803494 0.065288555641628471
v 0.74171555422293745 0.012625202874416094 0.047395545741587893
v -0.79999999999999993 0.7999999999999996 -0.19999999999999993
v -0.80125058783257452 0.54646788505173682 -0.17483437668005988
v 0.22742150694726204 0.01961514606357443 -0.17647481818170729
v -0.78689349220580873 0.5 -0.16803402383087132
v -0.78204935879571547 0.48432157587250158 -0.16573956140660748
v -0.79999999999999982 0.54242025779049308 -0.17424202577904929
v -0.7368271670763209 0.36303472806319104 -0.14682754786776722
v 0.96485326069945621 -0.1063741265035949 0.15536540175527791
v 0.95715297845357261 -0.099999999999999867 0.15357294676803587
v -0.75060978773700582 0.40000000000000036 -0.15259146816055091
v 0.90158172555252702 -0.053999323058074748 0.1406371911386865
v -1.3500000000000001 -1.2163118960624633 -0.11631189606246312
v -1.1124354249480162 -1.4856463342923145 -0.041432511343314105
v -0.88756457505198383 -1.4856463342923145 -0.041432511343314105
v -0.702272217076786 -1.4114496766047311 -0.031733672164910687
v -1.1819243391054282 -1.3037219951868864 -0.15386793629133028
v -1.1840058892416967 -1.1137218936815172 -0.21573956140660749
v -0.83403957225459679 -1.53105661011428 0.0252223955097301
v -1 -1.282348744032155 -0.19053039486308881
v -1 -1.0965665694893436 -0.24330721736980326
v -0.90815973483089096 -1.3391091494424674 -0.15545053510429235
v -0.85088399404560922 -1.3998761613949959 -0.10485446048149688
v -0.73977637587787082 -1.4949747468305832 0.028949331494718011
v -0.79279678519556196 -1.4531883257175569 -0.041616892720361454
v -0.72966883008868555 -1.1670738512237153 -0.17370456693185748
v -0.60502205176395996 -1.3593628088613134 -0.0026044542584121033
v -1.2685296128795334 -1.2625269972347468 -0.14073803223567299
v -1.2423071103522945 -1.3612851340357428 -0.098416188854319187
v -1.2703311699113145 -1.1670738512237153 -0.17370456693185748
v -1.1848579254613458 -1.2108812153652624 -0.19137092263385097
v -1.0931497728984139 -0.94243027430444637 -0.24138183841659638
v -1.2703311699113145 -0.83292614877628479 -0.17370456693185748
v -1.1848579254613458 -0.7891187846347375 -0.19137092263385097
v -1.3634809428097285 -1.1095041255281617 -0.13812451972899714
v -1.3634809428097285 -0.89049587447183842 -0.13812451972899714
v 1 1 -0.14999999999999991
v 1.3680117784833936 1 -0.045455565846427848
v 0.81807566089457184 1.3037219951868864 -0.053867936291330243
v 1 1.0965665694893436 -0.14330721736980323
v 1.2703311699113145 0.83292614877628479 -0.073704566931857451
v 1.4916168927203615 0.79279678519556196 0.096811674282443305
v 1.39497794823604 0.64063719113868656 0.09739554574158793
v 1.091840265169109 1.3391091494424674 -0.05545053510429232
v 1.5486901296939799 1.0567604054103126 0.11905058538842367
v 1.0931497728984139 1.0575697256955536 -0.14138183841659635
v 1.1864832907941971 1 -0.12470288442733568
v 1.3634809428097285 0.89049587447183842 -0.038124519728997108
v 1.3634809428097285 1.1095041255281617 -0.038124519728997108
v 1.4341677078294128 0.94320070386604227 0.0038569405029114101
v 0.90815973483089096 1.3391091494424674 -0.05545053510429232
v 0.73147038712046653 1.2625269972347468 -0.040738032235672961
v 0.90784124005355471 1.2507601554406054 -0.097013220427942137
v 0.12251545917737562 0.028035909710213133 -0.19139145209624675
v 0.12278782403980056 0.02800845517919558 -0.19136995506790447
v -0.26260039391794254 -1.0719262169727604 0.067802562609584657
v -0.29067417694518227 -1.1000000000000001 0.066398873458222665
v 0.023934005590741745 -0.10336642739772836 -0.19545804323607877
v 0.59622503302220231 0.014351658626113033 -0.048991044033494163
v 0.014792450895811353 -0.62612325766674903 -0.048595143595266836
v 0.43175401760983656 1 -0.035236897358524533
v 0.40000000000000036 0.9682459823901638 -0.036824598239016341
v 0.0094079530058910361 -0.79991787004892667 0.081402979955776333
v 0.010371105241586199 -0.7928947388564922 0.075578422259140465
v 0.014657147035641725 -0.39786227543533809 -0.14448726371654178
v 0.43523864035621579 0.015001991330801278 -0.12097763544189355
v -0.79999999999999982 -0.23175401760983627 -0.096824598239016332
v -0.78917334666272887 -0.22092736427256532 -0.09628326557215279
v 1.5296147905743989 1.1345184451858885 0.11599037406757093
v 1.5296147905743989 1.134518445185889 0.11599037406757094
v 0.01490494556551746 -0.63078929985903343 -0.046204591535511035
v 0.01490494556551746 -0.63078929985903343 -0.046204591535511028
v 0.016848743289282972 -0.32775345727576388 -0.16246337097232369
v 0.32224970238176215 0.013891221247473632 -0.15618887289441724
v 0.39209089473136416 0.017387057487792266 -0.13623015451941578
v 0.011839286517077247 -0.65472071892081563 -0.032031483565565511
v -0.66824598239016331 -0.099999999999999853 -0.090236897358524512
v -0.69999999999999984 -0.13175401760983643 -0.091824598239016342
v -0.54353693030931582 0.012480320195035602 -0.090738032235673005
v -0.5340579785862557 0.013778630532339155 -0.094770652203866212
v 0.01687704828329491 -0.36336257846151709 -0.15361688546733754
v -0.85519086357698326 -1.5353608808977057 0.025257458553223106
v 0.016861343791404391 -0.34360552941730454 -0.15852519104104695
v -1.3720602088857388 -0.8501709794975062 -0.12079193338311019
v 1.5296147905743989 1.1345184451858887 0.11599037406757093
v 1.5036543852355682 1.1938149813098227 0.10616665965435293
v -1.2073302070066738 -1.4589491541099964 -0.035204615640001366
v 0.017928457317910554 0.2114291754363711 -0.17921100276163007
v 0.014499266998153047 -0.42926827234888554 -0.13425035608901142
v 0.014330280375347899 -0.42307474075968182 -0.1365046114086558
v 0.014330280375347898 -0.42307474075968182 -0.1365046114086558
v -1.3442648648893931 -1.3141529939568148 -0.070224430337727503
v -0.15857706627557352 0.01182606331422772 -0.19160875754069129
v 1.4819722672444928 0.68649905064591865 0.15364593502208201
v 0.017412590386582358 0.23193532732543301 -0.17598534359147289
v 1.5629489627363395 0.95751335411199667 0.13869100899925127
v 0.023717901568735447 0.1258047354504159 -0.19145027512545595
v 1.0546636940498464 1.4445114192537616 0.013748412182100779
v 0.021608832101053674 0.14369570068811929 -0.18912451051700471
v 0.12958426916869881 0.69736483636949043 -0.0506017736005797
v 1.5597728904357306 1 0.1339659335653596
v 1.5557420587768391 1.0482012988008278 0.12854117893644307
v 0.014382410065451112 0.58233960618274749 -0.056264564876479461
v 0.013202939092777951 0.26539063354484715 -0.1697917626686353
v 0.013340180320608901 -0.40907932114721712 -0.14137092263385095
v -0.94208058792732485 -1.5433547648161543 0.013023388292516725
v -0.31755432055818889 0.015649025385891812 -0.16470090334549778
v 1.5630608783651438 0.96068173963813641 0.13839095779095792
v 1.5630608783651438 0.96068173963813652 0.13839095779095792
v -0.25964963440801725 0.016407211392842076 -0.17706205171932143
v -0.92673169002916045 -1.542125621426762 0.015202808638302159
v 1.5630608783651438 0.96068173963813641 0.13839095779095795
v -1.0953745997586857 -1.5134865264179522 -0.012957537322007587
v -0.40960942540778261 0.013870284581174308 -0.14137092263385098
v -0.40960942540778261 0.013870284581174308 -0.14137092263385098
v 0.015365188085589601 0.39722962458580002 -0.13506389228812296
v 0.017362717935109677 0.33255070977766099 -0.15276460468522887
v -1.1605584079603961 -1.4843214423189532 -0.025651616962164024
v -0.33542514773415161 0.016746405772263405 -0.16053050845930017
v -1.1306776673840291 -1.5003059142243587 -0.019571058685168445
v -0.37572245359542206 0.019220911996309674 -0.15112659689792446
v -1.4061735431434712 -0.95279686225173366 -0.1156463452463473
v -0.40960942540778261 0.01387028458117431 -0.14137092263385101
v -1.3384190080047154 -1.3243117078164428 -0.068331680419063012
v -0.86824598239016337 -0.29999999999999988 -0.10023689735852452
v -0.99451712313795415 -0.42627114074779066 -0.10655045439591405
v 1.4391601433329897 0.63218155559904798 0.15265586594004363
v 1.473329553241967 0.67421441074678568 0.1535779919116165
v -0.40960942540778267 0.013870284581174308 -0.14137092263385098
v -0.86824598239016315 -0.29999999999999971 -0.10023689735852451
v -0.40960942540778267 0.01387028458117431 -0.14137092263385098
v 0.0044775514671890233 -0.80484827158762873 0.081156459878841236
v 0.0093258230548179995 -0.79999999999999982 0.081398873458222692
v -0.86824598239016326 -0.29999999999999971 -0.10023689735852451
v -0.41420253525568512 0.013982762616926856 -0.13969436645338559
v 0.33175401760983708 0.90000000000000047 -0.040236897358524516
v -0.26295620140028619 0.015919548389449721 -0.17647481818170729
v -0.86824598239016326 -0.29999999999999971 -0.10023689735852451
v 0.33175401760983675 0.90000000000000024 -0.04023689735852453
v 0.024116897326048919 0.12660260126791861 -0.19138183841659639
v 0.013991169460416644 0.088243029450686933 -0.1941542344966308
v 0.010701338404517374 0.067493894821532355 -0.19552878584867453
v -1.3492107531419679 -0.80312647226198297 -0.12206896574509689
v 0.3317540176098368 0.90000000000000013 -0.04023689735852453
v -1.3458586350055861 -0.79683838288540365 -0.12219495696229753
v 1.473329553241967 0.67421441074678568 0.15357799191161647
v 1.2187971582683692 1.4238478655925855 0.040434787180996828
v 1.2183476827153372 1.424011729940291 0.040350979413271482
v 0.024116897326048919 0.12660260126791861 -0.19138183841659639
v -1.4014560207821911 -1.1816640062591253 -0.092052002491416152
v -1.3999999999999997 -1.1858547876125392 -0.091414521238746091
v 1.5007245658676709 0.71739427785359744 0.15336925709479088
v -1.277192085950714 -1.3987832975181083 -0.051700483140796248
v -1.2904479696254549 -1.3840084082062578 -0.055166354623192464
v -1.3999999999999995 -1.1858547876125396 -0.091414521238746008
v -1.3101564730448265 -1.3606260298963571 -0.060460867967088307
v 0.092967040288626332 0.021274176867624034 -0.19346767154799521
v 0.092967040288625971 0.021274176867623951 -0.19346767154799521
v 0.060434652881307623 0.013829605528355202 -0.19575355952735543
v 0.034053640157489393 0.0077926882629338881 -0.1976072212065213
v -1.4014560207821911 -1.181664006259125 -0.092052002491416138
v -1.4014560207821911 -1.1816640062591248 -0.092052002491416179
v -0.74574412436586779 -1.5046697003948819 0.03860535138460805
v -0.74574412436586801 -1.5046697003948817 0.038605351384608029
v -0.7457441243658679 -1.5046697003948819 0.038605351384608057
v -1.4059995379477561 -1.16197788471716 -0.094702142220447413
v 0.0074365271972033839 0.046902561671502717 -0.19689288345214689
v 0.01070133840451737 0.067493894821532327 -0.19552878584867447
v -0.73679940538568334 -1.5008320141259432 0.039563290604741848
v -1.4143625286660098 -1.1000000000000001 -0.10215437929990144
v -1.4119495628532868 -1.1211111707259778 -0.09968131735539526
v -0.77731262709692883 -1.5149080260155279 0.034893908537013463
v -1.3999999999999999 -0.92694117482367322 -0.11730588251763267
v -1.4134646699306264 -1.0044463515528483 -0.11157506533430914
v -1.4178516926822771 -1.0596226521859544 -0.10671548868374611
v 0.013818331092992577 -0.1645378296869601 -0.19138183841659639
v 0.025868242030531667 -0.12955071238231497 -0.19407142213718931
v -1.3999999999999999 -0.92694117482367266 -0.11730588251763271
v -0.69999999999999996 -0.13175401760983646 -0.091824598239016328
v -1.4177359769151561 -1.0426915546296274 -0.10839124107431065
v 0.013818331092992573 -0.16453782968696012 -0.19138183841659637
v -0.71834246787423583 -0.15009648548407228 -0.092741721632728147
v -1.4161361986656242 -1.0844820635352648 -0.10397222344631714
v 0.021235616673651338 -0.091712597827422096 -0.19597011655983576
v -1.3374121379072217 -0.78286007188077922 -0.12232581349800532
v -1.4177359769151563 -1.0426915546296276 -0.10839124107431065
v 1.296250285763247 1.3938597177604746 0.05505157108843959
v -0.1332062259915964 0.017513272602371163 -0.19338466107125546
v -0.13320622599159643 0.017513272602371163 -0.19338466107125549
v 0.90000000000000036 0.090674176945182525 0.12593258230548179
v 0.90000000000000036 0.090674176945182539 0.12593258230548179
v 0.44993361732519233 1.018179599715356 -0.034327917372756742
v -0.57103941212859233 -1.3803652351834101 0.052380611699052157
v -0.59182916311086364 -1.3999999999999997 0.051225625533370435
v -0.59999999999999987 -1.4077169015064062 0.050771690150640647
v -0.59999999999999998 -1.4077169015064064 0.050771690150640654
v -0.59182916311086364 -1.3999999999999997 0.051225625533370428
v -0.62918587918392965 -1.4352813429578957 0.049150252418200112
v 1 0.19067417694518221 0.13093258230548177
v -0.12464437488667381 0.018202114542669262 -0.19391361696724713
v -0.13320622599159637 0.017513272602371177 -0.19338466107125549
v 1.1555083051167505 1.4374899749670382 0.029577248270808737
v 0.94593031438197073 1.4279658639835382 -0.00090703924105822362
v 0.94398525853679394 1.4273287636415881 -0.0011350875836397491
v 1.5216500862907454 0.76334381389156947 0.15191313155445485
v 1.5018942727584177 1.1978156183681137 0.10550257907695128
v -0.73296263787810778 -1.4991858685048733 0.039974191168771198
v -0.72066839667027205 -1.4923309542595202 0.041132835925411219
v -0.73296263787810778 -1.4991858685048733 0.039974191168771191
v 1.402092795007807 1.3203270549555495 0.078281213755616058
v 0.94593031438197084 1.4279658639835382 -0.0009070392410582028
v 1.436467257228383 1.2854768585537539 0.086922402728882048
v 1 1.4369560245131761 0.0063043975486823762
v 1.1131127818487152 1.4423206368106656 0.022734853596240681
v -1.3165424208267724 -1.3530496734512523 -0.062176395778890656
v -0.65286928834952851 -0.084623305959364958 -0.089468062656492764
v 0.014643063419527036 -0.063240611609967037 -0.19722118553492041
v 0.014643063419527029 -0.06324061160996701 -0.19722118553492043
v -8.6540248490078641e-17 -2.5120043456464836e-16 -0.19999999999999993
v -0.9462780816359303 -1.5432114882829404 0.012379436582904548
v -0.94627808163592975 -1.5432114882829406 0.012379436582904618
v -1.0400260851231935 -1.530164565387869 -0.0029874562296920517
v -0.59999999999999998 -0.031754017609836364 -0.086824598239016337
v -0.60542823076141128 -0.037182248371247749 -0.087096009777086911
v 0.78826456368971087 1.3481130748724632 -0.016571622933789699
v -1.294809671993807e-16 -1.294809671993807e-16 -0.19999999999999993
v -2.6415360864818996e-16 -7.3587074406537032e-17 -0.19999999999999993
v 0.80345310768254996 1.3581453257341487 -0.015296566421032375
v -1.3165424208267729 -1.353049673451252 -0.062176395778890718
v -1.3165424208267726 -1.353049673451252 -0.06217639577889069
v -0.026299299103885371 0.007874489248216307 -0.19894646684761461
v -1.0400260851231935 -1.5301645653878688 -0.0029874562296920734
v -1.0527725179322862 -1.5265936903350532 -0.0052565086563375824
v -1.3384190080047151 -1.324311707816443 -0.068331680419062998
v -0.26295620140028614 0.015919548389449718 -0.17647481818170729
v 0.7712106984886925 1.3353155465919484 -0.017849949885890986
v 0.77836751377786206 1.341575931644442 -0.017402466097764913
v -1.3520105039754051 -1.2999999999999998 -0.072801575596310814
v -1.3502294495430858 -1.3037232051246381 -0.07216209691899908
v -1.3603960153350048 -1.2824705083122485 -0.075812351469025888
v -1.3384190080047151 -1.3243117078164428 -0.068331680419063012
v -0.28420180718681537 0.015689146693519434 -0.17192667622419544
v -1.3892720756866024 -1.2167323586769887 -0.086717575485291493
v -0.28420180718681537 0.015689146693519437 -0.1719266762241955
v -0.28420180718681537 0.015689146693519434 -0.17192667622419544
v 1.0073353596774972 0.19800953662267934 0.13129935028935663
v 1 0.19067417694518218 0.13093258230548177
v -0.28420180718681537 0.015689146693519437 -0.1719266762241955
v -1.1300870488758867 -1.5006218610438857 -0.019450871226994362
v -0.31310350014153138 0.015375717218317417 -0.16573956140660751
v 0.73150889485400017 1.2992721503729467 -0.020200880809194681
v -1.1300870488758867 -1.5006218610438857 -0.019450871226994342
v -1.1000000000000001 -1.511772322210559 -0.013822767778944091
v 0.7122098647809435 1.2804558471711069 -0.021214104999969192
v 0.57555146061535867 1.143797443005522 -0.028047025208248432
v 0.7122098647809435 1.2804558471711069 -0.021214104999969192
v 0.013340180320608904 -0.40907932114721718 -0.14137092263385095
v 0.77836751377786195 1.3415759316444418 -0.017402466097764916
v 0.80000000000000038 1.3558644986489401 -0.015586449864893956
v 0.016889358758553755 -0.37884978206805459 -0.14976935096899055
v 0.016889358758553751 -0.37884978206805464 -0.14976935096899055
v -0.73415023572100546 -1.4996954013303099 0.039847004774880193
v 0.014757725186918673 -0.39700561770237358 -0.14472526200554001
v 0.85469005358603023 1.3912897268788573 -0.010925464649981226
v 0.86215494900263889 1.39476811528698 -0.010153569178302178
v -0.37527534864938344 0.019193456960591354 -0.15123093477563954
v -0.3752753486493835 0.019193456960591354 -0.15123093477563954
v -0.40527337411972419 0.014576445496450288 -0.14262457170501019
v 1.2183476827153372 1.4240117299402908 0.040350979413271475
v -1.397322817302165 -0.91572874827794959 -0.11802554776752983
v -1.3973228173021652 -0.91572874827794948 -0.11802554776752983
v -0.88941000371886392 -1.5387089969964838 0.020459399141818848
v -0.88941000371886458 -1.5387089969964838 0.02045939914181874
v -0.31310350014153138 0.015375717218317417 -0.16573956140660745
v 1.1314933584484514 1.4410831838036713 0.025615685386900594
v 1.1314933584484514 1.4410831838036713 0.025615685386900587
v -0.31310350014153138 0.015375717218317417 -0.16573956140660748
v 1.1314933584484512 1.4410831838036713 0.02561568538690058
v 1.0445179495877759 1.4441247366011152 0.012265218778054853
v 1.0445179495877759 1.4441247366011152 0.012265218778054849
v 0.016856961293736646 -0.3380921245926426 -0.15989490346978294
v -1.3827901869341175 -0.87271140641133615 -0.12014738739898403
v -1.3827901869341177 -0.87271140641133615 -0.12014738739898403
v -0.49239558756017976 -1.3017214106149977 0.056312802927472802
v -0.49067417694518206 -1.3 0.056398873458222684
v 0.016856961293736646 -0.33809212459264265 -0.15989490346978297
v -0.49067417694518212 -1.2999999999999998 0.056398873458222684
v -0.49067417694518201 -1.2999999999999996 0.056398873458222677
v -1.3475440617601115 -0.79999999999999993 -0.12213160926401673
v 0.58550389634658273 0.01409930400235637 -0.054751981434139313
v 0.58550389634658273 0.01409930400235637 -0.054751981434139306
v 0.55945703199069063 0.013486211673301414 -0.068748105126753001
v 1.3048255074661743 1.3894185783813096 0.056781968281795187
v 1.3048255074661743 1.3894185783813096 0.0567819682817952
v -0.41614364407872789 -1.2254694671335458 0.0601254001015454
v -1.2026353195116346 -1.4618127227362483 -0.034214025653120352
v -1.2026353195116346 -1.4618127227362485 -0.034214025653120324
v 0.51369253705997364 0.017364073054306487 -0.090738032235672991
v 0.54418330815115401 0.0131266980368738 -0.076955347472091942
v 1.372553859023774 1.3454659958445976 0.071336479269106357
v -0.29494018950215628 -1.1042660125569741 0.066185572830373976
v 0.54418330815115412 0.013126698036873802 -0.076955347472091942
v -0.54688433914200041 -1.3562101621968183 0.053588365348381753
v 0.014108126574036105 0.57147354316084165 -0.062113099051595115
v 0.01411788030438418 0.57185994865726519 -0.061905120711442947
v 0.014161499683660721 0.57358798165607983 -0.060975026708774117
v 1.3725538590237742 1.3454659958445976 0.07133647926910637
v 1.4000000000000001 1.3221081160615622 0.077789188393843828
v -1.2818726674981957 -0.71362668510803218 -0.12091823161392615
v 0.013727088420614226 0.55637826867869145 -0.070237957936880924
v 0.013426836780052546 0.54448344689433281 -0.076640209752693644
v 0.014227044265015082 0.57618460731541743 -0.059577422638376024
v 0.014257549485376787 0.5773931074888613 -0.058926961238440156
v 0.014289821232048574 0.57867159067920215 -0.058238832279870291
v -1.330108127729946 -0.77240418935262922 -0.12227580022422903
v -1.3301081277299465 -0.77240418935262956 -0.12227580022422904
v -1.3301081277299465 -0.77240418935262956 -0.12227580022422903
v -0.59488128496882897 -0.026635302578665521 -0.086568662487457787
v 0.01438988844120152 0.58263587083136503 -0.05610510381695627
v -1.2999999999999998 -0.73479567729817075 -0.1215204322701829
v 1.5014046603233162 0.71862102105116521 0.1533485969433809
v 0.013426836780052546 0.54448344689433281 -0.076640209752693658
v 0.013426836780052546 0.54448344689433281 -0.076640209752693672
v 0.017661991100821596 0.51339461901345862 -0.090738032235673005
v 1.5014046603233164 0.71862102105116565 0.15334859694338088
v 1.5014046603233164 0.71862102105116554 0.1533485969433809
v 0.013426836780052546 0.54448344689433281 -0.076640209752693644
v 1.4999999999999996 1.2014399626358827 0.10485600373641168
v -1.280478484245841 -1.3958363118142014 -0.052488141455456015
v 0.017661991100821599 0.51339461901345862 -0.090738032235673005
v -1.280478484245841 -1.3958363118142012 -0.052488141455456036
v 1.5536428740744823 1.0598213697750531 0.12706429413366704
v 1.5557420587768391 1.0482012988008278 0.12854117893644307
v 1.5536428740744825 1.0598213697750534 0.12706429413366704
v 0.021635515833374166 0.14351384429741995 -0.18914852661229284
v 1.5498760499648627 1.0745281700858491 0.12502859048614445
v 1.5498760499648627 1.0745281700858491 0.12502859048614443
v 0.021635515833374173 0.14351384429741992 -0.18914852661229284
v -1.2877901352190564 -0.71954415282889306 -0.12121410499996918
v -1.2877901352190564 -0.71954415282889295 -0.12121410499996919
v 0.16181020909729746 0.011090710503329923 -0.18794881660665216
v 0.1618102090972976 0.011090710503329939 -0.18794881660665214
v 0.18105019978014178 0.013590433357931253 -0.18458415792704905
v 0.18105019978014178 0.013590433357931251 -0.18458415792704905
v 0.21054464395754449 0.017422448529318915 -0.17942621688448626
v 0.017924274864860701 0.22214630122938653 -0.17755295893640552
v 0.017924274864860701 0.22214630122938653 -0.17755295893640552
v 0.017924274864860701 0.22214630122938653 -0.17755295893640549
v 0.017921555230422194 0.22911509778041425 -0.17647481818170729
v 0.25717273904753174 0.018086813243989853 -0.1704978342154857
v 0.23335783647443889 0.019310194416070368 -0.17528221727420329
v 1.4956764994441905 1.2097121897407221 0.10338025594255632
v 1.4904426837283729 1.2179582881415714 0.10177057374509879
v 1.4956764994441905 1.2097121897407219 0.10338025594255633
v 1.4459765307904338 1.2756286542132522 0.089333614197239869
v 1.4904426837283729 1.2179582881415716 0.10177057374509875
v 1.445976530790434 1.275628654213252 0.089333614197239855
v 0.25717273904753174 0.018086813243989853 -0.1704978342154857
v 0.017921555230422194 0.22911509778041422 -0.17647481818170727
v 0.01792155523042219 0.22911509778041422 -0.17647481818170727
v 0.015385139543951837 0.28234264337926213 -0.16573956140660748
v 0.80523358851198135 0.0096186701438362356 0.10790704730005189
v 0.80522054708120716 0.009618543654892231 0.10789387938033372
v 0.81085687049233335 0.009673210401870979 0.11358486953843858
v 0.81745030781633532 0.0097371602045384399 0.12024225666510811
v 0.8182342057999582 0.0097447632375090854 0.12103375768170155
v 0.81907877780311045 0.0097529547482925957 0.12188652119563732
v 0.43376796821471975 0.015007800811087119 -0.12152575558457639
v 0.85746647491396089 1.3928924421428266 -0.010669272977188537
v 0.45233946044361845 0.014934439308588733 -0.11460415240524227
v 0.43914161346179881 0.014986573723658714 -0.11952299567878273
v 0.45233946044361845 0.014934439308588735 -0.11460415240524226
v 0.51298148613760364 0.017335914836150358 -0.091014628417900034
v 0.85746647491396111 1.3928924421428266 -0.010669272977188525
v -0.57103941212859211 -1.3803652351834099 0.052380611699052164
v 0.51298148613760364 0.017335914836150358 -0.09101462841790002
v 0.51369253705997364 0.017364073054306487 -0.090738032235673005
v 0.009325823054818003 -0.79999999999999982 0.081398873458222692
v 0.015516783976823205 0.46279290750165203 -0.11047479618926584
v 0.015516783976823201 0.46279290750165197 -0.11047479618926583
v 0.01009349389965907 -0.77475578213549523 0.057717076880070606
v 0.010104907542079494 -0.77550154260931436 0.058451423711469282
v 0.010319937928729293 -0.78955149766541466 0.072286348380919782
v 0.015516783976823203 0.46279290750165197 -0.11047479618926584
v 0.016039857505575111 0.47513130387618585 -0.1056623104148821
v 0.017484070780286767 0.50919778756018075 -0.092374970380088017
v 0.015013059346224959 -0.2015445378279106 -0.18583921299260281
v 0.41083752197278817 0.015098381146179844 -0.13007194280827883
v 0.41083752197278817 0.015098381146179844 -0.13007194280827883
v 0.28085767438170323 0.016870108541510651 -0.16573956140660748
v 0.013235201682962506 0.40897434250957088 -0.13146626627663552
v 0.013235201682962505 0.40897434250957077 -0.13146626627663552
v 0.31044091457927991 0.012713131656065899 -0.15941781013972831
v 0.31044091457927986 0.012713131656065899 -0.15941781013972831
v 0.01009498987783476 -0.77485352844224153 0.05781332720864113
v 0.010347610740058027 -0.79135962237514579 0.07406680027932222
v 0.31044091457927986 0.012713131656065892 -0.15941781013972833
v 0.016931284436883888 0.32159719116000851 -0.1555952540251801
v 0.015385139543951839 0.28234264337926213 -0.16573956140660748
v -0.54353693030931582 0.012480320195035602 -0.090738032235673005
v 0.016931284436883895 0.32159719116000857 -0.15559525402518012
v 0.016931284436883891 0.32159719116000857 -0.15559525402518012
v -0.5462494592529209 0.012541094319052312 -0.089345896123223939
v 0.017162043461486608 0.32745585369449376 -0.15408123649208244
v 0.017162043461486611 0.32745585369449381 -0.15408123649208247
v -0.55298968706037266 0.012692108906983917 -0.085886646569773503
v -0.55985528586379618 0.0069804386855406454 -0.085594248100102716
v -0.55363100038123036 0.012706477511376955 -0.085557508908232466
v 0.0093258230548180013 -0.79999999999999982 0.081398873458222692
v 0.014389888441201541 0.58263587083136503 -0.05610510381695627
v 0.90000000000000024 0.090674176945182483 0.12593258230548179
f 70 71 45
f 45 71 46
f 72 73 47
f 47 73 48
f 89 90 64
f 64 90 65
f 91 92 66
f 66 92 67
f 158 159 135
f 135 159 136
f 159 160 136
f 136 160 137
f 160 161 137
f 138 162 139
f 143 167 144
f 170 171 147
f 148 172 149
f 158 180 159
f 180 181 159
f 159 181 160
f 187 188 166
f 195 196 181
f 181 196 182
f 197 198 183
f 183 198 184
f 199 200 187
f 187 200 188
f 189 202 190
f 204 205 193
f 193 205 194
f 195 211 196
f 211 212 196
f 213 214 197
f 197 214 198
f 217 218 199
f 199 218 200
f 219 220 201
f 221 222 203
f 223 224 204
f 204 224 205
f 211 225 212
f 226 227 213
f 213 227 214
f 251 252 234
f 234 252 235
f 253 254 236
f 255 256 239
f 239 256 240
f 257 258 241
f 241 258 242
f 259 260 243
f 243 260 244
f 274 275 261
f 261 275 262
f 281 282 268
f 268 282 269
f 283 284 270
f 270 284 271
f 274 287 275
f 287 288 275
f 275 288 276
f 291 292 287
f 287 292 288
f 293 294 289
f 305 306 291
f 291 306 292
f 307 308 293
f 293 308 294
f 313 314 298
f 298 314 299
f 315 316 300
f 300 316 301
f 343 344 328
f 328 344 329
f 363 364 350
f 350 364 351
f 365 366 352
f 352 366 353
f 370 371 360
f 360 371 361
f 370 372 371
f 387 388 379
f 379 388 380
f 413 414 398
f 398 414 399
f 416 417 400
f 400 417 401
f 420 421 404
f 404 421 405
f 416 426 417
f 417 427 418
f 428 429 427
f 456 457 431
f 431 457 432
f 458 459 433
f 433 459 434
f 460 461 435
f 462 463 436
f 436 463 437
f 463 464 437
f 437 464 438
f 465 466 439
f 439 466 440
f 405 584 583
f 590 591 211
f 497 501 487
f 506 949 934
f 949 951 934
f 951 956 934
f 944 946 499
f 487 509 505
f 508 942 486
f 501 942 487
f 520 962 546
f 496 947 502
f 497 502 501
f 549 961 550
f 534 543 541
f 548 970 541
f 541 543 524
f 529 971 969
f 527 530 516
f 516 962 527
f 529 969 516
f 530 964 533
f 530 533 516
f 499 946 937
f 937 948 498
f 936 946 944
f 940 946 936
f 505 938 503
f 531 967 958
f 961 967 542
f 542 967 524
f 959 970 548
f 546 969 959
f 494 936 493
f 492 494 493
f 949 952 951
f 505 952 938
f 509 952 505
f 954 957 514
f 513 939 512
f 513 956 951
f 512 514 513
f 513 514 491
f 943 944 488
f 493 943 485
f 497 943 488
f 485 943 941
f 523 545 537
f 524 968 548
f 548 968 546
f 531 968 967
f 520 968 531
f 546 968 520
f 519 971 529
f 506 950 949
f 949 950 938
f 490 953 511
f 541 970 517
f 517 539 534
f 537 970 547
f 547 970 959
f 503 938 504
f 504 935 492
f 507 935 504
f 490 955 954
f 511 955 490
f 537 545 544
f 523 547 538
f 547 971 538
f 551 974 960
f 960 973 551
f 522 540 535
f 538 966 523
f 515 965 525
f 526 965 515
f 536 965 526
f 507 573 572
f 375 609 383
f 374 609 375
f 383 609 560
f 553 948 937
f 553 937 554
f 554 937 556
f 937 945 556
f 211 591 225
f 569 957 954
f 579 580 540
f 540 582 535
f 535 582 574
f 521 587 586
f 507 950 573
f 573 950 581
f 250 603 249
f 523 594 545
f 519 963 596
f 596 597 519
f 596 963 595
f 544 593 539
f 251 610 252
f 556 945 604
f 607 973 960
f 494 935 568
f 597 599 519
f 519 599 528
f 404 575 403
f 528 599 598
f 598 602 528
f 960 972 608
f 558 972 515
f 405 583 404
f 404 583 575
f 601 945 940
f 601 940 600
f 600 940 552
f 609 972 560
f 560 972 558
f 407 580 406
f 574 582 407
f 588 964 584
f 584 964 583
f 583 964 575
f 421 584 405
f 421 588 584
f 586 587 421
f 576 948 570
f 570 948 564
f 311 557 297
f 312 557 311
f 510 589 585
f 510 590 589
f 510 591 590
f 327 564 312
f 327 570 564
f 449 595 448
f 449 596 595
f 449 597 596
f 449 599 597
f 598 599 449
f 422 594 451
f 449 602 598
f 342 570 327
f 342 576 570
f 134 563 135
f 357 592 358
f 358 592 368
f 383 560 558
f 177 577 178
f 210 577 177
f 368 607 374
f 181 585 195
f 585 589 195
f 180 585 181
f 406 580 579
f 572 573 178
f 573 581 178
f 178 581 179
f 195 589 211
f 589 590 211
f 232 561 210
f 232 600 552
f 232 601 600
f 406 593 422
f 266 556 250
f 554 556 266
f 556 604 250
f 553 554 266
f 356 761 760
f 760 763 356
f 762 768 328
f 785 786 382
f 381 795 776
f 415 810 806
f 836 964 845
f 840 948 842
f 841 948 843
f 843 948 844
f 902 973 901
f 910 973 909
f 746 899 254
f 648 733 615
f 733 736 728
f 615 733 728
f 730 737 643
f 648 659 622
f 646 649 615
f 615 728 646
f 655 662 660
f 625 662 655
f 726 727 723
f 630 723 670
f 630 726 723
f 638 706 704
f 622 735 648
f 648 735 733
f 734 737 730
f 659 661 653
f 653 661 624
f 651 653 624
f 622 659 653
f 657 659 648
f 649 660 657
f 615 657 648
f 649 657 615
f 660 662 626
f 626 661 659
f 657 660 626
f 626 659 657
f 728 736 642
f 736 741 642
f 658 661 626
f 626 662 658
f 654 662 625
f 658 662 654
f 616 658 654
f 643 740 730
f 620 715 689
f 699 702 680
f 670 723 721
f 619 725 671
f 671 692 619
f 671 726 630
f 725 726 671
f 671 694 692
f 630 694 671
f 710 714 703
f 629 712 667
f 715 718 689
f 688 704 617
f 644 736 733
f 733 735 644
f 644 742 736
f 735 737 644
f 734 742 644
f 644 737 734
f 647 653 651
f 622 653 647
f 652 658 616
f 616 683 652
f 624 661 652
f 652 661 658
f 652 685 624
f 683 685 652
f 672 683 616
f 625 656 654
f 645 740 739
f 663 732 729
f 739 740 732
f 627 739 732
f 627 732 663
f 729 732 643
f 732 740 643
f 684 693 620
f 684 697 693
f 634 687 685
f 634 685 683
f 634 697 684
f 684 687 634
f 680 682 670
f 682 696 694
f 670 682 630
f 682 694 630
f 694 696 636
f 636 697 695
f 693 697 636
f 636 696 693
f 636 695 692
f 692 694 636
f 681 715 620
f 620 693 681
f 693 696 681
f 723 727 641
f 721 723 641
f 614 680 670
f 614 699 680
f 670 721 614
f 692 695 673
f 619 692 673
f 673 695 631
f 631 675 673
f 619 673 668
f 673 675 668
f 712 714 639
f 639 714 710
f 621 703 698
f 700 710 621
f 621 710 703
f 698 705 621
f 688 707 704
f 704 707 638
f 731 735 622
f 647 731 622
f 729 731 647
f 731 737 735
f 643 737 731
f 643 731 729
f 631 695 686
f 631 686 672
f 695 697 686
f 672 686 683
f 686 697 634
f 683 686 634
f 616 654 650
f 650 672 616
f 654 656 650
f 650 656 623
f 738 739 664
f 664 739 627
f 617 738 664
f 664 688 617
f 663 729 613
f 647 651 613
f 613 729 647
f 613 676 663
f 651 676 613
f 651 678 676
f 685 687 678
f 624 685 678
f 624 678 651
f 702 719 717
f 681 717 715
f 716 719 700
f 705 716 621
f 621 716 700
f 709 712 639
f 667 712 709
f 667 709 618
f 700 719 637
f 637 702 699
f 637 719 702
f 638 720 705
f 707 720 638
f 718 720 707
f 705 720 716
f 698 708 705
f 705 708 638
f 650 674 672
f 623 674 650
f 669 674 623
f 672 674 631
f 674 675 631
f 669 675 674
f 664 690 688
f 627 690 664
f 678 687 632
f 676 678 632
f 680 702 633
f 702 717 633
f 633 717 681
f 681 696 633
f 633 696 682
f 633 682 680
f 618 709 666
f 640 719 716
f 716 720 640
f 717 719 640
f 640 720 718
f 640 718 715
f 715 717 640
f 635 707 688
f 688 690 635
f 635 718 707
f 690 691 635
f 689 718 635
f 635 691 689
f 663 679 627
f 679 690 627
f 679 691 690
f 676 679 663
f 632 679 676
f 632 691 679
f 677 687 684
f 632 687 677
f 677 684 620
f 620 689 677
f 689 691 677
f 677 691 632
f 665 699 614
f 614 721 665
f 639 711 709
f 709 711 666
f 721 722 665
f 641 722 721
f 666 711 628
f 665 722 628
f 639 713 711
f 710 713 639
f 700 713 710
f 637 713 700
f 628 724 666
f 722 724 628
f 699 701 637
f 701 713 637
f 665 701 699
f 711 713 701
f 628 701 665
f 628 711 701
f 736 742 741
f 748 749 623
f 770 771 618
f 724 818 814
f 802 803 741
f 833 834 646
f 655 794 793
f 642 820 819
f 727 879 878
f 837 838 642
f 865 893 625
f 873 876 645
f 921 922 714
f 629 784 783
f 551 973 916
f 846 857 498
f 498 948 846
f 845 964 530
f 856 922 530
f 530 922 921
f 530 921 845
f 872 905 500
f 489 872 500
f 500 905 904
f 218 913 219
f 238 924 907
f 907 908 218
f 238 907 218
f 908 913 218
f 913 920 219
f 920 923 219
f 219 923 239
f 238 928 924
f 958 961 894
f 390 931 930
f 390 930 791
f 391 931 390
f 391 933 931
f 382 933 391
f 786 933 382
f 254 898 236
f 254 899 898
f 898 929 237
f 929 932 237
f 237 927 238
f 237 932 927
f 238 927 926
f 926 928 238
f 239 923 919
f 255 918 917
f 255 917 743
f 239 918 255
f 239 919 918
f 399 767 398
f 398 767 749
f 398 749 748
f 748 753 398
f 753 903 398
f 398 903 893
f 398 893 389
f 389 893 865
f 389 865 864
f 389 864 792
f 399 821 766
f 766 767 399
f 675 744 668
f 675 745 744
f 656 753 623
f 623 753 748
f 669 767 766
f 623 767 669
f 749 767 623
f 618 780 667
f 771 780 618
f 667 780 779
f 787 788 667
f 779 787 667
f 799 801 666
f 666 801 618
f 666 800 799
f 641 804 722
f 804 805 722
f 724 809 666
f 666 809 800
f 724 813 809
f 724 814 813
f 722 818 724
f 805 818 722
f 789 802 742
f 742 802 741
f 742 839 789
f 839 840 789
f 840 842 789
f 841 843 789
f 789 843 790
f 843 844 790
f 649 775 660
f 660 775 774
f 830 833 728
f 728 833 646
f 252 796 253
f 267 796 252
f 796 882 253
f 253 882 747
f 853 854 730
f 730 854 734
f 852 853 730
f 649 777 775
f 649 781 777
f 734 846 839
f 734 839 742
f 734 857 846
f 646 834 823
f 823 825 646
f 649 825 782
f 649 782 781
f 646 825 649
f 792 864 655
f 655 793 792
f 655 864 625
f 864 865 625
f 776 795 660
f 774 776 660
f 660 795 794
f 660 794 655
f 402 773 401
f 390 773 402
f 390 791 773
f 760 761 741
f 761 820 741
f 741 820 642
f 741 763 760
f 741 778 763
f 741 803 778
f 821 822 669
f 766 821 669
f 860 861 725
f 861 869 725
f 751 752 642
f 752 837 642
f 642 754 751
f 642 812 754
f 619 860 725
f 619 863 860
f 642 819 812
f 726 870 727
f 868 870 726
f 869 877 725
f 848 852 740
f 740 852 730
f 847 848 740
f 796 884 882
f 883 884 796
f 797 883 796
f 725 877 726
f 726 877 868
f 870 871 727
f 871 879 727
f 829 830 728
f 642 829 728
f 828 829 642
f 642 838 828
f 822 826 669
f 835 847 740
f 884 900 882
f 669 826 675
f 675 826 745
f 656 903 753
f 904 905 738
f 738 905 739
f 906 908 907
f 625 903 656
f 893 903 625
f 618 801 770
f 727 878 641
f 878 889 641
f 886 913 887
f 887 913 908
f 887 908 891
f 891 908 906
f 641 889 804
f 862 863 619
f 668 862 619
f 668 866 862
f 704 832 617
f 744 827 668
f 827 866 668
f 824 919 617
f 896 920 897
f 895 919 896
f 919 923 896
f 896 923 920
f 645 905 872
f 872 873 645
f 739 905 645
f 416 769 415
f 400 769 416
f 769 810 415
f 714 922 703
f 703 922 856
f 703 856 855
f 703 855 698
f 772 910 909
f 772 902 901
f 743 917 888
f 743 888 755
f 755 888 885
f 890 892 815
f 807 890 815
f 931 933 712
f 930 931 712
f 712 783 773
f 773 791 712
f 791 930 712
f 629 783 712
f 850 921 714
f 845 921 850
f 712 850 714
f 845 850 836
f 836 850 811
f 434 866 414
f 435 866 434
f 414 866 827
f 862 866 435
f 435 863 862
f 860 863 435
f 436 860 435
f 436 861 860
f 712 786 785
f 712 933 786
f 785 850 712
f 849 914 851
f 851 914 867
f 874 875 708
f 708 881 874
f 442 780 441
f 415 780 442
f 779 780 415
f 415 787 779
f 667 769 764
f 667 810 769
f 806 810 667
f 788 806 667
f 667 764 629
f 764 765 629
f 765 784 629
f 743 755 255
f 255 755 268
f 755 757 268
f 268 757 756
f 253 747 254
f 254 747 746
f 367 752 354
f 354 752 751
f 354 751 355
f 751 754 355
f 313 758 328
f 758 759 328
f 759 762 328
f 400 765 764
f 764 769 400
f 328 768 343
f 768 772 343
f 401 765 400
f 773 783 401
f 783 784 401
f 401 784 765
f 381 775 373
f 774 775 381
f 775 777 373
f 381 776 774
f 341 778 342
f 356 778 341
f 763 778 356
f 777 781 373
f 781 782 373
f 389 794 381
f 793 794 389
f 794 795 381
f 792 793 389
f 267 798 797
f 267 797 796
f 612 798 267
f 750 798 612
f 778 803 342
f 342 803 802
f 342 802 789
f 415 806 788
f 415 788 787
f 756 807 268
f 807 815 268
f 268 815 281
f 815 817 281
f 281 817 816
f 754 812 355
f 812 819 355
f 819 820 355
f 355 820 356
f 356 820 761
f 744 745 414
f 414 826 822
f 414 822 399
f 399 822 821
f 745 826 414
f 414 827 744
f 373 823 365
f 365 823 366
f 373 825 823
f 782 825 373
f 366 833 830
f 366 828 367
f 366 830 829
f 366 829 828
f 366 834 833
f 823 834 366
f 828 838 367
f 367 838 837
f 367 837 752
f 839 948 840
f 846 948 839
f 848 947 496
f 847 947 848
f 835 947 847
f 816 849 281
f 281 849 298
f 849 851 298
f 811 850 382
f 382 850 785
f 496 853 852
f 498 853 496
f 496 852 848
f 855 856 527
f 527 856 530
f 498 854 853
f 502 947 859
f 298 851 313
f 851 867 313
f 313 867 758
f 858 962 532
f 438 870 437
f 437 870 868
f 868 877 437
f 437 877 436
f 436 877 869
f 436 869 861
f 438 871 870
f 489 876 873
f 489 873 872
f 520 875 874
f 874 881 520
f 520 881 532
f 814 818 439
f 439 818 805
f 813 814 439
f 439 805 804
f 439 889 438
f 804 889 439
f 438 889 878
f 878 879 438
f 438 879 871
f 885 888 549
f 887 953 886
f 440 813 439
f 799 800 440
f 800 809 440
f 809 813 440
f 550 892 890
f 511 953 887
f 887 891 511
f 441 780 771
f 441 771 770
f 770 801 441
f 441 801 799
f 441 799 440
f 896 897 495
f 897 953 495
f 895 896 495
f 912 955 511
f 891 906 511
f 883 955 884
f 510 955 883
f 884 955 900
f 958 975 832
f 832 976 958
f 831 979 500
f 527 980 855
f 498 981 854
f 357 983 982
f 808 985 984
f 947 986 859
f 532 987 858
f 489 994 876
f 520 995 875
f 881 996 532
f 251 999 998
f 502 1002 880
f 940 1003 552
f 880 1004 502
f 569 1005 957
f 572 1008 507
f 549 1009 885
f 567 1013 506
f 953 1014 886
f 521 1015 587
f 890 1016 550
f 602 1017 528
f 961 1018 894
f 566 1019 525
f 888 1020 549
f 973 1021 901
f 450 1023 1022
f 1021 1024 901
f 550 1025 892
f 740 1026 1012
f 936 1027 561
f 511 1028 912
f 906 1031 511
f 561 1032 936
f 935 1034 568
f 883 1001 510
f 550 1037 914
f 914 1038 550
f 935 1039 577
f 912 1040 955
f 577 1041 935
f 955 1042 915
f 491 1043 563
f 1022 1030 450
f 233 1055 988
f 357 1057 983
f 954 1064 569
f 578 1066 954
f 580 1068 540
f 540 1069 582
f 133 1072 1071
f 586 1073 521
f 950 1074 581
f 565 1075 950
f 950 1077 565
f 563 1095 491
f 956 1096 562
f 562 1104 956
f 956 1092 555
f 954 1106 578
f 523 1007 594
f 540 1108 579
f 391 1120 1112
f 383 559 392
f 574 1123 535
f 963 1126 595
f 594 1127 545
f 593 1131 539
f 588 1048 964
f 544 1133 593
f 559 1134 392
f 525 1135 566
f 617 1138 1105
f 553 1119 948
f 960 1146 606
f 608 1149 960
f 945 1129 604
f 1150 1155 156
f 606 1158 960
f 960 1157 607
f 568 1154 494
f 924 1163 1156
f 571 1161 934
f 506 1160 567
f 934 1164 571
f 555 1087 956
f 927 1171 1169
f 607 1172 973
f 279 1118 1117
f 603 1183 945
f 945 1090 603
f 972 1185 608
f 515 1125 558
f 601 1093 945
f 609 1186 972
f 1134 1201 392
f 964 1167 575
f 576 1053 948
f 698 1220 1219
f 1215 1221 406
f 948 977 564
f 557 1222 948
f 948 1216 557
f 611 1205 948
f 948 1224 611
f 585 1230 510
f 510 1047 591
f 605 989 510
f 610 1137 510
f 510 1103 605
f 592 1113 973
f 612 1239 510
f 510 1145 610
f 973 1176 592
f 1236 1241 180
f 450 1257 1255
f 704 1264 1263
f 1269 1270 757
f 811 1285 1283
f 811 1286 1285
f 811 1287 1286
f 811 1288 1287
f 708 1294 1293
f 835 1010 947
f 836 1284 964
f 948 1302 842
f 841 1303 948
f 948 1304 844
f 858 1292 962
f 859 1184 502
f 897 1121 953
f 902 1235 973
f 973 1233 909
f 910 1227 973
f 973 1225 911
f 911 1231 973
f 638 1311 1279
f 1289 1310 708
f 973 1307 916
f 916 1306 551
f 915 1189 955
f 955 1056 900
f 857 997 498
f 925 1272 531
f 531 1266 925
f 904 1308 500
f 500 1098 831
f 867 1312 1305
f 958 1088 824
f 817 1320 1319
f 798 1324 1321
f 798 1327 1324
f 510 1328 612
f 343 1331 1065
f 811 1332 1288
f 824 1081 958
f 487 941 497
f 496 499 498
f 492 935 494
f 508 939 509
f 500 501 489
f 945 946 940
f 503 941 505
f 505 941 487
f 514 957 491
f 487 942 509
f 509 942 508
f 486 942 500
f 500 942 501
f 532 962 520
f 501 502 489
f 524 543 542
f 524 548 541
f 485 941 503
f 485 503 492
f 962 969 546
f 516 969 962
f 533 964 521
f 516 533 529
f 499 937 498
f 937 946 945
f 512 939 508
f 488 944 499
f 488 502 497
f 488 499 496
f 496 502 488
f 958 967 961
f 546 959 548
f 969 971 959
f 492 493 485
f 936 944 493
f 938 952 949
f 951 952 939
f 939 952 509
f 508 953 512
f 495 953 486
f 486 953 508
f 513 951 939
f 491 956 513
f 493 944 943
f 941 943 497
f 967 968 524
f 490 954 514
f 490 514 512
f 512 953 490
f 539 540 534
f 534 541 517
f 517 970 537
f 537 547 523
f 959 971 547
f 550 961 518
f 518 961 542
f 550 974 551
f 518 974 550
f 526 974 518
f 542 543 536
f 518 542 536
f 518 536 526
f 533 963 529
f 529 963 519
f 521 963 533
f 938 950 504
f 503 504 492
f 504 950 507
f 954 955 510
f 537 544 517
f 517 544 539
f 538 971 519
f 536 543 522
f 534 540 522
f 522 543 534
f 528 538 519
f 528 966 538
f 960 974 972
f 515 972 526
f 972 974 526
f 535 965 522
f 525 965 535
f 522 965 536
f 1013 1045 506
f 1172 1177 973
f 945 1183 1130
f 1068 1190 540
f 540 1190 1069
f 950 1250 1074
f 1006 1007 523
f 1123 1196 535
f 1158 1179 960
f 960 1179 1157
f 966 1254 1253
f 1017 1033 528
f 1186 1295 972
f 1019 1200 525
f 1010 1011 947
f 498 993 981
f 962 1292 1291
f 1004 1207 502
f 996 1309 532
f 502 1181 1002
f 1121 1122 953
f 68 67 92
f 93 68 92
f 559 383 1132
f 1124 1132 383
f 179 565 1077
f 1136 179 1077
f 610 251 1137
f 998 1137 251
f 1139 617 1140
f 1138 617 1139
f 252 610 1145
f 1144 252 1145
f 26 1 481
f 51 26 481
f 76 51 481
f 101 76 481
f 126 101 481
f 150 126 481
f 173 150 481
f 206 173 481
f 228 206 481
f 245 228 481
f 261 245 481
f 274 261 481
f 290 274 481
f 483 290 481
f 304 290 483
f 319 304 483
f 334 319 483
f 349 334 483
f 362 349 483
f 378 362 483
f 386 378 483
f 395 386 483
f 410 395 483
f 430 410 483
f 455 430 483
f 283 299 300
f 282 299 283
f 1140 617 1147
f 1147 919 1148
f 1147 617 919
f 229 246 247
f 230 229 247
f 68 93 94
f 69 68 94
f 347 359 360
f 346 359 347
f 13 12 37
f 38 13 37
f 156 179 1136
f 1151 156 1136
f 1150 156 1151
f 284 300 301
f 283 300 284
f 231 230 247
f 248 231 247
f 919 895 1152
f 1148 919 1152
f 348 347 361
f 360 361 347
f 401 417 418
f 402 401 418
f 2 1 26
f 27 2 26
f 907 924 1058
f 1156 1058 924
f 162 183 184
f 138 183 162
f 70 69 94
f 95 70 94
f 157 156 1155
f 1162 157 1155
f 99 98 123
f 124 99 123
f 350 349 362
f 363 350 362
f 14 13 38
f 39 14 38
f 928 926 1166
f 1165 1166 926
f 285 301 302
f 284 301 285
f 215 214 227
f 234 215 227
f 233 234 227
f 605 234 233
f 140 139 162
f 163 140 162
f 1045 157 1162
f 1013 157 1045
f 567 157 1013
f 403 402 418
f 419 403 418
f 231 248 249
f 232 231 249
f 216 234 235
f 215 234 216
f 351 364 365
f 352 351 365
f 14 39 40
f 15 14 40
f 403 575 1167
f 1168 403 1167
f 217 236 237
f 898 237 236
f 216 236 217
f 235 236 216
f 70 95 96
f 71 70 96
f 423 451 452
f 422 451 423
f 926 927 1169
f 1169 1165 926
f 140 163 164
f 141 140 164
f 157 567 1160
f 1159 157 1160
f 286 302 303
f 285 302 286
f 141 164 165
f 142 141 165
f 391 403 1168
f 1120 391 1168
f 16 15 40
f 41 16 40
f 403 419 420
f 404 403 420
f 577 210 1041
f 1170 1041 210
f 354 353 366
f 367 354 366
f 218 237 238
f 217 237 218
f 1173 210 1174
f 1173 1170 210
f 72 71 96
f 97 72 96
f 17 16 41
f 42 17 41
f 483 482 484
f 481 482 483
f 317 316 331
f 332 317 331
f 924 928 1166
f 1163 924 1166
f 288 292 293
f 289 288 293
f 18 17 42
f 43 18 42
f 236 235 252
f 253 236 252
f 100 99 124
f 125 100 124
f 266 279 1117
f 1116 266 1117
f 19 18 43
f 44 19 43
f 73 72 97
f 98 73 97
f 19 44 45
f 20 19 45
f 368 592 1176
f 1175 368 1176
f 424 452 453
f 423 452 424
f 74 73 98
f 99 74 98
f 376 375 383
f 384 376 383
f 317 332 333
f 318 317 333
f 407 406 422
f 423 407 422
f 2 27 28
f 3 2 28
f 220 219 240
f 239 240 219
f 21 20 45
f 46 21 45
f 740 645 1026
f 1026 645 1178
f 22 21 46
f 47 22 46
f 290 304 305
f 291 290 305
f 102 101 126
f 127 102 126
f 75 74 99
f 100 75 99
f 377 376 384
f 385 377 384
f 4 3 28
f 29 4 28
f 279 280 1115
f 1118 279 1115
f 425 453 454
f 424 453 425
f 374 607 1157
f 1179 374 1157
f 1158 374 1179
f 606 374 1158
f 23 22 47
f 48 23 47
f 374 606 1146
f 1180 374 1146
f 456 455 483
f 457 456 483
f 458 457 483
f 459 458 483
f 460 459 483
f 461 460 483
f 462 461 483
f 463 462 483
f 464 463 483
f 465 464 483
f 466 465 483
f 467 466 483
f 468 467 483
f 469 468 483
f 470 469 483
f 471 470 483
f 472 471 483
f 473 472 483
f 484 473 483
f 474 473 484
f 475 474 484
f 476 475 484
f 477 476 484
f 478 477 484
f 479 478 484
f 480 479 484
f 221 240 241
f 220 240 221
f 408 407 423
f 424 408 423
f 142 165 166
f 187 166 165
f 320 319 334
f 335 320 334
f 77 76 101
f 102 77 101
f 143 166 167
f 188 167 166
f 645 880 1002
f 1181 645 1002
f 1182 645 1181
f 379 378 386
f 387 379 386
f 293 292 306
f 307 293 306
f 645 1182 1184
f 859 645 1184
f 384 383 392
f 393 384 392
f 1177 1172 368
f 607 368 1172
f 1175 1177 368
f 428 444 445
f 426 444 428
f 145 144 167
f 168 145 167
f 5 4 29
f 30 5 29
f 645 859 986
f 1178 645 986
f 241 240 256
f 257 241 256
f 103 102 127
f 128 103 127
f 409 408 424
f 425 409 424
f 222 241 242
f 221 241 222
f 571 157 1161
f 1159 1161 157
f 146 145 168
f 169 146 168
f 157 571 1164
f 1076 157 1164
f 24 23 48
f 49 24 48
f 78 77 102
f 103 78 102
f 147 146 169
f 170 147 169
f 295 294 308
f 309 295 308
f 929 898 1188
f 1187 1188 898
f 321 320 335
f 336 321 335
f 172 193 194
f 148 193 172
f 380 388 389
f 381 380 389
f 915 898 1189
f 1035 1189 898
f 243 242 258
f 259 243 258
f 411 430 431
f 410 430 411
f 104 103 128
f 129 104 128
f 151 150 173
f 174 151 173
f 295 309 310
f 296 295 310
f 6 5 30
f 31 6 30
f 582 1069 1190
f 407 582 1190
f 1068 407 1190
f 580 407 1068
f 385 384 393
f 394 385 393
f 152 151 174
f 175 152 174
f 321 336 337
f 322 321 337
f 898 915 1042
f 1187 898 1042
f 412 431 432
f 411 431 412
f 223 242 243
f 222 242 223
f 25 24 49
f 50 25 49
f 7 6 31
f 32 7 31
f 359 358 368
f 369 359 368
f 158 1099 1191
f 1192 158 1191
f 105 104 129
f 130 105 129
f 79 78 103
f 104 79 103
f 246 245 261
f 262 246 261
f 927 932 1171
f 1195 1171 932
f 153 152 175
f 176 153 175
f 224 243 244
f 223 243 224
f 297 296 310
f 311 297 310
f 429 445 446
f 428 445 429
f 1196 1123 407
f 574 407 1123
f 1196 407 1197
f 359 369 370
f 360 359 370
f 387 395 396
f 386 395 387
f 413 432 433
f 412 432 413
f 932 929 1198
f 1195 932 1198
f 154 153 176
f 177 154 176
f 8 7 32
f 33 8 32
f 392 566 1135
f 1199 392 1135
f 929 912 1028
f 1198 929 1028
f 323 322 337
f 338 323 337
f 80 79 104
f 105 80 104
f 912 929 1040
f 1188 1040 929
f 26 51 52
f 27 26 52
f 414 433 434
f 413 433 414
f 9 8 33
f 34 9 33
f 81 80 105
f 106 81 105
f 1200 392 1201
f 1019 392 1200
f 566 392 1019
f 9 34 35
f 10 9 35
f 645 876 994
f 1202 645 994
f 82 81 106
f 107 82 106
f 106 105 130
f 131 106 130
f 1197 392 1199
f 407 392 1197
f 300 299 314
f 315 300 314
f 11 10 35
f 36 11 35
f 83 82 107
f 108 83 107
f 158 1192 1203
f 1204 158 1203
f 431 430 455
f 456 431 455
f 229 228 245
f 246 229 245
f 1205 280 1206
f 611 280 1205
f 12 11 36
f 37 12 36
f 247 246 262
f 263 247 262
f 1204 1005 158
f 569 158 1005
f 324 323 338
f 339 324 338
f 107 106 131
f 132 107 131
f 388 396 397
f 387 396 388
f 28 27 52
f 53 28 52
f 645 1202 1207
f 1004 645 1207
f 880 645 1004
f 433 432 457
f 458 433 457
f 454 480 484
f 425 454 484
f 409 425 484
f 394 409 484
f 385 394 484
f 377 385 484
f 372 377 484
f 371 372 484
f 361 371 484
f 348 361 484
f 333 348 484
f 318 333 484
f 303 318 484
f 286 303 484
f 482 286 484
f 273 286 482
f 260 273 482
f 244 260 482
f 224 244 482
f 205 224 482
f 194 205 482
f 172 194 482
f 149 172 482
f 125 149 482
f 100 125 482
f 75 100 482
f 50 75 482
f 25 50 482
f 1208 297 1209
f 296 297 1208
f 247 263 264
f 248 247 264
f 324 339 340
f 325 324 340
f 158 569 1064
f 1210 158 1064
f 302 301 316
f 317 302 316
f 389 397 398
f 388 397 389
f 280 296 1208
f 1206 280 1208
f 363 362 379
f 378 379 362
f 108 107 132
f 133 108 132
f 84 83 108
f 109 84 108
f 29 28 53
f 54 29 53
f 155 154 177
f 178 155 177
f 249 248 264
f 265 249 264
f 435 434 459
f 460 435 459
f 326 325 340
f 341 326 340
f 303 302 317
f 318 303 317
f 30 29 54
f 55 30 54
f 1049 1048 421
f 588 421 1048
f 1067 1049 421
f 364 379 380
f 363 379 364
f 85 84 109
f 110 85 109
f 156 155 178
f 179 156 178
f 305 304 319
f 320 305 319
f 85 110 111
f 86 85 111
f 365 364 373
f 380 373 364
f 381 373 380
f 1211 698 1212
f 1213 698 1211
f 109 108 133
f 134 109 133
f 160 181 182
f 161 160 182
f 421 587 1015
f 1067 421 1015
f 250 249 265
f 266 250 265
f 436 435 461
f 462 436 461
f 31 30 55
f 56 31 55
f 109 134 135
f 110 109 135
f 32 31 56
f 57 32 56
f 406 579 1108
f 1214 406 1108
f 1215 406 1214
f 163 162 184
f 185 163 184
f 327 326 341
f 342 327 341
f 33 32 57
f 58 33 57
f 439 438 464
f 465 439 464
f 698 855 980
f 1212 698 980
f 305 320 321
f 306 305 321
f 111 110 135
f 136 111 135
f 164 163 185
f 186 164 185
f 297 557 1216
f 1209 297 1216
f 33 58 59
f 34 33 59
f 87 86 111
f 112 87 111
f 165 164 186
f 187 165 186
f 440 466 467
f 441 440 467
f 416 442 443
f 415 442 416
f 698 1213 1223
f 1220 698 1223
f 772 911 1225
f 1226 772 1225
f 168 167 188
f 189 168 188
f 312 978 1222
f 557 312 1222
f 307 306 321
f 322 307 321
f 35 34 59
f 60 35 59
f 772 1226 1227
f 910 772 1227
f 112 111 136
f 137 112 136
f 169 168 189
f 190 169 189
f 35 60 61
f 36 35 61
f 88 87 112
f 113 88 112
f 37 36 61
f 62 37 61
f 406 1221 1228
f 1229 406 1228
f 442 441 467
f 468 442 467
f 426 443 444
f 416 443 426
f 256 255 268
f 269 256 268
f 113 112 137
f 161 113 137
f 1231 772 1232
f 911 772 1231
f 37 62 63
f 38 37 63
f 170 169 190
f 191 170 190
f 772 909 1233
f 1234 772 1233
f 443 442 468
f 469 443 468
f 772 1234 1235
f 902 772 1235
f 308 307 322
f 323 308 322
f 256 269 270
f 257 256 270
f 417 426 427
f 428 427 426
f 330 329 344
f 345 330 344
f 89 88 113
f 114 89 113
f 39 38 63
f 64 39 63
f 419 418 427
f 429 419 427
f 89 114 115
f 90 89 115
f 138 161 183
f 182 183 161
f 113 161 138
f 114 113 138
f 1237 158 1238
f 1236 158 1237
f 180 158 1236
f 308 323 324
f 309 308 324
f 258 257 270
f 271 258 270
f 420 429 447
f 446 447 429
f 419 429 420
f 772 901 1024
f 1240 772 1024
f 444 443 469
f 470 444 469
f 158 578 1106
f 1238 158 1106
f 40 39 64
f 65 40 64
f 1242 1073 421
f 586 421 1073
f 331 330 345
f 346 331 345
f 578 158 1066
f 1210 1066 158
f 258 271 272
f 259 258 272
f 1244 762 1245
f 1243 762 1244
f 115 114 138
f 139 115 138
f 40 65 66
f 41 40 66
f 444 470 471
f 445 444 471
f 448 595 1126
f 1246 448 1126
f 1247 448 1246
f 259 272 273
f 260 259 273
f 331 346 347
f 332 331 347
f 42 41 66
f 67 42 66
f 178 577 1039
f 1218 178 1039
f 1217 178 1218
f 115 139 140
f 116 115 140
f 24 25 482
f 23 24 482
f 22 23 482
f 21 22 482
f 20 21 482
f 19 20 482
f 18 19 482
f 481 18 482
f 17 18 481
f 16 17 481
f 15 16 481
f 14 15 481
f 13 14 481
f 12 13 481
f 11 12 481
f 10 11 481
f 9 10 481
f 8 9 481
f 7 8 481
f 6 7 481
f 5 6 481
f 4 5 481
f 3 4 481
f 2 3 481
f 1 2 481
f 772 768 1248
f 1232 772 1248
f 446 445 471
f 472 446 471
f 91 90 115
f 116 91 115
f 1242 448 1247
f 421 448 1242
f 171 170 191
f 192 171 191
f 262 275 276
f 263 262 276
f 1008 178 1217
f 572 178 1008
f 310 309 324
f 325 310 324
f 594 422 1127
f 1249 1127 422
f 333 332 347
f 348 333 347
f 174 206 207
f 173 206 174
f 762 1243 1248
f 768 762 1248
f 421 420 448
f 447 448 420
f 43 42 67
f 68 43 67
f 117 116 140
f 141 117 140
f 175 174 208
f 207 208 174
f 1245 759 1251
f 762 759 1245
f 391 402 403
f 390 402 391
f 92 91 116
f 117 92 116
f 581 1074 179
f 179 1074 1250
f 1252 179 1250
f 176 208 209
f 175 208 176
f 446 472 473
f 447 446 473
f 311 310 325
f 326 311 325
f 264 263 276
f 277 264 276
f 335 349 350
f 334 349 335
f 177 209 210
f 176 209 177
f 44 43 68
f 69 44 68
f 1253 450 1255
f 1254 450 1253
f 1023 450 1254
f 312 311 326
f 327 312 326
f 118 142 143
f 143 142 166
f 117 142 118
f 141 142 117
f 1256 1020 917
f 888 917 1020
f 92 117 118
f 93 92 118
f 1075 179 1252
f 565 179 1075
f 265 264 277
f 278 265 277
f 369 374 375
f 368 374 369
f 448 447 473
f 474 448 473
f 450 990 1258
f 1257 450 1258
f 45 44 69
f 70 45 69
f 94 93 118
f 119 94 118
f 183 182 196
f 197 183 196
f 917 1070 1256
f 1259 1256 1070
f 336 350 351
f 335 350 336
f 94 119 120
f 95 94 120
f 265 278 279
f 266 265 279
f 370 375 376
f 369 375 370
f 119 118 143
f 144 119 143
f 180 1241 1260
f 1261 180 1260
f 96 95 120
f 121 96 120
f 393 407 408
f 392 407 393
f 372 376 377
f 370 376 372
f 449 448 474
f 475 449 474
f 1261 1230 180
f 585 180 1230
f 314 313 328
f 329 314 328
f 47 46 71
f 72 47 71
f 832 704 976
f 1262 976 704
f 1263 1262 704
f 185 184 198
f 215 185 198
f 214 215 198
f 337 351 352
f 336 351 337
f 97 96 121
f 122 97 121
f 49 48 73
f 74 49 73
f 210 561 1027
f 1142 210 1027
f 1141 210 1142
f 186 215 216
f 185 215 186
f 120 119 144
f 145 120 144
f 315 314 329
f 330 315 329
f 394 408 409
f 393 408 394
f 704 706 1265
f 1264 704 1265
f 199 216 217
f 186 216 199
f 187 186 199
f 450 449 475
f 476 450 475
f 98 97 122
f 123 98 122
f 706 925 1266
f 1265 706 1266
f 50 49 74
f 75 50 74
f 189 188 200
f 201 189 200
f 210 1141 1143
f 1153 210 1143
f 338 337 353
f 352 353 337
f 315 330 331
f 316 315 331
f 210 1153 1154
f 568 210 1154
f 189 201 202
f 220 202 201
f 52 51 76
f 77 52 76
f 210 568 1034
f 1174 210 1034
f 191 190 202
f 203 191 202
f 121 120 145
f 146 121 145
f 270 269 282
f 283 270 282
f 192 191 203
f 222 192 203
f 755 885 1009
f 1268 755 1009
f 1267 1268 1009
f 451 450 476
f 477 451 476
f 204 222 223
f 192 222 204
f 193 192 204
f 197 196 212
f 213 197 212
f 53 52 77
f 78 53 77
f 757 755 1268
f 1269 757 1268
f 201 200 218
f 219 201 218
f 339 353 354
f 338 353 339
f 203 202 220
f 221 203 220
f 272 271 284
f 285 272 284
f 207 206 229
f 228 229 206
f 122 121 146
f 147 122 146
f 232 1193 1194
f 1032 232 1194
f 561 232 1032
f 208 229 230
f 207 229 208
f 232 552 1003
f 1193 232 1003
f 54 53 78
f 79 54 78
f 209 230 231
f 208 230 209
f 925 706 1272
f 1271 1272 706
f 452 451 477
f 478 452 477
f 210 231 232
f 209 231 210
f 273 272 285
f 286 273 285
f 213 212 225
f 226 213 225
f 123 122 147
f 171 123 147
f 1276 422 1278
f 1277 422 1276
f 55 54 79
f 80 55 79
f 340 354 355
f 339 354 340
f 706 638 1279
f 1271 706 1279
f 312 564 977
f 978 312 977
f 274 290 287
f 287 290 291
f 1280 1016 807
f 890 807 1016
f 605 233 989
f 988 989 233
f 1280 756 1281
f 807 756 1280
f 453 452 478
f 479 453 478
f 990 451 991
f 450 451 990
f 56 55 80
f 81 56 80
f 148 171 193
f 192 193 171
f 123 171 148
f 124 123 148
f 1274 422 1277
f 1273 422 1274
f 734 854 981
f 993 734 981
f 992 734 993
f 277 276 288
f 289 277 288
f 992 997 734
f 857 734 997
f 756 757 1270
f 1281 756 1270
f 454 453 479
f 480 454 479
f 883 797 1001
f 1000 1001 797
f 815 892 1025
f 1282 815 1025
f 57 56 81
f 82 57 81
f 341 355 356
f 340 355 341
f 278 277 289
f 294 278 289
f 1006 451 1007
f 594 1007 451
f 1006 991 451
f 125 124 148
f 149 125 148
f 422 1273 1275
f 1249 422 1275
f 396 395 410
f 411 396 410
f 836 811 1284
f 1283 1284 811
f 422 593 1133
f 1278 422 1133
f 127 126 150
f 151 127 150
f 1011 740 1012
f 1010 740 1011
f 835 740 1010
f 593 406 1131
f 1229 1131 406
f 58 57 82
f 83 58 82
f 250 604 1129
f 1128 250 1129
f 449 450 1030
f 1029 449 1030
f 128 127 151
f 152 128 151
f 279 294 295
f 278 294 279
f 129 128 152
f 153 129 152
f 603 250 1183
f 1130 1183 250
f 1128 1130 250
f 1033 1017 449
f 602 449 1017
f 1029 1033 449
f 397 396 411
f 412 397 411
f 708 858 987
f 1289 708 987
f 130 129 153
f 154 130 153
f 266 1116 1119
f 553 266 1119
f 898 899 1035
f 1035 899 1036
f 59 58 83
f 84 59 83
f 608 374 1149
f 1180 1149 374
f 131 130 154
f 155 131 154
f 374 608 1185
f 1290 374 1185
f 899 746 1044
f 1044 1036 899
f 280 295 296
f 279 295 280
f 225 591 1047
f 1046 225 1047
f 345 357 358
f 344 357 345
f 398 397 412
f 413 398 412
f 131 155 156
f 132 131 156
f 746 747 1044
f 1044 747 1050
f 60 59 84
f 85 60 84
f 858 708 1292
f 1291 1292 708
f 1293 1291 708
f 346 345 359
f 358 359 345
f 225 1046 1051
f 226 225 1051
f 61 60 85
f 86 61 85
f 609 374 1186
f 1295 1186 374
f 1290 1295 374
f 133 132 156
f 157 133 156
f 747 882 1052
f 1050 747 1052
f 280 611 1224
f 1296 280 1224
f 61 86 87
f 62 61 87
f 1053 342 1054
f 576 342 1053
f 63 62 87
f 88 63 87
f 882 900 1056
f 1052 882 1056
f 1294 708 1298
f 1297 1294 1298
f 64 63 88
f 89 64 88
f 906 907 1031
f 1058 1031 907
f 66 65 90
f 91 66 90
f 233 227 1059
f 1055 233 1059
f 1114 280 1296
f 1115 280 1114
f 282 298 299
f 281 298 282
f 1057 344 1060
f 357 344 1057
f 918 894 1018
f 1061 918 1018
f 708 698 1219
f 1219 1298 708
f 790 808 984
f 1299 790 984
f 1059 226 1051
f 227 226 1059
f 1062 918 1063
f 894 918 1062
f 1300 758 1301
f 759 758 1300
f 344 343 1065
f 1060 344 1065
f 1301 867 1305
f 758 867 1301
f 759 1300 1306
f 916 759 1306
f 759 916 1307
f 1251 759 1307
f 1102 1308 738
f 904 738 1308
f 917 918 1061
f 1070 917 1061
f 881 708 996
f 1309 996 708
f 1310 1309 708
f 252 1144 267
f 1144 1239 267
f 612 267 1239
f 867 914 1037
f 1313 867 1037
f 1312 867 1313
f 495 1152 895
f 1072 157 1076
f 133 157 1072
f 1062 958 894
f 617 1078 1079
f 1080 617 1079
f 617 832 975
f 1078 617 975
f 617 1080 1081
f 824 617 1081
f 638 708 1315
f 1314 638 1315
f 789 842 1302
f 1316 789 1302
f 708 875 995
f 1315 708 995
f 134 133 1082
f 1071 1082 133
f 1083 134 1082
f 1316 1303 789
f 841 789 1303
f 790 844 1304
f 1317 790 1304
f 1084 232 1086
f 249 1086 232
f 1085 232 1084
f 638 1314 1318
f 1311 638 1318
f 134 1083 1087
f 555 134 1087
f 985 790 1317
f 808 790 985
f 919 824 1088
f 1089 919 1088
f 249 603 1090
f 1086 249 1090
f 134 555 1092
f 1091 134 1092
f 815 1282 1320
f 817 815 1320
f 232 1085 1093
f 601 232 1093
f 797 798 1321
f 1321 1000 797
f 1089 1063 919
f 918 919 1063
f 135 563 1043
f 1094 135 1043
f 1322 816 1323
f 849 816 1322
f 617 831 1098
f 1097 617 1098
f 1323 817 1319
f 816 817 1323
f 158 135 1094
f 1099 158 1094
f 849 1322 1325
f 1326 849 1325
f 1326 1038 849
f 914 849 1038
f 251 234 1100
f 999 251 1100
f 1329 750 1328
f 750 612 1328
f 563 134 1095
f 1101 1095 134
f 798 750 1329
f 1327 798 1329
f 1330 1054 789
f 342 789 1054
f 617 1097 1102
f 738 617 1102
f 789 790 1330
f 1299 1330 790
f 234 605 1103
f 1100 234 1103
f 1105 979 617
f 831 617 979
f 343 772 1331
f 772 1240 1331
f 134 562 1096
f 1107 134 1096
f 1101 134 1107
f 1332 382 1111
f 811 382 1332
f 920 913 1109
f 1110 920 1109
f 964 1048 1049
f 521 964 1049
f 562 134 1104
f 1091 1104 134
f 913 886 1014
f 1109 913 1014
f 1067 521 1049
f 1015 521 1067
f 382 391 1112
f 1111 382 1112
f 592 357 1113
f 982 1113 357
f 1118 1115 948
f 1114 948 1115
f 1116 1118 948
f 1119 1116 948
f 1117 1118 1116
f 920 1110 1122
f 1121 920 1122
f 897 920 1121
f 383 558 1125
f 1124 383 1125
f 945 1128 1129
f 1130 1128 945
f 494 1141 1142
f 1143 1141 494
f 1154 1153 494
f 1143 494 1153
f 506 934 1161
f 1159 506 1161
f 1160 506 1159
f 1072 934 1082
f 1071 1072 1082
f 1076 934 1072
f 1164 934 1076
f 1083 956 1087
f 1082 956 1083
f 934 956 1082
f 945 1084 1090
f 1086 1090 1084
f 1084 945 1093
f 1085 1084 1093
f 1194 1193 940
f 1003 940 1193
f 936 494 1142
f 1027 936 1142
f 936 1032 1194
f 940 936 1194
f 1151 506 1155
f 1150 1151 1155
f 1045 1155 506
f 1045 1162 1155
f 1034 935 1174
f 1173 1174 935
f 1005 1204 957
f 1203 957 1204
f 507 1217 1218
f 1008 1217 507
f 935 507 1039
f 1218 1039 507
f 935 1041 1173
f 1170 1173 1041
f 491 957 1094
f 1191 1094 957
f 1043 491 1094
f 1099 1094 1191
f 1192 1191 957
f 1203 1192 957
f 1066 1210 954
f 1064 954 1210
f 521 1242 1246
f 1247 1246 1242
f 1073 1242 521
f 950 1075 1252
f 1250 950 1252
f 1136 506 1151
f 950 506 1136
f 1077 950 1136
f 491 1101 1107
f 1095 1101 491
f 956 491 1096
f 1107 1096 491
f 1091 956 1104
f 1092 956 1091
f 954 510 1238
f 1237 1238 510
f 1106 954 1238
f 1260 1241 510
f 1236 1237 510
f 1241 1236 510
f 540 539 1214
f 1108 540 1214
f 1214 539 1215
f 1221 1215 539
f 1221 539 1228
f 963 521 1126
f 1246 1126 521
f 545 1273 1274
f 1275 1273 545
f 1127 1249 545
f 545 1249 1275
f 1131 1229 539
f 1228 539 1229
f 544 545 1277
f 1274 1277 545
f 1276 544 1277
f 1133 544 1276
f 1278 1133 1276
f 1135 535 1196
f 1197 1135 1196
f 525 535 1135
f 1199 1135 1197
f 960 1149 1180
f 1146 960 1180
f 966 1258 523
f 991 523 1258
f 990 991 1258
f 991 1006 523
f 966 1257 1258
f 1253 1257 966
f 1253 1255 1257
f 528 1022 966
f 966 1022 1023
f 1254 966 1023
f 1030 1022 528
f 1033 1030 528
f 1029 1030 1033
f 515 559 1132
f 525 559 515
f 1185 972 1290
f 1295 1290 972
f 515 1124 1125
f 1132 1124 515
f 559 525 1134
f 1200 1134 525
f 1201 1134 1200
f 1167 964 1284
f 1168 1167 1284
f 1283 1168 1284
f 1285 1168 1283
f 1120 1168 1285
f 1111 1120 1285
f 1332 1111 1285
f 1111 1112 1120
f 1286 1332 1285
f 1287 1332 1286
f 1288 1332 1287
f 1053 1054 985
f 984 985 1054
f 948 1053 1304
f 1330 984 1054
f 1299 984 1330
f 1317 1053 985
f 1304 1053 1317
f 1303 1316 948
f 1302 948 1316
f 977 948 978
f 1222 978 948
f 1114 1296 948
f 1224 948 1296
f 948 1205 1208
f 1205 1206 1208
f 1208 1209 948
f 1209 1216 948
f 486 1139 1147
f 1140 1147 1139
f 500 1139 486
f 1081 1080 958
f 1079 958 1080
f 531 958 1262
f 958 976 1262
f 500 1138 1139
f 1105 1138 500
f 979 1105 500
f 1079 1078 958
f 975 958 1078
f 962 1291 1294
f 1293 1294 1291
f 527 962 1294
f 1297 527 1294
f 527 1220 1223
f 1219 1220 527
f 1297 1219 527
f 1298 1219 1297
f 1223 1213 527
f 1211 527 1213
f 527 1211 1212
f 980 527 1212
f 993 498 997
f 992 993 997
f 1318 520 531
f 1279 531 1272
f 1271 1279 1272
f 1311 531 1279
f 1318 531 1311
f 1308 1102 500
f 1097 500 1102
f 1098 500 1097
f 1264 1265 531
f 531 1265 1266
f 1263 1264 531
f 1262 1263 531
f 986 947 1026
f 1178 986 1026
f 1012 1026 947
f 1011 1012 947
f 1182 502 1184
f 1181 502 1182
f 1310 1289 532
f 987 532 1289
f 1309 1310 532
f 489 502 1207
f 994 489 1207
f 1202 994 1207
f 995 520 1318
f 1315 995 1318
f 1314 1315 1318
f 1089 1088 958
f 1062 1089 958
f 1063 1089 1062
f 495 486 1147
f 1152 495 1147
f 1152 1147 1148
f 549 550 1267
f 1009 549 1267
f 1110 1109 1122
f 953 1122 1109
f 1014 953 1109
f 1268 550 1269
f 1270 1269 550
f 1267 550 1268
f 1280 1270 550
f 1016 1280 550
f 1281 1270 1280
f 1070 961 1259
f 1061 961 1070
f 1018 961 1061
f 961 549 1259
f 1256 1259 549
f 1020 1256 549
f 1230 1261 510
f 1261 1260 510
f 1046 510 1059
f 1059 510 1055
f 1047 510 1046
f 1055 510 989
f 1059 1051 1046
f 989 988 1055
f 1100 510 1137
f 1103 510 1100
f 999 1100 1137
f 998 999 1137
f 1060 1065 973
f 1065 1021 973
f 1021 1065 1331
f 1024 1021 1331
f 1057 1060 973
f 983 1057 973
f 982 983 973
f 1113 982 973
f 1240 1024 1331
f 973 1231 1248
f 1232 1248 1231
f 1244 973 1248
f 1243 1244 1248
f 1001 1000 1328
f 1321 1328 1000
f 510 1001 1328
f 1324 1328 1321
f 1327 1328 1324
f 1329 1328 1327
f 1226 973 1227
f 1225 973 1226
f 1144 510 1239
f 1145 510 1144
f 973 1175 1176
f 1175 973 1177
f 1234 973 1235
f 1233 973 1234
f 511 1058 1156
f 1031 1058 511
f 1163 511 1156
f 1166 1165 511
f 1166 511 1163
f 1169 511 1165
f 1171 511 1169
f 1195 511 1171
f 1198 511 1195
f 1028 511 1198
f 550 1322 1323
f 1323 1319 550
f 1325 1322 550
f 1319 1320 550
f 1320 1282 550
f 1282 1025 550
f 955 1040 1188
f 1042 955 1188
f 1187 1042 1188
f 550 551 1313
f 1037 550 1313
f 550 1038 1325
f 1326 1325 1038
f 973 1251 1307
f 1245 1251 973
f 1244 1245 973
f 551 1312 1313
f 1305 1312 551
f 1300 1305 551
f 1301 1305 1300
f 1306 1300 551
f 1035 1044 955
f 955 1044 1056
f 1052 1056 1044
f 1189 1035 955
f 1036 1044 1035
f 1050 1052 1044
