v -2 -2 -0.099999999999999978
v -2 -1.8999999999999999 -0.10999999999999999
v -2 -1.8 -0.11999999999999997
v -2 -1.7 -0.12999999999999998
v -2 -1.6000000000000001 -0.13999999999999996
v -2 -1.5 -0.14999999999999997
v -2 -1.3999999999999999 -0.16
v -2 -1.2999999999999998 -0.17000000000000001
v -2 -1.1000000000000001 -0.18999999999999997
v -2 -0.79999999999999982 -0.22
v -2 -0.69999999999999996 -0.22999999999999998
v -2 -0.59999999999999987 -0.23999999999999999
v -2 -0.5 -0.25
v -2 -0.29999999999999982 -0.27000000000000002
v -2 -0.19999999999999996 -0.27999999999999997
v -2 -0.099999999999999867 -0.28999999999999998
v -2 0 -0.29999999999999999
v -2 0.40000000000000036 -0.34000000000000002
v -2 0.5 -0.34999999999999998
v -2 0.90000000000000036 -0.39000000000000001
v -2 1 -0.40000000000000002
v -2 1.4000000000000004 -0.44000000000000006
v -2 1.5 -0.45000000000000001
v -2 1.9000000000000004 -0.49000000000000005
v -2 2 -0.5
v -1.8999999999999999 -2 -0.084999999999999964
v -1.8999999999999999 -1.8999999999999999 -0.094999999999999973
v -1.8999999999999999 -1.8 -0.10499999999999995
v -1.8999999999999999 -1.7 -0.11499999999999996
v -1.8999999999999999 -1.6000000000000001 -0.12499999999999994
v -1.8999999999999999 -1.5 -0.13499999999999995
v -1.8999999999999999 -1.3999999999999999 -0.14499999999999999
v -1.8999999999999999 -1.2999999999999998 -0.155
v -1.8999999999999999 -1.1000000000000001 -0.17499999999999996
v -1.8999999999999999 -0.79999999999999982 -0.20499999999999999
v -1.8999999999999999 -0.69999999999999996 -0.21499999999999997
v -1.8999999999999999 -0.59999999999999987 -0.22499999999999998
v -1.8999999999999999 -0.5 -0.23499999999999999
v -1.8999999999999999 -0.29999999999999982 -0.255
v -1.8999999999999999 -0.19999999999999996 -0.26499999999999996
v -1.8999999999999999 -0.099999999999999867 -0.27499999999999997
v -1.8999999999999999 0 -0.28499999999999998
v -1.8999999999999999 0.40000000000000036 -0.32500000000000001
v -1.8999999999999999 0.5 -0.33499999999999996
v -1.8999999999999999 0.90000000000000036 -0.375
v -1.8999999999999999 1 -0.38500000000000001
v -1.8999999999999999 1.4000000000000004 -0.42500000000000004
v -1.8999999999999999 1.5 -0.435
v -1.8999999999999999 1.9000000000000004 -0.47500000000000003
v -1.8999999999999999 2 -0.48499999999999999
v -1.8 -2 -0.070000000000000007
v -1.8 -1.8999999999999999 -0.080000000000000016
v -1.8 -1.8 -0.089999999999999997
v -1.8 -1.7 -0.10000000000000001
v -1.8 -1.6000000000000001 -0.10999999999999999
v -1.8 -1.5 -0.12
v -1.8 -1.3999999999999999 -0.13000000000000003
v -1.8 -1.2999999999999998 -0.14000000000000004
v -1.8 -1.1000000000000001 -0.16
v -1.8 -0.79999999999999982 -0.19000000000000003
v -1.8 -0.69999999999999996 -0.20000000000000001
v -1.8 -0.59999999999999987 -0.21000000000000002
v -1.8 -0.5 -0.22000000000000003
v -1.8 -0.29999999999999982 -0.24000000000000005
v -1.8 -0.19999999999999996 -0.25
v -1.8 -0.099999999999999867 -0.26000000000000001
v -1.8 0 -0.27000000000000002
v -1.8 0.40000000000000036 -0.31000000000000005
v -1.8 0.5 -0.32000000000000001
v -1.8 0.90000000000000036 -0.36000000000000004
v -1.8 1 -0.37
v -1.8 1.4000000000000004 -0.41000000000000003
v -1.8 1.5 -0.42000000000000004
v -1.8 1.9000000000000004 -0.46000000000000008
v -1.8 2 -0.47000000000000003
v -1.7 -2 -0.054999999999999993
v -1.7 -1.8999999999999999 -0.065000000000000002
v -1.7 -1.8 -0.074999999999999983
v -1.7 -1.7 -0.084999999999999992
v -1.7 -1.6000000000000001 -0.094999999999999973
v -1.7 -1.5 -0.10499999999999998
v -1.7 -1.3999999999999999 -0.11500000000000002
v -1.7 -1.2999999999999998 -0.12500000000000003
v -1.7 -1.1000000000000001 -0.14499999999999999
v -1.7 -0.79999999999999982 -0.17500000000000002
v -1.7 -0.69999999999999996 -0.185
v -1.7 -0.59999999999999987 -0.19500000000000001
v -1.7 -0.5 -0.20500000000000002
v -1.7 -0.29999999999999982 -0.22500000000000003
v -1.7 -0.19999999999999996 -0.23500000000000001
v -1.7 -0.099999999999999867 -0.24500000000000002
v -1.7 0 -0.255
v -1.7 0.40000000000000036 -0.29500000000000004
v -1.7 0.5 -0.30499999999999999
v -1.7 0.90000000000000036 -0.34500000000000003
v -1.7 1 -0.35499999999999998
v -1.7 1.4000000000000004 -0.39500000000000002
v -1.7 1.5 -0.40500000000000003
v -1.7 1.9000000000000004 -0.44500000000000006
v -1.7 2 -0.45500000000000002
v -1.6000000000000001 -2 -0.03999999999999998
v -1.6000000000000001 -1.8999999999999999 -0.049999999999999989
v -1.6000000000000001 -1.8 -0.05999999999999997
v -1.6000000000000001 -1.7 -0.069999999999999979
v -1.6000000000000001 -1.6000000000000001 -0.07999999999999996
v -1.6000000000000001 -1.5 -0.089999999999999969
v -1.6000000000000001 -1.3999999999999999 -0.10000000000000001
v -1.6000000000000001 -1.2999999999999998 -0.11000000000000001
v -1.6000000000000001 -1.1000000000000001 -0.12999999999999998
v -1.6000000000000001 -0.79999999999999982 -0.16
v -1.6000000000000001 -0.69999999999999996 -0.16999999999999998
v -1.6000000000000001 -0.59999999999999987 -0.17999999999999999
v -1.6000000000000001 -0.5 -0.19
v -1.6000000000000001 -0.29999999999999982 -0.21000000000000002
v -1.6000000000000001 -0.19999999999999996 -0.22
v -1.6000000000000001 -0.099999999999999867 -0.23000000000000001
v -1.6000000000000001 0 -0.23999999999999999
v -1.6000000000000001 0.40000000000000036 -0.28000000000000003
v -1.6000000000000001 0.5 -0.28999999999999998
v -1.6000000000000001 0.90000000000000036 -0.33000000000000002
v -1.6000000000000001 1 -0.33999999999999997
v -1.6000000000000001 1.4000000000000004 -0.38
v -1.6000000000000001 1.5 -0.39000000000000001
v -1.6000000000000001 1.9000000000000004 -0.43000000000000005
v -1.6000000000000001 2 -0.44
v -1.5 -2 -0.024999999999999967
v -1.5 -1.8999999999999999 -0.034999999999999976
v -1.5 -1.8 -0.044999999999999957
v -1.5 -1.7 -0.054999999999999966
v -1.5 -1.6000000000000001 -0.064999999999999947
v -1.5 -1.5 -0.074999999999999956
v -1.5 -1.3999999999999999 -0.084999999999999992
v -1.5 -1.2999999999999998 -0.095000000000000001
v -1.5 -1.1000000000000001 -0.11499999999999996
v -1.5 -0.79999999999999982 -0.14499999999999999
v -1.5 -0.69999999999999996 -0.15499999999999997
v -1.5 -0.59999999999999987 -0.16499999999999998
v -1.5 -0.29999999999999982 -0.19500000000000001
v -1.5 -0.19999999999999996 -0.20499999999999999
v -1.5 -0.099999999999999867 -0.215
v -1.5 0 -0.22499999999999998
v -1.5 0.30000000000000027 -0.255
v -1.5 0.40000000000000036 -0.26500000000000001
v -1.5 0.5 -0.27499999999999997
v -1.5 0.90000000000000036 -0.315
v -1.5 1 -0.32499999999999996
v -1.5 1.4000000000000004 -0.36499999999999999
v -1.5 1.9000000000000004 -0.41500000000000004
v -1.5 2 -0.42499999999999999
v -1.3999999999999999 -2 -0.0099999999999999811
v -1.3999999999999999 -1.8999999999999999 -0.01999999999999999
v -1.3999999999999999 -1.8 -0.029999999999999971
v -1.3999999999999999 -1.7 -0.03999999999999998
v -1.3999999999999999 -1.6000000000000001 -0.049999999999999961
v -1.3999999999999999 -1.5 -0.05999999999999997
v -1.3999999999999999 -1.3999999999999999 -0.070000000000000007
v -1.3999999999999999 -1.2999999999999998 -0.080000000000000016
v -1.3999999999999999 -0.79999999999999982 -0.13
v -1.3999999999999999 -0.69999999999999996 -0.14000000000000001
v -1.3999999999999999 -0.59999999999999987 -0.14999999999999999
v -1.3999999999999999 -0.5 -0.15999999999999998
v -1.3999999999999999 -0.19999999999999996 -0.19
v -1.3999999999999999 -0.099999999999999867 -0.20000000000000001
v -1.3999999999999999 0 -0.20999999999999999
v -1.3999999999999999 0.30000000000000027 -0.24000000000000002
v -1.3999999999999999 0.40000000000000036 -0.25
v -1.3999999999999999 0.5 -0.26000000000000001
v -1.3999999999999999 0.90000000000000036 -0.30000000000000004
v -1.3999999999999999 1 -0.31
v -1.3999999999999999 1.4000000000000004 -0.35000000000000003
v -1.3999999999999999 1.5 -0.35999999999999999
v -1.3999999999999999 2 -0.41000000000000003
v -1.2999999999999998 -2 0.0050000000000000322
v -1.2999999999999998 -1.8999999999999999 -0.0049999999999999767
v -1.2999999999999998 -1.8 -0.014999999999999958
v -1.2999999999999998 -1.7 -0.024999999999999967
v -1.2999999999999998 -1.6000000000000001 -0.034999999999999948
v -1.2999999999999998 -1.5 -0.044999999999999957
v -1.2999999999999998 -1.3999999999999999 -0.054999999999999993
v -1.2999999999999998 -0.69999999999999996 -0.12499999999999999
v -1.2999999999999998 -0.59999999999999987 -0.13499999999999998
v -1.2999999999999998 -0.5 -0.14499999999999996
v -1.2999999999999998 -0.29999999999999982 -0.16499999999999998
v -1.2999999999999998 -0.19999999999999996 -0.17499999999999999
v -1.2999999999999998 -0.099999999999999867 -0.185
v -1.2999999999999998 0 -0.19499999999999998
v -1.2999999999999998 0.40000000000000036 -0.23500000000000001
v -1.2999999999999998 0.5 -0.245
v -1.2999999999999998 0.90000000000000036 -0.28500000000000003
v -1.2999999999999998 1 -0.29499999999999998
v -1.2999999999999998 1.4000000000000004 -0.33500000000000002
v -1.2999999999999998 1.5 -0.34499999999999997
v -1.2999999999999998 1.9000000000000004 -0.38500000000000001
v -1.2999999999999998 2 -0.39500000000000002
v -1.2 -0.59999999999999987 -0.12
v -1.2 -0.5 -0.13
v -1.2 -0.29999999999999982 -0.15000000000000002
v -1.2 -0.19999999999999996 -0.16
v -1.2 0.40000000000000036 -0.22000000000000003
v -1.2 0.5 -0.22999999999999998
v -1.2 0.90000000000000036 -0.27000000000000002
v -1.2 1 -0.28000000000000003
v -1.2 1.4000000000000004 -0.32000000000000006
v -1.2 1.9000000000000004 -0.37000000000000005
v -1.2 2 -0.38
v -1.1000000000000001 -2 0.035000000000000003
v -1.1000000000000001 -1.8999999999999999 0.024999999999999994
v -1.1000000000000001 -1.8 0.015000000000000013
v -1.1000000000000001 -1.7 0.0050000000000000044
v -1.1000000000000001 -1.6000000000000001 -0.0049999999999999767
v -1.1000000000000001 -0.5 -0.115
v -1.1000000000000001 -0.39999999999999991 -0.125
v -1.1000000000000001 -0.29999999999999982 -0.13500000000000001
v -1.1000000000000001 -0.19999999999999996 -0.14500000000000002
v -1.1000000000000001 -0.099999999999999867 -0.15500000000000003
v -1.1000000000000001 0 -0.16500000000000001
v -1.1000000000000001 0.40000000000000036 -0.20500000000000004
v -1.1000000000000001 0.5 -0.21500000000000002
v -1.1000000000000001 0.90000000000000036 -0.25500000000000006
v -1.1000000000000001 1 -0.26500000000000001
v -1.1000000000000001 1.4000000000000004 -0.30500000000000005
v -1.1000000000000001 1.5 -0.31500000000000006
v -1.1000000000000001 1.9000000000000004 -0.35500000000000009
v -1.1000000000000001 2 -0.36499999999999999
v -1 -0.39999999999999991 -0.11
v -1 -0.29999999999999982 -0.12000000000000001
v -1 -0.19999999999999996 -0.13
v -0.79999999999999982 -2 0.080000000000000043
v -0.79999999999999982 -1.8999999999999999 0.070000000000000034
v -0.79999999999999982 -1.8 0.060000000000000053
v -0.79999999999999982 -1.7 0.050000000000000044
v -0.79999999999999982 -1.6000000000000001 0.040000000000000063
v -0.79999999999999982 -0.19999999999999996 -0.099999999999999978
v -0.79999999999999982 -0.099999999999999867 -0.10999999999999999
v -0.79999999999999982 0 -0.11999999999999997
v -0.79999999999999982 0.10000000000000009 -0.12999999999999998
v -0.79999999999999982 0.40000000000000036 -0.16
v -0.79999999999999982 0.5 -0.16999999999999998
v -0.79999999999999982 0.90000000000000036 -0.21000000000000002
v -0.79999999999999982 1 -0.21999999999999997
v -0.79999999999999982 1.4000000000000004 -0.26000000000000001
v -0.79999999999999982 1.5 -0.27000000000000002
v -0.79999999999999982 1.9000000000000004 -0.31000000000000005
v -0.79999999999999982 2 -0.31999999999999995
v -0.69999999999999996 -2 0.095000000000000015
v -0.69999999999999996 -1.8999999999999999 0.085000000000000006
v -0.69999999999999996 -1.8 0.075000000000000025
v -0.69999999999999996 -1.7 0.065000000000000016
v -0.69999999999999996 -1.6000000000000001 0.055000000000000035
v -0.69999999999999996 -1.5 0.045000000000000026
v -0.69999999999999996 -0.099999999999999867 -0.095000000000000001
v -0.69999999999999996 0 -0.105
v -0.69999999999999996 0.10000000000000009 -0.115
v -0.69999999999999996 0.20000000000000018 -0.125
v -0.69999999999999996 0.90000000000000036 -0.19500000000000003
v -0.69999999999999996 1 -0.20500000000000002
v -0.69999999999999996 1.4000000000000004 -0.24500000000000005
v -0.69999999999999996 1.5 -0.255
v -0.69999999999999996 1.9000000000000004 -0.29500000000000004
v -0.69999999999999996 2 -0.30499999999999999
v -0.59999999999999987 -2 0.11000000000000003
v -0.59999999999999987 -1.8999999999999999 0.10000000000000002
v -0.59999999999999987 -1.8 0.090000000000000038
v -0.59999999999999987 -1.7 0.080000000000000029
v -0.59999999999999987 -1.6000000000000001 0.070000000000000048
v -0.59999999999999987 -1.5 0.060000000000000039
v -0.59999999999999987 0 -0.089999999999999983
v -0.59999999999999987 0.90000000000000036 -0.18000000000000002
v -0.59999999999999987 1 -0.19
v -0.59999999999999987 1.4000000000000004 -0.23000000000000004
v -0.59999999999999987 1.5 -0.23999999999999999
v -0.59999999999999987 1.9000000000000004 -0.28000000000000003
v -0.59999999999999987 2 -0.28999999999999998
v -0.5 -2 0.125
v -0.5 -1.8999999999999999 0.115
v -0.5 -1.8 0.10500000000000002
v -0.5 -1.7 0.095000000000000015
v -0.5 -1.6000000000000001 0.085000000000000034
v -0.5 -1.5 0.075000000000000025
v -0.5 -1.3999999999999999 0.064999999999999988
v -0.5 0.90000000000000036 -0.16500000000000004
v -0.5 1 -0.17499999999999999
v -0.5 1.4000000000000004 -0.21500000000000002
v -0.5 1.5 -0.22500000000000003
v -0.5 1.9000000000000004 -0.26500000000000007
v -0.5 2 -0.27500000000000002
v -0.39999999999999991 -1.8999999999999999 0.13
v -0.39999999999999991 -1.8 0.12000000000000004
v -0.39999999999999991 -1.7 0.11000000000000003
v -0.29999999999999982 -2 0.15500000000000003
v -0.29999999999999982 -1.8999999999999999 0.14500000000000002
v -0.29999999999999982 -1.8 0.13500000000000006
v -0.29999999999999982 -1.7 0.12500000000000006
v -0.29999999999999982 -1.6000000000000001 0.11500000000000006
v -0.29999999999999982 -1.5 0.10500000000000005
v -0.29999999999999982 -1.3999999999999999 0.095000000000000015
v -0.29999999999999982 -1.2999999999999998 0.085000000000000006
v -0.29999999999999982 0.90000000000000036 -0.13500000000000001
v -0.29999999999999982 1 -0.14499999999999996
v -0.29999999999999982 1.4000000000000004 -0.185
v -0.29999999999999982 1.5 -0.19500000000000001
v -0.29999999999999982 1.9000000000000004 -0.23500000000000004
v -0.29999999999999982 2 -0.245
v -0.19999999999999996 -2 0.17000000000000001
v -0.19999999999999996 -1.8999999999999999 0.16
v -0.19999999999999996 -1.8 0.15000000000000002
v -0.19999999999999996 -1.7 0.14000000000000001
v -0.19999999999999996 -1.6000000000000001 0.13000000000000003
v -0.19999999999999996 -1.5 0.12000000000000002
v -0.19999999999999996 -1.3999999999999999 0.10999999999999999
v -0.19999999999999996 -1.2999999999999998 0.099999999999999978
v -0.19999999999999996 -1.1000000000000001 0.080000000000000016
v -0.19999999999999996 0.90000000000000036 -0.12000000000000002
v -0.19999999999999996 1 -0.13
v -0.19999999999999996 1.4000000000000004 -0.17000000000000004
v -0.19999999999999996 1.5 -0.18000000000000002
v -0.19999999999999996 1.9000000000000004 -0.22000000000000006
v -0.19999999999999996 2 -0.23000000000000001
v -0.099999999999999867 -2 0.18500000000000003
v -0.099999999999999867 -1.8999999999999999 0.17500000000000002
v -0.099999999999999867 -1.8 0.16500000000000004
v -0.099999999999999867 -1.7 0.15500000000000003
v -0.099999999999999867 -1.6000000000000001 0.14500000000000005
v -0.099999999999999867 -1.5 0.13500000000000004
v -0.099999999999999867 -1.3999999999999999 0.125
v -0.099999999999999867 -1.2999999999999998 0.11499999999999999
v -0.099999999999999867 -1.1000000000000001 0.095000000000000029
v -0.099999999999999867 0.90000000000000036 -0.10500000000000001
v -0.099999999999999867 1 -0.11499999999999999
v -0.099999999999999867 1.4000000000000004 -0.15500000000000003
v -0.099999999999999867 1.5 -0.16500000000000001
v -0.099999999999999867 1.9000000000000004 -0.20500000000000004
v -0.099999999999999867 2 -0.215
v 0 -2 0.20000000000000001
v 0 -1.8999999999999999 0.19
v 0 -1.8 0.18000000000000002
v 0 -1.7 0.17000000000000001
v 0 -1.6000000000000001 0.16000000000000003
v 0 -1.5 0.15000000000000002
v 0 -1.3999999999999999 0.13999999999999999
v 0 -1.2999999999999998 0.12999999999999998
v 0 -1.1000000000000001 0.11000000000000001
v 0 0.90000000000000036 -0.090000000000000038
v 0 1 -0.10000000000000001
v 0 1.4000000000000004 -0.14000000000000004
v 0 1.5 -0.15000000000000002
v 0 1.9000000000000004 -0.19000000000000006
v 0 2 -0.20000000000000001
v 0.40000000000000036 -2 0.26000000000000006
v 0.40000000000000036 -1.8999999999999999 0.25000000000000006
v 0.40000000000000036 -1.8 0.24000000000000007
v 0.40000000000000036 -1.7 0.23000000000000007
v 0.40000000000000036 -1.6000000000000001 0.22000000000000008
v 0.40000000000000036 -1.5 0.21000000000000008
v 0.40000000000000036 -1.3999999999999999 0.20000000000000004
v 0.40000000000000036 -1.2999999999999998 0.19000000000000003
v 0.40000000000000036 1 -0.039999999999999952
v 0.40000000000000036 1.4000000000000004 -0.079999999999999988
v 0.40000000000000036 1.5 -0.089999999999999969
v 0.40000000000000036 1.9000000000000004 -0.13
v 0.40000000000000036 2 -0.13999999999999996
v 0.5 -2 0.27500000000000002
v 0.5 -1.8999999999999999 0.26500000000000001
v 0.5 -1.8 0.255
v 0.5 -1.7 0.245
v 0.5 -1.6000000000000001 0.23500000000000004
v 0.5 -1.5 0.22500000000000003
v 0.5 1.4000000000000004 -0.065000000000000044
v 0.5 1.5 -0.075000000000000025
v 0.5 1.9000000000000004 -0.11500000000000006
v 0.5 2 -0.125
v 0.60000000000000009 2 -0.11
v 0.80000000000000027 -1.7 0.29000000000000004
v 0.80000000000000027 1.4000000000000004 -0.020000000000000004
v 0.80000000000000027 1.5 -0.029999999999999985
v 0.80000000000000027 1.9000000000000004 -0.070000000000000021
v 0.80000000000000027 2 -0.079999999999999974
v 0.90000000000000036 -2 0.33500000000000008
v 0.90000000000000036 -1.8999999999999999 0.32500000000000007
v 0.90000000000000036 -1.8 0.31500000000000006
v 0.90000000000000036 -1.7 0.30500000000000005
v 0.90000000000000036 0 0.13500000000000004
v 0.90000000000000036 1.5 -0.014999999999999986
v 0.90000000000000036 1.9000000000000004 -0.055000000000000021
v 0.90000000000000036 2 -0.064999999999999974
v 1 -2 0.34999999999999998
v 1 -1.8999999999999999 0.33999999999999997
v 1 -1.8 0.33000000000000002
v 1 -1.7 0.32000000000000001
v 1 -0.099999999999999867 0.15999999999999998
v 1 0 0.14999999999999999
v 1 1.5 -2.7755575615628914e-17
v 1 1.9000000000000004 -0.040000000000000063
v 1 2 -0.050000000000000017
v 1.4000000000000004 -2 0.41000000000000003
v 1.4000000000000004 -1.8999999999999999 0.40000000000000002
v 1.4000000000000004 -1.8 0.39000000000000007
v 1.4000000000000004 -1.7 0.38000000000000006
v 1.4000000000000004 -1.6000000000000001 0.37000000000000011
v 1.4000000000000004 -0.29999999999999982 0.24000000000000005
v 1.4000000000000004 -0.19999999999999996 0.23000000000000004
v 1.4000000000000004 -0.099999999999999867 0.22000000000000003
v 1.4000000000000004 0 0.21000000000000005
v 1.4000000000000004 0.40000000000000036 0.17000000000000001
v 1.4000000000000004 0.5 0.16000000000000003
v 1.4000000000000004 1.4000000000000004 0.070000000000000007
v 1.4000000000000004 1.5 0.060000000000000026
v 1.4000000000000004 1.9000000000000004 0.01999999999999999
v 1.4000000000000004 2 0.010000000000000037
v 1.5 -2 0.42499999999999999
v 1.5 -1.8999999999999999 0.41499999999999998
v 1.5 -1.8 0.40500000000000003
v 1.5 -1.7 0.39500000000000002
v 1.5 -1.6000000000000001 0.38500000000000001
v 1.5 -0.5 0.27499999999999997
v 1.5 -0.29999999999999982 0.25499999999999995
v 1.5 -0.19999999999999996 0.24499999999999997
v 1.5 -0.099999999999999867 0.23499999999999996
v 1.5 0 0.22499999999999998
v 1.5 0.40000000000000036 0.18499999999999994
v 1.5 0.5 0.17499999999999999
v 1.5 1.4000000000000004 0.084999999999999937
v 1.5 1.5 0.074999999999999956
v 1.5 1.9000000000000004 0.03499999999999992
v 1.5 2 0.024999999999999967
v 1.6000000000000001 -0.19999999999999996 0.26000000000000001
v 1.6000000000000001 -0.099999999999999867 0.24999999999999997
v 1.7000000000000002 -0.099999999999999867 0.26500000000000001
v 1.7000000000000002 0 0.255
v 1.9000000000000004 -2 0.48500000000000004
v 1.9000000000000004 -1.8999999999999999 0.47500000000000003
v 1.9000000000000004 -1.8 0.46500000000000008
v 1.9000000000000004 -1.7 0.45500000000000007
v 1.9000000000000004 -1.6000000000000001 0.44500000000000006
v 1.9000000000000004 -1.5 0.43500000000000005
v 1.9000000000000004 -1.2999999999999998 0.41500000000000004
v 1.9000000000000004 -1.2 0.40500000000000003
v 1.9000000000000004 -1.1000000000000001 0.39500000000000002
v 1.9000000000000004 -0.79999999999999982 0.36499999999999999
v 1.9000000000000004 -0.69999999999999996 0.35500000000000004
v 1.9000000000000004 -0.59999999999999987 0.34500000000000003
v 1.9000000000000004 -0.5 0.33500000000000002
v 1.9000000000000004 -0.29999999999999982 0.315
v 1.9000000000000004 -0.19999999999999996 0.30500000000000005
v 1.9000000000000004 -0.099999999999999867 0.29500000000000004
v 1.9000000000000004 0 0.28500000000000003
v 1.9000000000000004 0.40000000000000036 0.245
v 1.9000000000000004 0.5 0.23500000000000004
v 1.9000000000000004 0.90000000000000036 0.19500000000000001
v 1.9000000000000004 1 0.18500000000000003
v 1.9000000000000004 1.4000000000000004 0.14499999999999999
v 1.9000000000000004 1.5 0.13500000000000001
v 1.9000000000000004 1.9000000000000004 0.094999999999999973
v 1.9000000000000004 2 0.08500000000000002
v 2 -2 0.5
v 2 -1.8999999999999999 0.48999999999999999
v 2 -1.8 0.47999999999999998
v 2 -1.7 0.46999999999999997
v 2 -1.6000000000000001 0.46000000000000002
v 2 -1.5 0.45000000000000001
v 2 -1.3999999999999999 0.43999999999999995
v 2 -1.2999999999999998 0.42999999999999994
v 2 -1.2 0.41999999999999998
v 2 -1.1000000000000001 0.41000000000000003
v 2 -0.79999999999999982 0.38
v 2 -0.69999999999999996 0.37
v 2 -0.59999999999999987 0.35999999999999999
v 2 -0.5 0.34999999999999998
v 2 -0.29999999999999982 0.32999999999999996
v 2 -0.19999999999999996 0.32000000000000001
v 2 -0.099999999999999867 0.31
v 2 0 0.29999999999999999
v 2 0.40000000000000036 0.25999999999999995
v 2 0.5 0.25
v 2 0.90000000000000036 0.20999999999999996
v 2 1 0.19999999999999998
v 2 1.4000000000000004 0.15999999999999995
v 2 1.5 0.14999999999999997
v 2 1.9000000000000004 0.10999999999999993
v 2 2 0.099999999999999978
v -2 -2 -0.90000000000000002
v -2 2 -0.90000000000000002
v 2 -2 -0.90000000000000002
v 2 2 -0.90000000000000002
v -1 -1.3680117784833934 -0.14545556584642799
v -0.94323959458968754 -1.4309494146115764 -0.098690129693979889
v -1 -1.282348744032155 -0.19053039486308881
v -0.85088399404560922 -1.3998761613949959 -0.10485446048149688
v -0.75769288964770554 -1.3612851340357428 -0.098416188854319187
v -0.90685022710158603 -1.0575697256955536 -0.24138183841659638
v -0.72966883008868555 -1.1670738512237153 -0.17370456693185748
v -1.3279008956068681 -1.3177933498176828 -0.080554794033443511
v -1.207203214804438 -1.4531883257175569 -0.041616892720361454
v -1.2423071103522945 -1.3612851340357428 -0.098416188854319187
v -1.0931497728984139 -1.0575697256955536 -0.24138183841659638
v -1.2703311699113145 -1.1670738512237153 -0.17370456693185748
v -1.0929547337795318 -1.1540819192313048 -0.22647481818170728
v -1.2685296128795334 -0.73747300276525318 -0.14073803223567299
v -1.0931497728984139 -0.94243027430444637 -0.24138183841659638
v -1.2703311699113145 -0.83292614877628479 -0.17370456693185748
v -1.1864832907941971 -1 -0.22470288442733571
v -1.1848579254613458 -0.7891187846347375 -0.19137092263385097
v -1.2797249361912959 -0.94237349397762793 -0.18908774505260934
v 1 1 -0.14999999999999991
v 1 1.1912865702388702 -0.12335685044874223
v 1.1840058892416967 0.88627810631848281 -0.11573956140660746
v 1.491432511343314 1.1124354249480162 0.064353665707685692
v 1.1840058892416967 1.1137218936815172 -0.11573956140660746
v 1.0567604054103124 1.4309494146115764 0.0013098703060201444
v 1.3279008956068681 0.68220665018231719 0.019445205966556522
v 1.0931497728984139 0.94243027430444637 -0.14138183841659635
v 1.1848579254613458 0.7891187846347375 -0.091370922633850937
v 1.091840265169109 1.3391091494424674 -0.05545053510429232
v 1.2685296128795334 1.2625269972347468 -0.040738032235672961
v 1.0921587599464453 1.2507601554406054 -0.097013220427942137
v 1.42477760449027 1.1659604277454032 0.018943389885719975
v 1.4978972144735514 1 0.057965078658558822
v 1.3279008956068681 1.3177933498176828 0.019445205966556522
v 1.2423071103522945 1.3612851340357428 0.0015838111456808468
v 1.0931497728984139 1.0575697256955536 -0.14138183841659635
v 1.2703311699113145 1.1670738512237153 -0.073704566931857451
v 1.0929547337795318 1.1540819192313048 -0.12647481818170725
v 1.1848579254613458 1.2108812153652624 -0.091370922633850937
v 1.3634809428097285 1.1095041255281617 -0.038124519728997108
v 1.4341677078294128 0.94320070386604227 0.0038569405029114101
v 1.2797249361912959 0.94237349397762793 -0.089087745052609302
v 1.2797249361912959 1.0576265060223722 -0.089087745052609302
v 0.90815973483089096 1.3391091494424674 -0.05545053510429232
v 0.73147038712046653 1.2625269972347468 -0.040738032235672961
v 0.90784124005355471 1.2507601554406054 -0.097013220427942137
v 0.90685022710158603 1.0575697256955536 -0.14138183841659635
v 0.90704526622046833 1.1540819192313048 -0.12647481818170725
v -0.8364873069517359 -1.5335308618270407 0.027879990139943703
v -0.63674855347039416 -1.4424238686728899 0.048730103846729864
v -0.64555588843355605 -1.4493201546181489 0.048098632196781475
v -1.4085334416282709 -1.1509990033764439 -0.096180115906596239
v -0.67824852398653301 -1.4686788569376861 0.045130607095788651
v -0.29999999999999988 -1.1093258230548178 0.06593258230548181
v 0.94155222640143699 1.4265318273432013 -0.0014203487741045896
v 0.96269874511451869 1.4309494146115764 0.0013098703060201444
v 0.90000000000000036 1.4099084241491502 -0.0059908424149149727
v -0.9406803882849174 -1.5434025589915594 0.013238197656418347
v -1.4179152172696403 -1.0689173318361884 -0.10579554940682717
v -0.19999999999999998 -1.0093258230548179 0.070932582305481787
v -1.4090345564036399 -0.96477919765675779 -0.11487726369487022
v 1.071206703173337 1.4451419195265154 0.016166813523348991
v -1.0824150333770055 -1.518289428233679 -0.010533312183182902
v -1.2999999999999998 -1.3726757776613259 -0.057732422233867424
v -1.3534593729141151 -0.81109626919855449 -0.12190927901726183
v -0.099999999999999867 -0.90932582305481768 0.075932582305481791
v -1.2113792263330034 -1.4564795220427285 -0.03605893174567764
v -1.2263828264868408 -1.4443450790855299 -0.039522916064473147
v -1.3500458469128158 -1.3041070172313958 -0.072096175313782818
v 1.185250129785407 1.4330398885815421 0.034483530609656816
v 0 -0.80932582305481782 0.080932582305481782
v -1.1312495313549369 -1.5 -0.019687429703240476
v 1.2093258230548183 0.40000000000000036 0.14139887345822269
v -1.3824502431161327 -1.2363672492514304 -0.083730811542276851
v 1.2848294373141187 1.3997746178701227 0.052746953810105503
v 1.2842112201186828 1.4000000000000004 0.052631683017802369
v -1.3416119454470583 -0.7888722067507431 -0.12235457114198442
v 1.218347682715337 1.4240117299402908 0.040350979413271468
v 1.3093258230548179 0.5 0.14639887345822264
v 1.4000000000000006 0.59067417694518254 0.15093258230548176
v 1.5000000000000002 0.71608731785417845 0.15339126821458215
v 1.4896341025962687 0.69738948254445277 0.15370616713499502
v 1.4289605878714078 0.61963476481658997 0.15238061169905215
v -1.275835252438809 -1.3999999999999999 -0.051375287865821337
v -1.2682459823901637 -0.70000000000000007 -0.12023689735852454
v 1.4061526726937204 1.3168719194957585 0.079235708954482148
v 1.5255026447791997 0.77185423868884817 0.15163997284799513
v 0.5 1.0682459823901636 -0.031824598239016358
v 1.5523266663481317 0.84856207511429693 0.14799279244079006
v 1.5531209495217484 0.8518865836860815 0.14777948405965408
v 1.5019472969341956 1.1977141663112862 0.1055206779090007
v -1.1682459823901634 -0.59999999999999987 -0.11523689735852451
v 1.5584947313155266 0.90000000000000036 0.14377420969732893
v 1.5542696361249062 0.85964598403730974 0.14717584701500491
v -1.1000000000000001 -0.53175401760983654 -0.11182459823901635
v 1.5621509196547421 0.93492036887851326 0.14083060106035997
v -1.0682459823901636 -0.5 -0.11023689735852452
v 0.77836751377786206 1.341575931644442 -0.017402466097764909
v 0.74462170740929712 1.3120569719901654 -0.019512441087621971
v -0.83184421839056133 -1.5325937614788967 0.028482743389305502
v -0.79999999999999982 -1.5222660155038956 0.032226601550389603
v 0.84630213666206855 1.3864477231268699 -0.011699451813376706
v 0.87523268378196706 1.4000000000000006 -0.0087150974327049966
v -0.69999999999999984 -1.4808068524976838 0.043080685249768394
v -0.73486018158712996 -1.5 0.03977097276193052
v -0.76824598239016351 -0.19999999999999996 -0.09523689735852453
v -0.63897402565383377 -0.070728043263670215 -0.088773299521708052
v -0.5 -1.3093258230548179 0.05593258230548178
v -0.56824598239016355 -0 -0.085236897358524535
v 1 -1 -0.19999999999999996
v 1.5663118960624631 -0.64999999999999991 0.2836881039375368
v 1.5663118960624631 -1.3500000000000001 0.2836881039375368
v 1.3500000000000001 -0.78368810393753674 -0.066311896062463127
v 0.88756457505198383 -1.4856463342923145 0.0085674886566858843
v 1.3037219951868864 -1.6038679362913304 0.31807566089457195
v 1.1124354249480162 -1.4856463342923145 0.0085674886566858843
v 1.1137218936815172 -1.6657395614066075 0.31599411075830325
v 1.6038679362913304 -0.81807566089457184 0.19627800481311364
v 1.4114496766047313 -0.5182663278350893 0.202272217076786
v 1.6038679362913304 -1.1819243391054282 0.19627800481311364
v 1.4114496766047313 -1.4817336721649106 0.202272217076786
v 1.491432511343314 -1.1124354249480162 0.014353665707685648
v 1.2977277829232139 -1.4114496766047311 0.018266327835089302
v 1.1840058892416967 -1.1137218936815172 -0.16573956140660751
v 1.4817336721649106 -1.2977277829232139 0.088550323395268804
v 1.1840058892416967 -0.88627810631848281 -0.16573956140660751
v 1.3680117784833936 -1 -0.095455565846427892
v 0.81807566089457184 -1.3037219951868864 -0.10386793629133029
v 0.702272217076786 -1.4114496766047311 0.018266327835089302
v 0.81599411075830319 -1.1137218936815172 -0.16573956140660751
v 0.94323959458968754 -1.4309494146115764 -0.0486901296939799
v 0.83292614877628479 -1.6237045669318575 0.22966883008868555
v 1.2625269972347468 -1.5907380322356732 0.23147038712046658
v 1.0567604054103124 -1.4309494146115764 -0.0486901296939799
v 1.1659604277454032 -1.53105661011428 0.075222395509730089
v 1 -1.4920349213414412 0.0021027855264486583
v 1 -1.6747028844273357 0.31351670920580288
v 1.2108812153652624 -1.6413709226338509 0.31514207453865417
v 1.1095041255281617 -1.5881245197289973 0.13651905719027163
v 1.0567992961339576 -1.5461430594970886 0.065832292170587114
v 1.0576265060223722 -1.6390877450526093 0.22027506380870421
v 1 -1.282348744032155 -0.14053039486308883
v 1.590738032235673 -0.73147038712046653 0.23747300276525324
v 1.53105661011428 -1.42477760449027 0.33403957225459679
v 1.3998761613949959 -1.5548544604814971 0.35088399404560922
v 1.3177933498176828 -1.5305547940334434 0.17209910439313197
v 1.1491160059543908 -1.3998761613949959 -0.054854460481496892
v 1.0921587599464453 -1.2507601554406054 -0.14701322042794218
v 1.5486901296939799 -1.0567604054103126 0.069050585388423624
v 1.2602236241221292 -1.4949747468305832 0.078949331494718
v 1.3279008956068681 -1.3177933498176828 -0.030554794033443522
v 1.3593628088613134 -1.4526044542584122 0.10502205176395996
v 1.1848579254613458 -1.2108812153652624 -0.14137092263385098
v 1.4210506685052819 -1.2602236241221292 0.0050252531694168212
v 1.4526044542584122 -1.39497794823604 0.1406371911386865
v 1.39497794823604 -1.3593628088613134 0.047395545741587886
v 1.2685296128795334 -0.73747300276525318 -0.090738032235673005
v 1.3279008956068681 -0.68220665018231719 -0.030554794033443522
v 1.0931497728984139 -0.94243027430444637 -0.19138183841659639
v 1.5305547940334434 -0.67209910439313192 0.18220665018231724
v 1.4526044542584122 -0.60502205176395996 0.1406371911386865
v 1.4341677078294128 -0.94320070386604227 -0.046143059497088634
v 1.2797249361912959 -0.94237349397762793 -0.13908774505260935
v 1.6405303948630889 -1 0.21765125596784496
v 1.6470132204279422 -0.90784124005355471 0.24923984455939474
v 1.6470132204279422 -1.0921587599464453 0.24923984455939474
v 1.6413709226338509 -0.81514207453865406 0.2891187846347375
v 1.6413709226338509 -1.1848579254613458 0.2891187846347375
v 1.6764748181817073 -1.0929547337795318 0.34591808076869535
v 0.90815973483089096 -1.3391091494424674 -0.10545053510429236
v 0.73147038712046653 -1.2625269972347468 -0.090738032235673005
v 0.73977637587787082 -1.4949747468305832 0.078949331494718
v 0.67209910439313192 -1.3177933498176828 -0.030554794033443522
v 0.79279678519556196 -1.4531883257175569 0.0083831072796385353
v 0.75769288964770554 -1.3612851340357428 -0.048416188854319198
v 0.90685022710158603 -1.0575697256955536 -0.19138183841659639
v 0.81514207453865406 -1.2108812153652624 -0.14137092263385098
v 0.54739554574158789 -1.39497794823604 0.1406371911386865
v 1.4988235790619848 -1.4720904569998066 0.3720325825592784
v 1.4800243696319793 -1.4914644475473915 0.37115010019953604
v 0.014096626238585342 0.57101794384957338 -0.062358320171400909
v -0.65680622061721061 0.20000000000000018 -0.1185209330925816
v 1.2822473148121383 -1.6213622527831684 0.35447332250013758
v 0.4995393841017694 -1.4004606158982307 0.21497696920508844
v -0.51461490646334962 0.016441703650930627 -0.1030422969148638
v 0.40780381053708042 -1.2921961894629197 0.19039019052685402
v -0.6070846115224946 0.85412126453333115 -0.17647481818170729
v -0.59999999999999987 0.85271747053749314 -0.17527174705374932
v 1.3275562495095539 -1.6000000000000001 0.35913343742643311
v 1.3854274301110701 -1.5668848214085298 0.36450259665751356
v -0.55549768193834603 0.012748300451817603 -0.08459948233593366
v 1.1976778393870895 -0.29999999999999982 0.20965167590806338
v 1.5572303539785133 -0.63073775481176186 0.29665832857795316
v -0.0084722307535709286 0.59635294829631136 -0.060906129442666768
v 1.4000000000000006 -0.47438734800109755 0.25743873480010987
v 0.87441667932314715 -1.6563941682630245 0.29680191872477452
v -0 0.59126968175581474 -0.059126968175581468
v 0.24760581976946575 -1.1000000000000003 0.14714087296541989
v 0.80000000000000027 -1.6328662080732956 0.28328662080732958
v 1.5000000000000002 -0.56521765140629143 0.28152176514062915
v 1.4682919187940322 -0.53388908522891121 0.27363269634199594
v 0.87022831351577756 -0.029771686484222817 0.13351141567578889
v 0.90000000000000036 -0.052777080585667803 0.14027770805856679
v 1.1663622078150009 -0.27317885904535882 0.20227221707678603
v 0.13807550665572413 -0.96192449334427599 0.11690377533278622
v 1 -1.6754222551618543 0.31754222551618549
v 1.6007423504851015 -0.69999999999999996 0.31011135257276518
v 1.594880925358747 -0.68965769681609401 0.30819790848542145
v 0.15585136921304235 -0.98463809550084935 0.12184151493204129
v 1.675280788055761 -0.90707752573144651 0.34199987078150873
v -0.59999999999999998 0.091397033414192835 -0.099139703341419277
v -0.57537477298840412 0.044318162874123886 -0.090738032235673005
v -0.5632585658605731 0.025074552672686788 -0.086996240146354639
v 1.467126407498238 -0.53287359250176214 0.27335632037491192
v 0.010462453362717271 -0.79886336969210059 0.081455704973617649
v -0.59773337299168372 0.85226834536316631 -0.17488684048506922
v 4.3125322284526659e-16 4.3125322284526659e-16 -0.19999999999999993
v 0.43459599655052555 -1.3243398888594722 0.19762338836852603
v -0.54386713245714446 0.84159491538035847 -0.16573956140660751
v -0.52391508334902603 0.83595030209121901 -0.1621822927114758
v -0.5 0.8291845109410827 -0.15791845109410826
v 1.405007313470813 -1.5538365394258571 0.36613475096320769
v 0.12265227950873864 0.028067219085228912 -0.19138183841659639
v 0.028337070324878932 -0.12238242826908863 -0.19462247354527312
v 0.76533194491192236 -1.6180505970427312 0.27660485144106145
v 1.5 -1.470717863201968 0.37207178632019683
v 1.4413512897512906 -1.5241860661871125 0.36862130008140481
v 0.015257565270600007 -0.4570606752413563 -0.12413477483077362
v 0.63014391125984937 -1.5370230254593806 0.24822388923491548
v 0.010259843617199164 -0.78562497179490764 0.068419916821942844
v 0.01014093535736049 -0.7778555782103006 0.060769431497174391
v 0.010191291665558728 -0.78114582884882444 0.064009325827500074
v 0.010091125766818438 -0.7746010497718685 0.05756471264928445
v 0.01005375478141593 -0.7721592522497237 0.055160286112542103
v 0.72025832790712041 -1.5962247913198517 0.26766122831805328
v 0.015422253586643394 -0.46309666951626149 -0.12193785825618687
v 0.016817639187471929 -0.51423897092680837 -0.10332363092027606
v 0.53765667356986935 -1.4447581924645574 0.22512432028193616
v 0.013950881520124631 -0.59121673076242587 -0.066478794524963622
v 0.012809289592665597 -0.54386589970694588 -0.090738032235673005
v 0.80518631394975038 0.0096182116274695119 0.10785931422145412
v 0.014681976223455906 -0.62154100071416563 -0.050942769987167465
v 0.76355518809379752 0.0092144309964439872 0.065824407734475801
v 0.013299503169845142 -0.74104125392750841 0.028311623488278162
v 0.63053499723294015 0.015159248191610748 -0.030554794033443522
v 0.65716746819211402 0.011473222767563067 -0.014091465404181193
v 0.011519876925653375 -0.65721412235020427 -0.030554794033443525
v 0.014683899180188559 -0.39763441847825082 -0.14455056737194152
v 0.43573049851902085 0.015000048382254402 -0.12079431969206084
v 1.5847243528682438 -1.3613795241223619 0.37384660534247272
v 1.571298468653062 -1.3815538101564437 0.37385015131360366
v 0.35555791684625754 0.017214175425780454 -0.14708123745730578
v 0.33875509212789068 0.015537861714495478 -0.15167571975871214
v 0.019428117515154185 -0.27829966540805978 -0.17396844999293462
v 0.018250200692443774 -0.29479431476163626 -0.17022579252790426
v 0.016838260872217799 -0.31456604379543179 -0.16573956140660751
v 1.5364808099981924 -1.4281537333692191 0.37328749483665075
v 1.1034812677452646 -1.6704160142744418 0.33256379158923388
v 0.016869401198117261 -0.35374215661321584 -0.15600691699855376
v 0.3764415361031721 0.019297604723436265 -0.14137092263385098
v 1.6610484275025557 -1.1841699121908138 0.3675742553444647
v -0.16181886897245912 0.011099370378491569 -0.19138183841659639
v 0.017938944762004989 0.18455612838289451 -0.18336852508548146
v 0.017945146553773335 0.16866464514774088 -0.18582709244398701
v -0.18053561528549567 0.01412979709323242 -0.18895406441228282
v 1.6775947900779158 -1.1000000000000001 0.36163921851168729
v 1.6716245904158247 -1.1340919745172324 0.3641528860140969
v 1.6291600153332246 -1.2736625496062428 0.37174025726060794
v -0.22560902431011426 0.021427628700722193 -0.1831075327082364
v 0.012441886281234681 0.25947853929207115 -0.17120498717866894
v 0.013009996668699422 0.25633057785828628 -0.17175134239844073
v -0.62146072015292864 0.13242595328163678 -0.10646170335110297
v -0.49695870852935198 0.01600933113465362 -0.10948708241967409
v 1.6788231791809178 -1.0929854590521138 0.36112202278234901
v 0.01819589755884278 0.11476246704818639 -0.19239742249186112
v -0.10541623791813289 0.019749110281722982 -0.19510154190238135
v -0.099396652092399881 0.020233414800590981 -0.19547343524354427
v -0.074315234479415904 0.022251335009927709 -0.19702297909377406
v 1.6825547841949375 -1 0.35238321762924063
v -0.43426647142119462 0.014474096855404022 -0.13237071923033725
v -0.72377934686604728 0.32804020603943895 -0.14137092263385098
v -0.22659240347088394 0.021282596818369394 -0.18293288836419469
v -0.31844666205329963 0.015703820726087208 -0.16449266360531622
v 0.017031580570222693 -0.26406823358105913 -0.17647481818170729
v 0.015250936277588448 -0.20891277587586504 -0.18473564594797184
v -0.80471393393116375 0.5576772809203272 -0.17647481818170729
v 0.019099286303264747 0.37663985452334364 -0.14137092263385101
v -0.37647219031391049 0.019266950512697903 -0.1509516358764792
v 0.014370967669383559 0.58188630220827142 -0.056508550557502514
v 1.1929310038221872 -1.6524647634727221 0.34418612692060035
v 0.016992290362592935 0.49759754134390094 -0.096899547010679918
v 0.014290494588218341 0.57869826647561673 -0.058224474337470654
v 0.014194604997775358 0.57489948760080134 -0.060269123630252788
v 0.014168458653712782 0.57386366943722622 -0.060826640912884158
v -0.79999999999999982 0.79999999999999982 -0.19999999999999996
v 0.74171555422293745 0.012625202874416094 0.047395545741587893
v 0.76292016171391386 0.0093136052834803494 0.065288555641628471
v 0.22742150694726204 0.01961514606357443 -0.17647481818170729
v -0.80125058783257452 0.54646788505173682 -0.17483437668005988
v -0.79999999999999982 0.54242025779049308 -0.17424202577904929
v -0.78689349220580873 0.5 -0.16803402383087132
v 0.90158172555252702 -0.053999323058074748 0.1406371911386865
v -0.75060978773700582 0.40000000000000036 -0.15259146816055091
v -0.7368271670763209 0.36303472806319104 -0.14682754786776722
v -1 -1 -0.24999999999999994
v -1.3500000000000001 -1.2163118960624633 -0.11631189606246312
v -1.1124354249480162 -1.4856463342923145 -0.041432511343314105
v -0.88756457505198383 -1.4856463342923145 -0.041432511343314105
v -1 -1.1912865702388702 -0.22335685044874226
v -0.81807566089457184 -1.3037219951868864 -0.15386793629133028
v -0.702272217076786 -1.4114496766047311 -0.031733672164910687
v -0.81599411075830319 -1.1137218936815172 -0.21573956140660749
v -1.1819243391054282 -1.3037219951868864 -0.15386793629133028
v -1.1840058892416967 -1.1137218936815172 -0.21573956140660749
v -1.1840058892416967 -0.88627810631848281 -0.21573956140660749
v -1.3680117784833936 -1 -0.14545556584642788
v -1.0567604054103124 -1.4309494146115764 -0.098690129693979889
v -0.83403957225459679 -1.53105661011428 0.0252223955097301
v -1 -1.4920349213414412 -0.047897214473551331
v -1 -1.0965665694893436 -0.24330721736980326
v -1 -0.90343343051065639 -0.24330721736980326
v -0.90815973483089096 -1.3391091494424674 -0.15545053510429235
v -0.73147038712046653 -1.2625269972347468 -0.14073803223567299
v -0.90784124005355471 -1.2507601554406054 -0.19701322042794217
v -0.73977637587787082 -1.4949747468305832 0.028949331494718011
v -0.67209910439313192 -1.3177933498176828 -0.080554794033443511
v -0.79279678519556196 -1.4531883257175569 -0.041616892720361454
v -0.90704526622046833 -1.1540819192313048 -0.22647481818170728
v -0.81514207453865406 -1.2108812153652624 -0.19137092263385097
v -0.60502205176395996 -1.3593628088613134 -0.0026044542584121033
v -1.091840265169109 -1.3391091494424674 -0.15545053510429235
v -1.2685296128795334 -1.2625269972347468 -0.14073803223567299
v -1.1491160059543908 -1.3998761613949959 -0.10485446048149688
v -1.0921587599464453 -1.2507601554406054 -0.19701322042794217
v -1.1848579254613458 -1.2108812153652624 -0.19137092263385097
v -1.0929547337795318 -0.84591808076869535 -0.22647481818170728
v -1.3634809428097285 -1.1095041255281617 -0.13812451972899714
v -1.3634809428097285 -0.89049587447183842 -0.13812451972899714
v -1.2797249361912959 -1.0576265060223722 -0.18908774505260934
v 1 1.3680117784833934 -0.045455565846427959
v 1.3500000000000001 0.78368810393753674 -0.016311896062463083
v 1.3500000000000001 1.2163118960624633 -0.016311896062463083
v 1.491432511343314 0.88756457505198383 0.064353665707685692
v 1.4817336721649106 0.702272217076786 0.13855032339526885
v 1.1819243391054282 1.3037219951868864 -0.053867936291330243
v 1.3680117784833936 1 -0.045455565846427848
v 0.81807566089457184 1.3037219951868864 -0.053867936291330243
v 1 1.282348744032155 -0.090530394863088781
v 1 1.0965665694893436 -0.14330721736980323
v 1.2685296128795334 0.73747300276525318 -0.040738032235672961
v 1.5486901296939799 0.94323959458968754 0.11905058538842367
v 1.42477760449027 0.83403957225459679 0.018943389885719975
v 1.2703311699113145 0.83292614877628479 -0.073704566931857451
v 1.4210506685052819 0.73977637587787082 0.055025253169416866
v 1.4916168927203615 0.79279678519556196 0.096811674282443305
v 1.39497794823604 0.64063719113868656 0.09739554574158793
v 1.1491160059543908 1.3998761613949959 -0.0048544604814968473
v 1.5486901296939799 1.0567604054103126 0.11905058538842367
v 1.1864832907941971 1 -0.12470288442733568
v 1.4210506685052819 1.2602236241221292 0.055025253169416866
v 1.4916168927203615 1.207203214804438 0.096811674282443305
v 1.3634809428097285 0.89049587447183842 -0.038124519728997108
v 1.4341677078294128 1.0567992961339578 0.0038569405029114101
v 0.81514207453865406 1.2108812153652624 -0.091370922633850937
v 0.12251545917737562 0.028035909710213133 -0.19139145209624675
v -0.26260039391794254 -1.0719262169727604 0.067802562609584657
v -0.29067417694518227 -1.1000000000000001 0.066398873458222665
v 0.011839286517077247 -0.65472071892081563 -0.032031483565565511
v 1.5296147905743989 1.1345184451858885 0.11599037406757093
v 1.5296147905743989 1.134518445185889 0.11599037406757094
v -0.54353693030931582 0.012480320195035602 -0.090738032235673005
v -0.5340579785862557 0.013778630532339155 -0.094770652203866212
v 0.43175401760983656 1 -0.035236897358524533
v 0.40000000000000036 0.9682459823901638 -0.036824598239016341
v -0.79999999999999982 -0.23175401760983627 -0.096824598239016332
v -0.78917334666272887 -0.22092736427256532 -0.09628326557215279
v 1.5296147905743989 1.1345184451858887 0.11599037406757093
v 1.5036543852355682 1.1938149813098227 0.10616665965435293
v 0.014499266998153047 -0.42926827234888554 -0.13425035608901142
v -0.66824598239016331 -0.099999999999999853 -0.090236897358524512
v -0.69999999999999984 -0.13175401760983643 -0.091824598239016342
v 0.0094079530058910361 -0.79991787004892667 0.081402979955776333
v 1.5597728904357306 1 0.1339659335653596
v -0.85519086357698326 -1.5353608808977057 0.025257458553223106
v 0.43523864035621579 0.015001991330801278 -0.12097763544189355
v -1.3720602088857388 -0.8501709794975062 -0.12079193338311019
v -1.2073302070066738 -1.4589491541099964 -0.035204615640001366
v 1.5630608783651438 0.96068173963813641 0.13839095779095792
v 1.5630608783651438 0.96068173963813652 0.13839095779095792
v -1.3442648648893931 -1.3141529939568148 -0.070224430337727503
v 1.4819722672444928 0.68649905064591865 0.15364593502208201
v -0.40960942540778267 0.013870284581174308 -0.14137092263385098
v -0.40960942540778267 0.01387028458117431 -0.14137092263385098
v 1.5629489627363395 0.95751335411199667 0.13869100899925127
v 0.017928457317910554 0.2114291754363711 -0.17921100276163007
v 1.0546636940498464 1.4445114192537616 0.013748412182100779
v -0.94208058792732485 -1.5433547648161543 0.013023388292516725
v 0.017412590386582358 0.23193532732543301 -0.17598534359147289
v -0.92673169002916045 -1.542125621426762 0.015202808638302159
v 0.023717901568735447 0.1258047354504159 -0.19145027512545595
v 1.5630608783651438 0.96068173963813641 0.13839095779095795
v -0.40960942540778261 0.01387028458117431 -0.14137092263385101
v -1.0953745997586857 -1.5134865264179522 -0.012957537322007587
v -1.1605584079603961 -1.4843214423189532 -0.025651616962164024
v -0.31755432055818889 0.015649025385891812 -0.16470090334549778
v -1.1306776673840291 -1.5003059142243587 -0.019571058685168445
v -1.4061735431434712 -0.95279686225173366 -0.1156463452463473
v 0.0044775514671890233 -0.80484827158762873 0.081156459878841236
v 0.0093258230548179995 -0.79999999999999982 0.081398873458222692
v -0.86824598239016337 -0.29999999999999988 -0.10023689735852452
v -0.99451712313795415 -0.42627114074779066 -0.10655045439591405
v -0.33542514773415161 0.016746405772263405 -0.16053050845930017
v 0.33175401760983708 0.90000000000000047 -0.040236897358524516
v 0.12958426916869881 0.69736483636949043 -0.0506017736005797
v -0.86824598239016315 -0.29999999999999971 -0.10023689735852451
v -0.26295620140028619 0.015919548389449721 -0.17647481818170729
v 0.014382410065451112 0.58233960618274749 -0.056264564876479461
v 0.33175401760983675 0.90000000000000024 -0.04023689735852453
v 0.017484070780286767 0.50919778756018075 -0.092374970380088017
v -0.86824598239016326 -0.29999999999999971 -0.10023689735852451
v -1.3384190080047154 -1.3243117078164428 -0.068331680419063012
v 0.3317540176098368 0.90000000000000013 -0.04023689735852453
v 1.4391601433329897 0.63218155559904798 0.15265586594004363
v 1.473329553241967 0.67421441074678568 0.1535779919116165
v -1.4014560207821911 -1.1816640062591253 -0.092052002491416152
v -1.3999999999999997 -1.1858547876125392 -0.091414521238746091
v -1.3492107531419679 -0.80312647226198297 -0.12206896574509689
v -1.3458586350055861 -0.79683838288540365 -0.12219495696229753
v -1.3999999999999995 -1.1858547876125396 -0.091414521238746008
v 0.010701338404517374 0.067493894821532355 -0.19552878584867453
v 1.473329553241967 0.67421441074678568 0.15357799191161647
v 1.2187971582683692 1.4238478655925855 0.040434787180996828
v 1.2183476827153372 1.424011729940291 0.040350979413271482
v 1.5007245658676709 0.71739427785359744 0.15336925709479088
v -1.277192085950714 -1.3987832975181083 -0.051700483140796248
v -1.4014560207821911 -1.1816640062591248 -0.092052002491416179
v -1.4014560207821911 -1.181664006259125 -0.092052002491416138
v 0.0074365271972033839 0.046902561671502717 -0.19689288345214689
v -1.4059995379477561 -1.16197788471716 -0.094702142220447413
v -0.74574412436586779 -1.5046697003948819 0.03860535138460805
v -0.74574412436586801 -1.5046697003948817 0.038605351384608029
v -0.7457441243658679 -1.5046697003948819 0.038605351384608057
v -1.4143625286660098 -1.1000000000000001 -0.10215437929990144
v -1.4119495628532868 -1.1211111707259778 -0.09968131735539526
v -0.73679940538568334 -1.5008320141259432 0.039563290604741848
v -1.3999999999999999 -0.92694117482367322 -0.11730588251763267
v -0.77731262709692883 -1.5149080260155279 0.034893908537013463
v -1.3101564730448265 -1.3606260298963571 -0.060460867967088307
v -1.3999999999999999 -0.92694117482367266 -0.11730588251763271
v -1.2904479696254549 -1.3840084082062578 -0.055166354623192464
v -1.4134646699306264 -1.0044463515528483 -0.11157506533430914
v 0.025868242030531667 -0.12955071238231497 -0.19407142213718931
v -1.4177359769151561 -1.0426915546296274 -0.10839124107431065
v -0.69999999999999996 -0.13175401760983646 -0.091824598239016328
v -0.59182916311086364 -1.3999999999999997 0.051225625533370428
v -0.59182916311086364 -1.3999999999999997 0.051225625533370435
v -0.59999999999999998 -1.4077169015064064 0.050771690150640654
v -0.62918587918392965 -1.4352813429578957 0.049150252418200112
v -0.59999999999999987 -1.4077169015064062 0.050771690150640647
v -0.57103941212859233 -1.3803652351834101 0.052380611699052157
v 0.021235616673651338 -0.091712597827422096 -0.19597011655983576
v -1.4178516926822771 -1.0596226521859544 -0.10671548868374611
v -1.4177359769151563 -1.0426915546296276 -0.10839124107431065
v -0.71834246787423583 -0.15009648548407228 -0.092741721632728147
v -1.4161361986656242 -1.0844820635352648 -0.10397222344631714
v 0.44993361732519233 1.018179599715356 -0.034327917372756742
v -0.12464437488667381 0.018202114542669262 -0.19391361696724713
v 0.90000000000000036 0.090674176945182525 0.12593258230548179
v 0.90000000000000036 0.090674176945182539 0.12593258230548179
v -0.73296263787810778 -1.4991858685048733 0.039974191168771198
v -0.72066839667027205 -1.4923309542595202 0.041132835925411219
v -0.73296263787810778 -1.4991858685048733 0.039974191168771191
v 0.94593031438197073 1.4279658639835382 -0.00090703924105822362
v 0.94398525853679394 1.4273287636415881 -0.0011350875836397491
v 1 0.19067417694518221 0.13093258230548177
v 0.94593031438197084 1.4279658639835382 -0.0009070392410582028
v -1.3374121379072217 -0.78286007188077922 -0.12232581349800532
v 1 1.4369560245131761 0.0063043975486823762
v -0.9462780816359303 -1.5432114882829404 0.012379436582904548
v -0.94627808163592975 -1.5432114882829406 0.012379436582904618
v -1.0400260851231935 -1.530164565387869 -0.0029874562296920517
v 1.296250285763247 1.3938597177604746 0.05505157108843959
v 0.7122098647809435 1.2804558471711069 -0.021214104999969192
v 0.57555146061535867 1.143797443005522 -0.028047025208248432
v 1.1555083051167505 1.4374899749670382 0.029577248270808737
v 1.5216500862907454 0.76334381389156947 0.15191313155445485
v 1.5018942727584177 1.1978156183681137 0.10550257907695128
v 1.402092795007807 1.3203270549555495 0.078281213755616058
v -1.0527725179322862 -1.5265936903350532 -0.0052565086563375824
v -1.0400260851231935 -1.5301645653878688 -0.0029874562296920734
v 0.77836751377786206 1.341575931644442 -0.017402466097764913
v 0.77836751377786195 1.3415759316444418 -0.017402466097764916
v 0.7712106984886925 1.3353155465919484 -0.017849949885890986
v -0.65286928834952851 -0.084623305959364958 -0.089468062656492764
v 0.014643063419527029 -0.06324061160996701 -0.19722118553492043
v 0.80000000000000038 1.3558644986489401 -0.015586449864893956
v 0.78826456368971087 1.3481130748724632 -0.016571622933789699
v -0.59999999999999998 -0.031754017609836364 -0.086824598239016337
v -0.60542823076141128 -0.037182248371247749 -0.087096009777086911
v -1.3520105039754051 -1.2999999999999998 -0.072801575596310814
v -1.3603960153350048 -1.2824705083122485 -0.075812351469025888
v -1.3502294495430858 -1.3037232051246381 -0.07216209691899908
v 1.436467257228383 1.2854768585537539 0.086922402728882048
v 1.1131127818487152 1.4423206368106656 0.022734853596240681
v 0.73150889485400017 1.2992721503729467 -0.020200880809194681
v 0.80345310768254996 1.3581453257341487 -0.015296566421032375
v -1.3165424208267724 -1.3530496734512523 -0.062176395778890656
v -0.026299299103885371 0.007874489248216307 -0.19894646684761461
v -1.3892720756866024 -1.2167323586769887 -0.086717575485291493
v -1.3165424208267729 -1.353049673451252 -0.062176395778890718
v -1.3165424208267726 -1.353049673451252 -0.06217639577889069
v 1.0073353596774972 0.19800953662267934 0.13129935028935663
v 1 0.19067417694518218 0.13093258230548177
v -1.3384190080047151 -1.324311707816443 -0.068331680419062998
v -0.28420180718681537 0.015689146693519437 -0.1719266762241955
v -1.3384190080047151 -1.3243117078164428 -0.068331680419063012
v -0.31310350014153138 0.015375717218317417 -0.16573956140660751
v 0.014757725186918673 -0.39700561770237358 -0.14472526200554001
v -1.1300870488758867 -1.5006218610438857 -0.019450871226994362
v -0.73415023572100546 -1.4996954013303099 0.039847004774880193
v 0.85469005358603023 1.3912897268788573 -0.010925464649981226
v -1.1000000000000001 -1.511772322210559 -0.013822767778944091
v -1.1300870488758867 -1.5006218610438857 -0.019450871226994342
v 1.2183476827153372 1.4240117299402908 0.040350979413271475
v -0.40527337411972419 0.014576445496450288 -0.14262457170501019
v -0.88941000371886392 -1.5387089969964838 0.020459399141818848
v -0.88941000371886458 -1.5387089969964838 0.02045939914181874
v 1.3048255074661743 1.3894185783813096 0.056781968281795187
v 1.3048255074661743 1.3894185783813096 0.0567819682817952
v 1.1314933584484514 1.4410831838036713 0.025615685386900594
v 1.1314933584484514 1.4410831838036713 0.025615685386900587
v 1.372553859023774 1.3454659958445976 0.071336479269106357
v 1.1314933584484512 1.4410831838036713 0.02561568538690058
v 0.016856961293736646 -0.33809212459264265 -0.15989490346978297
v 1.0445179495877759 1.4441247366011152 0.012265218778054853
v 1.0445179495877759 1.4441247366011152 0.012265218778054849
v 1.3725538590237742 1.3454659958445976 0.07133647926910637
v 1.4000000000000001 1.3221081160615622 0.077789188393843828
v -1.397322817302165 -0.91572874827794959 -0.11802554776752983
v -1.3973228173021652 -0.91572874827794948 -0.11802554776752983
v 0.86215494900263889 1.39476811528698 -0.010153569178302178
v -0.49239558756017976 -1.3017214106149977 0.056312802927472802
v -0.49067417694518206 -1.3 0.056398873458222684
v -0.49067417694518212 -1.2999999999999998 0.056398873458222684
v -0.49067417694518201 -1.2999999999999996 0.056398873458222677
v -1.3827901869341175 -0.87271140641133615 -0.12014738739898403
v -1.3827901869341177 -0.87271140641133615 -0.12014738739898403
v 0.58550389634658273 0.01409930400235637 -0.054751981434139313
v -1.3475440617601115 -0.79999999999999993 -0.12213160926401673
v -1.3301081277299465 -0.77240418935262956 -0.12227580022422904
v -1.3301081277299465 -0.77240418935262956 -0.12227580022422903
v -1.330108127729946 -0.77240418935262922 -0.12227580022422903
v -1.2026353195116346 -1.4618127227362483 -0.034214025653120352
v -1.2026353195116346 -1.4618127227362485 -0.034214025653120324
v -0.41614364407872789 -1.2254694671335458 0.0601254001015454
v -1.2999999999999998 -0.73479567729817075 -0.1215204322701829
v 0.54418330815115412 0.013126698036873802 -0.076955347472091942
v -0.29494018950215628 -1.1042660125569741 0.066185572830373976
v -0.54688433914200041 -1.3562101621968183 0.053588365348381753
v -1.2818726674981957 -0.71362668510803218 -0.12091823161392615
v -1.280478484245841 -1.3958363118142014 -0.052488141455456015
v -1.280478484245841 -1.3958363118142012 -0.052488141455456036
v 1.5014046603233162 0.71862102105116521 0.1533485969433809
v 0.01411788030438418 0.57185994865726519 -0.061905120711442947
v 1.5014046603233164 0.71862102105116565 0.15334859694338088
v 1.5014046603233164 0.71862102105116554 0.1533485969433809
v 1.445976530790434 1.275628654213252 0.089333614197239855
v 1.4459765307904338 1.2756286542132522 0.089333614197239869
v 1.4904426837283729 1.2179582881415716 0.10177057374509875
v -0.59488128496882897 -0.026635302578665521 -0.086568662487457787
v 0.014227044265015082 0.57618460731541743 -0.059577422638376024
v 1.4904426837283729 1.2179582881415714 0.10177057374509879
v 1.4956764994441905 1.2097121897407221 0.10338025594255632
v 1.4999999999999996 1.2014399626358827 0.10485600373641168
v 0.014289821232048574 0.57867159067920215 -0.058238832279870291
v 1.4956764994441905 1.2097121897407219 0.10338025594255633
v 1.5536428740744825 1.0598213697750534 0.12706429413366704
v 1.5536428740744823 1.0598213697750531 0.12706429413366704
v 1.5557420587768391 1.0482012988008278 0.12854117893644307
v 1.5498760499648627 1.0745281700858491 0.12502859048614445
v -1.2877901352190564 -0.71954415282889295 -0.12121410499996919
v -1.2877901352190564 -0.71954415282889306 -0.12121410499996918
v 1.5498760499648627 1.0745281700858491 0.12502859048614443
v 0.21054464395754449 0.017422448529318915 -0.17942621688448626
v 0.017921555230422194 0.22911509778041425 -0.17647481818170729
v 0.85746647491396089 1.3928924421428266 -0.010669272977188537
v 0.85746647491396111 1.3928924421428266 -0.010669272977188525
v -0.57103941212859211 -1.3803652351834099 0.052380611699052164
v 0.009325823054818003 -0.79999999999999982 0.081398873458222692
v 0.43376796821471975 0.015007800811087119 -0.12152575558457639
v 0.015013059346224959 -0.2015445378279106 -0.18583921299260281
v 0.016039857505575111 0.47513130387618585 -0.1056623104148821
v 0.015516783976823205 0.46279290750165203 -0.11047479618926584
v 0.01009498987783476 -0.77485352844224153 0.05781332720864113
v -0.55363100038123036 0.012706477511376955 -0.085557508908232466
v -0.5462494592529209 0.012541094319052312 -0.089345896123223939
v 0.31044091457927986 0.012713131656065892 -0.15941781013972833
v 0.017162043461486611 0.32745585369449381 -0.15408123649208247
v 0.016931284436883895 0.32159719116000857 -0.15559525402518012
v -0.55985528586379618 0.0069804386855406454 -0.085594248100102716
v 0.0093258230548180013 -0.79999999999999982 0.081398873458222692
v 0.90000000000000024 0.090674176945182483 0.12593258230548179
v 1 -1.3680117784833934 -0.095455565846428003
v 1.595455565846428 -1 0.1319882215166065
v 0.78368810393753674 -1.5663118960624631 0.14999999999999997
v 1.2163118960624633 -1.5663118960624631 0.14999999999999997
v 1.3500000000000001 -1.2163118960624633 -0.066311896062463127
v 1 -1.595455565846428 0.13198822151660644
v 1 -1.1912865702388702 -0.17335685044874227
v 1.1819243391054282 -1.3037219951868864 -0.10386793629133029
v 1.491432511343314 -0.88756457505198383 0.014353665707685648
v 1.4817336721649106 -0.702272217076786 0.088550323395268804
v 1.6733568504487422 -1 0.30871342976112981
v 0.58855032339526869 -1.4817336721649106 0.202272217076786
v 0.73747300276525318 -1.5907380322356732 0.23147038712046658
v 0.83403957225459679 -1.53105661011428 0.075222395509730089
v 1.1670738512237153 -1.6237045669318575 0.22966883008868555
v 0.89049587447183842 -1.5881245197289973 0.13651905719027163
v 0.94320070386604227 -1.5461430594970886 0.065832292170587114
v 0.94237349397762793 -1.6390877450526093 0.22027506380870421
v 1 -1.0965665694893436 -0.19330721736980327
v 1.6054505351042923 -0.90815973483089096 0.16089085055753249
v 1.4949747468305832 -0.57894933149471806 0.23977637587787087
v 1.6054505351042923 -1.091840265169109 0.16089085055753249
v 1.590738032235673 -1.2685296128795334 0.23747300276525324
v 1.4949747468305832 -1.4210506685052819 0.23977637587787087
v 1.3612851340357426 -1.5484161888543193 0.25769288964770554
v 1.4531883257175569 -1.4916168927203617 0.29279678519556196
v 1.091840265169109 -1.3391091494424674 -0.10545053510429236
v 1.2685296128795334 -1.2625269972347468 -0.090738032235673005
v 1.42477760449027 -1.1659604277454032 -0.03105661011428007
v 1.5548544604814971 -1.1491160059543908 0.10012383860500396
v 1.207203214804438 -1.4531883257175569 0.0083831072796385353
v 1.2423071103522945 -1.3612851340357428 -0.048416188854319198
v 1.0931497728984139 -1.0575697256955536 -0.19138183841659639
v 1.2703311699113145 -1.1670738512237153 -0.1237045669318575
v 1.0929547337795318 -1.1540819192313048 -0.17647481818170729
v 1.5305547940334434 -1.3279008956068681 0.18220665018231724
v 1.5484161888543193 -1.2423071103522945 0.13871486596425725
v 1.4916168927203615 -1.207203214804438 0.046811674282443261
v 1.5486901296939799 -0.94323959458968754 0.069050585388423624
v 1.42477760449027 -0.83403957225459679 -0.03105661011428007
v 1.5548544604814971 -0.85088399404560922 0.10012383860500396
v 1.4978972144735514 -1 0.0079650786585587774
v 1.2703311699113145 -0.83292614877628479 -0.1237045669318575
v 1.0929547337795318 -0.84591808076869535 -0.17647481818170729
v 1.1864832907941971 -1 -0.17470288442733573
v 1.1848579254613458 -0.7891187846347375 -0.14137092263385098
v 1.4210506685052819 -0.73977637587787082 0.0050252531694168212
v 1.5484161888543193 -0.75769288964770554 0.13871486596425725
v 1.4916168927203615 -0.79279678519556196 0.046811674282443261
v 1.39497794823604 -0.64063719113868656 0.047395545741587886
v 1.3634809428097285 -1.1095041255281617 -0.088124519728997153
v 1.3634809428097285 -0.89049587447183842 -0.088124519728997153
v 1.4341677078294128 -1.0567992961339578 -0.046143059497088634
v 1.2797249361912959 -1.0576265060223722 -0.13908774505260935
v 1.6237045669318575 -1.2703311699113145 0.33292614877628479
v 0.68220665018231719 -1.5305547940334434 0.17209910439313197
v 0.85088399404560922 -1.3998761613949959 -0.054854460481496892
v 0.90784124005355471 -1.2507601554406054 -0.14701322042794218
v 0.64063719113868645 -1.4526044542584122 0.10502205176395996
v 0.90704526622046833 -1.1540819192313048 -0.17647481818170729
v 0.60502205176395996 -1.3593628088613134 0.047395545741587886
v 0.0059797126559437714 0.58380355964821207 -0.059907313424793114
v 0.014145207187974651 0.57294253528234584 -0.061322430839173311
v 0.014673131893560159 -0.19101528484018859 -0.18741621641271594
v 0.013818331092992494 -0.16453782968696018 -0.19138183841659637
v 0.014167008296224304 0.57380621181995295 -0.060857566818390649
v 1.2183476827153372 1.424011729940291 0.040350979413271482
v 1.2183476827153372 1.424011729940291 0.040350979413271482
v 0.0042360915889829466 0.58714678254396713 -0.059067543678753907
v 0.014228120876521366 0.57622725854614609 -0.059554466101125671
v 0.014279103478407209 0.57824699426649295 -0.058467366444024754
v 0.99998018522697496 -1.6754217143543872 0.31753919921948504
v 0.99773076751397316 -1.6753603206712657 0.31719564719422255
v 0.99773076751397316 -1.6753603206712659 0.31719564719422255
v 0.40808516029699199 -1.2925337364664882 0.1904661476911976
v 0.41430838678213922 -1.2999999999999994 0.19214625801732083
v 0.0057427173826770832 0.58782410006995389 -0.057921002399593816
v 0.014384883468427078 0.5824375929499308 -0.056211824619458568
v 0.12265495935259724 0.028066057267105687 -0.1913816034715288
v 0.4000000000000003 -1.2828336335324082 0.18828336335324083
v 0.40678542485895836 -1.2909743898273511 0.19011525271157884
v 0.18105019978014175 0.013590433357931288 -0.18458415792704905
v 0.18105019978014184 0.0135904333579313 -0.18458415792704902
v 0.16181020909729782 0.011090710503330142 -0.18794881660665214
v 0.01913793346626453 0.16053550038741488 -0.18690063357401854
v -0.23600220828563956 0.41000907159388161 -0.18777764953545009
v -0.046510562665378598 0.61917562457694708 -0.06889414685750149
v -0.099999999999999853 0.65126883296347116 -0.080126883296347082
v 1.5296147905743989 1.1345184451858885 0.11599037406757096
v 0.20719203694715044 0.016986866802460213 -0.180012515415643
v 0.18105019978014184 0.013590433357931298 -0.18458415792704902
v 0.22351580355696504 -1.0710982060514171 0.1406371911386865
v 0.22351580355696499 -1.0710982060514171 0.14063719113868647
v 0.23493045311713964 -1.0847928356719758 0.14371885153476854
v 0.90000000000000036 -1.6620565498371682 0.30120565498371688
v 0.93328647899714012 -1.6667135210028599 0.30666432394985704
v 0.17604887437264585 -1.0104460187603428 0.12745193303193114
v 1.4478790122671534 -0.51610362215118599 0.26879221405519166
v 1.429396404742133 -0.5 0.26440946071131993
v -0.6082381649183356 0.84142740963511142 -0.17861798361148021
v -0.59866529804604862 0.83085225868548063 -0.17877310726637355
v -0.59866529804604507 0.83085225868547674 -0.1787731072663736
v 0.46047545032354398 -1.3550629073604543 0.20457760828457699
v 0.49914303218170036 -1.3999999999999999 0.21487145482725503
v 0.16181020909729765 0.011090710503330112 -0.18794881660665216
v 0.017925404613411682 0.21925143135493236 -0.17800082352369026
v -0.69999999999999996 0.28257850158055725 -0.13325785015805569
v -0.6813924681127248 0.24700434892894038 -0.12690930510980275
v -0.144268407963899 0.38614671308168669 -0.17727317644805998
v -0.62084789271157836 0.85437895911595818 -0.17856507981833261
v 1.3014209032747113 -1.6127363014221869 0.35648676563342535
v 1.5680428803579505 -0.64563627498070775 0.29977005955176328
v -0.39634204805171119 0.64102985620816133 -0.17683834924722661
v 0.01350110133868326 -0.64174811294261036 -0.039714360402329674
v 0.71070412189278087 -1.5902731909483225 0.26563293737874943
v 1.5296147905743989 1.1345184451858885 0.11599037406757093
v 0.014657147035641718 -0.39786227543533809 -0.14448726371654178
v 0.013340180320608812 -0.40907932114721718 -0.14137092263385101
v 0.013340180320608817 -0.40907932114721723 -0.14137092263385095
v 0.44091692349571004 -1.3319233676966082 0.19932987529401733
v 1.6789114191676981 -1.091753105724117 0.36101202344756639
v 0.46047545032354381 -1.3550629073604539 0.20457760828457697
v 0.45181552879928738 -1.3449988775689294 0.202272217076786
v 0.45181552879928721 -1.3449988775689292 0.20227221707678597
v 0.014330280375347887 -0.42307474075968182 -0.1365046114086558
v 0.55912880562655154 -1.4689157227197873 0.23076089311596151
v 1.1183731379128288 -1.6684910149092638 0.33460507217785074
v -0.57106706265551588 0.82351854030738658 -0.17532807844609441
v 0.017921555230422194 0.22911509778041425 -0.17647481818170729
v 0.42873832573085735 -1.3173121976551454 0.19604196862514314
v 1.1721699696123014 -0.27815307766961966 0.20364080320880718
v 0.014330280375347891 -0.42307474075968182 -0.1365046114086558
v 0.95715297845357261 -0.099999999999999867 0.15357294676803587
v 0.95715297845357272 -0.099999999999999867 0.1535729467680359
v 1.5296147905743986 1.134518445185889 0.1159903740675709
v 1.5296147905743989 1.1345184451858887 0.11599037406757093
v 0.72805470950799889 -1.6000000000000001 0.26920820642619986
v 0.72805470950799944 -1.6000000000000003 0.26920820642620003
v 0.016889358758553717 -0.37884978206805464 -0.14976935096899055
v 0.015331204668731205 -0.39212110126859645 -0.14608228769863654
v 0.95198648177850342 -0.095723286194489846 0.15237030088622447
v 0.01436632389766933 -0.42439577250987759 -0.13602379641523771
v 0.72805470950799878 -1.5999999999999999 0.26920820642619986
v 0.016889358758553692 -0.37884978206805464 -0.14976935096899055
v 0.75414788001205557 -1.6126349848971482 0.27438568049152312
v 0.43213824510516619 0.015014238577880413 -0.12213315409178771
v 0.41083752197278822 0.015098381146179882 -0.13007194280827883
v -0.57043774300777206 0.8228834350545694 -0.17532930370890007
v 1.4000000000000004 -1.5571734764720262 0.36571734764720271
v 1.4031750666191933 -1.5550575719081521 0.36598201718369427
v 0.016855237634847444 -0.33592367409790991 -0.16043361841783985
v 0.016848743289282948 -0.32775345727576388 -0.16246337097232369
v -0.53567958655955561 0.78945877986247937 -0.1750468977254632
v 0.96485326069945632 -0.10637412650359487 0.15536540175527791
v 0.96485326069945632 -0.10637412650359489 0.15536540175527791
v 0.017437090933442076 0.23179956713107147 -0.17600890591661153
v 0.016856961293736646 -0.33809212459264265 -0.15989490346978297
v -0.46105572731389277 0.047499098918549705 -0.13470400150395048
v -0.62787943043086525 0.14469733782834146 -0.10865164834746394
v 1 -0.13546783441414575 0.16354678344141457
v 0.31044091457927986 0.01271313165606589 -0.15941781013972833
v 0.31171595746739045 0.012840334784804121 -0.15906916864157861
v 0.64210635397368498 -1.5470233578298911 0.25101828887904187
v 0.65408223565573331 -1.5550017263536402 0.25361250798372403
v 0.64210635397368487 -1.5470233578298909 0.25101828887904187
v 0.3222497023817622 0.013891221247473676 -0.15618887289441724
v -0.82581515310397269 0.67509565451000508 -0.19138183841659639
v -0.82581515310397269 0.67509565451000519 -0.19138183841659639
v -0.46324063175948793 0.048927301592474069 -0.13442085995488953
v -0.40960942540778267 0.013870284581174312 -0.14137092263385098
v 0.58974156282789536 -1.4999999999999998 0.23846123442418432
v 0.58974156282789569 -1.5 0.2384612344241844
v -0.52378745310814412 0.076607972451754491 -0.12212305240425575
v -0.42555265345866244 0.014260709159314298 -0.13555139764742427
v 0.31044091457927991 0.012713131656065893 -0.15941781013972833
v -0.41087840740161363 0.013901359954243525 -0.14090772456650488
v 0.63612454843518007 -1.5420227032820015 0.24962095259347719
v 0.23321658031414039 0.019317450802126084 -0.17531059545371494
v -0.8077235898727293 0.57442460261909123 -0.17860099874281854
v -0.80772358987272941 0.57442460261909112 -0.17860099874281854
v -0.80671341050109069 0.56880342889067936 -0.17788735446423157
v 0.61670572665779166 -1.5247088340829118 0.24497674240695996
v 0.010701338404517797 0.067493894821531883 -0.19552878584867453
v 0.0082771034545564403 0.052204119603669295 -0.19654167537750467
v 0.010701338404517953 0.067493894821532882 -0.19552878584867445
v -0.64884529251499867 0.18478018077452277 -0.11580481195470206
v -0.4820283322929127 0.06120822499524467 -0.13198616371769209
v 0.013991169460416696 0.088243029450686974 -0.1941542344966308
v 0.013507163571364646 0.085190379274248496 -0.19435646097510012
v 0.010701338404517374 0.067493894821532341 -0.19552878584867453
v -0.82581515310397258 0.67509565451000497 -0.19138183841659639
v 0.65408223565573365 -1.5550017263536402 0.25361250798372414
v -0.41591403708870189 0.70924689456445822 -0.1666703091186319
v 0.012748414395830698 0.26185974474474205 -0.17063578483424419
v -2.1458418115544296e-16 -2.063660557311884e-16 -0.19999999999999993
v -2.0825971585534631e-16 -2.0825971585534631e-16 -0.19999999999999996
v -0.82247690100201154 0.69124749340078007 -0.19249628449037973
v 0.72140577532935946 -1.5967804149014324 0.26788890778954721
v -0.020348295941502868 0.0060926504914807639 -0.19918486023964965
v -0.48272827022112275 0.78045605314433686 -0.16573956140660751
v -0.47272688175261068 0.77045466467582469 -0.16573956140660751
v -0.40718803420476074 0.80292717503136901 -0.14137092263385098
v -0.49509813406217101 0.82779772918927785 -0.15704449302825346
v -0.54667436618740561 0.14070110855587781 -0.13754153595352492
v -0.018156459893846559 0.0054363748499533871 -0.19927266379409719
v -0.82247690100201154 0.69124749340078007 -0.19249628449037973
v -0.80000000000000004 0.7999999999999996 -0.1999999999999999
v 0.017924274864860722 0.22214630122938653 -0.17755295893640549
v 0.017924274864860725 0.22214630122938656 -0.17755295893640552
v -0.79999999999999982 0.79999999999999982 -0.19999999999999996
v -0.40718803420476068 0.80292717503136901 -0.14137092263385098
v -0.40718803420476052 0.8029271750313689 -0.14137092263385095
v -0.40960942540778261 0.01387028458117431 -0.14137092263385098
v -0.40960942540778289 0.013870284581174595 -0.14137092263385098
v -0.29999999999999982 0.75225163014608609 -0.12022516301460857
v 0.80519513539037835 0.0096182971866944997 0.10786822122130711
v 0.81655989260886974 0.0054923250804154609 0.11510700633351947
v -0.13320622599159662 0.017513272602370962 -0.19338466107125546
v -0.13320622599159643 0.017513272602371129 -0.19338466107125549
v 0.011351990125421048 -0.79999999999999971 0.081702798518813166
v 0.011327473350935995 -0.79996867301037999 0.081695988303678399
v -0.15857706627557355 0.011826063314227683 -0.19160875754069129
v -0.78204935879571569 0.48432157587250163 -0.16573956140660751
v -0.78204935879571547 0.48432157587250146 -0.16573956140660745
v -0.78204935879571558 0.48432157587250169 -0.16573956140660751
v 0.57365652968096414 -1.4852603471128216 0.23457451416342684
v 0.57365652968096426 -1.4852603471128218 0.23457451416342687
v 0.011351990125421048 -0.79999999999999982 0.081702798518813152
v -0.76304457244733959 0.43335034821094265 -0.15779172068819519
v 0.017924274864860829 0.22214630122938664 -0.17755295893640546
v -0.78520690488195488 0.4945412256119236 -0.16723515829348559
v 0.017921639035425947 0.22890035567653172 -0.17650804087837382
v 0.52212345757516176 -1.4267064412920951 0.22098916276548378
v 0.5 -1.4009959154513798 0.21509959154513797
v -0.86824598239016348 -0.29999999999999993 -0.10023689735852452
v -0.8682459823901636 -0.29999999999999999 -0.10023689735852453
v 0.017921555230422197 0.22911509778041428 -0.17647481818170729
v 0.017921555230422281 0.22911509778041433 -0.17647481818170727
v -0.86824598239016326 -0.29999999999999971 -0.10023689735852452
v -0.70523955422879858 0.85595905282276608 -0.19138183841659639
v -0.71478422617353654 0.85032262090030375 -0.19224989601606085
v -0.25409525598207167 0.017226388766688583 -0.17804848789313613
v -0.35872884614844763 0.1147967259407377 -0.17695530718282315
v -0.26102356046014441 0.016204580414372293 -0.17681804775451526
v 0.83170024865384207 0 0.12475503729807633
v 0.85699234079824316 -0.019543889384309829 0.13050324005816749
v 0.85699234079824327 -0.019543889384309916 0.13050324005816749
v 0.43603721003528084 0.014998836803917615 -0.12068000817740615
v -0.70523955422879847 0.85595905282276608 -0.19138183841659639
v -0.69999999999999996 0.85586095087152403 -0.19058609508715238
v 0.10958346487612022 0.0250766078634308 -0.19230011858765045
v 0.86193527116062507 -0.023363426482514087 0.13162663332234517
v 0.024116897326048933 0.12660260126791864 -0.19138183841659639
v 0.02163551583337419 0.14351384429741995 -0.18914852661229287
v -0.71478422617353654 0.85032262090030364 -0.19224989601606085
v 0.33175401760983675 0.90000000000000013 -0.040236897358524537
v 0.33175401760983675 0.90000000000000013 -0.040236897358524537
v 0.0099330707036855495 -0.76427382780103903 0.047395545741587879
v 0.0099330707036855495 -0.76427382780103903 0.047395545741587886
v 0.0099565119975675263 -0.76580546772705016 0.048903744373717035
v -0.71478422617353654 0.85032262090030364 -0.19224989601606088
v 0.024116897326048933 0.12660260126791864 -0.19138183841659639
v 0.024064945774373011 0.12649871453105824 -0.19139074927129018
v 0.33175401760983675 0.90000000000000013 -0.04023689735852453
v 0.010560716895987983 -0.75994228790659957 0.043837490958997881
v -0.032518739184161087 0.53531737889330144 -0.10131155778215437
v -0.0042108895674449242 0.48878735234027598 -0.10812990498070353
v 0.021635515833374187 0.14351384429741995 -0.18914852661229284
v -0.29999999999999977 0.75225163014608598 -0.12022516301460856
v -0.056120421578966073 0.5778969657260874 -0.09421043358545074
v 1.3195589983694738 -1.6045762052370787 0.35839147027912899
v 1.3195589983694738 -1.6045762052370787 0.35839147027912899
v 1.3247157425406229 -1.6016254013584788 0.35886990151694131
v -0.039190006254768178 0.56734754920912811 -0.091822800895166215
v 0.021635515833374169 0.14351384429741995 -0.18914852661229284
v -0.21914630528059492 0.71402623431442913 -0.10427456922353213
v 0.017584029896855785 0.51155564956940869 -0.091455306508631484
v 0.02160883210105374 0.14369570068811935 -0.18912451051700471
v 1.2250580743459283 -1.6433767447545651 0.34809638562734568
v 1.2321721698534831 -1.6406382366513257 0.34888964914315501
v -0.44150349729644467 0.58221672332415864 -0.19195399845314129
v -0.50771354545660685 0.64252306831377404 -0.19229157300944533
v -0.69999999999999984 -0.1317540176098364 -0.091824598239016356
v -0.66824598239016331 -0.099999999999999853 -0.090236897358524512
v 1.2250580743459283 -1.6433767447545651 0.34809638562734568
v 1.2120596704056201 -1.6470536980649639 0.34651432036733937
v -0.19999999999999996 0.7049743894902144 -0.10049743894902143
v -0.21914630528059487 0.71402623431442913 -0.10427456922353213
v 1.6521379565173446 -1.2119388620966876 0.36901457968727036
v 1.6547856301186636 -1.2036875456708596 0.36858659908488539
v -0.011394067706644955 0.49303328981441702 -0.10922895734585553
v 0.015516783976823158 0.46279290750165208 -0.11047479618926584
v 0.015516783976823207 0.46279290750165203 -0.11047479618926584
v 1.1222043126255685 -1.667995777655183 0.33513022465935366
v 1.1338741513404273 -1.6654331746615885 0.33662444016722298
v 1.1222043126255683 -1.6679957776551833 0.3351302246593536
v -0.57195734512547391 0.6962065491274797 -0.1928954134887135
v 1.1222043126255683 -1.6679957776551833 0.33513022465935366
v 0.01490343751278432 0.09399675124211801 -0.19377307228389049
v -0.21598494961974951 0.70954934836428862 -0.1047668124002927
v 0.015713962683701812 0.39530648588935008 -0.13565298551649616
v 1.6521379565173446 -1.2119388620966873 0.36901457968727036
v 1.6521379565173444 -1.2119388620966876 0.36901457968727042
v 1.0970567647322014 -1.670740049099863 0.33163251961981649
v 1.0027412504347897 -1.6754970725066167 0.31796089481588019
v 1.6416548577343413 -1.2400987180310856 0.37025810046325969
v 0.01128964011296751 -0.79917933795433105 0.080944486485597822
v 0.010284368168807611 -0.78722739112381312 0.069997811599240026
v 1.6203835622356877 -1.2915644966771229 0.37221398400306543
v 1.6162480456366153 -1.2999999999999998 0.37243720684549231
v 0.010429619871701361 -0.79671804930136103 0.079343218073894092
v 0.33175401760983342 0.8999999999999968 -0.040236897358524711
v 1.0027412504347897 -1.6754970725066169 0.31796089481588019
v 1.000018705521158 -1.6754227656943501 0.31754508239760876
v 0.010101584831467537 -0.77528443871302399 0.058237642525790848
v 0.13637726986817444 -0.95945056327616307 0.11612808205222294
v 1.6514401495236777 -0.81549413958808092 0.32926543638735967
v 1.6456705904296289 -0.79999999999999982 0.32685058856444427
v 0.014389888441201572 0.58263587083136514 -0.05610510381695627
v 0.014389888441201572 0.58263587083136503 -0.05610510381695627
v 1.3855047461770587 -1.5668332970040033 0.36450904162695924
v 0.010110078717956741 -0.77583942410501594 0.05878413403129349
v 0.13747006410589652 -0.96103905718553873 0.11662378172387659
v 0.010091305603476331 -0.77461280019003131 0.057576283230789414
v 1.5420211677568789 -0.61268560095086722 0.29257173525861857
v 0.01009437312356427 -0.77481323009224545 0.057773645612915585
v 1.5068882740172291 -0.57202347945356136 0.28323558904794044
v 0.33175401760982376 0.89999999999998725 -0.040236897358525196
v 1.6514401495236775 -0.81549413958808081 0.32926543638735967
v 1.6733723173408188 -0.89892281356889692 0.34089812895801253
v 1.6106526316091627 -0.71748638425183298 0.31334653316655769
v 1.6761015320291477 -0.91364380599925488 0.34277961040429761
v 0.38472599542645469 0.018286199001645909 -0.13864950220082797
v 0.024526884071388033 0.0056126264547789809 -0.19827661865795509
v 0.014385402732948985 0.58245816422453023 -0.056200752366124658
v -0.63729734837512297 0.16270265162487693 -0.11186486741875615
v -0.55816823578927266 0.018936518805200402 -0.08644620954810836
v -0.55342507936639296 0.01270186385764144 -0.085663192603052815
v 1.6741554651746176 -0.90226912908495605 0.34135023268468817
v 0.32992471384484229 0.014656909586516257 -0.15409025525593964
v 1.6733723173408186 -0.89892281356889681 0.34089812895801247
v 0.011299364388562961 -0.79914515726177748 0.080900581517448916
v 0.014108864932657002 0.5715027941057893 -0.062097355064942676
v 0.014108126574036111 0.57147354316084165 -0.062113099051595108
v 0.01475592605539454 -0.62460828414047831 -0.049371309548007371
v 0.11806214826133427 -0.93635186872922227 0.11134450911212238
v 1.6762213345222954 -0.91460227389216298 0.34289342756756053
v 0.014161499683660759 0.57358798165607983 -0.060975026708774117
v 0.13604134222370162 -0.95878693824142069 0.11580038466195341
v 0.010701338404517332 0.067493894821532383 -0.19552878584867453
v 0.8773086216376984 -1.6570860306372552 0.29730489630938028
v -0.57195734512547391 0.6962065491274797 -0.1928954134887135
v 0.013426836780052553 0.5444834468943327 -0.076640209752693658
v 0.013426836780052583 0.54448344689433281 -0.076640209752693644
v 1.0779582721913219 -0.19999999999999998 0.1816937408286983
v 1.0779582721913217 -0.19999999999999996 0.1816937408286983
v 1.6762213345222952 -0.91460227389216298 0.34289342756756058
v 1.6792109092030858 -0.95491251443482994 0.34737288782394582
v 0.016206175581120533 -0.15760468340526276 -0.19191481394611415
v 0.013727088420614248 0.55637826867869145 -0.070237957936880924
v 1.0779582721913215 -0.19999999999999979 0.18169374082869824
v 1.6822465527390351 -1.0100515990587104 0.35334214281672632
v 1.6803627247810839 -1.0714842755955123 0.35920283627671379
v 0.30892100628232644 0.01292670608591988 -0.15974260492683187
v -0.54912293612560337 0.012605474476259966 -0.087871157602118236
v -0.55298968706037266 0.012692108906983888 -0.085886646569773503
v 0.87138748260689924 -1.6554604738768106 0.29625416977871594
v 0.014257549485376853 0.57739310748886141 -0.058926961238440156
v -0.47167227063297829 0.76940005355619234 -0.16573956140660751
v 1.6803627247810839 -1.0714842755955123 0.35920283627671373
v -0.25964963440801725 0.016407211392842066 -0.17706205171932143
v 1.6456705904296289 -0.79999999999999971 0.32685058856444427
v 0.80358306899117982 -1.6343974551055886 0.28397720585923586
v -0.25152102190058495 0.5563297267527253 -0.16397902637928777
v 1.6177416247999865 -0.72999469328379463 0.31566071304837745
v -0.26295620140028614 0.015919548389449711 -0.17647481818170732
v -0.26295620140028614 0.015919548389449718 -0.17647481818170729
v 0.35805764645275145 -1.2325136483049939 0.17696001179841211
v 0.49972672212143382 -1.4006783286576023 0.21502684118397525
v 1.6177416247999865 -0.72999469328379463 0.31566071304837745
v 1.6289730584934825 -0.7551588108592282 0.31986183985994515
v 0.016931284436883895 0.32159719116000857 -0.15559525402518012
v 0.016931284436883895 0.32159719116000857 -0.15559525402518012
v 0.016932732327401331 0.32163395116080651 -0.15558575436798069
v 0.015494864874745754 0.3232273734560917 -0.15554707864865097
v -0.26295620140028614 0.015919548389449711 -0.17647481818170729
v -0.28420180718681531 0.015689146693519375 -0.1719266762241955
v -0.28420180718681542 0.015689146693519371 -0.17192667622419544
v 0.49930045599231831 -1.4001829482998795 0.21491336322883567
v 0.017162043461486611 0.32745585369449381 -0.15408123649208247
v -0.12095659386017441 0.48221357484243155 -0.14994424837207487
v -0.28420180718681537 0.015689146693519437 -0.1719266762241955
v 0.017241552316820567 0.32947447702984017 -0.15355957628304243
v 1.6289730584934825 -0.7551588108592282 0.31986183985994515
v -0.19959785809994304 0.59533699892655145 -0.14137092263385098
v -0.19837865641624319 0.59411779724285152 -0.14137092263385098
v 0.018081396214643383 0.35079698863024822 -0.14804933290877834
v 1.5877474835250831 -1.3558450083410669 0.37374662336286912
v 1.5313333756694743 -0.59999999999999987 0.28970000635042109
v 0.023080394314286511 -0.099679842312792824 -0.1956200330666634
v 0.026934108649837148 -0.11632330308107172 -0.19488871361300095
v -0.31310350014153138 0.015375717218317417 -0.16573956140660748
v -0.3157780289988012 0.015539949991756119 -0.16511542457401876
v 0.016931284436883891 0.32159719116000857 -0.15559525402518012
v -0.10579096195272077 0.44210113046070248 -0.15614679341095203
v 1.569693198983855 -0.64791023986832053 0.30024500383441027
v 1.569693198983855 -0.64791023986832053 0.30024500383441027
v 1.5712675950749908 -0.65051972641169353 0.30074211190241795
v -0.19999999999999993 0.7049743894902144 -0.10049743894902143
v -0.62482380374105018 0.40033386901416207 -0.1799643771052867
v -0.62482380374104896 0.40033386901416101 -0.17996437710528676
v -0.32122184602510256 0.64318595459439498 -0.15971366525046693
v -0.1631122338278542 0.49282131179443911 -0.15778802759391389
v 0.0022531025244880883 0.33555636511242293 -0.1557740215234204
v 0.015385139543951896 0.28234264337926218 -0.16573956140660748
v 0.015385139543951896 0.28234264337926218 -0.16573956140660748
v -0.15052948489697993 0.68158609501126011 -0.090738032235673005
v -0.71244919655600036 0.55897384639421477 -0.19095531486184092
v -0.29751982248715897 0.14680032389319145 -0.19138183841659639
v 0.011351990125421048 -0.79999999999999982 0.081702798518813152
v -0.52790017470477735 0.3244459481554241 -0.18322007677121052
v -0.56572049399810598 0.34452659350777548 -0.18047450481157876
v -0.13034689800306642 0.017743319237781035 -0.19356131193560389
v -0.5041066671939789 0.38418583231240483 -0.19314291022815652
v 0.016931284436883982 0.32159719116000846 -0.15559525402518015
v 0.016931284436883985 0.32159719116000862 -0.1555952540251801
v -0.42865091654232396 0.32244534679074283 -0.19392715096775667
v -0.1505294848969799 0.68158609501126011 -0.090738032235673005
v 0.014389888441201539 0.58263587083136514 -0.056105103816956277
v 0.0068025119348990607 0.58718823233407569 -0.057698446443172707
v 0.12278782403980061 0.028008455179195632 -0.1913699550679045
v 0.83170024865384218 1.9844486568834567e-17 0.12475503729807633
v 1.4224327503246741 -0.49393267105962246 0.26275817965466336
v 0.023934005590741679 -0.10336642739772844 -0.19545804323607877
v -1.3384190080047154 -1.3243117078164428 -0.06833168041906304
v 0.62714406481307605 0.015079432263422366 -0.032376890886763064
v 0.59622503302220231 0.014351658626113064 -0.048991044033494156
v -0.45041338489858812 0.34597481057564883 -0.19402818800850613
v 0.014792450895811344 -0.62612325766674903 -0.048595143595266829
v -0.5175791491891113 0.48566758482723837 -0.19817529237679657
v -1.3827901869341177 -0.87271140641133615 -0.12014738739898406
v -1.3827901869341175 -0.87271140641133593 -0.12014738739898408
v 0.014674587423563501 -0.39771372982190806 -0.14452853294283147
v -1.397322817302165 -0.91572874827794948 -0.11802554776752985
v -0.45041338489858812 0.34597481057564894 -0.19402818800850613
v 0.010371105241586161 -0.79289473885649242 0.075578422259140687
v 1.5986999935897683 -1.3357939927950935 0.37338439831797454
v 1.5986999935897686 -1.3357939927950935 0.37338439831797465
v 0.016842426932467711 -0.31980715934712145 -0.16443749465477395
v -1.397322817302165 -0.91572874827794903 -0.1180255477675299
v 1.5986999935897683 -1.3357939927950935 0.3733843983179746
v 0.015385139543951891 0.28234264337926207 -0.16573956140660753
v 0.01320293909277798 0.26539063354484721 -0.1697917626686353
v 1.1314933584484514 1.4410831838036713 0.025615685386900587
v 1.1314933584484514 1.4410831838036713 0.025615685386900584
v -0.086101969913990661 0.26825553228037541 -0.18651678371728367
v -0.59652514805137735 0.82799780514385046 -0.17888366013198545
v 0.39209089473136421 0.017387057487792283 -0.13623015451941578
v 0.016875475697681271 -0.36138418582637249 -0.15410838374607011
v 0.016877048283294907 -0.36336257846151709 -0.15361688546733754
v 0.016931284436883895 0.32159719116000857 -0.15559525402518012
v 0.01686134379140436 -0.3436055294173046 -0.15852519104104695
v 0.016865897939631634 -0.34933487937065344 -0.1571018306876448
v 1.5313333756694745 -0.59999999999999987 0.28970000635042115
v -0.16170311936228313 0.011125317183986523 -0.1913899406370618
v 1.5313333756694743 -0.59999999999999964 0.28970000635042109
v 0.017162043461486656 0.32745585369449381 -0.15408123649208244
v 0.81085687049233335 0.0096732104018709825 0.11358486953843858
v 0.80523358851198135 0.0096186701438362634 0.10790704730005191
v 0.015365188085589608 0.39722962458579997 -0.13506389228812296
v 0.013235201682962605 0.40897434250957088 -0.13146626627663552
v 1.5121069812864767 -0.5771797238501547 0.28453401957798696
v 1.5121069812864767 -0.5771797238501547 0.28453401957798691
v 0.81085687049233346 0.0096732104018709807 0.11358486953843858
v 0.81085687049233335 0.0096732104018709807 0.11358486953843856
v 0.013235201682962602 0.40897434250957088 -0.13146626627663552
v 0.81745030781633543 0.0097371602045385024 0.12024225666510813
v 0.017362717935109743 0.33255070977766105 -0.15276460468522887
v 1.1291115916081615 -0.24234360749776929 0.19360109949100116
v 0.81634590096698201 -0.0070752250872513642 0.10232546452396493
v -0.37583395476561265 0.019227758864449569 -0.15110057661887472
v -0.37572245359542206 0.019220911996309663 -0.15112659689792446
v 0.80240519026158352 -0.0027429197660329241 0.092717059139784896
v 0.822770316438178 -0.00027998917952455865 0.11554511590288769
v 0.015190884192083396 -0.065606545548551831 -0.19711722557494232
v 0.80522054708120716 0.0096185436548922691 0.10789387938033372
v -0.3752753486493835 0.019193456960591337 -0.15123093477563954
v -0.37527534864938344 0.019193456960591333 -0.15123093477563956
v -0.34975800038907229 0.017626532429490548 -0.15718574691982851
v -0.15449853510984887 0.58098185321791185 -0.12986711187779315
v 0.80522054708120716 0.0096185436548922691 0.10789387938033372
v -0.31952910934693929 0.071678372868703308 -0.17630241336307328
v -0.53290168535703919 0.2709931189805615 -0.17332527685183033
v -0.53290168535703941 0.27099311898056172 -0.1733252768518303
v 1.3405515520119831 -0.42259079588703546 0.24334181239050098
v 0.80522054708120727 0.0096185436548922709 0.10789387938033373
v -0.37677538493143237 0.079047602008218407 -0.16573956140660751
v -0.36968375939181658 0.071955976468602634 -0.16573956140660751
v -0.50451747440429628 0.22307605857176716 -0.16918865265697525
v 0.017661991100821617 0.51339461901345862 -0.090738032235672991
v 0.017661991100821613 0.51339461901345862 -0.090738032235672991
v 1.2631558409936934 -0.35608044999750899 0.22508142114880489
v 0.80522054708120727 0.0096185436548922691 0.10789387938033372
v 1.1935073175300732 -0.29642804091867164 0.20866890172137811
v 0.014106558702417477 0.57141143008312645 -0.062146530705452327
v 0.80522054708120727 0.0096185436548922691 0.10789387938033372
v -0.62111593190805547 0.85438397770476082 -0.17860578755668444
v 0.013882834084022555 0.56254831626432078 -0.066917000374432128
v 0.017661991100821617 0.51339461901345862 -0.090738032235673005
v 0.81823420579995831 0.009744763237509101 0.12103375768170156
v -0.62111593190805559 0.85438397770476093 -0.17860578755668444
v 0.81907877780311056 0.0097529547482926235 0.12188652119563732
v 0.010093493899659044 -0.77475578213549523 0.057717076880070606
v 0.010104907542079485 -0.77550154260931436 0.058451423711469282
v 0.013235201682962544 0.40897434250957088 -0.13146626627663552
v -0.62111593190805536 0.85438397770476082 -0.17860578755668444
v 0.43914161346179886 0.014986573723658759 -0.11952299567878273
v 0.010319937928729277 -0.78955149766541455 0.072286348380919768
v 0.010319937928729279 -0.78955149766541477 0.07228634838091981
v 0.015516783976823227 0.46279290750165192 -0.11047479618926583
v -0.63729734837512308 0.16270265162487704 -0.11186486741875618
v 0.010371105241586163 -0.79289473885649253 0.075578422259140687
v 0.010371105241586158 -0.79289473885649231 0.075578422259140493
v 0.015516783976823205 0.46279290750165203 -0.11047479618926584
v 0.49999999999999994 -1.4009959154513798 0.21509959154513794
v -0.41420253525568512 0.013982762616926818 -0.13969436645338559
v 0.010347610740057989 -0.79135962237514579 0.074066800279322262
v -0.40875780617836172 0.01400897763957301 -0.14161714473433329
v -0.40960942540778261 0.0138702845811743 -0.14137092263385098
v 0.23335783647443886 0.019310194416070368 -0.17528221727420329
v 0.0050818157788181887 -0.021947397804279276 -0.19903562370861419
v -0.41134959580336938 0.013912898617078482 -0.14073573350744326
v 0.0037689196089679281 -0.016277248438471552 -0.19928477204345393
v 1.3255156696458295 -0.40949025430996427 0.23977637587787087
v 1.3255156696458295 -0.40949025430996433 0.23977637587787087
v 0.060434652881307879 0.013829605528355469 -0.19575355952735543
v 0.060434652881307477 0.013829605528355375 -0.19575355952735546
v 0.034053640157489518 0.0077926882629340164 -0.19760722120652127
v 0.8953880013097455 -1.6614113045134267 0.30044933064780449
v 0.092967040288626568 0.021274176867624593 -0.19346767154799521
v 0.16181020909729765 0.011090710503330119 -0.18794881660665216
v 0.89538800130974561 -1.6614113045134267 0.30044933064780449
v 0.85086515698258514 -1.6491348430174151 0.29254325784912927
v 0.014643063419527024 -0.063240611609967051 -0.19722118553492041
v 0.014643063419527034 -0.063240611609967037 -0.19722118553492041
v 1.1851548391294524 -0.28927432920163548 0.20670065878958144
v 1.1851548391294524 -0.28927432920163548 0.20670065878958144
v 0.80495600622420949 -1.6349841884531116 0.28424181977894258
v 0.092967040288626568 0.021274176867624287 -0.19346767154799521
v 0.51298148613760364 0.017335914836150386 -0.091014628417900048
v 0.4523394604436185 0.014934439308588737 -0.11460415240524228
v -1.3384190080047154 -1.3243117078164426 -0.068331680419063054
v 0.8049560062242096 -1.6349841884531118 0.28424181977894264
v 0.51298148613760364 0.017335914836150382 -0.091014628417900034
v 0.51298148613760364 0.017335914836150403 -0.09101462841790002
v 0.54418330815115412 0.013126698036873816 -0.076955347472091942
v 0.54418330815115401 0.0131266980368738 -0.076955347472091942
v 0.97799490389571209 -1.6729684885419027 0.31399608443854715
v 0.97799490389571164 -1.6729684885419023 0.31399608443854704
v 0.97799490389571153 -1.6729684885419025 0.31399608443854704
v 0.51369253705997364 0.01736407305430655 -0.090738032235672991
v 0.014904945565517436 -0.63078929985903343 -0.046204591535511021
v 0.51369253705997375 0.017364073054306556 -0.090738032235673005
v 0.016857717815891321 -0.33904386791660285 -0.15965845889492358
v 0.55769019797916319 0.013444623850507082 -0.069697502606302628
v 0.55945703199069063 0.013486211673301421 -0.068748105126753001
v 0.55945703199069063 0.01348621167330142 -0.068748105126752987
v 0.5726881465670759 0.013797646275977266 -0.061638446410373096
v 0.58550389634658273 0.014099304002356374 -0.054751981434139306
v 0.58550389634658273 0.01409930400235637 -0.054751981434139306
v 0.01325751210321453 -0.64364964079708842 -0.038588202378862783
v -0.66996773664672482 0.40963181551044858 -0.17365832822588495
v 0.25717273904753168 0.018086813243989943 -0.17049783421548573
v 0.2571727390475318 0.01808681324398994 -0.17049783421548567
v -0.59869242236280973 0.31868046867452859 -0.16949138102770428
v 0.28085767438170317 0.016870108541510768 -0.16573956140660751
v 0.28085767438170334 0.016870108541510751 -0.16573956140660748
v 0.01381833109299256 -0.16453782968696012 -0.19138183841659642
v 0.013818331092992566 -0.1645378296869601 -0.19138183841659642
v -0.67682488463132273 0.3059716460554468 -0.14755832351732781
v -0.53547553949064919 0.21086933312821443 -0.15905675845822717
v -0.70344116570194737 0.33564200700551505 -0.14831766173034044
v -0.67682488463132262 0.3059716460554468 -0.14755832351732781
v 0.0073508675773707169 0.57258530024253551 -0.06507691268575018
v 0.0059146390913121395 0.57065993590278219 -0.066841704337524691
v 0.011875976507518411 0.57460563528162567 -0.061640641408225845
v 0.0031028895179952979 0.56893645139605575 -0.069222642082824304
f 70 71 45
f 45 71 46
f 72 73 47
f 47 73 48
f 89 90 64
f 64 90 65
f 91 92 66
f 66 92 67
f 158 159 135
f 135 159 136
f 159 160 136
f 136 160 137
f 160 161 137
f 138 162 139
f 143 167 144
f 170 171 147
f 148 172 149
f 158 180 159
f 180 181 159
f 159 181 160
f 187 188 166
f 195 196 181
f 181 196 182
f 197 198 183
f 183 198 184
f 199 200 187
f 187 200 188
f 189 202 190
f 204 205 193
f 193 205 194
f 195 211 196
f 211 212 196
f 213 214 197
f 197 214 198
f 217 218 199
f 199 218 200
f 219 220 201
f 221 222 203
f 223 224 204
f 204 224 205
f 211 225 212
f 226 227 213
f 213 227 214
f 251 252 234
f 234 252 235
f 253 254 236
f 255 256 239
f 239 256 240
f 257 258 241
f 241 258 242
f 259 260 243
f 243 260 244
f 274 275 261
f 261 275 262
f 281 282 268
f 268 282 269
f 283 284 270
f 270 284 271
f 274 287 275
f 287 288 275
f 275 288 276
f 291 292 287
f 287 292 288
f 293 294 289
f 305 306 291
f 291 306 292
f 307 308 293
f 293 308 294
f 313 314 298
f 298 314 299
f 315 316 300
f 300 316 301
f 343 344 328
f 328 344 329
f 363 364 350
f 350 364 351
f 365 366 352
f 352 366 353
f 370 371 360
f 360 371 361
f 370 372 371
f 387 388 379
f 379 388 380
f 413 414 398
f 398 414 399
f 416 417 400
f 400 417 401
f 420 421 404
f 404 421 405
f 416 426 417
f 417 427 418
f 428 429 427
f 456 457 431
f 431 457 432
f 458 459 433
f 433 459 434
f 460 461 435
f 462 463 436
f 436 463 437
f 463 464 437
f 437 464 438
f 465 466 439
f 439 466 440
f 405 564 563
f 579 581 211
f 487 808 793
f 808 812 793
f 492 816 790
f 790 816 496
f 496 821 790
f 488 811 489
f 809 811 802
f 487 818 815
f 793 818 487
f 497 818 793
f 793 804 497
f 497 804 495
f 495 804 789
f 789 804 490
f 804 812 490
f 506 837 526
f 531 833 532
f 521 527 524
f 508 527 521
f 487 815 485
f 485 815 801
f 525 846 836
f 825 837 834
f 825 846 837
f 510 840 838
f 838 840 828
f 510 838 825
f 825 838 836
f 795 814 810
f 795 810 489
f 802 811 792
f 815 818 797
f 489 807 794
f 511 520 504
f 520 833 504
f 830 846 525
f 486 803 792
f 801 803 486
f 485 801 486
f 816 819 496
f 797 819 816
f 818 819 797
f 496 819 798
f 798 819 497
f 500 822 503
f 789 805 499
f 495 789 499
f 496 823 821
f 821 823 800
f 794 806 488
f 486 806 485
f 520 843 508
f 527 843 526
f 511 843 520
f 506 843 511
f 525 836 827
f 494 816 492
f 503 799 500
f 516 826 524
f 516 847 507
f 830 847 524
f 532 833 505
f 505 833 522
f 505 832 530
f 522 523 515
f 505 522 515
f 838 839 836
f 494 817 797
f 815 817 801
f 493 817 494
f 500 502 498
f 516 845 844
f 516 844 826
f 525 827 517
f 507 847 517
f 529 848 831
f 519 841 829
f 523 829 515
f 519 829 514
f 517 842 507
f 528 831 530
f 530 832 528
f 824 832 513
f 493 552 551
f 375 587 383
f 374 587 375
f 383 587 541
f 534 814 795
f 534 795 535
f 535 795 537
f 795 809 537
f 211 581 225
f 549 822 500
f 559 560 519
f 554 841 562
f 562 841 519
f 565 828 566
f 494 552 493
f 494 568 552
f 250 589 249
f 575 845 507
f 827 839 573
f 574 827 573
f 573 839 571
f 518 844 570
f 251 591 252
f 537 809 588
f 529 831 583
f 547 803 791
f 578 827 574
f 578 835 827
f 404 557 403
f 577 835 578
f 580 835 577
f 405 563 404
f 404 563 557
f 585 809 802
f 585 802 584
f 586 831 528
f 407 560 406
f 584 802 533
f 528 824 539
f 541 587 528
f 539 541 528
f 564 840 563
f 567 840 564
f 563 840 557
f 421 564 405
f 421 567 564
f 565 566 421
f 555 814 550
f 550 814 544
f 311 538 297
f 312 538 311
f 498 576 569
f 498 579 576
f 498 581 579
f 327 544 312
f 327 550 544
f 449 573 571
f 449 574 573
f 449 578 574
f 577 578 449
f 422 575 451
f 449 580 577
f 342 550 327
f 342 555 550
f 134 545 135
f 357 572 358
f 358 572 368
f 383 541 539
f 368 583 374
f 177 556 178
f 210 556 177
f 181 569 195
f 569 576 195
f 180 569 181
f 406 560 559
f 551 552 178
f 552 568 178
f 178 568 179
f 406 570 422
f 195 576 211
f 576 579 211
f 232 542 210
f 232 584 533
f 232 585 584
f 266 537 250
f 535 537 266
f 537 588 250
f 534 535 266
f 686 687 382
f 725 840 727
f 718 814 717
f 715 814 716
f 716 814 714
f 773 776 529
f 777 778 529
f 1089 1100 656
f 1100 1103 598
f 1089 1099 616
f 1089 1142 1099
f 601 625 621
f 604 652 650
f 610 1130 643
f 656 1100 658
f 657 659 655
f 618 620 600
f 1102 1104 1092
f 1142 1145 1098
f 1098 1145 662
f 623 1092 625
f 1125 1128 633
f 596 1141 1109
f 1109 1122 596
f 604 1109 652
f 1109 1141 652
f 604 1123 1109
f 1133 1136 642
f 645 1107 603
f 613 1145 656
f 656 658 613
f 658 659 613
f 613 659 657
f 623 1090 619
f 619 1090 634
f 619 624 623
f 619 1117 600
f 622 1101 601
f 1144 1146 661
f 612 1144 661
f 638 1091 635
f 635 1118 607
f 633 1116 1108
f 1116 1124 1123
f 639 1122 609
f 1122 1123 609
f 638 1115 1091
f 638 1124 1115
f 653 1097 650
f 650 1097 648
f 633 1108 1088
f 1088 1125 633
f 1096 1136 1133
f 1126 1133 597
f 597 1133 642
f 641 1129 597
f 643 1131 610
f 598 1143 658
f 654 1143 615
f 658 1143 659
f 612 1143 654
f 630 636 634
f 634 636 607
f 1090 1101 617
f 630 1090 617
f 617 622 599
f 654 1087 626
f 618 1087 615
f 615 1087 654
f 1087 1113 626
f 618 1113 1087
f 1117 1118 631
f 1126 1138 646
f 595 1107 644
f 1095 1126 646
f 1095 1128 1125
f 610 1131 647
f 1131 1140 647
f 647 1138 1129
f 1129 1132 610
f 617 1111 630
f 599 1111 617
f 629 1111 599
f 629 1112 1111
f 631 1118 1094
f 633 1128 606
f 606 1139 1115
f 606 1116 633
f 646 1138 611
f 1137 1139 611
f 1119 1121 608
f 608 1140 1131
f 1120 1140 608
f 637 1120 608
f 632 1121 1093
f 637 1121 632
f 632 1113 1094
f 1114 1118 635
f 1091 1114 635
f 1114 1120 637
f 1094 1114 637
f 648 1106 1088
f 649 1106 648
f 627 1134 602
f 602 1106 649
f 1126 1135 1133
f 1095 1135 1126
f 602 651 627
f 1125 1127 1095
f 1106 1127 1125
f 1134 1135 1127
f 1145 1147 662
f 739 740 614
f 780 1136 781
f 775 848 529
f 810 814 728
f 731 810 728
f 727 840 510
f 730 780 510
f 780 781 510
f 510 781 727
f 382 786 391
f 687 786 382
f 490 796 738
f 504 833 759
f 238 783 770
f 238 770 218
f 238 784 783
f 237 788 787
f 238 785 784
f 399 673 398
f 399 674 673
f 628 1112 663
f 663 1112 664
f 673 674 629
f 599 673 629
f 685 1107 684
f 691 692 627
f 627 692 595
f 252 695 253
f 267 695 252
f 695 756 253
f 715 716 689
f 689 718 717
f 693 1147 689
f 662 1147 693
f 680 1104 616
f 723 726 655
f 655 726 657
f 655 724 723
f 657 731 728
f 616 1099 709
f 616 709 683
f 702 1098 662
f 720 721 661
f 721 724 661
f 661 724 655
f 695 757 756
f 669 757 695
f 695 696 669
f 652 751 653
f 745 751 652
f 653 751 750
f 750 758 653
f 712 720 661
f 757 764 756
f 713 1142 1098
f 706 711 629
f 711 1112 629
f 664 1112 711
f 601 774 622
f 416 679 415
f 400 679 416
f 643 707 594
f 628 735 596
f 596 735 734
f 628 741 735
f 663 710 628
f 710 741 628
f 738 739 614
f 642 1136 780
f 642 780 730
f 642 730 729
f 642 729 641
f 434 741 414
f 435 741 434
f 414 741 710
f 735 741 435
f 734 735 435
f 681 778 777
f 681 776 773
f 703 755 754
f 700 755 703
f 603 688 645
f 645 687 686
f 645 786 687
f 737 1132 736
f 736 1132 744
f 698 1107 685
f 671 672 268
f 354 668 355
f 381 680 373
f 328 678 343
f 678 681 343
f 401 676 400
f 341 682 342
f 356 682 341
f 342 693 689
f 267 697 696
f 267 696 695
f 415 698 685
f 415 685 684
f 593 697 267
f 675 697 593
f 355 702 356
f 672 700 268
f 700 703 268
f 268 703 281
f 703 704 281
f 704 705 281
f 683 709 373
f 663 664 414
f 414 706 399
f 414 711 706
f 664 711 414
f 414 710 663
f 491 807 721
f 491 721 720
f 491 720 712
f 807 810 723
f 724 807 723
f 721 807 724
f 730 834 729
f 510 834 730
f 723 810 726
f 732 813 491
f 733 837 512
f 738 796 739
f 739 796 740
f 506 737 736
f 736 744 506
f 506 744 512
f 438 751 437
f 437 751 745
f 750 751 438
f 747 748 531
f 746 749 499
f 749 820 499
f 753 820 749
f 754 755 532
f 760 805 761
f 499 805 760
f 761 805 762
f 439 763 438
f 438 758 750
f 441 692 691
f 441 691 440
f 502 820 767
f 766 820 753
f 502 669 498
f 502 764 757
f 502 757 669
f 504 849 707
f 357 858 857
f 450 1063 867
f 802 868 533
f 512 869 733
f 549 870 822
f 551 871 493
f 553 874 492
f 828 875 566
f 580 878 835
f 531 879 747
f 546 880 509
f 792 881 542
f 755 882 532
f 542 883 792
f 833 884 759
f 791 887 547
f 791 888 556
f 867 873 450
f 820 889 767
f 556 890 791
f 800 891 545
f 767 896 502
f 357 897 858
f 529 898 773
f 898 901 773
f 529 903 775
f 233 904 859
f 133 910 909
f 500 911 549
f 561 912 500
f 560 916 519
f 565 918 828
f 494 919 568
f 494 932 548
f 548 934 494
f 545 935 800
f 821 946 543
f 383 540 392
f 391 959 953
f 543 949 821
f 821 928 536
f 500 961 561
f 540 962 392
f 507 862 575
f 519 966 559
f 554 969 841
f 839 970 571
f 575 971 845
f 570 972 518
f 567 907 840
f 844 987 570
f 534 942 814
f 509 988 546
f 809 955 588
f 831 981 582
f 586 990 831
f 582 975 831
f 831 977 583
f 547 973 803
f 558 985 790
f 492 986 553
f 994 998 156
f 790 993 558
f 536 923 821
f 939 941 279
f 583 989 529
f 589 1004 809
f 809 929 589
f 585 931 809
f 528 1005 586
f 1013 1016 406
f 962 1020 392
f 824 958 539
f 587 1025 528
f 840 996 557
f 1036 1040 180
f 555 892 814
f 814 850 544
f 538 1042 814
f 814 1039 538
f 592 1026 814
f 814 1043 592
f 569 1044 498
f 498 895 581
f 590 860 498
f 591 978 498
f 498 948 590
f 572 950 529
f 593 1054 498
f 498 983 591
f 529 968 572
f 450 1064 1061
f 712 863 491
f 732 1002 813
f 760 951 499
f 776 1059 529
f 529 1055 777
f 775 1076 848
f 772 1009 502
f 731 852 810
f 511 1068 782
f 769 1075 490
f 490 936 708
f 504 922 701
f 697 1080 855
f 669 856 498
f 498 1084 593
f 489 810 807
f 791 803 801
f 495 798 497
f 490 812 796
f 503 822 800
f 793 812 804
f 512 837 506
f 491 813 807
f 808 813 812
f 812 813 796
f 514 523 521
f 508 523 522
f 521 523 508
f 837 846 526
f 825 834 510
f 836 846 825
f 489 811 795
f 795 811 809
f 792 811 488
f 501 798 495
f 489 794 488
f 794 813 808
f 807 813 794
f 522 833 520
f 508 522 520
f 527 830 524
f 526 830 527
f 526 846 830
f 486 792 488
f 497 819 818
f 499 501 495
f 798 823 496
f 501 823 798
f 503 823 501
f 800 823 503
f 488 806 486
f 794 808 806
f 806 808 487
f 485 806 487
f 507 845 516
f 508 843 527
f 526 843 506
f 797 816 494
f 501 799 503
f 499 820 799
f 499 799 501
f 518 519 514
f 521 826 514
f 524 826 521
f 514 826 518
f 524 847 516
f 525 847 830
f 530 848 532
f 530 532 505
f 515 832 505
f 836 839 827
f 828 839 838
f 797 817 815
f 801 817 791
f 791 817 493
f 500 799 502
f 799 820 502
f 826 844 518
f 517 847 525
f 831 848 530
f 514 829 523
f 827 835 517
f 835 842 517
f 528 832 824
f 829 841 513
f 509 824 513
f 513 841 509
f 515 829 513
f 513 832 515
f 529 989 967
f 809 1004 956
f 916 1008 519
f 494 1045 919
f 861 862 507
f 969 1014 841
f 975 976 831
f 976 977 831
f 842 1063 1062
f 878 885 835
f 1025 1071 528
f 880 1019 509
f 383 960 540
f 957 960 383
f 572 968 368
f 368 968 967
f 583 977 374
f 374 977 976
f 374 976 975
f 374 975 582
f 251 978 591
f 582 981 374
f 374 981 980
f 591 983 252
f 252 983 982
f 967 989 368
f 368 989 583
f 548 932 179
f 932 991 179
f 783 900 770
f 179 991 156
f 991 995 156
f 156 995 994
f 557 996 403
f 996 997 403
f 403 997 391
f 391 997 959
f 156 998 157
f 279 941 266
f 941 943 266
f 157 905 874
f 157 874 553
f 280 940 279
f 279 940 939
f 553 986 157
f 157 986 984
f 614 1002 732
f 210 890 556
f 210 1003 890
f 1006 1007 210
f 210 1007 1003
f 157 985 558
f 984 985 157
f 562 1008 407
f 407 1008 916
f 407 916 560
f 558 993 157
f 157 993 913
f 559 966 406
f 966 1012 406
f 1012 1013 406
f 407 1014 969
f 407 969 554
f 407 1015 1014
f 546 988 392
f 988 1017 392
f 392 880 546
f 392 1019 880
f 392 1020 1019
f 1016 1021 406
f 1021 1022 406
f 392 1015 407
f 767 889 788
f 788 896 767
f 280 1027 1026
f 280 1026 592
f 297 1029 1028
f 297 1028 296
f 158 1031 870
f 158 870 549
f 296 1028 280
f 280 1028 1027
f 549 911 158
f 911 1033 158
f 421 908 907
f 421 907 567
f 421 915 908
f 158 1035 180
f 180 1035 1034
f 1034 1036 180
f 566 875 421
f 875 915 421
f 561 961 158
f 961 1035 158
f 538 1039 297
f 297 1039 1029
f 158 912 561
f 158 1033 912
f 556 888 178
f 888 1038 178
f 178 1038 1037
f 851 1042 312
f 312 1042 538
f 178 1037 871
f 178 871 551
f 568 919 179
f 919 1045 179
f 1045 1046 179
f 421 1047 918
f 421 918 565
f 179 1046 934
f 179 934 548
f 970 1049 448
f 1049 1050 448
f 1051 1052 422
f 1052 1053 422
f 448 1050 1047
f 448 1047 421
f 777 1055 681
f 1053 1056 422
f 1056 1057 422
f 422 971 575
f 422 1058 971
f 681 1059 776
f 773 901 681
f 1057 1060 422
f 422 1060 1058
f 570 987 422
f 987 1051 422
f 406 972 570
f 406 1022 972
f 1061 1062 450
f 1062 1063 450
f 1040 1066 180
f 180 1066 1065
f 180 1065 1044
f 180 1044 569
f 450 1067 1064
f 542 881 210
f 881 964 210
f 210 964 963
f 1068 1130 782
f 963 965 210
f 965 974 210
f 210 974 973
f 210 973 547
f 547 887 210
f 887 1006 210
f 544 850 312
f 850 851 312
f 657 852 731
f 1010 1011 232
f 232 1011 883
f 232 883 542
f 696 856 669
f 855 856 696
f 533 868 232
f 868 1010 232
f 233 860 590
f 859 860 233
f 374 990 586
f 980 990 374
f 671 1069 672
f 575 862 451
f 586 1005 374
f 1005 1070 374
f 661 863 712
f 700 882 755
f 450 873 449
f 449 873 872
f 374 1025 587
f 374 1071 1025
f 1070 1071 374
f 588 955 250
f 250 955 954
f 449 885 878
f 449 878 580
f 872 885 449
f 250 1004 589
f 956 1004 250
f 954 956 250
f 266 943 942
f 266 942 534
f 342 893 892
f 342 892 555
f 581 895 225
f 225 895 894
f 592 1043 280
f 1043 1072 280
f 280 1072 944
f 280 944 940
f 869 1132 733
f 1074 1132 869
f 344 902 897
f 344 897 357
f 707 849 594
f 660 1075 769
f 227 904 233
f 252 982 267
f 982 1054 267
f 267 1054 593
f 226 904 227
f 157 913 910
f 157 910 133
f 805 992 762
f 909 921 133
f 133 921 134
f 134 921 920
f 920 923 134
f 134 923 536
f 697 855 696
f 675 1079 697
f 232 926 924
f 249 926 232
f 924 925 232
f 536 928 134
f 134 928 927
f 589 929 249
f 249 929 926
f 545 891 135
f 891 930 135
f 925 931 232
f 232 931 585
f 135 930 158
f 930 933 158
f 708 936 594
f 134 935 545
f 134 937 935
f 234 938 251
f 543 946 134
f 946 947 134
f 134 947 937
f 234 948 938
f 134 949 543
f 927 949 134
f 675 1084 1079
f 593 1084 675
f 357 950 572
f 857 950 357
f 689 1085 893
f 689 893 342
f 391 953 382
f 382 953 952
f 539 958 383
f 383 958 957
f 952 1086 382
f 907 908 840
f 840 908 828
f 908 915 828
f 828 915 875
f 940 944 814
f 939 940 814
f 814 943 939
f 942 943 814
f 939 943 941
f 954 955 809
f 809 956 954
f 963 964 803
f 803 965 963
f 973 974 803
f 803 974 965
f 790 985 492
f 492 985 984
f 984 986 492
f 790 921 910
f 910 921 909
f 910 913 790
f 913 993 790
f 821 923 920
f 920 921 821
f 821 921 790
f 924 929 809
f 926 929 924
f 809 931 924
f 924 931 925
f 802 1011 1010
f 802 1010 868
f 803 964 792
f 792 964 881
f 883 1011 792
f 792 1011 802
f 492 998 995
f 995 998 994
f 791 1006 887
f 791 1007 1006
f 1037 1038 493
f 871 1037 493
f 493 888 791
f 493 1038 888
f 890 1007 791
f 1003 1007 890
f 822 930 800
f 822 1023 930
f 800 930 891
f 930 1023 933
f 912 1033 500
f 500 1033 911
f 1047 1049 828
f 1047 1050 1049
f 918 1047 828
f 492 991 494
f 494 991 932
f 492 995 991
f 494 1046 1045
f 934 1046 494
f 937 947 800
f 935 937 800
f 800 946 821
f 800 947 946
f 821 949 927
f 927 928 821
f 498 1035 500
f 1034 1035 498
f 500 1035 961
f 498 1066 1040
f 498 1036 1034
f 498 1040 1036
f 518 1012 519
f 519 1012 966
f 518 1013 1012
f 518 1016 1013
f 518 1021 1016
f 828 970 839
f 828 1049 970
f 845 1057 1056
f 845 1060 1057
f 971 1058 845
f 1058 1060 845
f 972 1022 518
f 518 1022 1021
f 845 1053 844
f 845 1056 1053
f 844 1053 1052
f 844 1052 987
f 987 1052 1051
f 841 988 509
f 831 990 980
f 980 981 831
f 842 1067 507
f 1064 1067 842
f 1062 1064 842
f 1061 1064 1062
f 835 1063 842
f 867 1063 835
f 835 873 867
f 835 885 873
f 873 885 872
f 540 960 824
f 540 824 509
f 528 1070 1005
f 528 1071 1070
f 957 958 824
f 824 960 957
f 509 962 540
f 509 1019 962
f 1019 1020 962
f 1026 1028 814
f 1027 1028 1026
f 1028 1029 814
f 1029 1039 814
f 944 1072 814
f 814 1072 1043
f 814 1042 851
f 814 851 850
f 490 979 789
f 511 1081 506
f 512 1074 869
f 813 1018 796
f 1065 1066 498
f 1044 1065 498
f 938 948 498
f 894 895 498
f 859 904 860
f 857 858 529
f 858 897 529
f 529 950 857
f 1080 1084 855
f 855 1084 856
f 856 1084 498
f 498 1054 982
f 982 983 498
f 967 968 529
f 999 1001 820
f 820 1001 889
f 1076 1077 848
f 643 1165 707
f 748 1172 1171
f 450 1175 1067
f 1068 1176 1130
f 1169 1177 511
f 381 1182 1181
f 355 1190 1189
f 511 1191 1170
f 879 1192 1186
f 671 1196 1195
f 667 1197 599
f 595 1198 677
f 693 1183 662
f 1195 1199 671
f 657 1200 852
f 1099 1201 719
f 854 1202 451
f 702 1206 1098
f 758 1207 653
f 491 1211 1205
f 722 1212 1098
f 742 1213 601
f 603 1217 688
f 491 1218 1211
f 451 1222 854
f 738 768 490
f 661 1228 863
f 768 769 490
f 1225 1230 813
f 1214 1234 672
f 1018 1243 1237
f 1241 1246 390
f 1247 1248 1081
f 1081 1261 1247
f 1130 1264 782
f 504 1274 1271
f 914 1276 1275
f 1253 1283 219
f 1285 1291 992
f 254 765 236
f 254 1193 765
f 765 788 237
f 1298 1301 298
f 725 1303 1302
f 499 1305 1304
f 1304 1308 499
f 532 1316 1295
f 239 1296 779
f 255 1327 1326
f 1069 1323 1215
f 1132 1334 733
f 849 1337 594
f 833 1340 1339
f 660 1150 1075
f 531 1361 1354
f 1355 1362 313
f 903 1363 1360
f 531 1364 1361
f 226 1325 904
f 1349 1367 884
f 498 1321 894
f 1353 1377 1077
f 1275 1383 914
f 1368 1385 759
f 771 1387 1386
f 714 1394 1393
f 1307 1397 699
f 439 1404 1403
f 599 1366 667
f 599 1359 673
f 677 1411 595
f 701 922 779
f 1107 1413 684
f 902 1350 897
f 1398 1414 898
f 627 1417 691
f 922 1270 779
f 898 1414 906
f 649 1418 694
f 1132 1419 744
f 594 1420 701
f 694 1425 649
f 737 1426 1132
f 901 1421 1164
f 726 1431 657
f 1147 1435 689
f 680 1437 1104
f 529 1440 1439
f 936 1445 594
f 529 1446 1440
f 610 1261 1081
f 1081 1450 610
f 1246 1447 390
f 728 1351 657
f 616 1453 680
f 1287 1455 703
f 719 1284 1099
f 1099 1231 709
f 683 1459 616
f 690 1400 621
f 621 1158 690
f 662 1180 682
f 938 1369 251
f 682 1464 662
f 662 1167 670
f 670 1161 662
f 662 1216 702
f 601 1390 742
f 668 1465 1098
f 1098 1319 722
f 1098 1475 668
f 1082 1477 1476
f 629 1236 706
f 1082 1479 1477
f 674 1407 629
f 1141 1395 752
f 734 1484 596
f 945 1486 594
f 752 1392 1141
f 594 1487 708
f 652 1376 745
f 713 1263 1142
f 1098 1268 713
f 660 769 768
f 532 1502 1501
f 1495 1503 328
f 1504 1507 749
f 951 1510 1509
f 774 1372 622
f 601 1381 774
f 692 1494 595
f 1163 1516 681
f 1097 1448 763
f 763 1444 1097
f 492 1521 998
f 701 779 594
f 762 779 761
f 779 1526 761
f 822 1527 1030
f 822 1530 1023
f 1369 1370 251
f 614 768 738
f 614 1146 768
f 1396 1537 436
f 748 1542 1172
f 1015 1541 1014
f 988 1540 1017
f 748 1543 1542
f 507 1221 861
f 645 1227 786
f 953 1555 1554
f 532 1557 1556
f 1561 1563 1086
f 532 1564 1553
f 688 1565 645
f 1136 1566 781
f 1476 1479 1082
f 519 1154 562
f 725 1570 1303
f 594 1571 945
f 953 1572 1555
f 686 1338 645
f 771 1576 1481
f 1386 1576 771
f 502 1573 1568
f 679 1581 1107
f 1107 1519 679
f 698 1184 1107
f 529 1587 1586
f 603 1588 676
f 676 1590 603
f 1336 1593 255
f 1563 1596 1086
f 1439 1587 529
f 1596 1598 1086
f 848 1601 1562
f 848 1606 1601
f 1379 1610 1077
f 1609 1613 892
f 892 1613 1605
f 1074 1232 1132
f 979 1619 1617
f 1460 1498 704
f 1622 1626 504
f 1517 1627 504
f 1626 1635 504
f 1086 1598 1518
f 837 1637 1636
f 1640 1641 834
f 1160 1644 389
f 834 1647 1642
f 810 1648 1525
f 381 1646 1182
f 1603 1637 837
f 512 1544 1233
f 1230 1546 813
f 834 1655 1523
f 746 1551 1505
f 251 1370 978
f 594 1619 979
f 1200 1657 852
f 979 1631 594
f 762 992 779
f 992 1291 779
f 732 1529 614
f 157 1638 905
f 614 1226 1002
f 743 1545 614
f 765 1666 788
f 562 1153 1008
f 765 1009 772
f 765 1614 1009
f 772 1567 765
f 740 1535 614
f 1018 1650 614
f 614 1549 743
f 614 1243 1018
f 158 1536 1024
f 158 1528 1031
f 641 1656 1032
f 1032 1654 641
f 729 1522 641
f 641 1651 1041
f 1041 1643 641
f 681 1671 1670
f 1173 1673 678
f 998 1000 905
f 853 1067 854
f 864 978 865
f 865 978 938
f 899 904 894
f 876 886 877
f 656 1145 1142
f 656 1142 1089
f 655 659 612
f 625 1104 621
f 652 653 650
f 650 1108 604
f 658 1100 598
f 620 1103 624
f 620 624 600
f 598 1103 620
f 1102 1103 1100
f 616 1104 1102
f 1089 1102 1100
f 616 1102 1089
f 1092 1104 625
f 624 1103 1092
f 1092 1103 1102
f 624 1092 623
f 601 1101 625
f 625 1101 623
f 623 1101 1090
f 612 661 655
f 1091 1137 1120
f 648 1108 650
f 1109 1123 1122
f 1137 1140 1120
f 594 1119 643
f 613 1147 1145
f 657 1147 613
f 615 620 618
f 598 620 615
f 600 624 619
f 634 1117 619
f 634 1090 630
f 661 1146 614
f 626 1144 654
f 1093 1146 1144
f 1093 1144 626
f 654 1144 612
f 635 640 638
f 607 1118 1117
f 607 1117 634
f 607 640 635
f 1108 1116 604
f 1116 1123 604
f 1123 1124 609
f 609 640 639
f 638 640 609
f 609 1124 638
f 1115 1137 1091
f 1088 1108 648
f 1110 1122 639
f 596 1122 1110
f 605 1110 639
f 605 1112 1110
f 596 1110 628
f 1110 1112 628
f 645 1136 1096
f 597 642 641
f 1119 1131 643
f 615 1143 598
f 659 1143 612
f 605 639 636
f 605 636 630
f 639 640 636
f 636 640 607
f 617 1101 622
f 660 1146 1105
f 1105 1146 1093
f 660 1105 594
f 1105 1119 594
f 631 1113 618
f 600 1117 631
f 600 631 618
f 646 1139 1128
f 1115 1139 1137
f 1129 1138 597
f 597 1138 1126
f 645 1096 644
f 644 1107 645
f 646 1128 1095
f 647 1129 610
f 641 1132 1129
f 630 1111 605
f 1111 1112 605
f 1105 1121 1119
f 1093 1121 1105
f 1094 1113 631
f 1128 1139 606
f 1115 1124 606
f 606 1124 1116
f 595 644 627
f 611 1138 647
f 611 1139 646
f 647 1140 611
f 611 1140 1137
f 608 1131 1119
f 608 1121 637
f 632 1093 626
f 626 1113 632
f 632 1094 637
f 1094 1118 1114
f 1091 1120 1114
f 1106 1125 1088
f 1096 1134 644
f 644 1134 627
f 648 1097 649
f 1096 1135 1134
f 1133 1135 1096
f 649 651 602
f 1127 1135 1095
f 602 1127 1106
f 602 1134 1127
f 562 1154 1153
f 853 1175 1067
f 854 1202 853
f 853 1202 1175
f 1221 1222 861
f 861 1222 854
f 877 1256 876
f 876 1256 886
f 1322 1325 899
f 906 1343 1342
f 899 1325 904
f 904 1321 894
f 902 1414 906
f 938 1369 865
f 1083 1469 1468
f 905 1521 998
f 1031 1528 1527
f 1031 1527 1030
f 1024 1530 1023
f 1024 1536 1530
f 988 1541 1540
f 1015 1541 988
f 988 1540 1015
f 854 1221 861
f 1468 1469 532
f 532 1469 1083
f 854 1222 1221
f 1083 1468 532
f 917 1154 562
f 886 1256 877
f 1099 1278 1201
f 905 1638 1521
f 1153 1154 917
f 621 1400 1399
f 621 1159 1158
f 864 1370 978
f 1000 1638 905
f 562 1153 917
f 1207 1456 653
f 1540 1541 1015
f 1530 1536 1023
f 1023 1536 1024
f 1527 1528 1030
f 1030 1528 1031
f 622 1372 1371
f 1380 1381 601
f 1097 1444 1443
f 1358 1359 599
f 595 1492 1198
f 1178 1180 662
f 1098 1209 1208
f 768 1146 660
f 1463 1472 1462
f 1267 1496 1266
f 779 1438 1347
f 1575 1669 1574
f 641 1654 1653
f 603 1632 1217
f 340 354 355
f 339 354 340
f 210 231 232
f 209 231 210
f 440 1461 1466
f 1467 440 1466
f 448 449 571
f 970 448 571
f 350 349 362
f 363 350 362
f 40 65 66
f 41 40 66
f 11 10 35
f 36 11 35
f 94 119 120
f 95 94 120
f 401 417 418
f 402 401 418
f 451 450 476
f 477 451 476
f 1469 1468 1470
f 1469 1471 1083
f 1471 1469 1470
f 424 452 453
f 423 452 424
f 213 212 225
f 226 213 225
f 351 364 365
f 352 351 365
f 265 278 279
f 266 265 279
f 231 248 249
f 232 231 249
f 317 332 333
f 318 317 333
f 283 299 300
f 282 299 283
f 341 355 356
f 340 355 341
f 820 1462 1472
f 1473 820 1472
f 1474 820 1473
f 96 95 120
f 121 96 120
f 394 408 409
f 393 408 394
f 354 353 366
f 367 354 366
f 42 41 66
f 67 42 66
f 999 820 1474
f 1478 999 1474
f 12 11 36
f 37 12 36
f 118 142 143
f 166 143 142
f 117 142 118
f 141 142 117
f 61 86 87
f 62 61 87
f 440 1467 1480
f 1458 440 1480
f 43 42 67
f 68 43 67
f 2 1 26
f 27 2 26
f 1483 771 1482
f 1482 771 1481
f 452 451 477
f 478 452 477
f 162 183 184
f 138 183 162
f 1411 441 1485
f 677 441 1411
f 44 43 68
f 69 44 68
f 320 319 334
f 335 320 334
f 119 118 143
f 144 119 143
f 1489 889 1001
f 1488 1489 1001
f 403 402 418
f 419 403 418
f 453 452 478
f 479 453 478
f 13 12 37
f 38 13 37
f 1491 1083 705
f 1490 1083 1491
f 45 44 69
f 70 45 69
f 284 300 301
f 283 300 284
f 120 119 144
f 145 120 144
f 425 453 454
f 424 453 425
f 441 677 1198
f 1492 441 1198
f 1493 441 1492
f 1471 705 1083
f 1289 705 1471
f 270 269 282
f 283 270 282
f 63 62 87
f 88 63 87
f 692 441 1494
f 1493 1494 441
f 454 453 479
f 480 454 479
f 215 214 227
f 234 215 227
f 233 234 227
f 590 234 233
f 948 234 590
f 47 46 71
f 72 47 71
f 403 419 420
f 404 403 420
f 328 313 1373
f 1495 328 1373
f 272 271 284
f 285 272 284
f 14 13 38
f 39 14 38
f 121 120 145
f 146 121 145
f 1497 770 766
f 1267 770 1496
f 1496 770 1497
f 285 301 302
f 284 301 285
f 49 48 73
f 74 49 73
f 1498 1499 704
f 1499 1500 704
f 216 234 235
f 215 234 216
f 1491 704 1500
f 705 704 1491
f 122 121 146
f 147 122 146
f 749 746 1505
f 1505 1504 749
f 64 63 88
f 89 64 88
f 273 272 285
f 286 273 285
f 1432 1085 689
f 1506 1085 1432
f 97 96 121
f 122 97 121
f 123 122 147
f 171 123 147
f 1073 1085 1506
f 1506 1314 1073
f 286 302 303
f 285 302 286
f 50 49 74
f 75 50 74
f 753 749 1507
f 1508 753 1507
f 148 171 193
f 192 193 171
f 123 171 148
f 124 123 148
f 217 236 237
f 765 237 236
f 216 236 217
f 235 236 216
f 287 274 290
f 291 287 290
f 66 65 90
f 91 66 90
f 1511 532 1512
f 1502 532 1511
f 345 357 358
f 344 357 345
f 321 320 335
f 336 321 335
f 951 760 1513
f 1510 951 1513
f 428 444 445
f 426 444 428
f 396 395 410
f 411 396 410
f 766 753 1508
f 1508 1497 766
f 218 237 238
f 217 237 218
f 125 124 148
f 149 125 148
f 52 51 76
f 77 52 76
f 14 39 40
f 15 14 40
f 328 1503 1514
f 1174 328 1514
f 346 345 359
f 358 359 345
f 343 681 1516
f 1515 343 1516
f 98 97 122
f 123 98 122
f 277 276 288
f 289 277 288
f 504 707 1165
f 1517 504 1165
f 483 482 484
f 481 482 483
f 127 126 150
f 151 127 150
f 382 1086 1518
f 1331 382 1518
f 236 235 252
f 253 236 252
f 397 396 411
f 412 397 411
f 415 679 1519
f 1185 415 1519
f 347 359 360
f 346 359 347
f 490 708 1487
f 1520 490 1487
f 53 52 77
f 78 53 77
f 1522 834 1523
f 729 834 1522
f 1513 761 1524
f 760 761 1513
f 128 127 151
f 152 128 151
f 1431 810 1525
f 726 810 1431
f 278 277 289
f 294 278 289
f 348 347 361
f 360 361 347
f 870 1031 1528
f 822 870 1528
f 1527 822 1528
f 398 397 412
f 413 398 412
f 491 1203 1529
f 732 491 1529
f 129 128 152
f 153 129 152
f 1524 761 1526
f 1531 1524 1526
f 456 455 483
f 457 456 483
f 458 457 483
f 459 458 483
f 460 459 483
f 461 460 483
f 462 461 483
f 463 462 483
f 464 463 483
f 465 464 483
f 466 465 483
f 467 466 483
f 468 467 483
f 469 468 483
f 470 469 483
f 471 470 483
f 472 471 483
f 473 472 483
f 484 473 483
f 474 473 484
f 475 474 484
f 476 475 484
f 477 476 484
f 478 477 484
f 479 478 484
f 480 479 484
f 54 53 78
f 79 54 78
f 866 699 1397
f 1532 866 1397
f 130 129 153
f 154 130 153
f 321 336 337
f 322 321 337
f 279 294 295
f 278 294 279
f 1533 1484 435
f 734 435 1484
f 1534 1533 435
f 288 292 293
f 289 288 293
f 796 1238 1535
f 740 796 1535
f 55 54 79
f 80 55 79
f 376 375 383
f 384 376 383
f 280 295 296
f 279 295 280
f 140 139 162
f 163 140 162
f 56 55 80
f 81 56 80
f 16 15 40
f 41 16 40
f 822 1030 1536
f 1030 1024 1536
f 1530 822 1536
f 57 56 81
f 82 57 81
f 68 67 92
f 93 68 92
f 58 57 82
f 83 58 82
f 99 98 123
f 124 99 123
f 1534 436 1537
f 435 436 1534
f 140 163 164
f 141 140 164
f 17 16 41
f 42 17 41
f 532 1501 1538
f 1539 532 1538
f 407 406 422
f 423 407 422
f 323 322 337
f 338 323 337
f 141 164 165
f 142 141 165
f 1014 1540 841
f 1540 1014 1541
f 1540 988 841
f 384 383 392
f 393 384 392
f 506 1252 1426
f 737 506 1426
f 512 744 1419
f 1544 512 1419
f 26 1 481
f 51 26 481
f 76 51 481
f 101 76 481
f 126 101 481
f 150 126 481
f 173 150 481
f 206 173 481
f 228 206 481
f 245 228 481
f 261 245 481
f 274 261 481
f 290 274 481
f 483 290 481
f 304 290 483
f 319 304 483
f 334 319 483
f 349 334 483
f 362 349 483
f 378 362 483
f 386 378 483
f 395 386 483
f 410 395 483
f 430 410 483
f 455 430 483
f 68 93 94
f 69 68 94
f 748 747 1543
f 1188 1543 747
f 100 99 124
f 125 100 124
f 1545 813 1546
f 743 813 1545
f 59 58 83
f 84 59 83
f 142 165 166
f 187 166 165
f 60 59 84
f 85 60 84
f 18 17 42
f 43 18 42
f 131 130 154
f 155 131 154
f 408 407 423
f 424 408 423
f 131 155 156
f 132 131 156
f 429 445 446
f 428 445 429
f 133 132 156
f 157 133 156
f 143 166 167
f 188 167 166
f 532 1468 1512
f 1469 1512 1468
f 1547 1512 1469
f 282 298 299
f 281 298 282
f 385 384 393
f 394 385 393
f 813 743 1549
f 1548 813 1549
f 61 60 85
f 86 61 85
f 290 304 305
f 291 290 305
f 324 323 338
f 339 324 338
f 1485 442 1550
f 441 442 1485
f 359 358 368
f 369 359 368
f 499 1308 1551
f 746 499 1551
f 866 893 1085
f 1073 866 1085
f 2 27 28
f 3 2 28
f 1148 1048 1149
f 681 1048 1148
f 70 69 94
f 95 70 94
f 490 1075 1150
f 1151 490 1150
f 19 18 43
f 44 19 43
f 1547 1083 1490
f 1469 1083 1547
f 1148 778 681
f 1152 778 1148
f 145 144 167
f 168 145 167
f 102 101 126
f 127 102 126
f 442 415 1552
f 1550 442 1552
f 409 408 424
f 425 409 424
f 1154 407 554
f 562 407 1153
f 554 562 1154
f 1154 1153 407
f 531 748 1171
f 1364 531 1171
f 359 369 370
f 360 359 370
f 1155 1055 1156
f 681 1055 1155
f 377 376 384
f 385 377 384
f 1157 1059 1155
f 1059 681 1155
f 387 395 396
f 386 395 387
f 146 145 168
f 169 146 168
f 324 339 340
f 325 324 340
f 389 690 1158
f 1159 389 1158
f 1160 389 1159
f 70 95 96
f 71 70 96
f 220 219 240
f 239 240 219
f 1161 356 1162
f 670 356 1161
f 363 362 379
f 378 379 362
f 1163 901 1164
f 681 901 1163
f 241 240 256
f 257 241 256
f 1222 1221 1202
f 1202 854 1222
f 1175 507 1067
f 1221 507 1202
f 1202 507 1175
f 356 670 1167
f 1166 356 1167
f 293 292 306
f 307 293 306
f 1468 532 1470
f 1553 1470 532
f 431 430 455
f 456 431 455
f 1280 532 1539
f 754 532 1280
f 1169 511 1170
f 1168 1169 1170
f 820 766 1328
f 1457 820 1328
f 147 146 169
f 170 147 169
f 1173 328 1174
f 678 328 1173
f 379 378 386
f 387 379 386
f 411 430 431
f 410 430 411
f 1559 1558 415
f 1558 1552 415
f 364 379 380
f 363 379 364
f 342 682 1180
f 1178 342 1180
f 1179 342 1178
f 19 44 45
f 20 19 45
f 1177 1176 511
f 1068 511 1176
f 1086 952 1560
f 1561 1086 1560
f 72 71 96
f 97 72 96
f 693 342 1183
f 1179 1183 342
f 172 193 194
f 148 193 172
f 1184 415 1185
f 698 415 1184
f 103 102 127
f 128 103 127
f 532 848 1557
f 1557 848 1562
f 747 879 1188
f 1188 879 1186
f 1187 1188 1186
f 295 294 308
f 309 295 308
f 1387 532 1556
f 771 532 1387
f 221 240 241
f 220 240 221
f 415 684 1413
f 1559 415 1413
f 254 666 1194
f 1193 254 1194
f 532 771 1483
f 1564 532 1483
f 365 364 373
f 380 373 364
f 381 373 380
f 1567 502 1568
f 772 502 1567
f 388 396 397
f 387 396 388
f 1569 781 1566
f 727 781 1569
f 412 431 432
f 411 431 412
f 1204 491 1205
f 1203 491 1204
f 326 325 340
f 341 326 340
f 151 150 173
f 174 151 173
f 1560 953 1554
f 952 953 1560
f 380 388 389
f 381 380 389
f 1570 725 1569
f 725 727 1569
f 295 309 310
f 296 295 310
f 355 1189 1208
f 1209 355 1208
f 1209 1210 355
f 243 242 258
f 259 243 258
f 502 896 1575
f 502 1575 1574
f 1573 502 1574
f 73 72 97
f 98 73 97
f 433 432 457
f 458 433 457
f 450 451 1202
f 1175 450 1202
f 953 959 1577
f 1572 953 1577
f 702 355 1206
f 1210 1206 355
f 413 432 433
f 412 432 413
f 4 3 28
f 29 4 28
f 1579 783 1580
f 1579 1578 783
f 297 296 310
f 311 297 310
f 1214 1069 1215
f 1214 672 1069
f 21 20 45
f 46 21 45
f 356 702 1216
f 1162 356 1216
f 959 997 1582
f 1577 959 1582
f 74 73 98
f 99 74 98
f 1001 999 1584
f 1584 1583 1001
f 999 1585 1584
f 390 391 1220
f 1219 390 1220
f 414 433 434
f 413 433 414
f 997 996 1589
f 1582 997 1589
f 389 397 398
f 388 397 389
f 1318 1069 1199
f 1199 1069 671
f 75 74 99
f 100 75 99
f 1222 451 1221
f 1221 862 861
f 451 862 1221
f 529 1430 1591
f 665 529 1591
f 222 241 242
f 221 241 222
f 104 103 128
f 129 104 128
f 365 373 1224
f 1223 365 1224
f 5 4 29
f 30 5 29
f 813 1002 1226
f 1225 813 1226
f 327 326 341
f 342 327 341
f 996 840 1592
f 1589 996 1592
f 246 245 261
f 262 246 261
f 529 665 1594
f 1446 529 1594
f 391 786 1227
f 1220 391 1227
f 223 242 243
f 222 242 223
f 22 21 46
f 47 22 46
f 903 529 1363
f 1595 1363 529
f 1586 1595 529
f 1229 365 1223
f 366 365 1229
f 435 434 459
f 460 435 459
f 840 725 1302
f 1592 840 1302
f 373 709 1231
f 1224 373 1231
f 1232 512 1233
f 1074 512 1232
f 268 255 1593
f 1597 268 1593
f 399 706 1236
f 1235 399 1236
f 1410 814 1599
f 717 814 1410
f 796 1018 1237
f 1238 796 1237
f 1600 1401 814
f 1078 814 1401
f 700 672 1234
f 1234 1239 700
f 814 715 1408
f 1600 814 1408
f 814 1078 1412
f 1599 814 1412
f 390 1219 1240
f 1241 390 1240
f 1239 882 700
f 1242 882 1239
f 268 1597 1602
f 1196 268 1602
f 671 268 1196
f 454 480 484
f 425 454 484
f 409 425 484
f 394 409 484
f 385 394 484
f 377 385 484
f 372 377 484
f 371 372 484
f 361 371 484
f 348 361 484
f 333 348 484
f 318 333 484
f 303 318 484
f 286 303 484
f 482 286 484
f 273 286 482
f 260 273 482
f 244 260 482
f 224 244 482
f 205 224 482
f 194 205 482
f 172 194 482
f 149 172 482
f 125 149 482
f 100 125 482
f 75 100 482
f 50 75 482
f 25 50 482
f 1245 756 1244
f 756 877 1244
f 837 733 1334
f 1603 837 1334
f 224 243 244
f 223 243 224
f 814 892 1605
f 1604 814 1605
f 1249 366 1250
f 1251 366 1249
f 247 246 262
f 263 247 262
f 506 1081 1248
f 1252 506 1248
f 152 151 174
f 175 152 174
f 253 1422 1607
f 254 253 1607
f 105 104 129
f 130 105 129
f 1394 814 1604
f 714 814 1394
f 1253 218 1254
f 219 218 1253
f 77 76 101
f 102 77 101
f 892 893 1609
f 1608 1609 893
f 6 5 30
f 31 6 30
f 1272 254 1607
f 666 254 1272
f 1256 1244 877
f 1244 1256 1255
f 153 152 175
f 176 153 175
f 436 435 461
f 462 436 461
f 300 299 314
f 315 300 314
f 367 366 1258
f 1257 367 1258
f 1606 1077 1610
f 848 1077 1606
f 1259 764 1260
f 756 764 1259
f 23 22 47
f 48 23 47
f 529 778 1152
f 1434 529 1152
f 1259 877 756
f 1262 877 1259
f 154 153 176
f 177 154 176
f 1251 1263 366
f 713 366 1263
f 893 866 1532
f 1532 1608 893
f 7 6 31
f 32 7 31
f 78 77 102
f 103 78 102
f 354 367 1320
f 1320 1611 354
f 106 105 130
f 131 106 130
f 218 770 1267
f 218 1267 1266
f 218 1266 1265
f 1260 502 1612
f 764 502 1260
f 366 713 1268
f 1258 366 1268
f 155 154 177
f 178 155 177
f 1465 354 1611
f 668 354 1465
f 247 263 264
f 248 247 264
f 502 1009 1614
f 1615 502 1614
f 922 504 1270
f 1269 1270 504
f 1271 1269 504
f 302 301 316
f 317 302 316
f 511 782 1264
f 1616 511 1264
f 886 666 1273
f 1272 1273 666
f 355 668 1475
f 1190 355 1475
f 8 7 32
f 33 8 32
f 1255 886 1273
f 886 1255 1256
f 156 155 178
f 179 156 178
f 439 438 464
f 465 439 464
f 886 502 1615
f 1299 886 1615
f 218 1265 1277
f 1254 218 1277
f 79 78 103
f 104 79 103
f 789 979 1617
f 1282 789 1617
f 1080 697 1423
f 1451 1080 1423
f 24 23 48
f 49 24 48
f 502 886 1618
f 1612 502 1618
f 160 181 182
f 161 160 182
f 366 719 1201
f 1278 366 1201
f 1250 366 1278
f 229 228 245
f 246 229 245
f 1279 754 1280
f 1279 703 754
f 400 676 1588
f 1621 400 1588
f 1620 400 1621
f 805 789 1282
f 1281 805 1282
f 303 302 317
f 318 303 317
f 1620 1581 400
f 679 400 1581
f 1229 1284 366
f 719 366 1284
f 107 106 131
f 132 107 131
f 1623 504 1624
f 1622 504 1623
f 1281 1285 805
f 992 805 1285
f 163 162 184
f 185 163 184
f 1437 381 1625
f 680 381 1437
f 1286 703 1279
f 1286 1287 703
f 249 248 264
f 265 249 264
f 281 705 1289
f 1288 281 1289
f 80 79 104
f 105 80 104
f 1194 666 1290
f 666 886 1290
f 9 8 33
f 34 9 33
f 1256 877 1262
f 1256 1262 886
f 1262 1618 886
f 164 163 185
f 186 164 185
f 440 466 467
f 441 440 467
f 219 1283 1292
f 1293 219 1292
f 305 304 319
f 320 305 319
f 381 1181 1628
f 1625 381 1628
f 25 24 49
f 50 25 49
f 373 680 1453
f 1629 373 1453
f 165 164 186
f 187 165 186
f 531 532 1295
f 1294 531 1295
f 229 246 247
f 230 229 247
f 511 504 1191
f 1191 504 1627
f 81 80 105
f 106 81 105
f 219 1293 1296
f 239 219 1296
f 1441 1565 401
f 688 401 1565
f 250 249 265
f 266 250 265
f 945 490 1486
f 1520 1486 490
f 305 320 321
f 306 305 321
f 490 945 1571
f 1630 490 1571
f 108 107 132
f 133 108 132
f 298 281 1288
f 1297 298 1288
f 1298 298 1297
f 82 81 106
f 107 82 106
f 979 490 1630
f 1631 979 1630
f 1192 531 1294
f 879 531 1192
f 9 34 35
f 10 9 35
f 307 306 321
f 322 307 321
f 401 688 1217
f 1632 401 1217
f 1633 401 1632
f 26 51 52
f 27 26 52
f 886 1299 1300
f 1290 886 1300
f 416 442 443
f 415 442 416
f 1306 1307 866
f 699 866 1307
f 83 82 107
f 108 83 107
f 330 329 344
f 345 330 344
f 231 230 247
f 248 231 247
f 442 441 467
f 468 442 467
f 237 1310 238
f 1309 238 1310
f 1311 238 1309
f 28 27 52
f 53 28 52
f 1406 343 1515
f 1414 343 1406
f 1414 1406 906
f 1343 343 1414
f 1398 1343 1414
f 109 108 133
f 134 109 133
f 1590 401 1633
f 676 401 1590
f 331 330 345
f 346 331 345
f 367 1257 1313
f 1313 1312 367
f 682 356 1464
f 1166 1464 356
f 1337 504 1635
f 849 504 1337
f 866 1073 1314
f 1306 866 1314
f 504 701 1420
f 1624 504 1420
f 237 787 1315
f 1310 237 1315
f 1212 367 1312
f 722 367 1212
f 238 1311 1317
f 785 238 1317
f 1638 1521 874
f 874 905 1638
f 1521 492 874
f 532 1069 1318
f 1316 532 1318
f 367 722 1319
f 1320 367 1319
f 373 1629 1634
f 1639 373 1634
f 24 25 482
f 23 24 482
f 22 23 482
f 21 22 482
f 20 21 482
f 19 20 482
f 18 19 482
f 481 18 482
f 17 18 481
f 16 17 481
f 15 16 481
f 14 15 481
f 13 14 481
f 12 13 481
f 11 12 481
f 10 11 481
f 9 10 481
f 8 9 481
f 7 8 481
f 6 7 481
f 5 6 481
f 4 5 481
f 3 4 481
f 2 3 481
f 1 2 481
f 1321 225 894
f 1321 1322 225
f 29 28 53
f 54 29 53
f 1008 1154 519
f 1153 1154 1008
f 426 443 444
f 416 443 426
f 1069 532 1324
f 1323 1069 1324
f 443 442 468
f 469 443 468
f 834 837 1636
f 1640 834 1636
f 308 307 322
f 323 308 322
f 1639 1459 373
f 683 373 1459
f 30 29 54
f 55 30 54
f 226 225 1322
f 1325 226 1322
f 168 167 188
f 189 168 188
f 532 882 1242
f 1324 532 1242
f 766 770 1329
f 1328 766 1329
f 1041 834 1642
f 1643 1041 1642
f 109 134 135
f 110 109 135
f 1329 770 900
f 1330 1329 900
f 84 83 108
f 109 84 108
f 31 30 55
f 56 31 55
f 169 168 189
f 190 169 189
f 381 389 1645
f 1644 1645 389
f 1646 381 1645
f 382 1331 1332
f 1333 382 1332
f 331 346 347
f 332 331 347
f 491 863 1228
f 1218 491 1228
f 417 426 427
f 428 427 426
f 32 31 56
f 57 32 56
f 170 169 190
f 191 170 190
f 834 1641 1649
f 1647 834 1649
f 1335 255 1326
f 1336 255 1335
f 444 443 469
f 470 444 469
f 1018 813 1650
f 1548 1650 813
f 382 1333 1338
f 686 382 1338
f 308 323 324
f 309 308 324
f 834 1041 1651
f 1652 834 1651
f 256 255 268
f 269 256 268
f 1327 239 1341
f 255 239 1327
f 171 170 191
f 192 171 191
f 1653 1654 834
f 1032 834 1654
f 1652 1653 834
f 111 110 135
f 136 111 135
f 499 951 1509
f 1305 499 1509
f 85 84 109
f 110 85 109
f 344 343 1342
f 1342 343 1343
f 419 418 427
f 429 419 427
f 33 32 57
f 58 33 57
f 814 718 1346
f 1345 814 1346
f 1344 814 1345
f 174 206 207
f 173 206 174
f 333 332 347
f 348 333 347
f 1655 1032 1656
f 834 1032 1655
f 239 779 1347
f 1347 1341 239
f 310 309 324
f 325 310 324
f 810 852 1657
f 1648 810 1657
f 256 269 270
f 257 256 270
f 884 833 1349
f 1348 1349 833
f 1339 1348 833
f 369 374 375
f 368 374 369
f 1578 900 783
f 1463 900 1578
f 783 784 1658
f 1658 1580 783
f 444 470 471
f 445 444 471
f 902 1342 1350
f 344 1342 902
f 85 110 111
f 86 85 111
f 728 814 1351
f 1344 1351 814
f 511 1616 1659
f 1660 511 1659
f 33 58 59
f 34 33 59
f 784 785 1658
f 1658 785 1661
f 1352 1353 1076
f 1077 1076 1353
f 175 174 208
f 207 208 174
f 112 111 136
f 137 112 136
f 1661 785 999
f 1478 1661 999
f 35 34 59
f 60 35 59
f 833 531 1340
f 1340 531 1354
f 370 375 376
f 369 375 370
f 511 1660 1662
f 1663 511 1662
f 420 429 447
f 446 447 429
f 419 429 420
f 298 1301 1355
f 313 298 1355
f 335 349 350
f 334 349 335
f 157 998 1521
f 1638 157 1521
f 1356 1352 775
f 1076 775 1352
f 176 208 209
f 175 208 176
f 1663 1450 511
f 1081 511 1450
f 372 376 377
f 370 376 372
f 1585 999 785
f 1317 1585 785
f 258 257 270
f 271 258 270
f 398 673 1359
f 1358 398 1359
f 1358 1357 398
f 775 903 1360
f 1356 775 1360
f 311 310 325
f 326 311 325
f 1197 398 1357
f 667 398 1197
f 113 112 137
f 161 113 137
f 398 667 1366
f 1365 398 1366
f 177 209 210
f 176 209 177
f 490 1151 1664
f 1665 490 1664
f 759 884 1367
f 1367 1368 759
f 936 490 1445
f 1665 1445 490
f 446 445 471
f 472 446 471
f 1315 787 1583
f 1583 787 1001
f 87 86 111
f 112 87 111
f 1369 498 1370
f 1370 498 978
f 938 498 1369
f 35 60 61
f 36 35 61
f 1667 1001 787
f 1488 1001 1667
f 421 420 448
f 447 448 420
f 336 350 351
f 335 350 336
f 774 398 1372
f 1371 1372 398
f 1365 1371 398
f 183 182 196
f 197 183 196
f 1541 1015 392
f 1017 1540 1541
f 1017 1541 392
f 312 311 326
f 327 312 326
f 787 788 1668
f 1667 787 1668
f 258 271 272
f 259 258 272
f 889 1489 1668
f 1668 788 889
f 313 1362 1374
f 1373 313 1374
f 185 184 198
f 215 185 198
f 214 215 198
f 437 745 1376
f 1375 437 1376
f 446 472 473
f 447 446 473
f 158 933 1530
f 1023 1530 933
f 1536 158 1530
f 88 87 112
f 113 88 112
f 1379 1077 1378
f 1077 1377 1378
f 391 402 403
f 390 402 391
f 1669 896 788
f 1666 1669 788
f 1575 896 1669
f 186 215 216
f 185 215 186
f 89 88 113
f 114 89 113
f 398 774 1381
f 1380 398 1381
f 1380 1382 398
f 138 161 183
f 182 183 161
f 113 161 138
f 114 113 138
f 1030 1527 1024
f 158 1024 1527
f 1528 158 1527
f 199 216 217
f 186 216 199
f 187 186 199
f 1594 665 1670
f 665 681 1670
f 665 1591 1672
f 681 665 1672
f 37 36 61
f 62 37 61
f 1048 681 1672
f 1429 1048 1672
f 89 114 115
f 90 89 115
f 681 678 1673
f 1671 681 1673
f 189 188 200
f 201 189 200
f 860 904 1325
f 1321 498 1322
f 1325 498 860
f 1322 498 1325
f 337 351 352
f 336 351 337
f 91 90 115
f 116 91 115
f 189 201 202
f 220 202 201
f 398 1382 1384
f 389 398 1384
f 314 313 328
f 329 314 328
f 899 1321 1322
f 894 1321 899
f 1213 389 1384
f 742 389 1213
f 259 272 273
f 260 259 273
f 191 190 202
f 203 191 202
f 448 447 473
f 474 448 473
f 1342 1350 906
f 1350 902 906
f 192 191 203
f 222 192 203
f 436 437 1389
f 1388 1389 437
f 1375 1388 437
f 37 62 63
f 38 37 63
f 389 742 1390
f 1391 389 1390
f 1370 938 978
f 1369 938 1370
f 504 759 1385
f 1274 504 1385
f 92 91 116
f 117 92 116
f 1389 1392 436
f 752 436 1392
f 115 114 138
f 139 115 138
f 436 752 1395
f 1396 436 1395
f 204 222 223
f 192 222 204
f 193 192 204
f 262 275 276
f 263 262 276
f 904 1325 1322
f 1322 1321 904
f 315 314 329
f 330 315 329
f 338 337 353
f 352 353 337
f 197 196 212
f 213 197 212
f 39 38 63
f 64 39 63
f 92 117 118
f 93 92 118
f 1342 1398 529
f 1398 898 529
f 1343 1398 1342
f 897 1342 529
f 1350 1342 897
f 1342 1343 1350
f 1343 1398 1350
f 449 448 474
f 475 449 474
f 201 200 218
f 219 201 218
f 1399 1400 389
f 690 389 1400
f 1391 1399 389
f 264 263 276
f 277 264 276
f 1350 1398 1414
f 902 1350 1414
f 1402 689 1078
f 1401 1402 1078
f 315 330 331
f 316 315 331
f 115 139 140
f 116 115 140
f 898 906 1406
f 1405 898 1406
f 864 865 1370
f 1369 1370 865
f 203 202 220
f 221 203 220
f 399 1235 1407
f 674 399 1407
f 40 39 64
f 65 40 64
f 1402 715 689
f 1408 715 1402
f 94 93 118
f 119 94 118
f 854 1067 1175
f 1202 854 1175
f 1409 717 1410
f 1409 689 717
f 339 353 354
f 338 353 339
f 1409 1078 689
f 1412 1078 1409
f 207 206 229
f 228 229 206
f 450 449 475
f 476 450 475
f 1104 1625 1628
f 1437 1625 1104
f 439 1403 1415
f 1416 439 1415
f 317 316 331
f 332 317 331
f 898 1405 1421
f 901 898 1421
f 265 264 277
f 278 265 277
f 1249 1250 1142
f 1099 1142 1250
f 1278 1099 1250
f 253 756 1245
f 1422 253 1245
f 208 229 230
f 207 229 208
f 1423 1079 1424
f 697 1079 1423
f 117 116 140
f 141 117 140
f 209 230 231
f 208 230 209
f 1343 906 1398
f 1398 906 1414
f 694 439 1425
f 1427 1425 439
f 1416 1427 439
f 393 407 408
f 392 407 393
f 716 714 1428
f 1393 1428 714
f 1453 616 1629
f 1634 1629 616
f 423 451 452
f 422 451 423
f 529 1048 1429
f 1430 529 1429
f 689 716 1432
f 1428 1432 716
f 439 694 1418
f 1433 439 1418
f 1149 529 1434
f 1048 529 1149
f 1435 718 689
f 1346 718 1435
f 1229 1099 1284
f 1231 1099 1229
f 1224 1231 1229
f 1223 1224 1229
f 914 779 1436
f 1276 914 1436
f 616 1459 1634
f 1639 1634 1459
f 1383 1438 914
f 779 914 1438
f 601 621 1390
f 1391 1390 621
f 1399 1391 621
f 1441 402 1442
f 401 402 1441
f 1104 1182 1646
f 1181 1182 1104
f 1645 1104 1646
f 1628 1181 1104
f 621 1104 1645
f 763 439 1444
f 1443 1444 439
f 1433 1443 439
f 1442 390 1447
f 402 390 1442
f 438 763 1448
f 1449 438 1448
f 1645 1160 621
f 1159 621 1160
f 1645 1644 1160
f 1084 1080 1451
f 1452 1084 1451
f 1235 629 1407
f 1236 629 1235
f 1452 1424 1084
f 1079 1084 1424
f 529 1059 1157
f 1454 529 1157
f 1000 1521 1638
f 998 1521 1000
f 1456 1207 438
f 758 438 1207
f 1449 1456 438
f 1156 529 1454
f 1055 529 1156
f 1457 1330 820
f 900 820 1330
f 1404 440 1458
f 439 440 1404
f 1534 1141 1533
f 1396 1141 1534
f 1537 1396 1534
f 1395 1141 1396
f 704 703 1455
f 1460 704 1455
f 1141 596 1533
f 1484 1533 596
f 440 691 1417
f 1461 440 1417
f 1389 1388 1141
f 1392 1389 1141
f 1462 900 1463
f 820 900 1462
f 652 1141 1388
f 1375 652 1388
f 1376 652 1375
f 1263 1251 1142
f 1249 1142 1251
f 1098 1257 1268
f 1257 1258 1268
f 1313 1257 1098
f 1212 1312 1098
f 1098 1312 1313
f 1380 601 1384
f 1213 1384 601
f 1382 1380 1384
f 1492 595 1493
f 1494 1493 595
f 1097 653 1456
f 1449 1097 1456
f 1448 1097 1449
f 599 1197 1358
f 1357 1358 1197
f 622 1365 1366
f 599 622 1366
f 1371 1365 622
f 1107 595 1411
f 1550 1107 1411
f 1485 1550 1411
f 1558 1107 1550
f 1552 1558 1550
f 1413 1107 1559
f 1558 1559 1107
f 1417 627 1466
f 1461 1417 1466
f 649 1097 1433
f 1443 1433 1097
f 1418 649 1433
f 1480 1467 627
f 1466 627 1467
f 651 1480 627
f 1415 1403 651
f 651 1458 1480
f 1403 1458 651
f 1458 1403 1404
f 1415 651 1427
f 1416 1415 1427
f 651 649 1427
f 1425 1427 649
f 1397 1307 1393
f 1432 1314 1506
f 1428 1314 1432
f 1397 1393 1532
f 1393 1314 1428
f 1307 1314 1393
f 1532 1393 1608
f 1613 1393 1605
f 1307 1306 1314
f 1605 1393 1394
f 1608 1393 1613
f 1613 1609 1608
f 1604 1605 1394
f 1409 1410 1599
f 1412 1409 1599
f 1345 1346 1435
f 1147 1345 1435
f 1402 1401 1600
f 1408 1402 1600
f 1183 1179 662
f 1178 662 1179
f 1423 1424 1452
f 1451 1423 1452
f 1200 1648 1657
f 1431 1525 657
f 657 1525 1648
f 1200 657 1648
f 1351 1345 657
f 1147 657 1345
f 1344 1345 1351
f 1161 1162 662
f 662 1162 1216
f 1464 1166 662
f 662 1166 1167
f 1206 1210 1098
f 1209 1098 1210
f 1190 1098 1208
f 1189 1190 1208
f 1475 1098 1190
f 1320 1465 1611
f 1098 1465 1320
f 1319 1098 1320
f 1290 1300 765
f 1193 1290 765
f 1194 1290 1193
f 1273 1272 1607
f 1255 1245 1244
f 1273 1245 1255
f 1422 1273 1607
f 1245 1273 1422
f 1204 1205 661
f 661 1205 1218
f 1211 1218 1205
f 1228 661 1218
f 1259 1612 1618
f 1262 1259 1618
f 1260 1612 1259
f 1329 1330 1457
f 1328 1329 1457
f 1496 1504 1265
f 1277 1265 1504
f 1504 1505 1277
f 1497 1504 1496
f 1266 1496 1265
f 1507 1504 1497
f 1508 1507 1497
f 1150 660 1664
f 1151 1150 1664
f 1622 594 1635
f 1626 1622 1635
f 1337 1635 594
f 1623 594 1622
f 1383 1275 1368
f 1335 1326 1327
f 1335 1327 1438
f 1341 1438 1327
f 1383 1335 1438
f 1368 1335 1383
f 1367 1335 1368
f 1271 1275 1276
f 1367 1348 1335
f 1275 1274 1368
f 1349 1348 1367
f 1274 1385 1368
f 1275 1271 1274
f 1269 1271 1276
f 1436 1269 1276
f 1347 1438 1341
f 779 1270 1436
f 1269 1436 1270
f 1420 594 1624
f 1623 1624 594
f 1486 1520 594
f 1487 594 1520
f 1445 1665 594
f 660 594 1665
f 1664 660 1665
f 1254 1277 1510
f 1513 1524 1510
f 1277 1505 1510
f 1305 1509 1505
f 1308 1305 1505
f 1551 1308 1505
f 1304 1305 1308
f 1253 1254 1510
f 1292 1253 1510
f 1531 1292 1510
f 1505 1509 1510
f 1283 1253 1292
f 1524 1531 1510
f 1282 594 779
f 594 1282 1619
f 1619 1282 1617
f 1281 1282 779
f 1291 1281 779
f 1291 1285 1281
f 1571 594 1631
f 1630 1571 1631
f 1296 1292 1526
f 1526 1292 1531
f 779 1296 1526
f 1293 1292 1296
f 1473 1578 1579
f 1472 1578 1473
f 1463 1578 1472
f 1579 1478 1473
f 1474 1473 1478
f 1579 1661 1478
f 1658 1661 1580
f 1580 1661 1579
f 1317 1311 1585
f 1585 1309 1584
f 1309 1585 1311
f 614 1225 1226
f 1546 1225 614
f 1545 1546 614
f 1230 1225 1546
f 661 614 1204
f 1203 614 1529
f 1204 614 1203
f 1614 1299 1615
f 1300 1299 1614
f 765 1300 1614
f 1568 1573 1669
f 1574 1669 1573
f 1567 1568 1669
f 765 1567 1669
f 1666 765 1669
f 1238 614 1535
f 1237 614 1238
f 1243 614 1237
f 1309 1310 1583
f 1315 1583 1310
f 1583 1584 1309
f 1548 614 1650
f 1549 614 1548
f 1489 1667 1668
f 1488 1667 1489
f 641 1523 1656
f 1655 1656 1523
f 1522 1523 641
f 1587 1514 1595
f 1439 1673 1587
f 1586 1587 1595
f 1174 1514 1587
f 1173 1174 1587
f 1673 1173 1587
f 1440 1673 1439
f 1446 1673 1440
f 1594 1673 1446
f 1671 1673 1594
f 1670 1671 1594
f 1421 1515 1516
f 1406 1515 1421
f 1164 1421 1516
f 1405 1406 1421
f 1163 1164 1516
f 1591 1430 1672
f 1429 1672 1430
f 1148 1149 1434
f 1152 1148 1434
f 1155 1156 1454
f 1157 1155 1454
f 1651 641 1653
f 1652 1651 1653
f 641 1643 1649
f 1642 1649 1643
f 1647 1649 1642
f 1339 1361 1172
f 1339 1340 1354
f 1361 1339 1354
f 1188 1187 1543
f 1348 1339 1172
f 1542 1543 1172
f 1172 1335 1348
f 1543 1335 1172
f 1361 1364 1172
f 1336 1335 1543
f 1187 1336 1543
f 1593 1336 1187
f 1597 1593 1187
f 1602 1597 1187
f 1364 1171 1172
f 643 1191 1627
f 1517 643 1627
f 1168 1191 643
f 1170 1191 1168
f 1165 643 1517
f 643 1130 1168
f 1130 1176 1177
f 1168 1130 1177
f 1169 1168 1177
f 1195 1192 1295
f 1294 1295 1192
f 1195 1318 1199
f 1318 1195 1295
f 1195 1186 1192
f 1187 1186 1602
f 1602 1186 1196
f 1316 1318 1295
f 1186 1195 1196
f 1130 610 1659
f 1616 1130 1659
f 1264 1130 1616
f 1234 1214 1215
f 1323 1234 1215
f 1239 1234 1323
f 1242 1239 1323
f 1324 1242 1323
f 1659 610 1660
f 1662 1660 610
f 1279 1538 1286
f 1280 1539 1279
f 1538 1279 1539
f 645 1219 1227
f 1220 1227 1219
f 1240 1219 645
f 1240 645 1241
f 1246 1241 645
f 1441 1246 645
f 1565 1441 645
f 1447 1246 1441
f 1442 1447 1441
f 1136 1332 1566
f 1303 1570 1598
f 1331 1566 1332
f 645 1332 1136
f 1518 1566 1331
f 1570 1566 1518
f 1566 1570 1569
f 1598 1570 1518
f 1596 1303 1598
f 1563 1303 1596
f 1560 1303 1563
f 1561 1560 1563
f 1560 1555 1303
f 1554 1555 1560
f 1555 1572 1303
f 1572 1302 1303
f 1577 1582 1572
f 1589 1302 1572
f 1572 1582 1589
f 1592 1302 1589
f 1332 645 1333
f 1338 1333 645
f 1636 641 1640
f 1649 1640 641
f 1132 641 1636
f 1637 1132 1636
f 1603 1132 1637
f 1649 1641 1640
f 1334 1132 1603
f 1377 1374 1378
f 1352 1374 1377
f 1595 1360 1363
f 1373 1374 1352
f 1356 1373 1352
f 1503 1373 1356
f 1360 1503 1356
f 1495 1373 1503
f 1514 1503 1360
f 1360 1595 1514
f 1377 1353 1352
f 1610 1601 1606
f 1378 1601 1379
f 1557 1562 1601
f 1379 1601 1610
f 1556 1386 1387
f 1374 1386 1378
f 1386 1601 1378
f 1601 1386 1556
f 1362 1386 1374
f 1355 1386 1362
f 1481 1386 1355
f 1481 1297 1482
f 1301 1481 1355
f 1576 1386 1481
f 1557 1601 1556
f 1298 1481 1301
f 1297 1481 1298
f 1132 1232 1233
f 1544 1132 1233
f 1419 1132 1544
f 1247 1261 1248
f 1248 1261 1132
f 1132 1261 610
f 1252 1248 1132
f 1426 1252 1132
f 610 1450 1662
f 1663 1662 1450
f 1511 1501 1502
f 1538 1501 1499
f 1499 1501 1511
f 1460 1538 1499
f 1460 1455 1538
f 1498 1460 1499
f 1455 1286 1538
f 1287 1286 1455
f 1490 1511 1547
f 1490 1500 1511
f 1512 1547 1511
f 1500 1490 1491
f 1500 1499 1511
f 1470 1553 1476
f 1289 1471 1477
f 1483 1482 1477
f 1564 1483 1477
f 1482 1289 1477
f 1479 1564 1477
f 1288 1289 1482
f 1297 1288 1482
f 1471 1476 1477
f 1479 1553 1564
f 1553 1479 1476
f 1470 1476 1471
f 1107 1581 1621
f 1620 1621 1581
f 1107 1184 1185
f 1519 1107 1185
f 603 1107 1621
f 1588 603 1621
f 603 1590 1632
f 1633 1632 1590
