v -1.3680117784833934 1.595455565846428 0.5
v -0.6319882215166065 1.595455565846428 0.5
v -1 1.3680117784833934 1.095455565846428
v -1 1.3680117784833934 -0.095455565846428003
v -1.595455565846428 1 0.1319882215166065
v -1.595455565846428 1 0.8680117784833935
v -1 1.7 0.5
v -1.2163118960624633 1.5663118960624631 0.85000000000000009
v -0.78368810393753674 1.5663118960624631 0.85000000000000009
v -1 1 1.2
v -1.2163118960624633 1.5663118960624631 0.14999999999999997
v -0.78368810393753674 1.5663118960624631 0.14999999999999997
v -1 1 -0.19999999999999996
v -1.5663118960624631 1.3500000000000001 0.2836881039375368
v -1.5663118960624631 0.64999999999999991 0.2836881039375368
v -1.3500000000000001 0.78368810393753674 -0.066311896062463127
v -1.3500000000000001 1.2163118960624633 -0.066311896062463127
v -1.5663118960624631 1.3500000000000001 0.71631189606246326
v -1.5663118960624631 0.64999999999999991 0.71631189606246326
v -1.3500000000000001 0.78368810393753674 1.0663118960624631
v -1.3500000000000001 1.2163118960624633 1.0663118960624631
v -1.7 1 0.5
v -1.1912865702388702 1.6733568504487422 0.5
v -0.80871342976112981 1.6733568504487422 0.5
v -1.3037219951868864 1.6038679362913304 0.68192433910542805
v -1.1124354249480162 1.4856463342923145 0.99143251134331412
v -1.1137218936815172 1.6657395614066075 0.6840058892416967
v -0.69627800481311364 1.6038679362913304 0.68192433910542805
v -0.88756457505198383 1.4856463342923145 0.99143251134331412
v -0.88627810631848281 1.6657395614066075 0.6840058892416967
v -1 1.595455565846428 0.86801177848339361
v -1 1.1912865702388702 1.1733568504487422
v -1.3037219951868864 1.6038679362913304 0.31807566089457195
v -1.1124354249480162 1.4856463342923145 0.0085674886566858843
v -1.1137218936815172 1.6657395614066075 0.31599411075830325
v -0.69627800481311364 1.6038679362913304 0.31807566089457195
v -0.88756457505198383 1.4856463342923145 0.0085674886566858843
v -0.88627810631848281 1.6657395614066075 0.31599411075830325
v -1 1.595455565846428 0.13198822151660644
v -1 1.1912865702388702 -0.17335685044874227
v -0.51435366570768548 1.4914325113433142 0.38756457505198377
v -0.58855032339526869 1.4817336721649106 0.202272217076786
v -0.81807566089457184 1.3037219951868864 -0.10386793629133029
v -0.702272217076786 1.4114496766047311 0.018266327835089302
v -0.51435366570768548 1.4914325113433142 0.61243542494801617
v -0.58855032339526869 1.4817336721649106 0.797727782923214
v -0.81807566089457184 1.3037219951868864 1.1038679362913304
v -0.702272217076786 1.4114496766047311 0.9817336721649107
v -1.4856463342923145 1.4914325113433142 0.38756457505198377
v -1.6038679362913304 1.1819243391054282 0.19627800481311364
v -1.4114496766047313 1.4817336721649106 0.202272217076786
v -1.4856463342923145 0.50856748865668577 0.38756457505198377
v -1.6038679362913304 0.81807566089457184 0.19627800481311364
v -1.491432511343314 0.88756457505198383 0.014353665707685648
v -1.1840058892416967 0.88627810631848281 -0.16573956140660751
v -1.4817336721649106 0.702272217076786 0.088550323395268804
v -1.1819243391054282 1.3037219951868864 -0.10386793629133029
v -1.491432511343314 1.1124354249480162 0.014353665707685648
v -1.2977277829232139 1.4114496766047311 0.018266327835089302
v -1.1840058892416967 1.1137218936815172 -0.16573956140660751
v -1.4817336721649106 1.2977277829232139 0.088550323395268804
v -1.3680117784833936 1 -0.095455565846427892
v -1.4856463342923145 1.4914325113433142 0.61243542494801617
v -1.6038679362913304 1.1819243391054282 0.80372199518688636
v -1.4114496766047313 1.4817336721649106 0.797727782923214
v -1.5954555658464278 1.3680117784833936 0.5
v -1.4856463342923145 0.50856748865668577 0.61243542494801617
v -1.6038679362913304 0.81807566089457184 0.80372199518688636
v -1.5954555658464278 0.63198822151660639 0.5
v -1.491432511343314 0.88756457505198383 0.9856463342923143
v -1.1840058892416967 0.88627810631848281 1.1657395614066075
v -1.4817336721649106 0.702272217076786 0.9114496766047312
v -1.1819243391054282 1.3037219951868864 1.1038679362913304
v -1.491432511343314 1.1124354249480162 0.9856463342923143
v -1.2977277829232139 1.4114496766047311 0.9817336721649107
v -1.1840058892416967 1.1137218936815172 1.1657395614066075
v -1.4817336721649106 1.2977277829232139 0.9114496766047312
v -1.3680117784833936 1 1.0954555658464278
v -1.6733568504487422 1 0.30871342976112981
v -1.6733568504487422 1 0.69128657023887019
v -1.6657395614066075 1.1840058892416967 0.38627810631848275
v -1.6657395614066075 0.81599411075830319 0.38627810631848275
v -1.6657395614066075 1.1840058892416967 0.61372189368151719
v -1.6657395614066075 0.81599411075830319 0.61372189368151719
v -1.282348744032155 1.6405303948630889 0.5
v -1.0965665694893436 1.6933072173698034 0.5
v -0.71765125596784496 1.6405303948630889 0.5
v -0.90343343051065639 1.6933072173698034 0.5
v -1.3391091494424674 1.6054505351042923 0.59184026516910904
v -1.2625269972347468 1.5907380322356732 0.76852961287953336
v -1.2507601554406054 1.6470132204279424 0.59215875994644529
v -1.0567604054103124 1.4309494146115764 1.0486901296939799
v -1.1659604277454032 1.5310566101142802 0.92477760449027002
v -1.0575697256955536 1.6913818384165964 0.59314977289841386
v -1.1670738512237153 1.6237045669318575 0.77033116991131445
v -1.1540819192313048 1.6764748181817073 0.59295473377953167
v -1.2108812153652624 1.6413709226338509 0.68485792546134583
v -0.66089085055753249 1.6054505351042923 0.59184026516910904
v -0.73747300276525318 1.5907380322356732 0.76852961287953336
v -0.74923984455939474 1.6470132204279424 0.59215875994644529
v -0.94323959458968754 1.4309494146115764 1.0486901296939799
v -0.83403957225459679 1.5310566101142802 0.92477760449027002
v -1 1.4920349213414412 0.9978972144735514
v -0.94243027430444637 1.6913818384165964 0.59314977289841386
v -0.83292614877628479 1.6237045669318575 0.77033116991131445
v -0.84591808076869535 1.6764748181817073 0.59295473377953167
v -1 1.6747028844273357 0.68648329079419712
v -0.78911878463473761 1.6413709226338509 0.68485792546134583
v -1.1095041255281617 1.5881245197289973 0.86348094280972854
v -0.89049587447183842 1.5881245197289973 0.86348094280972854
v -1.0567992961339578 1.5461430594970886 0.93416770782941305
v -1.0576265060223722 1.6390877450526093 0.77972493619129579
v -0.94320070386604227 1.5461430594970886 0.93416770782941305
v -0.94237349397762793 1.6390877450526093 0.77972493619129579
v -1 1.282348744032155 1.1405303948630889
v -1 1.0965665694893436 1.1933072173698034
v -1.3391091494424674 1.6054505351042923 0.40815973483089102
v -1.2625269972347468 1.5907380322356732 0.23147038712046658
v -1.2507601554406054 1.6470132204279424 0.40784124005355477
v -1.0567604054103124 1.4309494146115764 -0.0486901296939799
v -1.1659604277454032 1.5310566101142802 0.075222395509730033
v -1.0575697256955536 1.6913818384165964 0.40685022710158608
v -1.1670738512237153 1.6237045669318575 0.22966883008868555
v -1.1540819192313048 1.6764748181817073 0.40704526622046833
v -1.2108812153652624 1.6413709226338509 0.31514207453865417
v -0.66089085055753249 1.6054505351042923 0.40815973483089102
v -0.73747300276525318 1.5907380322356732 0.23147038712046658
v -0.74923984455939474 1.6470132204279424 0.40784124005355477
v -0.94323959458968754 1.4309494146115764 -0.0486901296939799
v -0.83403957225459679 1.5310566101142802 0.075222395509730033
v -1 1.4920349213414412 0.0021027855264486028
v -0.94243027430444637 1.6913818384165964 0.40685022710158608
v -0.83292614877628479 1.6237045669318575 0.22966883008868555
v -0.84591808076869535 1.6764748181817073 0.40704526622046833
v -1 1.6747028844273357 0.31351670920580288
v -0.78911878463473761 1.6413709226338509 0.31514207453865417
v -1.1095041255281617 1.5881245197289973 0.13651905719027152
v -0.89049587447183842 1.5881245197289973 0.13651905719027152
v -1.0567992961339578 1.5461430594970886 0.065832292170587003
v -1.0576265060223722 1.6390877450526093 0.22027506380870421
v -0.94320070386604227 1.5461430594970886 0.065832292170587003
v -0.94237349397762793 1.6390877450526093 0.22027506380870421
v -1 1.282348744032155 -0.14053039486308883
v -1 1.0965665694893436 -0.19330721736980327
v -0.56905058538842357 1.5486901296939801 0.44323959458968754
v -0.60012383860500396 1.5548544604814971 0.35088399404560922
v -0.68220665018231719 1.5305547940334434 0.17209910439313192
v -0.63871486596425731 1.5484161888543193 0.25769288964770554
v -0.54681167428244315 1.4916168927203617 0.29279678519556196
v -0.90815973483089096 1.3391091494424674 -0.10545053510429236
v -0.73147038712046653 1.2625269972347468 -0.090738032235673005
v -0.8508839940456091 1.3998761613949962 -0.054854460481497003
v -0.90784124005355471 1.2507601554406054 -0.14701322042794229
v -0.73977637587787082 1.4949747468305832 0.078949331494718
v -0.67209910439313192 1.3177933498176828 -0.030554794033443522
v -0.79279678519556196 1.4531883257175569 0.0083831072796384243
v -0.64063719113868645 1.4526044542584122 0.10502205176395996
v -0.75769288964770554 1.3612851340357428 -0.048416188854319198
v -0.90685022710158603 1.0575697256955536 -0.19138183841659639
v -0.90704526622046833 1.1540819192313048 -0.17647481818170729
v -0.81514207453865406 1.2108812153652624 -0.14137092263385098
v -0.60502205176395996 1.3593628088613134 0.047395545741587886
v -0.56905058538842357 1.5486901296939801 0.55676040541031246
v -0.60012383860500396 1.5548544604814971 0.64911600595439078
v -0.50796507865855878 1.4978972144735514 0.5
v -0.68220665018231719 1.5305547940334434 0.82790089560686808
v -0.63871486596425731 1.5484161888543193 0.74230711035229446
v -0.54681167428244315 1.4916168927203617 0.70720321480443804
v -0.90815973483089096 1.3391091494424674 1.1054505351042923
v -0.73147038712046653 1.2625269972347468 1.090738032235673
v -0.8508839940456091 1.3998761613949962 1.0548544604814971
v -0.90784124005355471 1.2507601554406054 1.1470132204279424
v -0.73977637587787082 1.4949747468305832 0.92105066850528194
v -0.67209910439313192 1.3177933498176828 1.0305547940334434
v -0.79279678519556196 1.4531883257175569 0.99161689272036158
v -0.64063719113868645 1.4526044542584122 0.89497794823604004
v -0.75769288964770554 1.3612851340357428 1.0484161888543193
v -0.90685022710158603 1.0575697256955536 1.1913818384165964
v -0.90704526622046833 1.1540819192313048 1.1764748181817073
v -0.81514207453865406 1.2108812153652624 1.1413709226338509
v -0.60502205176395996 1.3593628088613134 0.95260445425841211
v -1.4309494146115764 1.5486901296939801 0.44323959458968754
v -1.5310566101142802 1.42477760449027 0.33403957225459679
v -1.3998761613949959 1.5548544604814971 0.35088399404560922
v -1.6054505351042923 1.091840265169109 0.16089085055753249
v -1.590738032235673 1.2685296128795334 0.23747300276525324
v -1.3177933498176828 1.5305547940334434 0.17209910439313192
v -1.4949747468305832 1.4210506685052819 0.23977637587787087
v -1.3612851340357426 1.5484161888543193 0.25769288964770554
v -1.4531883257175569 1.4916168927203617 0.29279678519556196
v -1.5310566101142802 0.57522239550972998 0.33403957225459679
v -1.6054505351042923 0.90815973483089096 0.16089085055753249
v -1.590738032235673 0.73147038712046653 0.23747300276525324
v -1.4949747468305832 0.57894933149471806 0.23977637587787087
v -1.4531883257175569 0.50838310727963842 0.29279678519556196
v -1.2685296128795334 0.73747300276525318 -0.090738032235673005
v -1.5486901296939799 0.94323959458968754 0.069050585388423513
v -1.42477760449027 0.83403957225459679 -0.031056610114280181
v -1.5548544604814971 0.85088399404560922 0.10012383860500396
v -1.3279008956068681 0.68220665018231719 -0.030554794033443522
v -1.0931497728984139 0.94243027430444637 -0.19138183841659639
v -1.2703311699113145 0.83292614877628479 -0.1237045669318575
v -1.1848579254613458 0.7891187846347375 -0.14137092263385098
v -1.5305547940334434 0.67209910439313192 0.18220665018231724
v -1.4210506685052819 0.73977637587787082 0.0050252531694168212
v -1.5484161888543193 0.75769288964770554 0.13871486596425725
v -1.4526044542584122 0.60502205176395996 0.1406371911386865
v -1.4916168927203617 0.79279678519556196 0.04681167428244315
v -1.39497794823604 0.64063719113868656 0.047395545741587886
v -1.091840265169109 1.3391091494424674 -0.10545053510429236
v -1.2685296128795334 1.2625269972347468 -0.090738032235673005
v -1.1491160059543908 1.3998761613949962 -0.054854460481497003
v -1.0921587599464453 1.2507601554406054 -0.14701322042794229
v -1.5486901296939799 1.0567604054103126 0.069050585388423513
v -1.42477760449027 1.1659604277454032 -0.031056610114280181
v -1.5548544604814971 1.1491160059543908 0.10012383860500396
v -1.4978972144735514 1 0.0079650786585587774
v -1.2602236241221292 1.4949747468305832 0.078949331494718
v -1.3279008956068681 1.3177933498176828 -0.030554794033443522
v -1.207203214804438 1.4531883257175569 0.0083831072796384243
v -1.3593628088613134 1.4526044542584122 0.10502205176395996
v -1.2423071103522945 1.3612851340357428 -0.048416188854319198
v -1.0931497728984139 1.0575697256955536 -0.19138183841659639
v -1.2703311699113145 1.1670738512237153 -0.1237045669318575
v -1.0929547337795318 1.1540819192313048 -0.17647481818170729
v -1.1864832907941971 1 -0.17470288442733573
v -1.1848579254613458 1.2108812153652624 -0.14137092263385098
v -1.5305547940334434 1.3279008956068681 0.18220665018231724
v -1.4210506685052819 1.2602236241221292 0.0050252531694168212
v -1.5484161888543193 1.2423071103522945 0.13871486596425725
v -1.4526044542584122 1.39497794823604 0.1406371911386865
v -1.4916168927203617 1.207203214804438 0.04681167428244315
v -1.39497794823604 1.3593628088613134 0.047395545741587886
v -1.3634809428097285 0.89049587447183842 -0.088124519728997153
v -1.3634809428097285 1.1095041255281617 -0.088124519728997153
v -1.4341677078294131 0.94320070386604227 -0.046143059497088634
v -1.2797249361912959 0.94237349397762793 -0.13908774505260935
v -1.4341677078294131 1.0567992961339578 -0.046143059497088634
v -1.2797249361912959 1.0576265060223722 -0.13908774505260935
v -1.4309494146115764 1.5486901296939801 0.55676040541031246
v -1.5310566101142802 1.42477760449027 0.66596042774540321
v -1.3998761613949959 1.5548544604814971 0.64911600595439078
v -1.4920349213414412 1.4978972144735514 0.5
v -1.6054505351042923 1.091840265169109 0.83910914944246751
v -1.590738032235673 1.2685296128795334 0.76252699723474682
v -1.3177933498176828 1.5305547940334434 0.82790089560686808
v -1.4949747468305832 1.4210506685052819 0.76022362412212918
v -1.3612851340357426 1.5484161888543193 0.74230711035229446
v -1.4531883257175569 1.4916168927203617 0.70720321480443804
v -1.5881245197289973 1.3634809428097285 0.39049587447183842
v -1.5881245197289973 1.3634809428097285 0.60950412552816158
v -1.5461430594970886 1.4341677078294131 0.44320070386604227
v -1.5461430594970886 1.4341677078294131 0.55679929613395773
v -1.5310566101142802 0.57522239550972998 0.66596042774540321
v -1.4920349213414412 0.5021027855264486 0.5
v -1.6054505351042923 0.90815973483089096 0.83910914944246751
v -1.590738032235673 0.73147038712046653 0.76252699723474682
v -1.4949747468305832 0.57894933149471806 0.76022362412212918
v -1.4531883257175569 0.50838310727963842 0.70720321480443804
v -1.5881245197289973 0.63651905719027146 0.39049587447183842
v -1.5881245197289973 0.63651905719027146 0.60950412552816158
v -1.5461430594970886 0.56583229217058695 0.44320070386604227
v -1.5461430594970886 0.56583229217058695 0.55679929613395773
v -1.2685296128795334 0.73747300276525318 1.090738032235673
v -1.5486901296939799 0.94323959458968754 0.93094941461157643
v -1.42477760449027 0.83403957225459679 1.0310566101142802
v -1.5548544604814971 0.85088399404560922 0.89987616139499604
v -1.3279008956068681 0.68220665018231719 1.0305547940334434
v -1.0931497728984139 0.94243027430444637 1.1913818384165964
v -1.2703311699113145 0.83292614877628479 1.1237045669318575
v -1.1848579254613458 0.7891187846347375 1.1413709226338509
v -1.5305547940334434 0.67209910439313192 0.81779334981768281
v -1.4210506685052819 0.73977637587787082 0.99497474683058318
v -1.5484161888543193 0.75769288964770554 0.86128513403574281
v -1.4526044542584122 0.60502205176395996 0.85936280886131344
v -1.4916168927203617 0.79279678519556196 0.95318832571755685
v -1.39497794823604 0.64063719113868656 0.95260445425841211
v -1.091840265169109 1.3391091494424674 1.1054505351042923
v -1.2685296128795334 1.2625269972347468 1.090738032235673
v -1.1491160059543908 1.3998761613949962 1.0548544604814971
v -1.0921587599464453 1.2507601554406054 1.1470132204279424
v -1.5486901296939799 1.0567604054103126 0.93094941461157643
v -1.42477760449027 1.1659604277454032 1.0310566101142802
v -1.5548544604814971 1.1491160059543908 0.89987616139499604
v -1.4978972144735514 1 0.99203492134144122
v -1.2602236241221292 1.4949747468305832 0.92105066850528194
v -1.3279008956068681 1.3177933498176828 1.0305547940334434
v -1.207203214804438 1.4531883257175569 0.99161689272036158
v -1.3593628088613134 1.4526044542584122 0.89497794823604004
v -1.2423071103522945 1.3612851340357428 1.0484161888543193
v -1.0931497728984139 1.0575697256955536 1.1913818384165964
v -1.2703311699113145 1.1670738512237153 1.1237045669318575
v -1.0929547337795318 1.1540819192313048 1.1764748181817073
v -1.1864832907941971 1 1.1747028844273357
v -1.1848579254613458 1.2108812153652624 1.1413709226338509
v -1.5305547940334434 1.3279008956068681 0.81779334981768281
v -1.4210506685052819 1.2602236241221292 0.99497474683058318
v -1.5484161888543193 1.2423071103522945 0.86128513403574281
v -1.4526044542584122 1.39497794823604 0.85936280886131344
v -1.4916168927203617 1.207203214804438 0.95318832571755685
v -1.39497794823604 1.3593628088613134 0.95260445425841211
v -1.3634809428097285 0.89049587447183842 1.0881245197289973
v -1.3634809428097285 1.1095041255281617 1.0881245197289973
v -1.4341677078294131 0.94320070386604227 1.0461430594970886
v -1.2797249361912959 0.94237349397762793 1.1390877450526093
v -1.4341677078294131 1.0567992961339578 1.0461430594970886
v -1.2797249361912959 1.0576265060223722 1.1390877450526093
v -1.6405303948630889 1 0.21765125596784496
v -1.6933072173698034 1 0.40343343051065639
v -1.6470132204279424 1.0921587599464453 0.24923984455939474
v -1.6470132204279424 0.90784124005355471 0.24923984455939474
v -1.6405303948630889 1 0.78234874403215504
v -1.6933072173698034 1 0.59656656948934361
v -1.6470132204279424 1.0921587599464453 0.75076015544060526
v -1.6470132204279424 0.90784124005355471 0.75076015544060526
v -1.6237045669318575 1.2703311699113145 0.33292614877628479
v -1.6913818384165964 1.0931497728984139 0.44243027430444637
v -1.6413709226338509 1.1848579254613458 0.2891187846347375
v -1.6390877450526093 1.2797249361912959 0.44237349397762787
v -1.6764748181817073 1.0929547337795318 0.34591808076869535
v -1.6237045669318575 0.72966883008868555 0.33292614877628479
v -1.6913818384165964 0.90685022710158603 0.44243027430444637
v -1.6413709226338509 0.81514207453865406 0.2891187846347375
v -1.6390877450526093 0.72027506380870421 0.44237349397762787
v -1.6764748181817073 0.90704526622046833 0.34591808076869535
v -1.6237045669318575 1.2703311699113145 0.66707385122371521
v -1.6913818384165964 1.0931497728984139 0.55756972569555363
v -1.6413709226338509 1.1848579254613458 0.7108812153652625
v -1.6390877450526093 1.2797249361912959 0.55762650602237207
v -1.6764748181817073 1.0929547337795318 0.65408191923130465
v -1.6747028844273357 1.1864832907941971 0.5
v -1.6237045669318575 0.72966883008868555 0.66707385122371521
v -1.6913818384165964 0.90685022710158603 0.55756972569555363
v -1.6413709226338509 0.81514207453865406 0.7108812153652625
v -1.6390877450526093 0.72027506380870421 0.55762650602237207
v -1.6764748181817073 0.90704526622046833 0.65408191923130465
v -1.6747028844273357 0.81351670920580277 0.5
v -1.325960330967427 1.6194754737966672 0.5
v -1.2373857552123388 1.6585195541684905 0.5
v -1.0483991107415087 1.6983247998456243 0.5
v -1.1442718330025612 1.6849712681580749 0.5
v -0.67403966903257295 1.6194754737966672 0.5
v -0.76261424478766127 1.6585195541684905 0.5
v -0.95160088925849129 1.6983247998456243 0.5
v -0.85572816699743892 1.6849712681580749 0.5
v -1.3544086144853562 1.6018934676609935 0.54603028965360256
v -1.3221866109724467 1.6061097430336666 0.63721066689493189
v -1.3117555312452662 1.625048697300542 0.546071843254608
v -1.239993786116536 1.5799127784003548 0.81000669682029658
v -1.2838036790206848 1.5987358448058577 0.72576726937034097
v -1.221744317544649 1.6623384888167365 0.54622968601039557
v -1.2781454062182893 1.6274806990139301 0.63748856448684232
v -1.2672050615543502 1.645343139681219 0.54619185151217065
v -1.2956545352669671 1.6277603979647752 0.59222406694123153
v -1.0284482835179289 1.4004389041389587 1.0734451841430648
v -1.0848008557601079 1.4593972778673787 1.0213088872735585
v -1.1915946753750273 1.5500004829368326 0.88831810302532765
v -1.1395318460181239 1.5095709483910258 0.95920399878773366
v -1.0288738713570029 1.6978421336131895 0.54671890524242295
v -1.0859106435313146 1.6806589442783735 0.63900634122904343
v -1.077269494739854 1.6941533373698499 0.54669656733580196
v -1.1922856260561367 1.5968481150478646 0.81112467850688186
v -1.1408320105408061 1.6467156727579007 0.72787097975900772
v -1.2153616087656591 1.6088077173235762 0.77013430140788053
v -1.1731279897273947 1.6766501588459062 0.54659679931884819
v -1.1342459928583961 1.6728317272887587 0.63883616299469292
v -1.1257171448055854 1.6870381999687378 0.54662307675012656
v -1.2029506061752118 1.6634752574053726 0.59279889150193854
v -1.1060842265925221 1.6855983356746889 0.59327946713164148
v -1.2579627906611628 1.6242193684400061 0.68386239065851639
v -1.1627186192195578 1.6552346764485846 0.68490584019602863
v -1.2374461905570062 1.6179858521637676 0.72740447030651756
v -1.2314245526889334 1.645877390666046 0.63887070475498686
v -1.1894389761991824 1.6340822672940361 0.72815028511895474
v -1.1830852793969573 1.6611028150172409 0.63936587977126114
v -0.64559138551464379 1.6018934676609935 0.54603028965360256
v -0.67781338902755328 1.6061097430336666 0.63721066689493189
v -0.68824446875473377 1.625048697300542 0.546071843254608
v -0.76000621388346412 1.5799127784003548 0.81000669682029658
v -0.71619632097931507 1.5987358448058577 0.72576726937034097
v -0.77825568245535104 1.6623384888167365 0.54622968601039557
v -0.72185459378171069 1.6274806990139301 0.63748856448684232
v -0.7327949384456498 1.645343139681219 0.54619185151217065
v -0.70434546473303294 1.6277603979647752 0.59222406694123153
v -0.97155171648207095 1.4004389041389587 1.0734451841430648
v -0.91519914423989202 1.4593972778673787 1.0213088872735585
v -1 1.4323731828101876 1.0505028889902288
v -0.80840532462497283 1.5500004829368326 0.88831810302532765
v -0.86046815398187615 1.5095709483910258 0.95920399878773366
v -1.0564010886736404 1.4904351739591872 0.99627840708623405
v -0.94359891132635965 1.4904351739591872 0.99627840708623405
v -1.0284494737126169 1.462618587958179 1.024570938502178
v -0.97155052628738314 1.462618587958179 1.024570938502178
v -0.97112612864299697 1.6978421336131895 0.54671890524242295
v -0.91408935646868539 1.6806589442783735 0.63900634122904343
v -0.92273050526014599 1.6941533373698499 0.54669656733580196
v -1 1.6937319592334374 0.59346640432870135
v -0.80771437394386314 1.5968481150478646 0.81112467850688186
v -0.85916798945919393 1.6467156727579007 0.72787097975900772
v -0.78463839123434098 1.6088077173235762 0.77013430140788053
v -0.82687201027260526 1.6766501588459062 0.54659679931884819
v -0.86575400714160389 1.6728317272887587 0.63883616299469292
v -0.87428285519441473 1.6870381999687378 0.54662307675012656
v -0.79704939382478823 1.6634752574053726 0.59279889150193854
v -0.89391577340747785 1.6855983356746889 0.59327946713164148
v -1.0570507400927818 1.6724583201258627 0.68586290847925691
v -0.94294925990721823 1.6724583201258627 0.68586290847925691
v -1.028875636769041 1.685196355827419 0.64025744743865598
v -0.97112436323095896 1.685196355827419 0.64025744743865598
v -0.74203720933883721 1.6242193684400061 0.68386239065851639
v -0.83728138078044223 1.6552346764485846 0.68490584019602863
v -0.76255380944299378 1.6179858521637676 0.72740447030651756
v -0.76857544731106653 1.645877390666046 0.63887070475498686
v -0.81056102380081763 1.6340822672940361 0.72815028511895474
v -0.81691472060304271 1.6611028150172409 0.63936587977126114
v -1.1634117546991338 1.5790030811624445 0.85784358374930481
v -1.0549213670094915 1.5936199750601721 0.86687732098805115
v -1.1380921140258049 1.5610525432808151 0.89515897019049562
v -1.1387590554391209 1.6079741467252298 0.81798327227602985
v -0.83658824530086617 1.5790030811624445 0.85784358374930481
v -0.94507863299050854 1.5936199750601721 0.86687732098805115
v -0.86190788597419499 1.5610525432808151 0.89515897019049562
v -0.86124094456087907 1.6079741467252298 0.81798327227602985
v -1.0848348009337681 1.5172203863845337 0.96398936244138367
v -1.0284726263611617 1.5722660900086201 0.90212041949438926
v -1.1117290457514208 1.5402883837053234 0.93081908357054699
v -1.0284739465137216 1.5204470180123708 0.96725168358387381
v -1.0833547496066602 1.5685186095896118 0.89979816941590107
v -1.0859601673904369 1.6545913114606179 0.73263934444215684
v -1.0289094272976551 1.6193320149999422 0.8249493809956141
v -1.112704478253453 1.6333872825525253 0.77589536219796162
v -1.0289113882868828 1.659132639445754 0.73389804455060925
v -1.0838288414844119 1.6155411575824616 0.82261712393706621
v -0.91516519906623184 1.5172203863845337 0.96398936244138367
v -0.97152737363883834 1.5722660900086201 0.90212041949438926
v -0.88827095424857916 1.5402883837053234 0.93081908357054699
v -0.9715260534862783 1.5204470180123708 0.96725168358387381
v -0.91664525039333977 1.5685186095896118 0.89979816941590107
v -1 1.5479498895101504 0.93560408467530909
v -0.91403983260956323 1.6545913114606179 0.73263934444215684
v -0.971090572702345 1.6193320149999422 0.8249493809956141
v -0.88729552174654713 1.6333872825525253 0.77589536219796162
v -0.97108861171311722 1.659132639445754 0.73389804455060925
v -0.91617115851558806 1.6155411575824616 0.82261712393706621
v -1 1.6412644188225149 0.78067765346073115
v -1 1.325960330967427 1.1194754737966672
v -1 1.2373857552123388 1.1585195541684905
v -1 1.0483991107415087 1.1983247998456243
v -1 1.1442718330025612 1.1849712681580749
v -1.3544086144853562 1.6018934676609935 0.45396971034639744
v -1.3221866109724467 1.6061097430336666 0.36278933310506811
v -1.3117555312452662 1.625048697300542 0.453928156745392
v -1.239993786116536 1.5799127784003548 0.18999330317970342
v -1.2838036790206848 1.5987358448058577 0.27423273062965897
v -1.221744317544649 1.6623384888167365 0.45377031398960443
v -1.2781454062182893 1.6274806990139301 0.36251143551315768
v -1.2672050615543502 1.645343139681219 0.4538081484878293
v -1.2956545352669671 1.6277603979647752 0.40777593305876852
v -1.0284482835179289 1.4004389041389587 -0.073445184143064668
v -1.0848008557601079 1.4593972778673787 -0.021308887273558619
v -1.1915946753750273 1.5500004829368326 0.11168189697467235
v -1.1395318460181239 1.5095709483910258 0.040796001212266342
v -1.0288738713570029 1.6978421336131895 0.45328109475757705
v -1.0859106435313146 1.6806589442783735 0.36099365877095663
v -1.077269494739854 1.6941533373698499 0.45330343266419804
v -1.1922856260561367 1.5968481150478646 0.18887532149311814
v -1.1408320105408061 1.6467156727579007 0.27212902024099228
v -1.2153616087656591 1.6088077173235762 0.22986569859211947
v -1.1731279897273947 1.6766501588459062 0.45340320068115181
v -1.1342459928583961 1.6728317272887587 0.36116383700530708
v -1.1257171448055854 1.6870381999687378 0.45337692324987344
v -1.2029506061752118 1.6634752574053726 0.4072011084980614
v -1.1060842265925221 1.6855983356746889 0.40672053286835846
v -1.2579627906611628 1.6242193684400061 0.31613760934148361
v -1.1627186192195578 1.6552346764485846 0.31509415980397137
v -1.2374461905570062 1.6179858521637676 0.27259552969348244
v -1.2314245526889334 1.645877390666046 0.36112929524501314
v -1.1894389761991824 1.6340822672940361 0.27184971488104526
v -1.1830852793969573 1.6611028150172409 0.36063412022873886
v -0.64559138551464379 1.6018934676609935 0.45396971034639744
v -0.67781338902755328 1.6061097430336666 0.36278933310506811
v -0.68824446875473377 1.625048697300542 0.453928156745392
v -0.76000621388346412 1.5799127784003548 0.18999330317970342
v -0.71619632097931507 1.5987358448058577 0.27423273062965897
v -0.77825568245535104 1.6623384888167365 0.45377031398960443
v -0.72185459378171069 1.6274806990139301 0.36251143551315768
v -0.7327949384456498 1.645343139681219 0.4538081484878293
v -0.70434546473303294 1.6277603979647752 0.40777593305876852
v -0.97155171648207095 1.4004389041389587 -0.073445184143064668
v -0.91519914423989202 1.4593972778673787 -0.021308887273558619
v -1 1.4323731828101876 -0.0505028889902287
v -0.80840532462497283 1.5500004829368326 0.11168189697467235
v -0.86046815398187615 1.5095709483910258 0.040796001212266342
v -1.0564010886736404 1.4904351739591872 0.0037215929137660031
v -0.94359891132635965 1.4904351739591872 0.0037215929137660031
v -1.0284494737126169 1.462618587958179 -0.024570938502177841
v -0.97155052628738314 1.462618587958179 -0.024570938502177841
v -0.97112612864299697 1.6978421336131895 0.45328109475757705
v -0.91408935646868539 1.6806589442783735 0.36099365877095663
v -0.92273050526014599 1.6941533373698499 0.45330343266419804
v -1 1.6937319592334374 0.40653359567129865
v -0.80771437394386314 1.5968481150478646 0.18887532149311814
v -0.85916798945919393 1.6467156727579007 0.27212902024099228
v -0.78463839123434098 1.6088077173235762 0.22986569859211947
v -0.82687201027260526 1.6766501588459062 0.45340320068115181
v -0.86575400714160389 1.6728317272887587 0.36116383700530708
v -0.87428285519441473 1.6870381999687378 0.45337692324987344
v -0.79704939382478823 1.6634752574053726 0.4072011084980614
v -0.89391577340747785 1.6855983356746889 0.40672053286835846
v -1.0570507400927818 1.6724583201258627 0.31413709152074309
v -0.94294925990721823 1.6724583201258627 0.31413709152074309
v -1.028875636769041 1.685196355827419 0.35974255256134408
v -0.97112436323095896 1.685196355827419 0.35974255256134408
v -0.74203720933883721 1.6242193684400061 0.31613760934148361
v -0.83728138078044223 1.6552346764485846 0.31509415980397137
v -0.76255380944299378 1.6179858521637676 0.27259552969348244
v -0.76857544731106653 1.645877390666046 0.36112929524501314
v -0.81056102380081763 1.6340822672940361 0.27184971488104526
v -0.81691472060304271 1.6611028150172409 0.36063412022873886
v -1.1634117546991338 1.5790030811624445 0.14215641625069525
v -1.0549213670094915 1.5936199750601721 0.1331226790119488
v -1.1380921140258049 1.5610525432808151 0.10484102980950433
v -1.1387590554391209 1.6079741467252298 0.1820167277239701
v -0.83658824530086617 1.5790030811624445 0.14215641625069525
v -0.94507863299050854 1.5936199750601721 0.1331226790119488
v -0.86190788597419499 1.5610525432808151 0.10484102980950433
v -0.86124094456087907 1.6079741467252298 0.1820167277239701
v -1.0848348009337681 1.5172203863845337 0.036010637558616332
v -1.0284726263611617 1.5722660900086201 0.097879580505610686
v -1.1117290457514208 1.5402883837053234 0.069180916429453065
v -1.0284739465137216 1.5204470180123708 0.032748316416126133
v -1.0833547496066602 1.5685186095896118 0.10020183058409893
v -1.0859601673904369 1.6545913114606179 0.26736065555784316
v -1.0289094272976551 1.6193320149999422 0.17505061900438595
v -1.112704478253453 1.6333872825525253 0.22410463780203838
v -1.0289113882868828 1.659132639445754 0.26610195544939075
v -1.0838288414844119 1.6155411575824616 0.17738287606293379
v -0.91516519906623184 1.5172203863845337 0.036010637558616332
v -0.97152737363883834 1.5722660900086201 0.097879580505610686
v -0.88827095424857916 1.5402883837053234 0.069180916429453065
v -0.9715260534862783 1.5204470180123708 0.032748316416126133
v -0.91664525039333977 1.5685186095896118 0.10020183058409893
v -1 1.5479498895101504 0.064395915324690911
v -0.91403983260956323 1.6545913114606179 0.26736065555784316
v -0.971090572702345 1.6193320149999422 0.17505061900438595
v -0.88729552174654713 1.6333872825525253 0.22410463780203838
v -0.97108861171311722 1.659132639445754 0.26610195544939075
v -0.91617115851558806 1.6155411575824616 0.17738287606293379
v -1 1.6412644188225149 0.21932234653926891
v -1 1.325960330967427 -0.11947547379666723
v -1 1.2373857552123388 -0.15851955416849051
v -1 1.0483991107415087 -0.19832479984562423
v -1 1.1442718330025612 -0.18497126815807474
v -0.59956109586104123 1.5734451841430648 0.47155171648207095
v -0.54060272213262139 1.5213088872735585 0.41519914423989202
v -0.61369866044442045 1.5789768540459341 0.42545419168968668
v -0.6470533905276552 1.5812510130035344 0.33393991826949765
v -0.55579451205120844 1.5248499243298941 0.36879770807230405
v -0.62960547898305252 1.5815685464526044 0.37922779882095881
v -0.58357326355399175 1.5531190727399875 0.39681054053740267
v -0.73212159734443716 1.5501292098054416 0.16000145013611516
v -0.63425100469883577 1.5077093315288572 0.18621837670967761
v -0.70908175812706531 1.5621111499877742 0.20100563282064576
v -0.54538636616887137 1.4527879645193658 0.2201616482301505
v -0.6666420042739829 1.5776225691211581 0.28733920359547749
v -0.61263975018740879 1.5163985134538915 0.22928869220563064
v -0.68711608660119405 1.571362775413641 0.24378088360180916
v -0.61842368674261605 1.5530784991641076 0.30377642617850126
v -0.65963167552934299 1.5408028001623943 0.2141998337412121
v -0.5293764129343147 1.4927877681873898 0.33976999400137753
v -0.56657007298607287 1.4879258870927299 0.2468857430458048
v -0.50633469304480305 1.4596337296622202 0.31283323140677932
v -0.57235187348956784 1.5246045526503857 0.32137429291782788
v -0.52476085754202983 1.4574480505557341 0.26571590212186513
v -0.59141599026111069 1.52173693524598 0.27450126965806798
v -0.95396971034639744 1.3544086144853562 -0.10189346766099361
v -0.862789333105068 1.3221866109724467 -0.10610974303366649
v -0.92545419168968668 1.3863013395555797 -0.07897685404593402
v -0.953928156745392 1.3117555312452662 -0.12504869730054202
v -0.77423273062965892 1.2838036790206848 -0.098735844805857509
v -0.86879770807230405 1.4442054879487918 -0.02484992432989408
v -0.83393991826949754 1.352946609472345 -0.081251013003534323
v -0.89681054053740272 1.4164267364460081 -0.053119072739987616
v -0.87922779882095881 1.3703945210169475 -0.081568546452604473
v -0.95377031398960443 1.221744317544649 -0.1623384888167364
v -0.86251143551315756 1.2781454062182893 -0.12748069901393
v -0.95380814848782935 1.2672050615543502 -0.14534313968121904
v -0.90777593305876847 1.2956545352669671 -0.12776039796477523
v -0.76099546870144019 1.5322841759200214 0.11328254489369222
v -0.7201616482301505 1.4546136338311286 0.047212035480634129
v -0.78635125286691943 1.5143559759450134 0.075980964038030674
v -0.71000912555080009 1.5145077423965283 0.1242513130425924
v -0.68621837670967756 1.3657489953011641 -0.0077093315288572217
v -0.70100563282064576 1.2909182418729348 -0.062111149987774228
v -0.83976999400137753 1.4706235870656852 0.0072122318126101592
v -0.7468857430458048 1.433429927013927 0.012074112907270118
v -0.81283323140677932 1.4936653069551968 0.040366270337779786
v -0.82137429291782782 1.4276481265104322 -0.024604552650385747
v -0.76571590212186513 1.4752391424579701 0.042551949444265824
v -0.61330732944221444 1.4687284029813608 0.15249106086975139
v -0.67035806953499621 1.4334691065206855 0.060181024316294129
v -0.66035420461549987 1.4931298351138693 0.13742076810964715
v -0.68922984138454091 1.4752837101438057 0.090699006370542512
v -0.78733920359547749 1.3333579957260171 -0.077622569121157947
v -0.72928869220563064 1.3873602498125912 -0.016398513453891539
v -0.74378088360180916 1.3128839133988059 -0.071362775413641
v -0.8037764261785012 1.3815763132573839 -0.053078499164107451
v -0.7141998337412121 1.3403683244706572 -0.040802800162394348
v -0.77450126965806798 1.4085840097388893 -0.02173693524597986
v -0.95328109475757705 1.0288738713570031 -0.19784213361318959
v -0.95330343266419804 1.077269494739854 -0.19415333736984985
v -0.95340320068115181 1.1731279897273947 -0.17665015884590618
v -0.86116383700530708 1.1342459928583961 -0.17283172728875873
v -0.95337692324987344 1.1257171448055854 -0.18703819996873772
v -0.90720110849806135 1.2029506061752118 -0.16347525740537272
v -0.90672053286835841 1.1060842265925221 -0.18559833567468886
v -0.81613760934148361 1.2579627906611628 -0.12421936844000614
v -0.81509415980397126 1.1627186192195578 -0.15523467644858446
v -0.77259552969348233 1.2374461905570062 -0.11798585216376756
v -0.86112929524501314 1.2314245526889336 -0.14587739066604599
v -0.77184971488104526 1.1894389761991824 -0.13408226729403594
v -0.86063412022873886 1.1830852793969573 -0.161102815017241
v -0.56653089347931451 1.4398189756837059 0.17035806953499627
v -0.59263362572809442 1.4252345948951448 0.12154501401497714
v -0.65249106086975139 1.3866926705577856 0.031271597018639075
v -0.6374207681096471 1.3396457953845 0.0068701648861306253
v -0.62154501401497719 1.4073663742719056 0.074765405104855298
v -0.59956109586104123 1.5734451841430648 0.52844828351792905
v -0.54060272213262139 1.5213088872735585 0.58480085576010798
v -0.61369866044442045 1.5789768540459341 0.57454580831031332
v -0.56762681718981234 1.5505028889902288 0.5
v -0.6470533905276552 1.5812510130035344 0.66606008173050235
v -0.55579451205120844 1.5248499243298941 0.63120229192769595
v -0.62960547898305252 1.5815685464526044 0.62077220117904119
v -0.58357326355399175 1.5531190727399875 0.60318945946259728
v -0.50956482604081277 1.4962784070862341 0.44359891132635965
v -0.50956482604081277 1.4962784070862341 0.55640108867364035
v -0.53738141204182122 1.524570938502178 0.47155052628738309
v -0.53738141204182122 1.524570938502178 0.52844947371261686
v -0.73212159734443716 1.5501292098054416 0.83999854986388489
v -0.63425100469883577 1.5077093315288572 0.81378162329032233
v -0.70908175812706531 1.5621111499877742 0.79899436717935424
v -0.54538636616887137 1.4527879645193658 0.7798383517698495
v -0.6666420042739829 1.5776225691211581 0.71266079640452251
v -0.61263975018740879 1.5163985134538915 0.77071130779436936
v -0.68711608660119405 1.571362775413641 0.75621911639819084
v -0.61842368674261605 1.5530784991641076 0.6962235738214988
v -0.65963167552934299 1.5408028001623943 0.7858001662587879
v -0.5293764129343147 1.4927877681873898 0.66023000599862247
v -0.56657007298607287 1.4879258870927299 0.7531142569541952
v -0.50633469304480305 1.4596337296622202 0.68716676859322068
v -0.57235187348956784 1.5246045526503857 0.67862570708217218
v -0.52476085754202983 1.4574480505557341 0.73428409787813487
v -0.59141599026111069 1.52173693524598 0.72549873034193202
v -0.95396971034639744 1.3544086144853562 1.1018934676609935
v -0.862789333105068 1.3221866109724467 1.1061097430336666
v -0.92545419168968668 1.3863013395555797 1.0789768540459339
v -0.953928156745392 1.3117555312452662 1.125048697300542
v -0.77423273062965892 1.2838036790206848 1.0987358448058575
v -0.86879770807230405 1.4442054879487918 1.0248499243298941
v -0.83393991826949754 1.352946609472345 1.0812510130035342
v -0.89681054053740272 1.4164267364460081 1.0531190727399875
v -0.87922779882095881 1.3703945210169475 1.0815685464526044
v -0.95377031398960443 1.221744317544649 1.1623384888167365
v -0.86251143551315756 1.2781454062182893 1.1274806990139301
v -0.95380814848782935 1.2672050615543502 1.145343139681219
v -0.90777593305876847 1.2956545352669671 1.1277603979647752
v -0.76099546870144019 1.5322841759200214 0.88671745510630773
v -0.7201616482301505 1.4546136338311286 0.95278796451936587
v -0.78635125286691943 1.5143559759450134 0.92401903596196933
v -0.71000912555080009 1.5145077423965283 0.8757486869574076
v -0.68621837670967756 1.3657489953011641 1.0077093315288572
v -0.70100563282064576 1.2909182418729348 1.0621111499877742
v -0.83976999400137753 1.4706235870656852 0.99278776818738979
v -0.7468857430458048 1.433429927013927 0.98792588709272988
v -0.81283323140677932 1.4936653069551968 0.95963372966222016
v -0.82137429291782782 1.4276481265104322 1.0246045526503857
v -0.76571590212186513 1.4752391424579701 0.95744805055573412
v -0.61330732944221444 1.4687284029813608 0.84750893913024861
v -0.67035806953499621 1.4334691065206855 0.93981897568370587
v -0.66035420461549987 1.4931298351138693 0.8625792318903529
v -0.68922984138454091 1.4752837101438057 0.90930099362945749
v -0.78733920359547749 1.3333579957260171 1.0776225691211581
v -0.72928869220563064 1.3873602498125912 1.0163985134538915
v -0.74378088360180916 1.3128839133988059 1.071362775413641
v -0.8037764261785012 1.3815763132573839 1.0530784991641076
v -0.7141998337412121 1.3403683244706572 1.0408028001623943
v -0.77450126965806798 1.4085840097388893 1.02173693524598
v -0.95328109475757705 1.0288738713570031 1.1978421336131895
v -0.95330343266419804 1.077269494739854 1.1941533373698499
v -0.95340320068115181 1.1731279897273947 1.1766501588459062
v -0.86116383700530708 1.1342459928583961 1.1728317272887587
v -0.95337692324987344 1.1257171448055854 1.1870381999687378
v -0.90720110849806135 1.2029506061752118 1.1634752574053726
v -0.90672053286835841 1.1060842265925221 1.1855983356746889
v -0.81613760934148361 1.2579627906611628 1.1242193684400061
v -0.81509415980397126 1.1627186192195578 1.1552346764485844
v -0.77259552969348233 1.2374461905570062 1.1179858521637676
v -0.86112929524501314 1.2314245526889336 1.145877390666046
v -0.77184971488104526 1.1894389761991824 1.1340822672940361
v -0.86063412022873886 1.1830852793969573 1.1611028150172409
v -0.56653089347931451 1.4398189756837059 0.82964193046500379
v -0.59263362572809442 1.4252345948951448 0.87845498598502281
v -0.65249106086975139 1.3866926705577856 0.96872840298136098
v -0.6374207681096471 1.3396457953845 0.99312983511386932
v -0.62154501401497719 1.4073663742719056 0.9252345948951447
v -1.4004389041389587 1.5734451841430648 0.47155171648207095
v -1.4593972778673785 1.5213088872735585 0.41519914423989202
v -1.3863013395555797 1.5789768540459341 0.42545419168968668
v -1.5500004829368326 1.3883181030253278 0.30840532462497283
v -1.5095709483910258 1.4592039987877337 0.36046815398187615
v -1.3529466094723448 1.5812510130035344 0.33393991826949765
v -1.4442054879487916 1.5248499243298941 0.36879770807230405
v -1.3703945210169475 1.5815685464526044 0.37922779882095881
v -1.4164267364460081 1.5531190727399875 0.39681054053740267
v -1.6018934676609935 1.0460302896536027 0.14559138551464385
v -1.6061097430336666 1.137210666894932 0.17781338902755328
v -1.5799127784003548 1.3100066968202966 0.26000621388346412
v -1.5987358448058575 1.225767269370341 0.21619632097931507
v -1.2678784026555627 1.5501292098054416 0.16000145013611516
v -1.3657489953011641 1.5077093315288572 0.18621837670967761
v -1.2909182418729346 1.5621111499877742 0.20100563282064576
v -1.5322841759200216 1.3867174551063077 0.26099546870144019
v -1.4546136338311286 1.4527879645193658 0.2201616482301505
v -1.5143559759450134 1.4240190359619693 0.28635125286691937
v -1.3333579957260171 1.5776225691211581 0.28733920359547749
v -1.3873602498125912 1.5163985134538915 0.22928869220563064
v -1.3128839133988059 1.571362775413641 0.24378088360180916
v -1.3815763132573839 1.5530784991641076 0.30377642617850126
v -1.340368324470657 1.5408028001623943 0.2141998337412121
v -1.4706235870656852 1.4927877681873898 0.33976999400137753
v -1.4334299270139272 1.4879258870927299 0.2468857430458048
v -1.4936653069551968 1.4596337296622202 0.31283323140677932
v -1.4276481265104322 1.5246045526503857 0.32137429291782788
v -1.4752391424579701 1.4574480505557341 0.26571590212186513
v -1.4085840097388893 1.52173693524598 0.27450126965806798
v -1.5500004829368326 0.61168189697467235 0.30840532462497283
v -1.5095709483910258 0.54079600121226634 0.36046815398187615
v -1.6018934676609935 0.95396971034639744 0.14559138551464385
v -1.6061097430336666 0.862789333105068 0.17781338902755328
v -1.5799127784003548 0.68999330317970342 0.26000621388346412
v -1.5987358448058575 0.77423273062965892 0.21619632097931507
v -1.5322841759200216 0.61328254489369227 0.26099546870144019
v -1.4546136338311286 0.54721203548063424 0.2201616482301505
v -1.5143559759450134 0.57598096403803067 0.28635125286691937
v -1.4706235870656852 0.50721223181261021 0.33976999400137753
v -1.4936653069551968 0.54036627033777984 0.31283323140677932
v -1.4752391424579701 0.54255194944426588 0.26571590212186513
v -1.3100066968202966 0.76000621388346412 -0.079912778400354822
v -1.5734451841430648 0.97155171648207095 0.099561095861041227
v -1.5213088872735587 0.91519914423989202 0.040602722132621394
v -1.5789768540459341 0.92545419168968668 0.11369866044442045
v -1.3883181030253278 0.80840532462497283 -0.050000482936832458
v -1.4592039987877337 0.86046815398187615 -0.0095709483910259019
v -1.5812510130035344 0.83393991826949754 0.14705339052765504
v -1.5248499243298941 0.86879770807230405 0.055794512051208334
v -1.5815685464526044 0.87922779882095881 0.12960547898305252
v -1.5531190727399875 0.89681054053740272 0.08357326355399175
v -1.3399985498638849 0.73212159734443716 -0.050129209805441444
v -1.2989943671793542 0.7090817581270652 -0.062111149987774228
v -1.0467189052424231 0.97112612864299697 -0.19784213361318959
v -1.1390063412290434 0.91408935646868539 -0.18065894427837359
v -1.046696567335802 0.92273050526014588 -0.19415333736984985
v -1.3111246785068817 0.80771437394386314 -0.096848115047864503
v -1.2278709797590077 0.85916798945919381 -0.14671567275790065
v -1.2701343014078805 0.78463839123434087 -0.1088077173235763
v -1.1388361629946928 0.86575400714160389 -0.17283172728875873
v -1.0932794671316415 0.89391577340747785 -0.18559833567468886
v -1.1849058401960288 0.83728138078044223 -0.15523467644858446
v -1.2274044703065177 0.76255380944299378 -0.11798585216376756
v -1.2281502851189547 0.81056102380081763 -0.13408226729403594
v -1.5501292098054416 0.66000145013611511 0.23212159734443716
v -1.5077093315288572 0.68621837670967756 0.13425100469883589
v -1.5621111499877742 0.70100563282064576 0.20908175812706525
v -1.5145077423965283 0.6242513130425924 0.21000912555080009
v -1.3867174551063077 0.76099546870144019 -0.032284175920021529
v -1.452787964519366 0.72016164823015039 0.045386366168871484
v -1.4240190359619693 0.78635125286691931 -0.014355975945013366
v -1.3757486869574076 0.71000912555080009 -0.014507742396528411
v -1.5776225691211581 0.78733920359547749 0.16664200427398285
v -1.5163985134538915 0.72928869220563064 0.11263975018740868
v -1.571362775413641 0.74378088360180916 0.18711608660119405
v -1.5530784991641076 0.8037764261785012 0.118423686742616
v -1.5408028001623943 0.7141998337412121 0.15963167552934288
v -1.4334691065206855 0.56018102431629413 0.17035806953499627
v -1.4687284029813608 0.65249106086975139 0.11330732944221444
v -1.4752837101438057 0.59069900637054251 0.18922984138454091
v -1.4073663742719056 0.5747654051048553 0.12154501401497714
v -1.4931298351138693 0.6374207681096471 0.16035420461549987
v -1.4927877681873898 0.83976999400137753 0.029376412934314755
v -1.4879258870927301 0.74688574304580468 0.06657007298607287
v -1.4596337296622202 0.81283323140677932 0.006334693044803108
v -1.5246045526503857 0.82137429291782782 0.072351873489567842
v -1.4574480505557341 0.76571590212186502 0.024760857542029835
v -1.52173693524598 0.77450126965806798 0.091415990261110691
v -1.3475089391302486 0.61330732944221444 0.031271597018639075
v -1.4398189756837059 0.67035806953499621 0.066530893479314568
v -1.3625792318903529 0.66035420461549987 0.0068701648861306253
v -1.3784549859850228 0.59263362572809442 0.074765405104855298
v -1.4093009936294574 0.68922984138454091 0.024716289856194229
v -1.4252345948951448 0.62154501401497719 0.09263362572809436
v -1.0460302896536027 1.3544086144853562 -0.10189346766099361
v -1.137210666894932 1.3221866109724467 -0.10610974303366649
v -1.0745458083103134 1.3863013395555797 -0.07897685404593402
v -1.0460718432546081 1.3117555312452662 -0.12504869730054202
v -1.3100066968202966 1.239993786116536 -0.079912778400354822
v -1.225767269370341 1.2838036790206848 -0.098735844805857509
v -1.1312022919276961 1.4442054879487918 -0.02484992432989408
v -1.1660600817305025 1.352946609472345 -0.081251013003534323
v -1.1031894594625973 1.4164267364460081 -0.053119072739987616
v -1.1207722011790413 1.3703945210169475 -0.081568546452604473
v -1.0462296860103957 1.221744317544649 -0.1623384888167364
v -1.1374885644868424 1.2781454062182893 -0.12748069901393
v -1.0461918515121706 1.2672050615543502 -0.14534313968121904
v -1.0922240669412315 1.2956545352669671 -0.12776039796477523
v -1.5734451841430648 1.0284482835179289 0.099561095861041227
v -1.5213088872735587 1.0848008557601079 0.040602722132621394
v -1.5789768540459341 1.0745458083103134 0.11369866044442045
v -1.5505028889902288 1 0.067626817189812338
v -1.3883181030253278 1.1915946753750273 -0.050000482936832458
v -1.4592039987877337 1.1395318460181239 -0.0095709483910259019
v -1.5812510130035344 1.1660600817305025 0.14705339052765504
v -1.5248499243298941 1.1312022919276961 0.055794512051208334
v -1.5815685464526044 1.1207722011790413 0.12960547898305252
v -1.5531190727399875 1.1031894594625973 0.08357326355399175
v -1.4962784070862341 0.94359891132635965 0.0095648260408127683
v -1.4962784070862341 1.0564010886736404 0.0095648260408127683
v -1.524570938502178 0.97155052628738314 0.03738141204182116
v -1.524570938502178 1.0284494737126169 0.03738141204182116
v -1.2390045312985598 1.5322841759200214 0.11328254489369222
v -1.2798383517698495 1.4546136338311286 0.047212035480634129
v -1.2136487471330806 1.5143559759450134 0.075980964038030674
v -1.2899908744491999 1.5145077423965283 0.1242513130425924
v -1.3399985498638849 1.2678784026555627 -0.050129209805441444
v -1.3137816232903226 1.3657489953011641 -0.0077093315288572217
v -1.2989943671793542 1.2909182418729348 -0.062111149987774228
v -1.1602300059986226 1.4706235870656852 0.0072122318126101592
v -1.2531142569541953 1.433429927013927 0.012074112907270118
v -1.1871667685932206 1.4936653069551968 0.040366270337779786
v -1.1786257070821722 1.4276481265104322 -0.024604552650385747
v -1.2342840978781349 1.4752391424579701 0.042551949444265824
v -1.3866926705577856 1.4687284029813608 0.15249106086975139
v -1.3296419304650038 1.4334691065206855 0.060181024316294129
v -1.3396457953845 1.4931298351138693 0.13742076810964715
v -1.3107701586154592 1.4752837101438057 0.090699006370542512
v -1.2126607964045226 1.3333579957260171 -0.077622569121157947
v -1.2707113077943695 1.3873602498125912 -0.016398513453891539
v -1.2562191163981908 1.3128839133988059 -0.071362775413641
v -1.1962235738214988 1.3815763132573839 -0.053078499164107451
v -1.2858001662587879 1.3403683244706572 -0.040802800162394348
v -1.225498730341932 1.4085840097388893 -0.02173693524597986
v -1.0467189052424231 1.0288738713570031 -0.19784213361318959
v -1.1390063412290434 1.0859106435313146 -0.18065894427837359
v -1.046696567335802 1.077269494739854 -0.19415333736984985
v -1.0934664043287012 1 -0.19373195923343745
v -1.3111246785068817 1.1922856260561367 -0.096848115047864503
v -1.2278709797590077 1.1408320105408061 -0.14671567275790065
v -1.2701343014078805 1.2153616087656591 -0.1088077173235763
v -1.0465967993188481 1.1731279897273947 -0.17665015884590618
v -1.1388361629946928 1.1342459928583961 -0.17283172728875873
v -1.0466230767501266 1.1257171448055854 -0.18703819996873772
v -1.0927988915019387 1.2029506061752118 -0.16347525740537272
v -1.0932794671316415 1.1060842265925221 -0.18559833567468886
v -1.1858629084792569 0.94294925990721823 -0.17245832012586271
v -1.1858629084792569 1.0570507400927818 -0.17245832012586271
v -1.140257447438656 0.97112436323095896 -0.185196355827419
v -1.140257447438656 1.028875636769041 -0.185196355827419
v -1.1838623906585164 1.2579627906611628 -0.12421936844000614
v -1.1849058401960288 1.1627186192195578 -0.15523467644858446
v -1.2274044703065177 1.2374461905570062 -0.11798585216376756
v -1.1388707047549869 1.2314245526889336 -0.14587739066604599
v -1.2281502851189547 1.1894389761991824 -0.13408226729403594
v -1.1393658797712611 1.1830852793969573 -0.161102815017241
v -1.5501292098054416 1.3399985498638849 0.23212159734443716
v -1.5077093315288572 1.3137816232903226 0.13425100469883589
v -1.5621111499877742 1.2989943671793542 0.20908175812706525
v -1.5145077423965283 1.3757486869574076 0.21000912555080009
v -1.3867174551063077 1.2390045312985598 -0.032284175920021529
v -1.452787964519366 1.2798383517698495 0.045386366168871484
v -1.4240190359619693 1.2136487471330806 -0.014355975945013366
v -1.3757486869574076 1.2899908744491999 -0.014507742396528411
v -1.5776225691211581 1.2126607964045226 0.16664200427398285
v -1.5163985134538915 1.2707113077943695 0.11263975018740868
v -1.571362775413641 1.2562191163981908 0.18711608660119405
v -1.5530784991641076 1.1962235738214988 0.118423686742616
v -1.5408028001623943 1.2858001662587879 0.15963167552934288
v -1.4334691065206855 1.4398189756837059 0.17035806953499627
v -1.4687284029813608 1.3475089391302486 0.11330732944221444
v -1.4752837101438057 1.4093009936294574 0.18922984138454091
v -1.4073663742719056 1.4252345948951448 0.12154501401497714
v -1.4931298351138693 1.3625792318903529 0.16035420461549987
v -1.4927877681873898 1.1602300059986226 0.029376412934314755
v -1.4879258870927301 1.2531142569541953 0.06657007298607287
v -1.4596337296622202 1.1871667685932206 0.006334693044803108
v -1.5246045526503857 1.1786257070821722 0.072351873489567842
v -1.4574480505557341 1.2342840978781349 0.024760857542029835
v -1.52173693524598 1.225498730341932 0.091415990261110691
v -1.3475089391302486 1.3866926705577856 0.031271597018639075
v -1.4398189756837059 1.3296419304650038 0.066530893479314568
v -1.3625792318903529 1.3396457953845 0.0068701648861306253
v -1.3784549859850228 1.4073663742719056 0.074765405104855298
v -1.4093009936294574 1.3107701586154592 0.024716289856194229
v -1.4252345948951448 1.3784549859850228 0.09263362572809436
v -1.3578435837493048 0.83658824530086617 -0.079003081162444588
v -1.3668773209880511 0.94507863299050854 -0.093619975060171945
v -1.3951589701904956 0.86190788597419499 -0.061052543280815219
v -1.3179832722760298 0.86124094456087907 -0.10797414672522965
v -1.3578435837493048 1.1634117546991338 -0.079003081162444588
v -1.3668773209880511 1.0549213670094915 -0.093619975060171945
v -1.3951589701904956 1.1380921140258051 -0.061052543280815219
v -1.3179832722760298 1.1387590554391209 -0.10797414672522965
v -1.4639893624413838 0.91516519906623184 -0.017220386384533604
v -1.4021204194943895 0.97152737363883834 -0.072266090008620054
v -1.430819083570547 0.88827095424857905 -0.040288383705323616
v -1.467251683583874 0.9715260534862783 -0.02044701801237081
v -1.399798169415901 0.91664525039333977 -0.068518609589611756
v -1.2326393444421568 0.91403983260956312 -0.15459131146061789
v -1.3249493809956141 0.971090572702345 -0.11933201499994228
v -1.2758953621979616 0.88729552174654702 -0.13338728255252519
v -1.2338980445506094 0.97108861171311722 -0.15913263944575395
v -1.3226171239370661 0.91617115851558806 -0.11554115758246164
v -1.4639893624413838 1.0848348009337681 -0.017220386384533604
v -1.4021204194943895 1.0284726263611617 -0.072266090008620054
v -1.430819083570547 1.1117290457514208 -0.040288383705323616
v -1.467251683583874 1.0284739465137216 -0.02044701801237081
v -1.399798169415901 1.0833547496066602 -0.068518609589611756
v -1.4356040846753091 1 -0.047949889510150556
v -1.2326393444421568 1.0859601673904369 -0.15459131146061789
v -1.3249493809956141 1.0289094272976551 -0.11933201499994228
v -1.2758953621979616 1.112704478253453 -0.13338728255252519
v -1.2338980445506094 1.0289113882868828 -0.15913263944575395
v -1.3226171239370661 1.0838288414844119 -0.11554115758246164
v -1.2806776534607311 1 -0.14126441882251484
v -1.4004389041389587 1.5734451841430648 0.52844828351792905
v -1.4593972778673785 1.5213088872735585 0.58480085576010798
v -1.3863013395555797 1.5789768540459341 0.57454580831031332
v -1.4323731828101876 1.5505028889902288 0.5
v -1.5500004829368326 1.3883181030253278 0.69159467537502717
v -1.5095709483910258 1.4592039987877337 0.63953184601812385
v -1.3529466094723448 1.5812510130035344 0.66606008173050235
v -1.4442054879487916 1.5248499243298941 0.63120229192769595
v -1.3703945210169475 1.5815685464526044 0.62077220117904119
v -1.4164267364460081 1.5531190727399875 0.60318945946259728
v -1.4904351739591872 1.4962784070862341 0.44359891132635965
v -1.4904351739591872 1.4962784070862341 0.55640108867364035
v -1.4626185879581788 1.524570938502178 0.47155052628738309
v -1.4626185879581788 1.524570938502178 0.52844947371261686
v -1.6018934676609935 1.0460302896536027 0.85440861448535621
v -1.6061097430336666 1.137210666894932 0.82218661097244672
v -1.5799127784003548 1.3100066968202966 0.73999378611653588
v -1.5987358448058575 1.225767269370341 0.78380367902068493
v -1.2678784026555627 1.5501292098054416 0.83999854986388489
v -1.3657489953011641 1.5077093315288572 0.81378162329032233
v -1.2909182418729346 1.5621111499877742 0.79899436717935424
v -1.5322841759200216 1.3867174551063077 0.73900453129855981
v -1.4546136338311286 1.4527879645193658 0.7798383517698495
v -1.5143559759450134 1.4240190359619693 0.71364874713308057
v -1.3333579957260171 1.5776225691211581 0.71266079640452251
v -1.3873602498125912 1.5163985134538915 0.77071130779436936
v -1.3128839133988059 1.571362775413641 0.75621911639819084
v -1.3815763132573839 1.5530784991641076 0.6962235738214988
v -1.340368324470657 1.5408028001623943 0.7858001662587879
v -1.4706235870656852 1.4927877681873898 0.66023000599862247
v -1.4334299270139272 1.4879258870927299 0.7531142569541952
v -1.4936653069551968 1.4596337296622202 0.68716676859322068
v -1.4276481265104322 1.5246045526503857 0.67862570708217218
v -1.4752391424579701 1.4574480505557341 0.73428409787813487
v -1.4085840097388893 1.52173693524598 0.72549873034193202
v -1.5790030811624445 1.3578435837493048 0.33658824530086623
v -1.5936199750601721 1.3668773209880511 0.44507863299050854
v -1.5610525432808151 1.3951589701904956 0.36190788597419499
v -1.5790030811624445 1.3578435837493048 0.66341175469913383
v -1.5936199750601721 1.3668773209880511 0.55492136700949146
v -1.5610525432808151 1.3951589701904956 0.63809211402580501
v -1.5172203863845337 1.4639893624413838 0.41516519906623184
v -1.5722660900086201 1.4021204194943895 0.47152737363883834
v -1.5402883837053234 1.430819083570547 0.3882709542485791
v -1.5204470180123708 1.467251683583874 0.4715260534862783
v -1.5685186095896118 1.3997981694159012 0.41664525039333977
v -1.5172203863845337 1.4639893624413838 0.58483480093376816
v -1.5722660900086201 1.4021204194943895 0.52847262636116166
v -1.5402883837053234 1.430819083570547 0.61172904575142084
v -1.5204470180123708 1.467251683583874 0.5284739465137217
v -1.5685186095896118 1.3997981694159012 0.58335474960666023
v -1.5479498895101504 1.4356040846753091 0.5
v -1.5500004829368326 0.61168189697467235 0.69159467537502717
v -1.5095709483910258 0.54079600121226634 0.63953184601812385
v -1.4904351739591872 0.50372159291376595 0.44359891132635965
v -1.4904351739591872 0.50372159291376595 0.55640108867364035
v -1.6018934676609935 0.95396971034639744 0.85440861448535621
v -1.6061097430336666 0.862789333105068 0.82218661097244672
v -1.5799127784003548 0.68999330317970342 0.73999378611653588
v -1.5987358448058575 0.77423273062965892 0.78380367902068493
v -1.5322841759200216 0.61328254489369227 0.73900453129855981
v -1.4546136338311286 0.54721203548063424 0.7798383517698495
v -1.5143559759450134 0.57598096403803067 0.71364874713308057
v -1.4706235870656852 0.50721223181261021 0.66023000599862247
v -1.4936653069551968 0.54036627033777984 0.68716676859322068
v -1.4752391424579701 0.54255194944426588 0.73428409787813487
v -1.5790030811624445 0.64215641625069519 0.33658824530086623
v -1.5936199750601721 0.63312267901194885 0.44507863299050854
v -1.5610525432808151 0.60484102980950438 0.36190788597419499
v -1.5790030811624445 0.64215641625069519 0.66341175469913383
v -1.5936199750601721 0.63312267901194885 0.55492136700949146
v -1.5610525432808151 0.60484102980950438 0.63809211402580501
v -1.5172203863845337 0.53601063755861633 0.41516519906623184
v -1.5722660900086201 0.59787958050561063 0.47152737363883834
v -1.5402883837053234 0.56918091642945301 0.3882709542485791
v -1.5204470180123708 0.53274831641612608 0.4715260534862783
v -1.5685186095896118 0.60020183058409882 0.41664525039333977
v -1.5172203863845337 0.53601063755861633 0.58483480093376816
v -1.5722660900086201 0.59787958050561063 0.52847262636116166
v -1.5402883837053234 0.56918091642945301 0.61172904575142084
v -1.5204470180123708 0.53274831641612608 0.5284739465137217
v -1.5685186095896118 0.60020183058409882 0.58335474960666023
v -1.5479498895101504 0.56439591532469091 0.5
v -1.3100066968202966 0.76000621388346412 1.0799127784003548
v -1.5734451841430648 0.97155171648207095 0.90043890413895877
v -1.5213088872735587 0.91519914423989202 0.95939727786737861
v -1.5789768540459341 0.92545419168968668 0.88630133955557955
v -1.3883181030253278 0.80840532462497283 1.0500004829368326
v -1.4592039987877337 0.86046815398187615 1.0095709483910258
v -1.5812510130035344 0.83393991826949754 0.85294660947234502
v -1.5248499243298941 0.86879770807230405 0.94420548794879167
v -1.5815685464526044 0.87922779882095881 0.87039452101694748
v -1.5531190727399875 0.89681054053740272 0.91642673644600825
v -1.3399985498638849 0.73212159734443716 1.0501292098054416
v -1.2989943671793542 0.7090817581270652 1.0621111499877742
v -1.0467189052424231 0.97112612864299697 1.1978421336131895
v -1.1390063412290434 0.91408935646868539 1.1806589442783735
v -1.046696567335802 0.92273050526014588 1.1941533373698499
v -1.3111246785068817 0.80771437394386314 1.0968481150478646
v -1.2278709797590077 0.85916798945919381 1.1467156727579007
v -1.2701343014078805 0.78463839123434087 1.1088077173235762
v -1.1388361629946928 0.86575400714160389 1.1728317272887587
v -1.0932794671316415 0.89391577340747785 1.1855983356746889
v -1.1849058401960288 0.83728138078044223 1.1552346764485844
v -1.2274044703065177 0.76255380944299378 1.1179858521637676
v -1.2281502851189547 0.81056102380081763 1.1340822672940361
v -1.5501292098054416 0.66000145013611511 0.76787840265556284
v -1.5077093315288572 0.68621837670967756 0.86574899530116411
v -1.5621111499877742 0.70100563282064576 0.7909182418729348
v -1.5145077423965283 0.6242513130425924 0.78999087444919991
v -1.3867174551063077 0.76099546870144019 1.0322841759200214
v -1.452787964519366 0.72016164823015039 0.95461363383112852
v -1.4240190359619693 0.78635125286691931 1.0143559759450134
v -1.3757486869574076 0.71000912555080009 1.0145077423965283
v -1.5776225691211581 0.78733920359547749 0.8333579957260171
v -1.5163985134538915 0.72928869220563064 0.88736024981259132
v -1.571362775413641 0.74378088360180916 0.81288391339880595
v -1.5530784991641076 0.8037764261785012 0.88157631325738395
v -1.5408028001623943 0.7141998337412121 0.84036832447065712
v -1.4334691065206855 0.56018102431629413 0.82964193046500379
v -1.4687284029813608 0.65249106086975139 0.88669267055778556
v -1.4752837101438057 0.59069900637054251 0.81077015861545909
v -1.4073663742719056 0.5747654051048553 0.87845498598502281
v -1.4931298351138693 0.6374207681096471 0.83964579538450013
v -1.4927877681873898 0.83976999400137753 0.97062358706568519
v -1.4879258870927301 0.74688574304580468 0.93342992701392713
v -1.4596337296622202 0.81283323140677932 0.99366530695519684
v -1.5246045526503857 0.82137429291782782 0.92764812651043216
v -1.4574480505557341 0.76571590212186502 0.97523914245797017
v -1.52173693524598 0.77450126965806798 0.90858400973888931
v -1.3475089391302486 0.61330732944221444 0.96872840298136098
v -1.4398189756837059 0.67035806953499621 0.93346910652068549
v -1.3625792318903529 0.66035420461549987 0.99312983511386932
v -1.3784549859850228 0.59263362572809442 0.9252345948951447
v -1.4093009936294574 0.68922984138454091 0.97528371014380577
v -1.4252345948951448 0.62154501401497719 0.90736637427190558
v -1.0460302896536027 1.3544086144853562 1.1018934676609935
v -1.137210666894932 1.3221866109724467 1.1061097430336666
v -1.0745458083103134 1.3863013395555797 1.0789768540459339
v -1.0460718432546081 1.3117555312452662 1.125048697300542
v -1.3100066968202966 1.239993786116536 1.0799127784003548
v -1.225767269370341 1.2838036790206848 1.0987358448058575
v -1.1312022919276961 1.4442054879487918 1.0248499243298941
v -1.1660600817305025 1.352946609472345 1.0812510130035342
v -1.1031894594625973 1.4164267364460081 1.0531190727399875
v -1.1207722011790413 1.3703945210169475 1.0815685464526044
v -1.0462296860103957 1.221744317544649 1.1623384888167365
v -1.1374885644868424 1.2781454062182893 1.1274806990139301
v -1.0461918515121706 1.2672050615543502 1.145343139681219
v -1.0922240669412315 1.2956545352669671 1.1277603979647752
v -1.5734451841430648 1.0284482835179289 0.90043890413895877
v -1.5213088872735587 1.0848008557601079 0.95939727786737861
v -1.5789768540459341 1.0745458083103134 0.88630133955557955
v -1.5505028889902288 1 0.93237318281018766
v -1.3883181030253278 1.1915946753750273 1.0500004829368326
v -1.4592039987877337 1.1395318460181239 1.0095709483910258
v -1.5812510130035344 1.1660600817305025 0.85294660947234502
v -1.5248499243298941 1.1312022919276961 0.94420548794879167
v -1.5815685464526044 1.1207722011790413 0.87039452101694748
v -1.5531190727399875 1.1031894594625973 0.91642673644600825
v -1.4962784070862341 0.94359891132635965 0.99043517395918723
v -1.4962784070862341 1.0564010886736404 0.99043517395918723
v -1.524570938502178 0.97155052628738314 0.96261858795817878
v -1.524570938502178 1.0284494737126169 0.96261858795817878
v -1.2390045312985598 1.5322841759200214 0.88671745510630773
v -1.2798383517698495 1.4546136338311286 0.95278796451936587
v -1.2136487471330806 1.5143559759450134 0.92401903596196933
v -1.2899908744491999 1.5145077423965283 0.8757486869574076
v -1.3399985498638849 1.2678784026555627 1.0501292098054416
v -1.3137816232903226 1.3657489953011641 1.0077093315288572
v -1.2989943671793542 1.2909182418729348 1.0621111499877742
v -1.1602300059986226 1.4706235870656852 0.99278776818738979
v -1.2531142569541953 1.433429927013927 0.98792588709272988
v -1.1871667685932206 1.4936653069551968 0.95963372966222016
v -1.1786257070821722 1.4276481265104322 1.0246045526503857
v -1.2342840978781349 1.4752391424579701 0.95744805055573412
v -1.3866926705577856 1.4687284029813608 0.84750893913024861
v -1.3296419304650038 1.4334691065206855 0.93981897568370587
v -1.3396457953845 1.4931298351138693 0.8625792318903529
v -1.3107701586154592 1.4752837101438057 0.90930099362945749
v -1.2126607964045226 1.3333579957260171 1.0776225691211581
v -1.2707113077943695 1.3873602498125912 1.0163985134538915
v -1.2562191163981908 1.3128839133988059 1.071362775413641
v -1.1962235738214988 1.3815763132573839 1.0530784991641076
v -1.2858001662587879 1.3403683244706572 1.0408028001623943
v -1.225498730341932 1.4085840097388893 1.02173693524598
v -1.0467189052424231 1.0288738713570031 1.1978421336131895
v -1.1390063412290434 1.0859106435313146 1.1806589442783735
v -1.046696567335802 1.077269494739854 1.1941533373698499
v -1.0934664043287012 1 1.1937319592334374
v -1.3111246785068817 1.1922856260561367 1.0968481150478646
v -1.2278709797590077 1.1408320105408061 1.1467156727579007
v -1.2701343014078805 1.2153616087656591 1.1088077173235762
v -1.0465967993188481 1.1731279897273947 1.1766501588459062
v -1.1388361629946928 1.1342459928583961 1.1728317272887587
v -1.0466230767501266 1.1257171448055854 1.1870381999687378
v -1.0927988915019387 1.2029506061752118 1.1634752574053726
v -1.0932794671316415 1.1060842265925221 1.1855983356746889
v -1.1858629084792569 0.94294925990721823 1.1724583201258627
v -1.1858629084792569 1.0570507400927818 1.1724583201258627
v -1.140257447438656 0.97112436323095896 1.185196355827419
v -1.140257447438656 1.028875636769041 1.185196355827419
v -1.1838623906585164 1.2579627906611628 1.1242193684400061
v -1.1849058401960288 1.1627186192195578 1.1552346764485844
v -1.2274044703065177 1.2374461905570062 1.1179858521637676
v -1.1388707047549869 1.2314245526889336 1.145877390666046
v -1.2281502851189547 1.1894389761991824 1.1340822672940361
v -1.1393658797712611 1.1830852793969573 1.1611028150172409
v -1.5501292098054416 1.3399985498638849 0.76787840265556284
v -1.5077093315288572 1.3137816232903226 0.86574899530116411
v -1.5621111499877742 1.2989943671793542 0.7909182418729348
v -1.5145077423965283 1.3757486869574076 0.78999087444919991
v -1.3867174551063077 1.2390045312985598 1.0322841759200214
v -1.452787964519366 1.2798383517698495 0.95461363383112852
v -1.4240190359619693 1.2136487471330806 1.0143559759450134
v -1.3757486869574076 1.2899908744491999 1.0145077423965283
v -1.5776225691211581 1.2126607964045226 0.8333579957260171
v -1.5163985134538915 1.2707113077943695 0.88736024981259132
v -1.571362775413641 1.2562191163981908 0.81288391339880595
v -1.5530784991641076 1.1962235738214988 0.88157631325738395
v -1.5408028001623943 1.2858001662587879 0.84036832447065712
v -1.4334691065206855 1.4398189756837059 0.82964193046500379
v -1.4687284029813608 1.3475089391302486 0.88669267055778556
v -1.4752837101438057 1.4093009936294574 0.81077015861545909
v -1.4073663742719056 1.4252345948951448 0.87845498598502281
v -1.4931298351138693 1.3625792318903529 0.83964579538450013
v -1.4927877681873898 1.1602300059986226 0.97062358706568519
v -1.4879258870927301 1.2531142569541953 0.93342992701392713
v -1.4596337296622202 1.1871667685932206 0.99366530695519684
v -1.5246045526503857 1.1786257070821722 0.92764812651043216
v -1.4574480505557341 1.2342840978781349 0.97523914245797017
v -1.52173693524598 1.225498730341932 0.90858400973888931
v -1.3475089391302486 1.3866926705577856 0.96872840298136098
v -1.4398189756837059 1.3296419304650038 0.93346910652068549
v -1.3625792318903529 1.3396457953845 0.99312983511386932
v -1.3784549859850228 1.4073663742719056 0.9252345948951447
v -1.4093009936294574 1.3107701586154592 0.97528371014380577
v -1.4252345948951448 1.3784549859850228 0.90736637427190558
v -1.3578435837493048 0.83658824530086617 1.0790030811624445
v -1.3668773209880511 0.94507863299050854 1.0936199750601721
v -1.3951589701904956 0.86190788597419499 1.0610525432808151
v -1.3179832722760298 0.86124094456087907 1.1079741467252298
v -1.3578435837493048 1.1634117546991338 1.0790030811624445
v -1.3668773209880511 1.0549213670094915 1.0936199750601721
v -1.3951589701904956 1.1380921140258051 1.0610525432808151
v -1.3179832722760298 1.1387590554391209 1.1079741467252298
v -1.4639893624413838 0.91516519906623184 1.0172203863845337
v -1.4021204194943895 0.97152737363883834 1.0722660900086201
v -1.430819083570547 0.88827095424857905 1.0402883837053236
v -1.467251683583874 0.9715260534862783 1.0204470180123708
v -1.399798169415901 0.91664525039333977 1.0685186095896118
v -1.2326393444421568 0.91403983260956312 1.1545913114606179
v -1.3249493809956141 0.971090572702345 1.1193320149999422
v -1.2758953621979616 0.88729552174654702 1.1333872825525253
v -1.2338980445506094 0.97108861171311722 1.159132639445754
v -1.3226171239370661 0.91617115851558806 1.1155411575824616
v -1.4639893624413838 1.0848348009337681 1.0172203863845337
v -1.4021204194943895 1.0284726263611617 1.0722660900086201
v -1.430819083570547 1.1117290457514208 1.0402883837053236
v -1.467251683583874 1.0284739465137216 1.0204470180123708
v -1.399798169415901 1.0833547496066602 1.0685186095896118
v -1.4356040846753091 1 1.0479498895101504
v -1.2326393444421568 1.0859601673904369 1.1545913114606179
v -1.3249493809956141 1.0289094272976551 1.1193320149999422
v -1.2758953621979616 1.112704478253453 1.1333872825525253
v -1.2338980445506094 1.0289113882868828 1.159132639445754
v -1.3226171239370661 1.0838288414844119 1.1155411575824616
v -1.2806776534607311 1 1.1412644188225149
v -1.6194754737966672 1 0.1740396690325729
v -1.6585195541684905 1 0.26261424478766127
v -1.625048697300542 1.0460718432546081 0.18824446875473372
v -1.625048697300542 0.953928156745392 0.18824446875473372
v -1.6983247998456243 1 0.45160088925849129
v -1.6849712681580749 1 0.35572816699743892
v -1.6274806990139301 1.1374885644868424 0.22185459378171069
v -1.6623384888167365 1.0462296860103957 0.27825568245535104
v -1.6277603979647752 1.0922240669412315 0.20434546473303294
v -1.645343139681219 1.0461918515121706 0.2327949384456498
v -1.6274806990139301 0.86251143551315756 0.22185459378171069
v -1.6623384888167365 0.95377031398960443 0.27825568245535104
v -1.6277603979647752 0.90777593305876847 0.20434546473303294
v -1.645343139681219 0.95380814848782935 0.2327949384456498
v -1.6194754737966672 1 0.82596033096742705
v -1.6585195541684905 1 0.73738575521233873
v -1.625048697300542 1.0460718432546081 0.81175553124526623
v -1.625048697300542 0.953928156745392 0.81175553124526623
v -1.6983247998456243 1 0.54839911074150871
v -1.6849712681580749 1 0.64427183300256108
v -1.6274806990139301 1.1374885644868424 0.77814540621828931
v -1.6623384888167365 1.0462296860103957 0.72174431754464896
v -1.6277603979647752 1.0922240669412315 0.79565453526696706
v -1.645343139681219 1.0461918515121706 0.7672050615543502
v -1.6274806990139301 0.86251143551315756 0.77814540621828931
v -1.6623384888167365 0.95377031398960443 0.72174431754464896
v -1.6277603979647752 0.90777593305876847 0.79565453526696706
v -1.645343139681219 0.95380814848782935 0.7672050615543502
v -1.5968481150478646 1.3111246785068817 0.30771437394386314
v -1.6467156727579007 1.2278709797590077 0.35916798945919381
v -1.6088077173235762 1.2701343014078805 0.28463839123434087
v -1.6079741467252298 1.3179832722760298 0.36124094456087907
v -1.6978421336131895 1.0467189052424231 0.47112612864299697
v -1.6806589442783735 1.1390063412290434 0.41408935646868533
v -1.6941533373698499 1.046696567335802 0.42273050526014594
v -1.6242193684400061 1.1838623906585164 0.24203720933883716
v -1.6552346764485844 1.1849058401960288 0.33728138078044217
v -1.6179858521637676 1.2274044703065177 0.26255380944299384
v -1.645877390666046 1.1388707047549869 0.26857544731106642
v -1.6340822672940361 1.2281502851189547 0.31056102380081763
v -1.6193320149999422 1.3249493809956141 0.471090572702345
v -1.6545913114606179 1.2326393444421568 0.41403983260956317
v -1.6155411575824616 1.3226171239370661 0.41617115851558806
v -1.6333872825525253 1.2758953621979616 0.38729552174654708
v -1.6766501588459062 1.0465967993188481 0.32687201027260532
v -1.6728317272887587 1.1388361629946928 0.36575400714160383
v -1.6870381999687378 1.0466230767501266 0.37428285519441473
v -1.6634752574053726 1.0927988915019387 0.29704939382478823
v -1.6855983356746889 1.0932794671316415 0.3939157734074778
v -1.6611028150172409 1.1393658797712611 0.3169147206030426
v -1.5968481150478646 0.68887532149311814 0.30771437394386314
v -1.6467156727579007 0.77212902024099217 0.35916798945919381
v -1.6088077173235762 0.72986569859211947 0.28463839123434087
v -1.6079741467252298 0.68201672772397015 0.36124094456087907
v -1.6978421336131895 0.95328109475757705 0.47112612864299697
v -1.6806589442783735 0.86099365877095657 0.41408935646868533
v -1.6941533373698499 0.95330343266419804 0.42273050526014594
v -1.6242193684400061 0.81613760934148361 0.24203720933883716
v -1.6552346764485844 0.81509415980397126 0.33728138078044217
v -1.6179858521637676 0.77259552969348233 0.26255380944299384
v -1.645877390666046 0.86112929524501314 0.26857544731106642
v -1.6340822672940361 0.77184971488104526 0.31056102380081763
v -1.6193320149999422 0.6750506190043859 0.471090572702345
v -1.6545913114606179 0.76736065555784316 0.41403983260956317
v -1.6155411575824616 0.67738287606293379 0.41617115851558806
v -1.6333872825525253 0.72410463780203838 0.38729552174654708
v -1.6766501588459062 0.95340320068115181 0.32687201027260532
v -1.6728317272887587 0.86116383700530708 0.36575400714160383
v -1.6870381999687378 0.95337692324987344 0.37428285519441473
v -1.6634752574053726 0.90720110849806135 0.29704939382478823
v -1.6855983356746889 0.90672053286835841 0.3939157734074778
v -1.6611028150172409 0.86063412022873886 0.3169147206030426
v -1.5968481150478646 1.3111246785068817 0.69228562605613686
v -1.6467156727579007 1.2278709797590077 0.64083201054080619
v -1.6088077173235762 1.2701343014078805 0.71536160876565913
v -1.6079741467252298 1.3179832722760298 0.63875905543912093
v -1.6978421336131895 1.0467189052424231 0.52887387135700303
v -1.6806589442783735 1.1390063412290434 0.58591064353131461
v -1.6941533373698499 1.046696567335802 0.57726949473985401
v -1.6937319592334374 1.0934664043287012 0.5
v -1.6242193684400061 1.1838623906585164 0.75796279066116279
v -1.6552346764485844 1.1849058401960288 0.66271861921955777
v -1.6179858521637676 1.2274044703065177 0.73744619055700622
v -1.645877390666046 1.1388707047549869 0.73142455268893358
v -1.6340822672940361 1.2281502851189547 0.68943897619918237
v -1.6193320149999422 1.3249493809956141 0.528909427297655
v -1.6545913114606179 1.2326393444421568 0.58596016739043688
v -1.6155411575824616 1.3226171239370661 0.58382884148441194
v -1.6412644188225149 1.2806776534607311 0.5
v -1.6333872825525253 1.2758953621979616 0.61270447825345298
v -1.6766501588459062 1.0465967993188481 0.67312798972739474
v -1.6728317272887587 1.1388361629946928 0.63424599285839611
v -1.6870381999687378 1.0466230767501266 0.62571714480558527
v -1.6634752574053726 1.0927988915019387 0.70295060617521177
v -1.6855983356746889 1.0932794671316415 0.60608422659252215
v -1.6611028150172409 1.1393658797712611 0.6830852793969574
v -1.6724583201258627 1.1858629084792569 0.44294925990721823
v -1.6724583201258627 1.1858629084792569 0.55705074009278177
v -1.685196355827419 1.140257447438656 0.47112436323095896
v -1.659132639445754 1.2338980445506094 0.47108861171311728
v -1.685196355827419 1.140257447438656 0.52887563676904104
v -1.659132639445754 1.2338980445506094 0.52891138828688278
v -1.5968481150478646 0.68887532149311814 0.69228562605613686
v -1.6467156727579007 0.77212902024099217 0.64083201054080619
v -1.6088077173235762 0.72986569859211947 0.71536160876565913
v -1.6079741467252298 0.68201672772397015 0.63875905543912093
v -1.6978421336131895 0.95328109475757705 0.52887387135700303
v -1.6806589442783735 0.86099365877095657 0.58591064353131461
v -1.6941533373698499 0.95330343266419804 0.57726949473985401
v -1.6937319592334374 0.90653359567129865 0.5
v -1.6242193684400061 0.81613760934148361 0.75796279066116279
v -1.6552346764485844 0.81509415980397126 0.66271861921955777
v -1.6179858521637676 0.77259552969348233 0.73744619055700622
v -1.645877390666046 0.86112929524501314 0.73142455268893358
v -1.6340822672940361 0.77184971488104526 0.68943897619918237
v -1.6193320149999422 0.6750506190043859 0.528909427297655
v -1.6545913114606179 0.76736065555784316 0.58596016739043688
v -1.6155411575824616 0.67738287606293379 0.58382884148441194
v -1.6412644188225149 0.71932234653926885 0.5
v -1.6333872825525253 0.72410463780203838 0.61270447825345298
v -1.6766501588459062 0.95340320068115181 0.67312798972739474
v -1.6728317272887587 0.86116383700530708 0.63424599285839611
v -1.6870381999687378 0.95337692324987344 0.62571714480558527
v -1.6634752574053726 0.90720110849806135 0.70295060617521177
v -1.6855983356746889 0.90672053286835841 0.60608422659252215
v -1.6611028150172409 0.86063412022873886 0.6830852793969574
v -1.6724583201258627 0.81413709152074298 0.44294925990721823
v -1.6724583201258627 0.81413709152074298 0.55705074009278177
v -1.685196355827419 0.85974255256134402 0.47112436323095896
v -1.659132639445754 0.76610195544939075 0.47108861171311728
v -1.685196355827419 0.85974255256134402 0.52887563676904104
v -1.659132639445754 0.76610195544939075 0.52891138828688278
v 0.6319882215166065 -1.595455565846428 0.5
v 1.3680117784833934 -1.595455565846428 0.5
v 1 -1.3680117784833934 1.095455565846428
v 1 -1.3680117784833934 -0.095455565846428003
v 1.595455565846428 -1 0.1319882215166065
v 1.595455565846428 -1 0.8680117784833935
v 1 -1.7 0.5
v 0.78368810393753674 -1.5663118960624631 0.85000000000000009
v 1.2163118960624633 -1.5663118960624631 0.85000000000000009
v 1 -1 1.2
v 0.78368810393753674 -1.5663118960624631 0.14999999999999997
v 1.2163118960624633 -1.5663118960624631 0.14999999999999997
v 1 -1 -0.19999999999999996
v 1.5663118960624631 -0.64999999999999991 0.2836881039375368
v 1.5663118960624631 -1.3500000000000001 0.2836881039375368
v 1.3500000000000001 -1.2163118960624633 -0.066311896062463127
v 1.3500000000000001 -0.78368810393753674 -0.066311896062463127
v 1.5663118960624631 -0.64999999999999991 0.71631189606246326
v 1.5663118960624631 -1.3500000000000001 0.71631189606246326
v 1.3500000000000001 -1.2163118960624633 1.0663118960624631
v 1.3500000000000001 -0.78368810393753674 1.0663118960624631
v 1.7 -1 0.5
v 0.80871342976112981 -1.6733568504487422 0.5
v 1.1912865702388702 -1.6733568504487422 0.5
v 0.69627800481311364 -1.6038679362913304 0.68192433910542805
v 0.88756457505198383 -1.4856463342923145 0.99143251134331412
v 0.88627810631848281 -1.6657395614066075 0.6840058892416967
v 1.3037219951868864 -1.6038679362913304 0.68192433910542805
v 1.1124354249480162 -1.4856463342923145 0.99143251134331412
v 1.1137218936815172 -1.6657395614066075 0.6840058892416967
v 1 -1.595455565846428 0.86801177848339361
v 1 -1.1912865702388702 1.1733568504487422
v 0.69627800481311364 -1.6038679362913304 0.31807566089457195
v 0.88756457505198383 -1.4856463342923145 0.0085674886566858843
v 0.88627810631848281 -1.6657395614066075 0.31599411075830325
v 1.3037219951868864 -1.6038679362913304 0.31807566089457195
v 1.1124354249480162 -1.4856463342923145 0.0085674886566858843
v 1.1137218936815172 -1.6657395614066075 0.31599411075830325
v 1 -1.595455565846428 0.13198822151660644
v 1 -1.1912865702388702 -0.17335685044874227
v 1.4856463342923145 -0.50856748865668577 0.38756457505198377
v 1.6038679362913304 -0.81807566089457184 0.19627800481311364
v 1.4856463342923145 -1.4914325113433142 0.38756457505198377
v 1.6038679362913304 -1.1819243391054282 0.19627800481311364
v 1.4114496766047313 -1.4817336721649106 0.202272217076786
v 1.1819243391054282 -1.3037219951868864 -0.10386793629133029
v 1.491432511343314 -1.1124354249480162 0.014353665707685648
v 1.2977277829232139 -1.4114496766047311 0.018266327835089302
v 1.1840058892416967 -1.1137218936815172 -0.16573956140660751
v 1.4817336721649106 -1.2977277829232139 0.088550323395268804
v 1.491432511343314 -0.88756457505198383 0.014353665707685648
v 1.1840058892416967 -0.88627810631848281 -0.16573956140660751
v 1.4817336721649106 -0.702272217076786 0.088550323395268804
v 1.3680117784833936 -1 -0.095455565846427892
v 1.4856463342923145 -0.50856748865668577 0.61243542494801617
v 1.6038679362913304 -0.81807566089457184 0.80372199518688636
v 1.5954555658464278 -0.63198822151660639 0.5
v 1.4856463342923145 -1.4914325113433142 0.61243542494801617
v 1.6038679362913304 -1.1819243391054282 0.80372199518688636
v 1.4114496766047313 -1.4817336721649106 0.797727782923214
v 1.5954555658464278 -1.3680117784833936 0.5
v 1.1819243391054282 -1.3037219951868864 1.1038679362913304
v 1.491432511343314 -1.1124354249480162 0.9856463342923143
v 1.2977277829232139 -1.4114496766047311 0.9817336721649107
v 1.1840058892416967 -1.1137218936815172 1.1657395614066075
v 1.4817336721649106 -1.2977277829232139 0.9114496766047312
v 1.491432511343314 -0.88756457505198383 0.9856463342923143
v 1.1840058892416967 -0.88627810631848281 1.1657395614066075
v 1.4817336721649106 -0.702272217076786 0.9114496766047312
v 1.3680117784833936 -1 1.0954555658464278
v 1.6733568504487422 -1 0.30871342976112981
v 1.6733568504487422 -1 0.69128657023887019
v 1.6657395614066075 -0.81599411075830319 0.38627810631848275
v 1.6657395614066075 -1.1840058892416967 0.38627810631848275
v 1.6657395614066075 -0.81599411075830319 0.61372189368151719
v 1.6657395614066075 -1.1840058892416967 0.61372189368151719
v 0.51435366570768548 -1.4914325113433142 0.38756457505198377
v 0.58855032339526869 -1.4817336721649106 0.202272217076786
v 0.81807566089457184 -1.3037219951868864 -0.10386793629133029
v 0.702272217076786 -1.4114496766047311 0.018266327835089302
v 0.51435366570768548 -1.4914325113433142 0.61243542494801617
v 0.58855032339526869 -1.4817336721649106 0.797727782923214
v 0.81807566089457184 -1.3037219951868864 1.1038679362913304
v 0.702272217076786 -1.4114496766047311 0.9817336721649107
v 0.71765125596784496 -1.6405303948630889 0.5
v 0.90343343051065639 -1.6933072173698034 0.5
v 1.282348744032155 -1.6405303948630889 0.5
v 1.0965665694893436 -1.6933072173698034 0.5
v 0.66089085055753249 -1.6054505351042923 0.59184026516910904
v 0.73747300276525318 -1.5907380322356732 0.76852961287953336
v 0.74923984455939474 -1.6470132204279424 0.59215875994644529
v 0.94323959458968754 -1.4309494146115764 1.0486901296939799
v 0.83403957225459679 -1.5310566101142802 0.92477760449027002
v 0.94243027430444637 -1.6913818384165964 0.59314977289841386
v 0.83292614877628479 -1.6237045669318575 0.77033116991131445
v 0.84591808076869535 -1.6764748181817073 0.59295473377953167
v 0.78911878463473761 -1.6413709226338509 0.68485792546134583
v 1.3391091494424674 -1.6054505351042923 0.59184026516910904
v 1.2625269972347468 -1.5907380322356732 0.76852961287953336
v 1.2507601554406054 -1.6470132204279424 0.59215875994644529
v 1.0567604054103124 -1.4309494146115764 1.0486901296939799
v 1.1659604277454032 -1.5310566101142802 0.92477760449027002
v 1 -1.4920349213414412 0.9978972144735514
v 1.0575697256955536 -1.6913818384165964 0.59314977289841386
v 1.1670738512237153 -1.6237045669318575 0.77033116991131445
v 1.1540819192313048 -1.6764748181817073 0.59295473377953167
v 1 -1.6747028844273357 0.68648329079419712
v 1.2108812153652624 -1.6413709226338509 0.68485792546134583
v 0.89049587447183842 -1.5881245197289973 0.86348094280972854
v 1.1095041255281617 -1.5881245197289973 0.86348094280972854
v 0.94320070386604227 -1.5461430594970886 0.93416770782941305
v 0.94237349397762793 -1.6390877450526093 0.77972493619129579
v 1.0567992961339578 -1.5461430594970886 0.93416770782941305
v 1.0576265060223722 -1.6390877450526093 0.77972493619129579
v 1 -1.282348744032155 1.1405303948630889
v 1 -1.0965665694893436 1.1933072173698034
v 0.66089085055753249 -1.6054505351042923 0.40815973483089102
v 0.73747300276525318 -1.5907380322356732 0.23147038712046658
v 0.74923984455939474 -1.6470132204279424 0.40784124005355477
v 0.94323959458968754 -1.4309494146115764 -0.0486901296939799
v 0.83403957225459679 -1.5310566101142802 0.075222395509730033
v 0.94243027430444637 -1.6913818384165964 0.40685022710158608
v 0.83292614877628479 -1.6237045669318575 0.22966883008868555
v 0.84591808076869535 -1.6764748181817073 0.40704526622046833
v 0.78911878463473761 -1.6413709226338509 0.31514207453865417
v 1.3391091494424674 -1.6054505351042923 0.40815973483089102
v 1.2625269972347468 -1.5907380322356732 0.23147038712046658
v 1.2507601554406054 -1.6470132204279424 0.40784124005355477
v 1.0567604054103124 -1.4309494146115764 -0.0486901296939799
v 1.1659604277454032 -1.5310566101142802 0.075222395509730033
v 1 -1.4920349213414412 0.0021027855264486028
v 1.0575697256955536 -1.6913818384165964 0.40685022710158608
v 1.1670738512237153 -1.6237045669318575 0.22966883008868555
v 1.1540819192313048 -1.6764748181817073 0.40704526622046833
v 1 -1.6747028844273357 0.31351670920580288
v 1.2108812153652624 -1.6413709226338509 0.31514207453865417
v 0.89049587447183842 -1.5881245197289973 0.13651905719027152
v 1.1095041255281617 -1.5881245197289973 0.13651905719027152
v 0.94320070386604227 -1.5461430594970886 0.065832292170587003
v 0.94237349397762793 -1.6390877450526093 0.22027506380870421
v 1.0567992961339578 -1.5461430594970886 0.065832292170587003
v 1.0576265060223722 -1.6390877450526093 0.22027506380870421
v 1 -1.282348744032155 -0.14053039486308883
v 1 -1.0965665694893436 -0.19330721736980327
v 1.5310566101142802 -0.57522239550972998 0.33403957225459679
v 1.6054505351042923 -0.90815973483089096 0.16089085055753249
v 1.590738032235673 -0.73147038712046653 0.23747300276525324
v 1.4949747468305832 -0.57894933149471806 0.23977637587787087
v 1.4531883257175569 -0.50838310727963842 0.29279678519556196
v 1.4309494146115764 -1.5486901296939801 0.44323959458968754
v 1.5310566101142802 -1.42477760449027 0.33403957225459679
v 1.3998761613949959 -1.5548544604814971 0.35088399404560922
v 1.6054505351042923 -1.091840265169109 0.16089085055753249
v 1.590738032235673 -1.2685296128795334 0.23747300276525324
v 1.3177933498176828 -1.5305547940334434 0.17209910439313192
v 1.4949747468305832 -1.4210506685052819 0.23977637587787087
v 1.3612851340357426 -1.5484161888543193 0.25769288964770554
v 1.4531883257175569 -1.4916168927203617 0.29279678519556196
v 1.091840265169109 -1.3391091494424674 -0.10545053510429236
v 1.2685296128795334 -1.2625269972347468 -0.090738032235673005
v 1.1491160059543908 -1.3998761613949962 -0.054854460481497003
v 1.0921587599464453 -1.2507601554406054 -0.14701322042794229
v 1.5486901296939799 -1.0567604054103126 0.069050585388423513
v 1.42477760449027 -1.1659604277454032 -0.031056610114280181
v 1.5548544604814971 -1.1491160059543908 0.10012383860500396
v 1.2602236241221292 -1.4949747468305832 0.078949331494718
v 1.3279008956068681 -1.3177933498176828 -0.030554794033443522
v 1.207203214804438 -1.4531883257175569 0.0083831072796384243
v 1.3593628088613134 -1.4526044542584122 0.10502205176395996
v 1.2423071103522945 -1.3612851340357428 -0.048416188854319198
v 1.0931497728984139 -1.0575697256955536 -0.19138183841659639
v 1.2703311699113145 -1.1670738512237153 -0.1237045669318575
v 1.0929547337795318 -1.1540819192313048 -0.17647481818170729
v 1.1848579254613458 -1.2108812153652624 -0.14137092263385098
v 1.5305547940334434 -1.3279008956068681 0.18220665018231724
v 1.4210506685052819 -1.2602236241221292 0.0050252531694168212
v 1.5484161888543193 -1.2423071103522945 0.13871486596425725
v 1.4526044542584122 -1.39497794823604 0.1406371911386865
v 1.4916168927203617 -1.207203214804438 0.04681167428244315
v 1.39497794823604 -1.3593628088613134 0.047395545741587886
v 1.2685296128795334 -0.73747300276525318 -0.090738032235673005
v 1.5486901296939799 -0.94323959458968754 0.069050585388423513
v 1.42477760449027 -0.83403957225459679 -0.031056610114280181
v 1.5548544604814971 -0.85088399404560922 0.10012383860500396
v 1.4978972144735514 -1 0.0079650786585587774
v 1.3279008956068681 -0.68220665018231719 -0.030554794033443522
v 1.0931497728984139 -0.94243027430444637 -0.19138183841659639
v 1.2703311699113145 -0.83292614877628479 -0.1237045669318575
v 1.1864832907941971 -1 -0.17470288442733573
v 1.1848579254613458 -0.7891187846347375 -0.14137092263385098
v 1.5305547940334434 -0.67209910439313192 0.18220665018231724
v 1.4210506685052819 -0.73977637587787082 0.0050252531694168212
v 1.5484161888543193 -0.75769288964770554 0.13871486596425725
v 1.4526044542584122 -0.60502205176395996 0.1406371911386865
v 1.4916168927203617 -0.79279678519556196 0.04681167428244315
v 1.39497794823604 -0.64063719113868656 0.047395545741587886
v 1.3634809428097285 -1.1095041255281617 -0.088124519728997153
v 1.3634809428097285 -0.89049587447183842 -0.088124519728997153
v 1.4341677078294131 -1.0567992961339578 -0.046143059497088634
v 1.2797249361912959 -1.0576265060223722 -0.13908774505260935
v 1.4341677078294131 -0.94320070386604227 -0.046143059497088634
v 1.2797249361912959 -0.94237349397762793 -0.13908774505260935
v 1.5310566101142802 -0.57522239550972998 0.66596042774540321
v 1.4920349213414412 -0.5021027855264486 0.5
v 1.6054505351042923 -0.90815973483089096 0.83910914944246751
v 1.590738032235673 -0.73147038712046653 0.76252699723474682
v 1.4949747468305832 -0.57894933149471806 0.76022362412212918
v 1.4531883257175569 -0.50838310727963842 0.70720321480443804
v 1.5881245197289973 -0.63651905719027146 0.39049587447183842
v 1.5881245197289973 -0.63651905719027146 0.60950412552816158
v 1.5461430594970886 -0.56583229217058695 0.44320070386604227
v 1.5461430594970886 -0.56583229217058695 0.55679929613395773
v 1.4309494146115764 -1.5486901296939801 0.55676040541031246
v 1.5310566101142802 -1.42477760449027 0.66596042774540321
v 1.3998761613949959 -1.5548544604814971 0.64911600595439078
v 1.4920349213414412 -1.4978972144735514 0.5
v 1.6054505351042923 -1.091840265169109 0.83910914944246751
v 1.590738032235673 -1.2685296128795334 0.76252699723474682
v 1.3177933498176828 -1.5305547940334434 0.82790089560686808
v 1.4949747468305832 -1.4210506685052819 0.76022362412212918
v 1.3612851340357426 -1.5484161888543193 0.74230711035229446
v 1.4531883257175569 -1.4916168927203617 0.70720321480443804
v 1.5881245197289973 -1.3634809428097285 0.39049587447183842
v 1.5881245197289973 -1.3634809428097285 0.60950412552816158
v 1.5461430594970886 -1.4341677078294131 0.44320070386604227
v 1.5461430594970886 -1.4341677078294131 0.55679929613395773
v 1.091840265169109 -1.3391091494424674 1.1054505351042923
v 1.2685296128795334 -1.2625269972347468 1.090738032235673
v 1.1491160059543908 -1.3998761613949962 1.0548544604814971
v 1.0921587599464453 -1.2507601554406054 1.1470132204279424
v 1.5486901296939799 -1.0567604054103126 0.93094941461157643
v 1.42477760449027 -1.1659604277454032 1.0310566101142802
v 1.5548544604814971 -1.1491160059543908 0.89987616139499604
v 1.2602236241221292 -1.4949747468305832 0.92105066850528194
v 1.3279008956068681 -1.3177933498176828 1.0305547940334434
v 1.207203214804438 -1.4531883257175569 0.99161689272036158
v 1.3593628088613134 -1.4526044542584122 0.89497794823604004
v 1.2423071103522945 -1.3612851340357428 1.0484161888543193
v 1.0931497728984139 -1.0575697256955536 1.1913818384165964
v 1.2703311699113145 -1.1670738512237153 1.1237045669318575
v 1.0929547337795318 -1.1540819192313048 1.1764748181817073
v 1.1848579254613458 -1.2108812153652624 1.1413709226338509
v 1.5305547940334434 -1.3279008956068681 0.81779334981768281
v 1.4210506685052819 -1.2602236241221292 0.99497474683058318
v 1.5484161888543193 -1.2423071103522945 0.86128513403574281
v 1.4526044542584122 -1.39497794823604 0.85936280886131344
v 1.4916168927203617 -1.207203214804438 0.95318832571755685
v 1.39497794823604 -1.3593628088613134 0.95260445425841211
v 1.2685296128795334 -0.73747300276525318 1.090738032235673
v 1.5486901296939799 -0.94323959458968754 0.93094941461157643
v 1.42477760449027 -0.83403957225459679 1.0310566101142802
v 1.5548544604814971 -0.85088399404560922 0.89987616139499604
v 1.4978972144735514 -1 0.99203492134144122
v 1.3279008956068681 -0.68220665018231719 1.0305547940334434
v 1.0931497728984139 -0.94243027430444637 1.1913818384165964
v 1.2703311699113145 -0.83292614877628479 1.1237045669318575
v 1.1864832907941971 -1 1.1747028844273357
v 1.1848579254613458 -0.7891187846347375 1.1413709226338509
v 1.5305547940334434 -0.67209910439313192 0.81779334981768281
v 1.4210506685052819 -0.73977637587787082 0.99497474683058318
v 1.5484161888543193 -0.75769288964770554 0.86128513403574281
v 1.4526044542584122 -0.60502205176395996 0.85936280886131344
v 1.4916168927203617 -0.79279678519556196 0.95318832571755685
v 1.39497794823604 -0.64063719113868656 0.95260445425841211
v 1.3634809428097285 -1.1095041255281617 1.0881245197289973
v 1.3634809428097285 -0.89049587447183842 1.0881245197289973
v 1.4341677078294131 -1.0567992961339578 1.0461430594970886
v 1.2797249361912959 -1.0576265060223722 1.1390877450526093
v 1.4341677078294131 -0.94320070386604227 1.0461430594970886
v 1.2797249361912959 -0.94237349397762793 1.1390877450526093
v 1.6405303948630889 -1 0.21765125596784496
v 1.6933072173698034 -1 0.40343343051065639
v 1.6470132204279424 -0.90784124005355471 0.24923984455939474
v 1.6470132204279424 -1.0921587599464453 0.24923984455939474
v 1.6405303948630889 -1 0.78234874403215504
v 1.6933072173698034 -1 0.59656656948934361
v 1.6470132204279424 -0.90784124005355471 0.75076015544060526
v 1.6470132204279424 -1.0921587599464453 0.75076015544060526
v 1.6237045669318575 -0.72966883008868555 0.33292614877628479
v 1.6913818384165964 -0.90685022710158603 0.44243027430444637
v 1.6413709226338509 -0.81514207453865406 0.2891187846347375
v 1.6390877450526093 -0.72027506380870421 0.44237349397762787
v 1.6764748181817073 -0.90704526622046833 0.34591808076869535
v 1.6237045669318575 -1.2703311699113145 0.33292614877628479
v 1.6913818384165964 -1.0931497728984139 0.44243027430444637
v 1.6413709226338509 -1.1848579254613458 0.2891187846347375
v 1.6390877450526093 -1.2797249361912959 0.44237349397762787
v 1.6764748181817073 -1.0929547337795318 0.34591808076869535
v 1.6237045669318575 -0.72966883008868555 0.66707385122371521
v 1.6913818384165964 -0.90685022710158603 0.55756972569555363
v 1.6413709226338509 -0.81514207453865406 0.7108812153652625
v 1.6390877450526093 -0.72027506380870421 0.55762650602237207
v 1.6764748181817073 -0.90704526622046833 0.65408191923130465
v 1.6747028844273357 -0.81351670920580277 0.5
v 1.6237045669318575 -1.2703311699113145 0.66707385122371521
v 1.6913818384165964 -1.0931497728984139 0.55756972569555363
v 1.6413709226338509 -1.1848579254613458 0.7108812153652625
v 1.6390877450526093 -1.2797249361912959 0.55762650602237207
v 1.6764748181817073 -1.0929547337795318 0.65408191923130465
v 1.6747028844273357 -1.1864832907941971 0.5
v 0.56905058538842357 -1.5486901296939801 0.44323959458968754
v 0.60012383860500396 -1.5548544604814971 0.35088399404560922
v 0.68220665018231719 -1.5305547940334434 0.17209910439313192
v 0.63871486596425731 -1.5484161888543193 0.25769288964770554
v 0.54681167428244315 -1.4916168927203617 0.29279678519556196
v 0.90815973483089096 -1.3391091494424674 -0.10545053510429236
v 0.73147038712046653 -1.2625269972347468 -0.090738032235673005
v 0.8508839940456091 -1.3998761613949962 -0.054854460481497003
v 0.90784124005355471 -1.2507601554406054 -0.14701322042794229
v 0.73977637587787082 -1.4949747468305832 0.078949331494718
v 0.67209910439313192 -1.3177933498176828 -0.030554794033443522
v 0.79279678519556196 -1.4531883257175569 0.0083831072796384243
v 0.64063719113868645 -1.4526044542584122 0.10502205176395996
v 0.75769288964770554 -1.3612851340357428 -0.048416188854319198
v 0.90685022710158603 -1.0575697256955536 -0.19138183841659639
v 0.90704526622046833 -1.1540819192313048 -0.17647481818170729
v 0.81514207453865406 -1.2108812153652624 -0.14137092263385098
v 0.60502205176395996 -1.3593628088613134 0.047395545741587886
v 0.56905058538842357 -1.5486901296939801 0.55676040541031246
v 0.60012383860500396 -1.5548544604814971 0.64911600595439078
v 0.50796507865855878 -1.4978972144735514 0.5
v 0.68220665018231719 -1.5305547940334434 0.82790089560686808
v 0.63871486596425731 -1.5484161888543193 0.74230711035229446
v 0.54681167428244315 -1.4916168927203617 0.70720321480443804
v 0.90815973483089096 -1.3391091494424674 1.1054505351042923
v 0.73147038712046653 -1.2625269972347468 1.090738032235673
v 0.8508839940456091 -1.3998761613949962 1.0548544604814971
v 0.90784124005355471 -1.2507601554406054 1.1470132204279424
v 0.73977637587787082 -1.4949747468305832 0.92105066850528194
v 0.67209910439313192 -1.3177933498176828 1.0305547940334434
v 0.79279678519556196 -1.4531883257175569 0.99161689272036158
v 0.64063719113868645 -1.4526044542584122 0.89497794823604004
v 0.75769288964770554 -1.3612851340357428 1.0484161888543193
v 0.90685022710158603 -1.0575697256955536 1.1913818384165964
v 0.90704526622046833 -1.1540819192313048 1.1764748181817073
v 0.81514207453865406 -1.2108812153652624 1.1413709226338509
v 0.60502205176395996 -1.3593628088613134 0.95260445425841211
v 0.67403966903257295 -1.6194754737966672 0.5
v 0.76261424478766127 -1.6585195541684905 0.5
v 0.95160088925849129 -1.6983247998456243 0.5
v 0.85572816699743892 -1.6849712681580749 0.5
v 1.325960330967427 -1.6194754737966672 0.5
v 1.2373857552123388 -1.6585195541684905 0.5
v 1.0483991107415087 -1.6983247998456243 0.5
v 1.1442718330025612 -1.6849712681580749 0.5
v 0.64559138551464379 -1.6018934676609935 0.54603028965360256
v 0.67781338902755328 -1.6061097430336666 0.63721066689493189
v 0.68824446875473377 -1.625048697300542 0.546071843254608
v 0.76000621388346412 -1.5799127784003548 0.81000669682029658
v 0.71619632097931507 -1.5987358448058577 0.72576726937034097
v 0.77825568245535104 -1.6623384888167365 0.54622968601039557
v 0.72185459378171069 -1.6274806990139301 0.63748856448684232
v 0.7327949384456498 -1.645343139681219 0.54619185151217065
v 0.70434546473303294 -1.6277603979647752 0.59222406694123153
v 0.97155171648207095 -1.4004389041389587 1.0734451841430648
v 0.91519914423989202 -1.4593972778673787 1.0213088872735585
v 0.80840532462497283 -1.5500004829368326 0.88831810302532765
v 0.86046815398187615 -1.5095709483910258 0.95920399878773366
v 0.97112612864299697 -1.6978421336131895 0.54671890524242295
v 0.91408935646868539 -1.6806589442783735 0.63900634122904343
v 0.92273050526014599 -1.6941533373698499 0.54669656733580196
v 0.80771437394386314 -1.5968481150478646 0.81112467850688186
v 0.85916798945919393 -1.6467156727579007 0.72787097975900772
v 0.78463839123434098 -1.6088077173235762 0.77013430140788053
v 0.82687201027260526 -1.6766501588459062 0.54659679931884819
v 0.86575400714160389 -1.6728317272887587 0.63883616299469292
v 0.87428285519441473 -1.6870381999687378 0.54662307675012656
v 0.79704939382478823 -1.6634752574053726 0.59279889150193854
v 0.89391577340747785 -1.6855983356746889 0.59327946713164148
v 0.74203720933883721 -1.6242193684400061 0.68386239065851639
v 0.83728138078044223 -1.6552346764485846 0.68490584019602863
v 0.76255380944299378 -1.6179858521637676 0.72740447030651756
v 0.76857544731106653 -1.645877390666046 0.63887070475498686
v 0.81056102380081763 -1.6340822672940361 0.72815028511895474
v 0.81691472060304271 -1.6611028150172409 0.63936587977126114
v 1.3544086144853562 -1.6018934676609935 0.54603028965360256
v 1.3221866109724467 -1.6061097430336666 0.63721066689493189
v 1.3117555312452662 -1.625048697300542 0.546071843254608
v 1.239993786116536 -1.5799127784003548 0.81000669682029658
v 1.2838036790206848 -1.5987358448058577 0.72576726937034097
v 1.221744317544649 -1.6623384888167365 0.54622968601039557
v 1.2781454062182893 -1.6274806990139301 0.63748856448684232
v 1.2672050615543502 -1.645343139681219 0.54619185151217065
v 1.2956545352669671 -1.6277603979647752 0.59222406694123153
v 1.0284482835179289 -1.4004389041389587 1.0734451841430648
v 1.0848008557601079 -1.4593972778673787 1.0213088872735585
v 1 -1.4323731828101876 1.0505028889902288
v 1.1915946753750273 -1.5500004829368326 0.88831810302532765
v 1.1395318460181239 -1.5095709483910258 0.95920399878773366
v 0.94359891132635965 -1.4904351739591872 0.99627840708623405
v 1.0564010886736404 -1.4904351739591872 0.99627840708623405
v 0.97155052628738314 -1.462618587958179 1.024570938502178
v 1.0284494737126169 -1.462618587958179 1.024570938502178
v 1.0288738713570029 -1.6978421336131895 0.54671890524242295
v 1.0859106435313146 -1.6806589442783735 0.63900634122904343
v 1.077269494739854 -1.6941533373698499 0.54669656733580196
v 1 -1.6937319592334374 0.59346640432870135
v 1.1922856260561367 -1.5968481150478646 0.81112467850688186
v 1.1408320105408061 -1.6467156727579007 0.72787097975900772
v 1.2153616087656591 -1.6088077173235762 0.77013430140788053
v 1.1731279897273947 -1.6766501588459062 0.54659679931884819
v 1.1342459928583961 -1.6728317272887587 0.63883616299469292
v 1.1257171448055854 -1.6870381999687378 0.54662307675012656
v 1.2029506061752118 -1.6634752574053726 0.59279889150193854
v 1.1060842265925221 -1.6855983356746889 0.59327946713164148
v 0.94294925990721823 -1.6724583201258627 0.68586290847925691
v 1.0570507400927818 -1.6724583201258627 0.68586290847925691
v 0.97112436323095896 -1.685196355827419 0.64025744743865598
v 1.028875636769041 -1.685196355827419 0.64025744743865598
v 1.2579627906611628 -1.6242193684400061 0.68386239065851639
v 1.1627186192195578 -1.6552346764485846 0.68490584019602863
v 1.2374461905570062 -1.6179858521637676 0.72740447030651756
v 1.2314245526889334 -1.645877390666046 0.63887070475498686
v 1.1894389761991824 -1.6340822672940361 0.72815028511895474
v 1.1830852793969573 -1.6611028150172409 0.63936587977126114
v 0.83658824530086617 -1.5790030811624445 0.85784358374930481
v 0.94507863299050854 -1.5936199750601721 0.86687732098805115
v 0.86190788597419499 -1.5610525432808151 0.89515897019049562
v 0.86124094456087907 -1.6079741467252298 0.81798327227602985
v 1.1634117546991338 -1.5790030811624445 0.85784358374930481
v 1.0549213670094915 -1.5936199750601721 0.86687732098805115
v 1.1380921140258049 -1.5610525432808151 0.89515897019049562
v 1.1387590554391209 -1.6079741467252298 0.81798327227602985
v 0.91516519906623184 -1.5172203863845337 0.96398936244138367
v 0.97152737363883834 -1.5722660900086201 0.90212041949438926
v 0.88827095424857916 -1.5402883837053234 0.93081908357054699
v 0.9715260534862783 -1.5204470180123708 0.96725168358387381
v 0.91664525039333977 -1.5685186095896118 0.89979816941590107
v 0.91403983260956323 -1.6545913114606179 0.73263934444215684
v 0.971090572702345 -1.6193320149999422 0.8249493809956141
v 0.88729552174654713 -1.6333872825525253 0.77589536219796162
v 0.97108861171311722 -1.659132639445754 0.73389804455060925
v 0.91617115851558806 -1.6155411575824616 0.82261712393706621
v 1.0848348009337681 -1.5172203863845337 0.96398936244138367
v 1.0284726263611617 -1.5722660900086201 0.90212041949438926
v 1.1117290457514208 -1.5402883837053234 0.93081908357054699
v 1.0284739465137216 -1.5204470180123708 0.96725168358387381
v 1.0833547496066602 -1.5685186095896118 0.89979816941590107
v 1 -1.5479498895101504 0.93560408467530909
v 1.0859601673904369 -1.6545913114606179 0.73263934444215684
v 1.0289094272976551 -1.6193320149999422 0.8249493809956141
v 1.112704478253453 -1.6333872825525253 0.77589536219796162
v 1.0289113882868828 -1.659132639445754 0.73389804455060925
v 1.0838288414844119 -1.6155411575824616 0.82261712393706621
v 1 -1.6412644188225149 0.78067765346073115
v 1 -1.325960330967427 1.1194754737966672
v 1 -1.2373857552123388 1.1585195541684905
v 1 -1.0483991107415087 1.1983247998456243
v 1 -1.1442718330025612 1.1849712681580749
v 0.64559138551464379 -1.6018934676609935 0.45396971034639744
v 0.67781338902755328 -1.6061097430336666 0.36278933310506811
v 0.68824446875473377 -1.625048697300542 0.453928156745392
v 0.76000621388346412 -1.5799127784003548 0.18999330317970342
v 0.71619632097931507 -1.5987358448058577 0.27423273062965897
v 0.77825568245535104 -1.6623384888167365 0.45377031398960443
v 0.72185459378171069 -1.6274806990139301 0.36251143551315768
v 0.7327949384456498 -1.645343139681219 0.4538081484878293
v 0.70434546473303294 -1.6277603979647752 0.40777593305876852
v 0.97155171648207095 -1.4004389041389587 -0.073445184143064668
v 0.91519914423989202 -1.4593972778673787 -0.021308887273558619
v 0.80840532462497283 -1.5500004829368326 0.11168189697467235
v 0.86046815398187615 -1.5095709483910258 0.040796001212266342
v 0.97112612864299697 -1.6978421336131895 0.45328109475757705
v 0.91408935646868539 -1.6806589442783735 0.36099365877095663
v 0.92273050526014599 -1.6941533373698499 0.45330343266419804
v 0.80771437394386314 -1.5968481150478646 0.18887532149311814
v 0.85916798945919393 -1.6467156727579007 0.27212902024099228
v 0.78463839123434098 -1.6088077173235762 0.22986569859211947
v 0.82687201027260526 -1.6766501588459062 0.45340320068115181
v 0.86575400714160389 -1.6728317272887587 0.36116383700530708
v 0.87428285519441473 -1.6870381999687378 0.45337692324987344
v 0.79704939382478823 -1.6634752574053726 0.4072011084980614
v 0.89391577340747785 -1.6855983356746889 0.40672053286835846
v 0.74203720933883721 -1.6242193684400061 0.31613760934148361
v 0.83728138078044223 -1.6552346764485846 0.31509415980397137
v 0.76255380944299378 -1.6179858521637676 0.27259552969348244
v 0.76857544731106653 -1.645877390666046 0.36112929524501314
v 0.81056102380081763 -1.6340822672940361 0.27184971488104526
v 0.81691472060304271 -1.6611028150172409 0.36063412022873886
v 1.3544086144853562 -1.6018934676609935 0.45396971034639744
v 1.3221866109724467 -1.6061097430336666 0.36278933310506811
v 1.3117555312452662 -1.625048697300542 0.453928156745392
v 1.239993786116536 -1.5799127784003548 0.18999330317970342
v 1.2838036790206848 -1.5987358448058577 0.27423273062965897
v 1.221744317544649 -1.6623384888167365 0.45377031398960443
v 1.2781454062182893 -1.6274806990139301 0.36251143551315768
v 1.2672050615543502 -1.645343139681219 0.4538081484878293
v 1.2956545352669671 -1.6277603979647752 0.40777593305876852
v 1.0284482835179289 -1.4004389041389587 -0.073445184143064668
v 1.0848008557601079 -1.4593972778673787 -0.021308887273558619
v 1 -1.4323731828101876 -0.0505028889902287
v 1.1915946753750273 -1.5500004829368326 0.11168189697467235
v 1.1395318460181239 -1.5095709483910258 0.040796001212266342
v 0.94359891132635965 -1.4904351739591872 0.0037215929137660031
v 1.0564010886736404 -1.4904351739591872 0.0037215929137660031
v 0.97155052628738314 -1.462618587958179 -0.024570938502177841
v 1.0284494737126169 -1.462618587958179 -0.024570938502177841
v 1.0288738713570029 -1.6978421336131895 0.45328109475757705
v 1.0859106435313146 -1.6806589442783735 0.36099365877095663
v 1.077269494739854 -1.6941533373698499 0.45330343266419804
v 1 -1.6937319592334374 0.40653359567129865
v 1.1922856260561367 -1.5968481150478646 0.18887532149311814
v 1.1408320105408061 -1.6467156727579007 0.27212902024099228
v 1.2153616087656591 -1.6088077173235762 0.22986569859211947
v 1.1731279897273947 -1.6766501588459062 0.45340320068115181
v 1.1342459928583961 -1.6728317272887587 0.36116383700530708
v 1.1257171448055854 -1.6870381999687378 0.45337692324987344
v 1.2029506061752118 -1.6634752574053726 0.4072011084980614
v 1.1060842265925221 -1.6855983356746889 0.40672053286835846
v 0.94294925990721823 -1.6724583201258627 0.31413709152074309
v 1.0570507400927818 -1.6724583201258627 0.31413709152074309
v 0.97112436323095896 -1.685196355827419 0.35974255256134408
v 1.028875636769041 -1.685196355827419 0.35974255256134408
v 1.2579627906611628 -1.6242193684400061 0.31613760934148361
v 1.1627186192195578 -1.6552346764485846 0.31509415980397137
v 1.2374461905570062 -1.6179858521637676 0.27259552969348244
v 1.2314245526889334 -1.645877390666046 0.36112929524501314
v 1.1894389761991824 -1.6340822672940361 0.27184971488104526
v 1.1830852793969573 -1.6611028150172409 0.36063412022873886
v 0.83658824530086617 -1.5790030811624445 0.14215641625069525
v 0.94507863299050854 -1.5936199750601721 0.1331226790119488
v 0.86190788597419499 -1.5610525432808151 0.10484102980950433
v 0.86124094456087907 -1.6079741467252298 0.1820167277239701
v 1.1634117546991338 -1.5790030811624445 0.14215641625069525
v 1.0549213670094915 -1.5936199750601721 0.1331226790119488
v 1.1380921140258049 -1.5610525432808151 0.10484102980950433
v 1.1387590554391209 -1.6079741467252298 0.1820167277239701
v 0.91516519906623184 -1.5172203863845337 0.036010637558616332
v 0.97152737363883834 -1.5722660900086201 0.097879580505610686
v 0.88827095424857916 -1.5402883837053234 0.069180916429453065
v 0.9715260534862783 -1.5204470180123708 0.032748316416126133
v 0.91664525039333977 -1.5685186095896118 0.10020183058409893
v 0.91403983260956323 -1.6545913114606179 0.26736065555784316
v 0.971090572702345 -1.6193320149999422 0.17505061900438595
v 0.88729552174654713 -1.6333872825525253 0.22410463780203838
v 0.97108861171311722 -1.659132639445754 0.26610195544939075
v 0.91617115851558806 -1.6155411575824616 0.17738287606293379
v 1.0848348009337681 -1.5172203863845337 0.036010637558616332
v 1.0284726263611617 -1.5722660900086201 0.097879580505610686
v 1.1117290457514208 -1.5402883837053234 0.069180916429453065
v 1.0284739465137216 -1.5204470180123708 0.032748316416126133
v 1.0833547496066602 -1.5685186095896118 0.10020183058409893
v 1 -1.5479498895101504 0.064395915324690911
v 1.0859601673904369 -1.6545913114606179 0.26736065555784316
v 1.0289094272976551 -1.6193320149999422 0.17505061900438595
v 1.112704478253453 -1.6333872825525253 0.22410463780203838
v 1.0289113882868828 -1.659132639445754 0.26610195544939075
v 1.0838288414844119 -1.6155411575824616 0.17738287606293379
v 1 -1.6412644188225149 0.21932234653926891
v 1 -1.325960330967427 -0.11947547379666723
v 1 -1.2373857552123388 -0.15851955416849051
v 1 -1.0483991107415087 -0.19832479984562423
v 1 -1.1442718330025612 -0.18497126815807474
v 1.5500004829368326 -0.61168189697467235 0.30840532462497283
v 1.5095709483910258 -0.54079600121226634 0.36046815398187615
v 1.6018934676609935 -0.95396971034639744 0.14559138551464385
v 1.6061097430336666 -0.862789333105068 0.17781338902755328
v 1.5799127784003548 -0.68999330317970342 0.26000621388346412
v 1.5987358448058575 -0.77423273062965892 0.21619632097931507
v 1.5322841759200216 -0.61328254489369227 0.26099546870144019
v 1.4546136338311286 -0.54721203548063424 0.2201616482301505
v 1.5143559759450134 -0.57598096403803067 0.28635125286691937
v 1.4706235870656852 -0.50721223181261021 0.33976999400137753
v 1.4936653069551968 -0.54036627033777984 0.31283323140677932
v 1.4752391424579701 -0.54255194944426588 0.26571590212186513
v 1.4004389041389587 -1.5734451841430648 0.47155171648207095
v 1.4593972778673785 -1.5213088872735585 0.41519914423989202
v 1.3863013395555797 -1.5789768540459341 0.42545419168968668
v 1.5500004829368326 -1.3883181030253278 0.30840532462497283
v 1.5095709483910258 -1.4592039987877337 0.36046815398187615
v 1.3529466094723448 -1.5812510130035344 0.33393991826949765
v 1.4442054879487916 -1.5248499243298941 0.36879770807230405
v 1.3703945210169475 -1.5815685464526044 0.37922779882095881
v 1.4164267364460081 -1.5531190727399875 0.39681054053740267
v 1.6018934676609935 -1.0460302896536027 0.14559138551464385
v 1.6061097430336666 -1.137210666894932 0.17781338902755328
v 1.5799127784003548 -1.3100066968202966 0.26000621388346412
v 1.5987358448058575 -1.225767269370341 0.21619632097931507
v 1.2678784026555627 -1.5501292098054416 0.16000145013611516
v 1.3657489953011641 -1.5077093315288572 0.18621837670967761
v 1.2909182418729346 -1.5621111499877742 0.20100563282064576
v 1.5322841759200216 -1.3867174551063077 0.26099546870144019
v 1.4546136338311286 -1.4527879645193658 0.2201616482301505
v 1.5143559759450134 -1.4240190359619693 0.28635125286691937
v 1.3333579957260171 -1.5776225691211581 0.28733920359547749
v 1.3873602498125912 -1.5163985134538915 0.22928869220563064
v 1.3128839133988059 -1.571362775413641 0.24378088360180916
v 1.3815763132573839 -1.5530784991641076 0.30377642617850126
v 1.340368324470657 -1.5408028001623943 0.2141998337412121
v 1.4706235870656852 -1.4927877681873898 0.33976999400137753
v 1.4334299270139272 -1.4879258870927299 0.2468857430458048
v 1.4936653069551968 -1.4596337296622202 0.31283323140677932
v 1.4276481265104322 -1.5246045526503857 0.32137429291782788
v 1.4752391424579701 -1.4574480505557341 0.26571590212186513
v 1.4085840097388893 -1.52173693524598 0.27450126965806798
v 1.0460302896536027 -1.3544086144853562 -0.10189346766099361
v 1.137210666894932 -1.3221866109724467 -0.10610974303366649
v 1.0745458083103134 -1.3863013395555797 -0.07897685404593402
v 1.0460718432546081 -1.3117555312452662 -0.12504869730054202
v 1.3100066968202966 -1.239993786116536 -0.079912778400354822
v 1.225767269370341 -1.2838036790206848 -0.098735844805857509
v 1.1312022919276961 -1.4442054879487918 -0.02484992432989408
v 1.1660600817305025 -1.352946609472345 -0.081251013003534323
v 1.1031894594625973 -1.4164267364460081 -0.053119072739987616
v 1.1207722011790413 -1.3703945210169475 -0.081568546452604473
v 1.0462296860103957 -1.221744317544649 -0.1623384888167364
v 1.1374885644868424 -1.2781454062182893 -0.12748069901393
v 1.0461918515121706 -1.2672050615543502 -0.14534313968121904
v 1.0922240669412315 -1.2956545352669671 -0.12776039796477523
v 1.5734451841430648 -1.0284482835179289 0.099561095861041227
v 1.5213088872735587 -1.0848008557601079 0.040602722132621394
v 1.5789768540459341 -1.0745458083103134 0.11369866044442045
v 1.3883181030253278 -1.1915946753750273 -0.050000482936832458
v 1.4592039987877337 -1.1395318460181239 -0.0095709483910259019
v 1.5812510130035344 -1.1660600817305025 0.14705339052765504
v 1.5248499243298941 -1.1312022919276961 0.055794512051208334
v 1.5815685464526044 -1.1207722011790413 0.12960547898305252
v 1.5531190727399875 -1.1031894594625973 0.08357326355399175
v 1.2390045312985598 -1.5322841759200214 0.11328254489369222
v 1.2798383517698495 -1.4546136338311286 0.047212035480634129
v 1.2136487471330806 -1.5143559759450134 0.075980964038030674
v 1.2899908744491999 -1.5145077423965283 0.1242513130425924
v 1.3399985498638849 -1.2678784026555627 -0.050129209805441444
v 1.3137816232903226 -1.3657489953011641 -0.0077093315288572217
v 1.2989943671793542 -1.2909182418729348 -0.062111149987774228
v 1.1602300059986226 -1.4706235870656852 0.0072122318126101592
v 1.2531142569541953 -1.433429927013927 0.012074112907270118
v 1.1871667685932206 -1.4936653069551968 0.040366270337779786
v 1.1786257070821722 -1.4276481265104322 -0.024604552650385747
v 1.2342840978781349 -1.4752391424579701 0.042551949444265824
v 1.3866926705577856 -1.4687284029813608 0.15249106086975139
v 1.3296419304650038 -1.4334691065206855 0.060181024316294129
v 1.3396457953845 -1.4931298351138693 0.13742076810964715
v 1.3107701586154592 -1.4752837101438057 0.090699006370542512
v 1.2126607964045226 -1.3333579957260171 -0.077622569121157947
v 1.2707113077943695 -1.3873602498125912 -0.016398513453891539
v 1.2562191163981908 -1.3128839133988059 -0.071362775413641
v 1.1962235738214988 -1.3815763132573839 -0.053078499164107451
v 1.2858001662587879 -1.3403683244706572 -0.040802800162394348
v 1.225498730341932 -1.4085840097388893 -0.02173693524597986
v 1.0467189052424231 -1.0288738713570031 -0.19784213361318959
v 1.1390063412290434 -1.0859106435313146 -0.18065894427837359
v 1.046696567335802 -1.077269494739854 -0.19415333736984985
v 1.3111246785068817 -1.1922856260561367 -0.096848115047864503
v 1.2278709797590077 -1.1408320105408061 -0.14671567275790065
v 1.2701343014078805 -1.2153616087656591 -0.1088077173235763
v 1.0465967993188481 -1.1731279897273947 -0.17665015884590618
v 1.1388361629946928 -1.1342459928583961 -0.17283172728875873
v 1.0466230767501266 -1.1257171448055854 -0.18703819996873772
v 1.0927988915019387 -1.2029506061752118 -0.16347525740537272
v 1.0932794671316415 -1.1060842265925221 -0.18559833567468886
v 1.1838623906585164 -1.2579627906611628 -0.12421936844000614
v 1.1849058401960288 -1.1627186192195578 -0.15523467644858446
v 1.2274044703065177 -1.2374461905570062 -0.11798585216376756
v 1.1388707047549869 -1.2314245526889336 -0.14587739066604599
v 1.2281502851189547 -1.1894389761991824 -0.13408226729403594
v 1.1393658797712611 -1.1830852793969573 -0.161102815017241
v 1.5501292098054416 -1.3399985498638849 0.23212159734443716
v 1.5077093315288572 -1.3137816232903226 0.13425100469883589
v 1.5621111499877742 -1.2989943671793542 0.20908175812706525
v 1.5145077423965283 -1.3757486869574076 0.21000912555080009
v 1.3867174551063077 -1.2390045312985598 -0.032284175920021529
v 1.452787964519366 -1.2798383517698495 0.045386366168871484
v 1.4240190359619693 -1.2136487471330806 -0.014355975945013366
v 1.3757486869574076 -1.2899908744491999 -0.014507742396528411
v 1.5776225691211581 -1.2126607964045226 0.16664200427398285
v 1.5163985134538915 -1.2707113077943695 0.11263975018740868
v 1.571362775413641 -1.2562191163981908 0.18711608660119405
v 1.5530784991641076 -1.1962235738214988 0.118423686742616
v 1.5408028001623943 -1.2858001662587879 0.15963167552934288
v 1.4334691065206855 -1.4398189756837059 0.17035806953499627
v 1.4687284029813608 -1.3475089391302486 0.11330732944221444
v 1.4752837101438057 -1.4093009936294574 0.18922984138454091
v 1.4073663742719056 -1.4252345948951448 0.12154501401497714
v 1.4931298351138693 -1.3625792318903529 0.16035420461549987
v 1.4927877681873898 -1.1602300059986226 0.029376412934314755
v 1.4879258870927301 -1.2531142569541953 0.06657007298607287
v 1.4596337296622202 -1.1871667685932206 0.006334693044803108
v 1.5246045526503857 -1.1786257070821722 0.072351873489567842
v 1.4574480505557341 -1.2342840978781349 0.024760857542029835
v 1.52173693524598 -1.225498730341932 0.091415990261110691
v 1.3475089391302486 -1.3866926705577856 0.031271597018639075
v 1.4398189756837059 -1.3296419304650038 0.066530893479314568
v 1.3625792318903529 -1.3396457953845 0.0068701648861306253
v 1.3784549859850228 -1.4073663742719056 0.074765405104855298
v 1.4093009936294574 -1.3107701586154592 0.024716289856194229
v 1.4252345948951448 -1.3784549859850228 0.09263362572809436
v 1.3100066968202966 -0.76000621388346412 -0.079912778400354822
v 1.5734451841430648 -0.97155171648207095 0.099561095861041227
v 1.5213088872735587 -0.91519914423989202 0.040602722132621394
v 1.5789768540459341 -0.92545419168968668 0.11369866044442045
v 1.5505028889902288 -1 0.067626817189812338
v 1.3883181030253278 -0.80840532462497283 -0.050000482936832458
v 1.4592039987877337 -0.86046815398187615 -0.0095709483910259019
v 1.5812510130035344 -0.83393991826949754 0.14705339052765504
v 1.5248499243298941 -0.86879770807230405 0.055794512051208334
v 1.5815685464526044 -0.87922779882095881 0.12960547898305252
v 1.5531190727399875 -0.89681054053740272 0.08357326355399175
v 1.4962784070862341 -1.0564010886736404 0.0095648260408127683
v 1.4962784070862341 -0.94359891132635965 0.0095648260408127683
v 1.524570938502178 -1.0284494737126169 0.03738141204182116
v 1.524570938502178 -0.97155052628738314 0.03738141204182116
v 1.3399985498638849 -0.73212159734443716 -0.050129209805441444
v 1.2989943671793542 -0.7090817581270652 -0.062111149987774228
v 1.0467189052424231 -0.97112612864299697 -0.19784213361318959
v 1.1390063412290434 -0.91408935646868539 -0.18065894427837359
v 1.046696567335802 -0.92273050526014588 -0.19415333736984985
v 1.0934664043287012 -1 -0.19373195923343745
v 1.3111246785068817 -0.80771437394386314 -0.096848115047864503
v 1.2278709797590077 -0.85916798945919381 -0.14671567275790065
v 1.2701343014078805 -0.78463839123434087 -0.1088077173235763
v 1.1388361629946928 -0.86575400714160389 -0.17283172728875873
v 1.0932794671316415 -0.89391577340747785 -0.18559833567468886
v 1.1858629084792569 -1.0570507400927818 -0.17245832012586271
v 1.1858629084792569 -0.94294925990721823 -0.17245832012586271
v 1.140257447438656 -1.028875636769041 -0.185196355827419
v 1.140257447438656 -0.97112436323095896 -0.185196355827419
v 1.1849058401960288 -0.83728138078044223 -0.15523467644858446
v 1.2274044703065177 -0.76255380944299378 -0.11798585216376756
v 1.2281502851189547 -0.81056102380081763 -0.13408226729403594
v 1.5501292098054416 -0.66000145013611511 0.23212159734443716
v 1.5077093315288572 -0.68621837670967756 0.13425100469883589
v 1.5621111499877742 -0.70100563282064576 0.20908175812706525
v 1.5145077423965283 -0.6242513130425924 0.21000912555080009
v 1.3867174551063077 -0.76099546870144019 -0.032284175920021529
v 1.452787964519366 -0.72016164823015039 0.045386366168871484
v 1.4240190359619693 -0.78635125286691931 -0.014355975945013366
v 1.3757486869574076 -0.71000912555080009 -0.014507742396528411
v 1.5776225691211581 -0.78733920359547749 0.16664200427398285
v 1.5163985134538915 -0.72928869220563064 0.11263975018740868
v 1.571362775413641 -0.74378088360180916 0.18711608660119405
v 1.5530784991641076 -0.8037764261785012 0.118423686742616
v 1.5408028001623943 -0.7141998337412121 0.15963167552934288
v 1.4334691065206855 -0.56018102431629413 0.17035806953499627
v 1.4687284029813608 -0.65249106086975139 0.11330732944221444
v 1.4752837101438057 -0.59069900637054251 0.18922984138454091
v 1.4073663742719056 -0.5747654051048553 0.12154501401497714
v 1.4931298351138693 -0.6374207681096471 0.16035420461549987
v 1.4927877681873898 -0.83976999400137753 0.029376412934314755
v 1.4879258870927301 -0.74688574304580468 0.06657007298607287
v 1.4596337296622202 -0.81283323140677932 0.006334693044803108
v 1.5246045526503857 -0.82137429291782782 0.072351873489567842
v 1.4574480505557341 -0.76571590212186502 0.024760857542029835
v 1.52173693524598 -0.77450126965806798 0.091415990261110691
v 1.3475089391302486 -0.61330732944221444 0.031271597018639075
v 1.4398189756837059 -0.67035806953499621 0.066530893479314568
v 1.3625792318903529 -0.66035420461549987 0.0068701648861306253
v 1.3784549859850228 -0.59263362572809442 0.074765405104855298
v 1.4093009936294574 -0.68922984138454091 0.024716289856194229
v 1.4252345948951448 -0.62154501401497719 0.09263362572809436
v 1.3578435837493048 -1.1634117546991338 -0.079003081162444588
v 1.3668773209880511 -1.0549213670094915 -0.093619975060171945
v 1.3951589701904956 -1.1380921140258051 -0.061052543280815219
v 1.3179832722760298 -1.1387590554391209 -0.10797414672522965
v 1.3578435837493048 -0.83658824530086617 -0.079003081162444588
v 1.3668773209880511 -0.94507863299050854 -0.093619975060171945
v 1.3951589701904956 -0.86190788597419499 -0.061052543280815219
v 1.3179832722760298 -0.86124094456087907 -0.10797414672522965
v 1.4639893624413838 -1.0848348009337681 -0.017220386384533604
v 1.4021204194943895 -1.0284726263611617 -0.072266090008620054
v 1.430819083570547 -1.1117290457514208 -0.040288383705323616
v 1.467251683583874 -1.0284739465137216 -0.02044701801237081
v 1.399798169415901 -1.0833547496066602 -0.068518609589611756
v 1.2326393444421568 -1.0859601673904369 -0.15459131146061789
v 1.3249493809956141 -1.0289094272976551 -0.11933201499994228
v 1.2758953621979616 -1.112704478253453 -0.13338728255252519
v 1.2338980445506094 -1.0289113882868828 -0.15913263944575395
v 1.3226171239370661 -1.0838288414844119 -0.11554115758246164
v 1.4639893624413838 -0.91516519906623184 -0.017220386384533604
v 1.4021204194943895 -0.97152737363883834 -0.072266090008620054
v 1.430819083570547 -0.88827095424857905 -0.040288383705323616
v 1.467251683583874 -0.9715260534862783 -0.02044701801237081
v 1.399798169415901 -0.91664525039333977 -0.068518609589611756
v 1.4356040846753091 -1 -0.047949889510150556
v 1.2326393444421568 -0.91403983260956312 -0.15459131146061789
v 1.3249493809956141 -0.971090572702345 -0.11933201499994228
v 1.2758953621979616 -0.88729552174654702 -0.13338728255252519
v 1.2338980445506094 -0.97108861171311722 -0.15913263944575395
v 1.3226171239370661 -0.91617115851558806 -0.11554115758246164
v 1.2806776534607311 -1 -0.14126441882251484
v 1.5500004829368326 -0.61168189697467235 0.69159467537502717
v 1.5095709483910258 -0.54079600121226634 0.63953184601812385
v 1.4904351739591872 -0.50372159291376595 0.44359891132635965
v 1.4904351739591872 -0.50372159291376595 0.55640108867364035
v 1.6018934676609935 -0.95396971034639744 0.85440861448535621
v 1.6061097430336666 -0.862789333105068 0.82218661097244672
v 1.5799127784003548 -0.68999330317970342 0.73999378611653588
v 1.5987358448058575 -0.77423273062965892 0.78380367902068493
v 1.5322841759200216 -0.61328254489369227 0.73900453129855981
v 1.4546136338311286 -0.54721203548063424 0.7798383517698495
v 1.5143559759450134 -0.57598096403803067 0.71364874713308057
v 1.4706235870656852 -0.50721223181261021 0.66023000599862247
v 1.4936653069551968 -0.54036627033777984 0.68716676859322068
v 1.4752391424579701 -0.54255194944426588 0.73428409787813487
v 1.5790030811624445 -0.64215641625069519 0.33658824530086623
v 1.5936199750601721 -0.63312267901194885 0.44507863299050854
v 1.5610525432808151 -0.60484102980950438 0.36190788597419499
v 1.5790030811624445 -0.64215641625069519 0.66341175469913383
v 1.5936199750601721 -0.63312267901194885 0.55492136700949146
v 1.5610525432808151 -0.60484102980950438 0.63809211402580501
v 1.5172203863845337 -0.53601063755861633 0.41516519906623184
v 1.5722660900086201 -0.59787958050561063 0.47152737363883834
v 1.5402883837053234 -0.56918091642945301 0.3882709542485791
v 1.5204470180123708 -0.53274831641612608 0.4715260534862783
v 1.5685186095896118 -0.60020183058409882 0.41664525039333977
v 1.5172203863845337 -0.53601063755861633 0.58483480093376816
v 1.5722660900086201 -0.59787958050561063 0.52847262636116166
v 1.5402883837053234 -0.56918091642945301 0.61172904575142084
v 1.5204470180123708 -0.53274831641612608 0.5284739465137217
v 1.5685186095896118 -0.60020183058409882 0.58335474960666023
v 1.5479498895101504 -0.56439591532469091 0.5
v 1.4004389041389587 -1.5734451841430648 0.52844828351792905
v 1.4593972778673785 -1.5213088872735585 0.58480085576010798
v 1.3863013395555797 -1.5789768540459341 0.57454580831031332
v 1.4323731828101876 -1.5505028889902288 0.5
v 1.5500004829368326 -1.3883181030253278 0.69159467537502717
v 1.5095709483910258 -1.4592039987877337 0.63953184601812385
v 1.3529466094723448 -1.5812510130035344 0.66606008173050235
v 1.4442054879487916 -1.5248499243298941 0.63120229192769595
v 1.3703945210169475 -1.5815685464526044 0.62077220117904119
v 1.4164267364460081 -1.5531190727399875 0.60318945946259728
v 1.4904351739591872 -1.4962784070862341 0.44359891132635965
v 1.4904351739591872 -1.4962784070862341 0.55640108867364035
v 1.4626185879581788 -1.524570938502178 0.47155052628738309
v 1.4626185879581788 -1.524570938502178 0.52844947371261686
v 1.6018934676609935 -1.0460302896536027 0.85440861448535621
v 1.6061097430336666 -1.137210666894932 0.82218661097244672
v 1.5799127784003548 -1.3100066968202966 0.73999378611653588
v 1.5987358448058575 -1.225767269370341 0.78380367902068493
v 1.2678784026555627 -1.5501292098054416 0.83999854986388489
v 1.3657489953011641 -1.5077093315288572 0.81378162329032233
v 1.2909182418729346 -1.5621111499877742 0.79899436717935424
v 1.5322841759200216 -1.3867174551063077 0.73900453129855981
v 1.4546136338311286 -1.4527879645193658 0.7798383517698495
v 1.5143559759450134 -1.4240190359619693 0.71364874713308057
v 1.3333579957260171 -1.5776225691211581 0.71266079640452251
v 1.3873602498125912 -1.5163985134538915 0.77071130779436936
v 1.3128839133988059 -1.571362775413641 0.75621911639819084
v 1.3815763132573839 -1.5530784991641076 0.6962235738214988
v 1.340368324470657 -1.5408028001623943 0.7858001662587879
v 1.4706235870656852 -1.4927877681873898 0.66023000599862247
v 1.4334299270139272 -1.4879258870927299 0.7531142569541952
v 1.4936653069551968 -1.4596337296622202 0.68716676859322068
v 1.4276481265104322 -1.5246045526503857 0.67862570708217218
v 1.4752391424579701 -1.4574480505557341 0.73428409787813487
v 1.4085840097388893 -1.52173693524598 0.72549873034193202
v 1.5790030811624445 -1.3578435837493048 0.33658824530086623
v 1.5936199750601721 -1.3668773209880511 0.44507863299050854
v 1.5610525432808151 -1.3951589701904956 0.36190788597419499
v 1.5790030811624445 -1.3578435837493048 0.66341175469913383
v 1.5936199750601721 -1.3668773209880511 0.55492136700949146
v 1.5610525432808151 -1.3951589701904956 0.63809211402580501
v 1.5172203863845337 -1.4639893624413838 0.41516519906623184
v 1.5722660900086201 -1.4021204194943895 0.47152737363883834
v 1.5402883837053234 -1.430819083570547 0.3882709542485791
v 1.5204470180123708 -1.467251683583874 0.4715260534862783
v 1.5685186095896118 -1.3997981694159012 0.41664525039333977
v 1.5172203863845337 -1.4639893624413838 0.58483480093376816
v 1.5722660900086201 -1.4021204194943895 0.52847262636116166
v 1.5402883837053234 -1.430819083570547 0.61172904575142084
v 1.5204470180123708 -1.467251683583874 0.5284739465137217
v 1.5685186095896118 -1.3997981694159012 0.58335474960666023
v 1.5479498895101504 -1.4356040846753091 0.5
v 1.0460302896536027 -1.3544086144853562 1.1018934676609935
v 1.137210666894932 -1.3221866109724467 1.1061097430336666
v 1.0745458083103134 -1.3863013395555797 1.0789768540459339
v 1.0460718432546081 -1.3117555312452662 1.125048697300542
v 1.3100066968202966 -1.239993786116536 1.0799127784003548
v 1.225767269370341 -1.2838036790206848 1.0987358448058575
v 1.1312022919276961 -1.4442054879487918 1.0248499243298941
v 1.1660600817305025 -1.352946609472345 1.0812510130035342
v 1.1031894594625973 -1.4164267364460081 1.0531190727399875
v 1.1207722011790413 -1.3703945210169475 1.0815685464526044
v 1.0462296860103957 -1.221744317544649 1.1623384888167365
v 1.1374885644868424 -1.2781454062182893 1.1274806990139301
v 1.0461918515121706 -1.2672050615543502 1.145343139681219
v 1.0922240669412315 -1.2956545352669671 1.1277603979647752
v 1.5734451841430648 -1.0284482835179289 0.90043890413895877
v 1.5213088872735587 -1.0848008557601079 0.95939727786737861
v 1.5789768540459341 -1.0745458083103134 0.88630133955557955
v 1.3883181030253278 -1.1915946753750273 1.0500004829368326
v 1.4592039987877337 -1.1395318460181239 1.0095709483910258
v 1.5812510130035344 -1.1660600817305025 0.85294660947234502
v 1.5248499243298941 -1.1312022919276961 0.94420548794879167
v 1.5815685464526044 -1.1207722011790413 0.87039452101694748
v 1.5531190727399875 -1.1031894594625973 0.91642673644600825
v 1.2390045312985598 -1.5322841759200214 0.88671745510630773
v 1.2798383517698495 -1.4546136338311286 0.95278796451936587
v 1.2136487471330806 -1.5143559759450134 0.92401903596196933
v 1.2899908744491999 -1.5145077423965283 0.8757486869574076
v 1.3399985498638849 -1.2678784026555627 1.0501292098054416
v 1.3137816232903226 -1.3657489953011641 1.0077093315288572
v 1.2989943671793542 -1.2909182418729348 1.0621111499877742
v 1.1602300059986226 -1.4706235870656852 0.99278776818738979
v 1.2531142569541953 -1.433429927013927 0.98792588709272988
v 1.1871667685932206 -1.4936653069551968 0.95963372966222016
v 1.1786257070821722 -1.4276481265104322 1.0246045526503857
v 1.2342840978781349 -1.4752391424579701 0.95744805055573412
v 1.3866926705577856 -1.4687284029813608 0.84750893913024861
v 1.3296419304650038 -1.4334691065206855 0.93981897568370587
v 1.3396457953845 -1.4931298351138693 0.8625792318903529
v 1.3107701586154592 -1.4752837101438057 0.90930099362945749
v 1.2126607964045226 -1.3333579957260171 1.0776225691211581
v 1.2707113077943695 -1.3873602498125912 1.0163985134538915
v 1.2562191163981908 -1.3128839133988059 1.071362775413641
v 1.1962235738214988 -1.3815763132573839 1.0530784991641076
v 1.2858001662587879 -1.3403683244706572 1.0408028001623943
v 1.225498730341932 -1.4085840097388893 1.02173693524598
v 1.0467189052424231 -1.0288738713570031 1.1978421336131895
v 1.1390063412290434 -1.0859106435313146 1.1806589442783735
v 1.046696567335802 -1.077269494739854 1.1941533373698499
v 1.3111246785068817 -1.1922856260561367 1.0968481150478646
v 1.2278709797590077 -1.1408320105408061 1.1467156727579007
v 1.2701343014078805 -1.2153616087656591 1.1088077173235762
v 1.0465967993188481 -1.1731279897273947 1.1766501588459062
v 1.1388361629946928 -1.1342459928583961 1.1728317272887587
v 1.0466230767501266 -1.1257171448055854 1.1870381999687378
v 1.0927988915019387 -1.2029506061752118 1.1634752574053726
v 1.0932794671316415 -1.1060842265925221 1.1855983356746889
v 1.1838623906585164 -1.2579627906611628 1.1242193684400061
v 1.1849058401960288 -1.1627186192195578 1.1552346764485844
v 1.2274044703065177 -1.2374461905570062 1.1179858521637676
v 1.1388707047549869 -1.2314245526889336 1.145877390666046
v 1.2281502851189547 -1.1894389761991824 1.1340822672940361
v 1.1393658797712611 -1.1830852793969573 1.1611028150172409
v 1.5501292098054416 -1.3399985498638849 0.76787840265556284
v 1.5077093315288572 -1.3137816232903226 0.86574899530116411
v 1.5621111499877742 -1.2989943671793542 0.7909182418729348
v 1.5145077423965283 -1.3757486869574076 0.78999087444919991
v 1.3867174551063077 -1.2390045312985598 1.0322841759200214
v 1.452787964519366 -1.2798383517698495 0.95461363383112852
v 1.4240190359619693 -1.2136487471330806 1.0143559759450134
v 1.3757486869574076 -1.2899908744491999 1.0145077423965283
v 1.5776225691211581 -1.2126607964045226 0.8333579957260171
v 1.5163985134538915 -1.2707113077943695 0.88736024981259132
v 1.571362775413641 -1.2562191163981908 0.81288391339880595
v 1.5530784991641076 -1.1962235738214988 0.88157631325738395
v 1.5408028001623943 -1.2858001662587879 0.84036832447065712
v 1.4334691065206855 -1.4398189756837059 0.82964193046500379
v 1.4687284029813608 -1.3475089391302486 0.88669267055778556
v 1.4752837101438057 -1.4093009936294574 0.81077015861545909
v 1.4073663742719056 -1.4252345948951448 0.87845498598502281
v 1.4931298351138693 -1.3625792318903529 0.83964579538450013
v 1.4927877681873898 -1.1602300059986226 0.97062358706568519
v 1.4879258870927301 -1.2531142569541953 0.93342992701392713
v 1.4596337296622202 -1.1871667685932206 0.99366530695519684
v 1.5246045526503857 -1.1786257070821722 0.92764812651043216
v 1.4574480505557341 -1.2342840978781349 0.97523914245797017
v 1.52173693524598 -1.225498730341932 0.90858400973888931
v 1.3475089391302486 -1.3866926705577856 0.96872840298136098
v 1.4398189756837059 -1.3296419304650038 0.93346910652068549
v 1.3625792318903529 -1.3396457953845 0.99312983511386932
v 1.3784549859850228 -1.4073663742719056 0.9252345948951447
v 1.4093009936294574 -1.3107701586154592 0.97528371014380577
v 1.4252345948951448 -1.3784549859850228 0.90736637427190558
v 1.3100066968202966 -0.76000621388346412 1.0799127784003548
v 1.5734451841430648 -0.97155171648207095 0.90043890413895877
v 1.5213088872735587 -0.91519914423989202 0.95939727786737861
v 1.5789768540459341 -0.92545419168968668 0.88630133955557955
v 1.5505028889902288 -1 0.93237318281018766
v 1.3883181030253278 -0.80840532462497283 1.0500004829368326
v 1.4592039987877337 -0.86046815398187615 1.0095709483910258
v 1.5812510130035344 -0.83393991826949754 0.85294660947234502
v 1.5248499243298941 -0.86879770807230405 0.94420548794879167
v 1.5815685464526044 -0.87922779882095881 0.87039452101694748
v 1.5531190727399875 -0.89681054053740272 0.91642673644600825
v 1.4962784070862341 -1.0564010886736404 0.99043517395918723
v 1.4962784070862341 -0.94359891132635965 0.99043517395918723
v 1.524570938502178 -1.0284494737126169 0.96261858795817878
v 1.524570938502178 -0.97155052628738314 0.96261858795817878
v 1.3399985498638849 -0.73212159734443716 1.0501292098054416
v 1.2989943671793542 -0.7090817581270652 1.0621111499877742
v 1.0467189052424231 -0.97112612864299697 1.1978421336131895
v 1.1390063412290434 -0.91408935646868539 1.1806589442783735
v 1.046696567335802 -0.92273050526014588 1.1941533373698499
v 1.0934664043287012 -1 1.1937319592334374
v 1.3111246785068817 -0.80771437394386314 1.0968481150478646
v 1.2278709797590077 -0.85916798945919381 1.1467156727579007
v 1.2701343014078805 -0.78463839123434087 1.1088077173235762
v 1.1388361629946928 -0.86575400714160389 1.1728317272887587
v 1.0932794671316415 -0.89391577340747785 1.1855983356746889
v 1.1858629084792569 -1.0570507400927818 1.1724583201258627
v 1.1858629084792569 -0.94294925990721823 1.1724583201258627
v 1.140257447438656 -1.028875636769041 1.185196355827419
v 1.140257447438656 -0.97112436323095896 1.185196355827419
v 1.1849058401960288 -0.83728138078044223 1.1552346764485844
v 1.2274044703065177 -0.76255380944299378 1.1179858521637676
v 1.2281502851189547 -0.81056102380081763 1.1340822672940361
v 1.5501292098054416 -0.66000145013611511 0.76787840265556284
v 1.5077093315288572 -0.68621837670967756 0.86574899530116411
v 1.5621111499877742 -0.70100563282064576 0.7909182418729348
v 1.5145077423965283 -0.6242513130425924 0.78999087444919991
v 1.3867174551063077 -0.76099546870144019 1.0322841759200214
v 1.452787964519366 -0.72016164823015039 0.95461363383112852
v 1.4240190359619693 -0.78635125286691931 1.0143559759450134
v 1.3757486869574076 -0.71000912555080009 1.0145077423965283
v 1.5776225691211581 -0.78733920359547749 0.8333579957260171
v 1.5163985134538915 -0.72928869220563064 0.88736024981259132
v 1.571362775413641 -0.74378088360180916 0.81288391339880595
v 1.5530784991641076 -0.8037764261785012 0.88157631325738395
v 1.5408028001623943 -0.7141998337412121 0.84036832447065712
v 1.4334691065206855 -0.56018102431629413 0.82964193046500379
v 1.4687284029813608 -0.65249106086975139 0.88669267055778556
v 1.4752837101438057 -0.59069900637054251 0.81077015861545909
v 1.4073663742719056 -0.5747654051048553 0.87845498598502281
v 1.4931298351138693 -0.6374207681096471 0.83964579538450013
v 1.4927877681873898 -0.83976999400137753 0.97062358706568519
v 1.4879258870927301 -0.74688574304580468 0.93342992701392713
v 1.4596337296622202 -0.81283323140677932 0.99366530695519684
v 1.5246045526503857 -0.82137429291782782 0.92764812651043216
v 1.4574480505557341 -0.76571590212186502 0.97523914245797017
v 1.52173693524598 -0.77450126965806798 0.90858400973888931
v 1.3475089391302486 -0.61330732944221444 0.96872840298136098
v 1.4398189756837059 -0.67035806953499621 0.93346910652068549
v 1.3625792318903529 -0.66035420461549987 0.99312983511386932
v 1.3784549859850228 -0.59263362572809442 0.9252345948951447
v 1.4093009936294574 -0.68922984138454091 0.97528371014380577
v 1.4252345948951448 -0.62154501401497719 0.90736637427190558
v 1.3578435837493048 -1.1634117546991338 1.0790030811624445
v 1.3668773209880511 -1.0549213670094915 1.0936199750601721
v 1.3951589701904956 -1.1380921140258051 1.0610525432808151
v 1.3179832722760298 -1.1387590554391209 1.1079741467252298
v 1.3578435837493048 -0.83658824530086617 1.0790030811624445
v 1.3668773209880511 -0.94507863299050854 1.0936199750601721
v 1.3951589701904956 -0.86190788597419499 1.0610525432808151
v 1.3179832722760298 -0.86124094456087907 1.1079741467252298
v 1.4639893624413838 -1.0848348009337681 1.0172203863845337
v 1.4021204194943895 -1.0284726263611617 1.0722660900086201
v 1.430819083570547 -1.1117290457514208 1.0402883837053236
v 1.467251683583874 -1.0284739465137216 1.0204470180123708
v 1.399798169415901 -1.0833547496066602 1.0685186095896118
v 1.2326393444421568 -1.0859601673904369 1.1545913114606179
v 1.3249493809956141 -1.0289094272976551 1.1193320149999422
v 1.2758953621979616 -1.112704478253453 1.1333872825525253
v 1.2338980445506094 -1.0289113882868828 1.159132639445754
v 1.3226171239370661 -1.0838288414844119 1.1155411575824616
v 1.4639893624413838 -0.91516519906623184 1.0172203863845337
v 1.4021204194943895 -0.97152737363883834 1.0722660900086201
v 1.430819083570547 -0.88827095424857905 1.0402883837053236
v 1.467251683583874 -0.9715260534862783 1.0204470180123708
v 1.399798169415901 -0.91664525039333977 1.0685186095896118
v 1.4356040846753091 -1 1.0479498895101504
v 1.2326393444421568 -0.91403983260956312 1.1545913114606179
v 1.3249493809956141 -0.971090572702345 1.1193320149999422
v 1.2758953621979616 -0.88729552174654702 1.1333872825525253
v 1.2338980445506094 -0.97108861171311722 1.159132639445754
v 1.3226171239370661 -0.91617115851558806 1.1155411575824616
v 1.2806776534607311 -1 1.1412644188225149
v 1.6194754737966672 -1 0.1740396690325729
v 1.6585195541684905 -1 0.26261424478766127
v 1.625048697300542 -0.953928156745392 0.18824446875473372
v 1.625048697300542 -1.0460718432546081 0.18824446875473372
v 1.6983247998456243 -1 0.45160088925849129
v 1.6849712681580749 -1 0.35572816699743892
v 1.6274806990139301 -0.86251143551315756 0.22185459378171069
v 1.6623384888167365 -0.95377031398960443 0.27825568245535104
v 1.6277603979647752 -0.90777593305876847 0.20434546473303294
v 1.645343139681219 -0.95380814848782935 0.2327949384456498
v 1.6274806990139301 -1.1374885644868424 0.22185459378171069
v 1.6623384888167365 -1.0462296860103957 0.27825568245535104
v 1.6277603979647752 -1.0922240669412315 0.20434546473303294
v 1.645343139681219 -1.0461918515121706 0.2327949384456498
v 1.6194754737966672 -1 0.82596033096742705
v 1.6585195541684905 -1 0.73738575521233873
v 1.625048697300542 -0.953928156745392 0.81175553124526623
v 1.625048697300542 -1.0460718432546081 0.81175553124526623
v 1.6983247998456243 -1 0.54839911074150871
v 1.6849712681580749 -1 0.64427183300256108
v 1.6274806990139301 -0.86251143551315756 0.77814540621828931
v 1.6623384888167365 -0.95377031398960443 0.72174431754464896
v 1.6277603979647752 -0.90777593305876847 0.79565453526696706
v 1.645343139681219 -0.95380814848782935 0.7672050615543502
v 1.6274806990139301 -1.1374885644868424 0.77814540621828931
v 1.6623384888167365 -1.0462296860103957 0.72174431754464896
v 1.6277603979647752 -1.0922240669412315 0.79565453526696706
v 1.645343139681219 -1.0461918515121706 0.7672050615543502
v 1.5968481150478646 -0.68887532149311814 0.30771437394386314
v 1.6467156727579007 -0.77212902024099217 0.35916798945919381
v 1.6088077173235762 -0.72986569859211947 0.28463839123434087
v 1.6079741467252298 -0.68201672772397015 0.36124094456087907
v 1.6978421336131895 -0.95328109475757705 0.47112612864299697
v 1.6806589442783735 -0.86099365877095657 0.41408935646868533
v 1.6941533373698499 -0.95330343266419804 0.42273050526014594
v 1.6242193684400061 -0.81613760934148361 0.24203720933883716
v 1.6552346764485844 -0.81509415980397126 0.33728138078044217
v 1.6179858521637676 -0.77259552969348233 0.26255380944299384
v 1.645877390666046 -0.86112929524501314 0.26857544731106642
v 1.6340822672940361 -0.77184971488104526 0.31056102380081763
v 1.6193320149999422 -0.6750506190043859 0.471090572702345
v 1.6545913114606179 -0.76736065555784316 0.41403983260956317
v 1.6155411575824616 -0.67738287606293379 0.41617115851558806
v 1.6333872825525253 -0.72410463780203838 0.38729552174654708
v 1.6766501588459062 -0.95340320068115181 0.32687201027260532
v 1.6728317272887587 -0.86116383700530708 0.36575400714160383
v 1.6870381999687378 -0.95337692324987344 0.37428285519441473
v 1.6634752574053726 -0.90720110849806135 0.29704939382478823
v 1.6855983356746889 -0.90672053286835841 0.3939157734074778
v 1.6611028150172409 -0.86063412022873886 0.3169147206030426
v 1.5968481150478646 -1.3111246785068817 0.30771437394386314
v 1.6467156727579007 -1.2278709797590077 0.35916798945919381
v 1.6088077173235762 -1.2701343014078805 0.28463839123434087
v 1.6079741467252298 -1.3179832722760298 0.36124094456087907
v 1.6978421336131895 -1.0467189052424231 0.47112612864299697
v 1.6806589442783735 -1.1390063412290434 0.41408935646868533
v 1.6941533373698499 -1.046696567335802 0.42273050526014594
v 1.6242193684400061 -1.1838623906585164 0.24203720933883716
v 1.6552346764485844 -1.1849058401960288 0.33728138078044217
v 1.6179858521637676 -1.2274044703065177 0.26255380944299384
v 1.645877390666046 -1.1388707047549869 0.26857544731106642
v 1.6340822672940361 -1.2281502851189547 0.31056102380081763
v 1.6193320149999422 -1.3249493809956141 0.471090572702345
v 1.6545913114606179 -1.2326393444421568 0.41403983260956317
v 1.6155411575824616 -1.3226171239370661 0.41617115851558806
v 1.6333872825525253 -1.2758953621979616 0.38729552174654708
v 1.6766501588459062 -1.0465967993188481 0.32687201027260532
v 1.6728317272887587 -1.1388361629946928 0.36575400714160383
v 1.6870381999687378 -1.0466230767501266 0.37428285519441473
v 1.6634752574053726 -1.0927988915019387 0.29704939382478823
v 1.6855983356746889 -1.0932794671316415 0.3939157734074778
v 1.6611028150172409 -1.1393658797712611 0.3169147206030426
v 1.5968481150478646 -0.68887532149311814 0.69228562605613686
v 1.6467156727579007 -0.77212902024099217 0.64083201054080619
v 1.6088077173235762 -0.72986569859211947 0.71536160876565913
v 1.6079741467252298 -0.68201672772397015 0.63875905543912093
v 1.6978421336131895 -0.95328109475757705 0.52887387135700303
v 1.6806589442783735 -0.86099365877095657 0.58591064353131461
v 1.6941533373698499 -0.95330343266419804 0.57726949473985401
v 1.6937319592334374 -0.90653359567129865 0.5
v 1.6242193684400061 -0.81613760934148361 0.75796279066116279
v 1.6552346764485844 -0.81509415980397126 0.66271861921955777
v 1.6179858521637676 -0.77259552969348233 0.73744619055700622
v 1.645877390666046 -0.86112929524501314 0.73142455268893358
v 1.6340822672940361 -0.77184971488104526 0.68943897619918237
v 1.6193320149999422 -0.6750506190043859 0.528909427297655
v 1.6545913114606179 -0.76736065555784316 0.58596016739043688
v 1.6155411575824616 -0.67738287606293379 0.58382884148441194
v 1.6412644188225149 -0.71932234653926885 0.5
v 1.6333872825525253 -0.72410463780203838 0.61270447825345298
v 1.6766501588459062 -0.95340320068115181 0.67312798972739474
v 1.6728317272887587 -0.86116383700530708 0.63424599285839611
v 1.6870381999687378 -0.95337692324987344 0.62571714480558527
v 1.6634752574053726 -0.90720110849806135 0.70295060617521177
v 1.6855983356746889 -0.90672053286835841 0.60608422659252215
v 1.6611028150172409 -0.86063412022873886 0.6830852793969574
v 1.6724583201258627 -0.81413709152074298 0.44294925990721823
v 1.6724583201258627 -0.81413709152074298 0.55705074009278177
v 1.685196355827419 -0.85974255256134402 0.47112436323095896
v 1.659132639445754 -0.76610195544939075 0.47108861171311728
v 1.685196355827419 -0.85974255256134402 0.52887563676904104
v 1.659132639445754 -0.76610195544939075 0.52891138828688278
v 1.5968481150478646 -1.3111246785068817 0.69228562605613686
v 1.6467156727579007 -1.2278709797590077 0.64083201054080619
v 1.6088077173235762 -1.2701343014078805 0.71536160876565913
v 1.6079741467252298 -1.3179832722760298 0.63875905543912093
v 1.6978421336131895 -1.0467189052424231 0.52887387135700303
v 1.6806589442783735 -1.1390063412290434 0.58591064353131461
v 1.6941533373698499 -1.046696567335802 0.57726949473985401
v 1.6937319592334374 -1.0934664043287012 0.5
v 1.6242193684400061 -1.1838623906585164 0.75796279066116279
v 1.6552346764485844 -1.1849058401960288 0.66271861921955777
v 1.6179858521637676 -1.2274044703065177 0.73744619055700622
v 1.645877390666046 -1.1388707047549869 0.73142455268893358
v 1.6340822672940361 -1.2281502851189547 0.68943897619918237
v 1.6193320149999422 -1.3249493809956141 0.528909427297655
v 1.6545913114606179 -1.2326393444421568 0.58596016739043688
v 1.6155411575824616 -1.3226171239370661 0.58382884148441194
v 1.6412644188225149 -1.2806776534607311 0.5
v 1.6333872825525253 -1.2758953621979616 0.61270447825345298
v 1.6766501588459062 -1.0465967993188481 0.67312798972739474
v 1.6728317272887587 -1.1388361629946928 0.63424599285839611
v 1.6870381999687378 -1.0466230767501266 0.62571714480558527
v 1.6634752574053726 -1.0927988915019387 0.70295060617521177
v 1.6855983356746889 -1.0932794671316415 0.60608422659252215
v 1.6611028150172409 -1.1393658797712611 0.6830852793969574
v 1.6724583201258627 -1.1858629084792569 0.44294925990721823
v 1.6724583201258627 -1.1858629084792569 0.55705074009278177
v 1.685196355827419 -1.140257447438656 0.47112436323095896
v 1.659132639445754 -1.2338980445506094 0.47108861171311728
v 1.685196355827419 -1.140257447438656 0.52887563676904104
v 1.659132639445754 -1.2338980445506094 0.52891138828688278
v 0.59956109586104123 -1.5734451841430648 0.47155171648207095
v 0.54060272213262139 -1.5213088872735585 0.41519914423989202
v 0.61369866044442045 -1.5789768540459341 0.42545419168968668
v 0.6470533905276552 -1.5812510130035344 0.33393991826949765
v 0.55579451205120844 -1.5248499243298941 0.36879770807230405
v 0.62960547898305252 -1.5815685464526044 0.37922779882095881
v 0.58357326355399175 -1.5531190727399875 0.39681054053740267
v 0.73212159734443716 -1.5501292098054416 0.16000145013611516
v 0.63425100469883577 -1.5077093315288572 0.18621837670967761
v 0.70908175812706531 -1.5621111499877742 0.20100563282064576
v 0.54538636616887137 -1.4527879645193658 0.2201616482301505
v 0.6666420042739829 -1.5776225691211581 0.28733920359547749
v 0.61263975018740879 -1.5163985134538915 0.22928869220563064
v 0.68711608660119405 -1.571362775413641 0.24378088360180916
v 0.61842368674261605 -1.5530784991641076 0.30377642617850126
v 0.65963167552934299 -1.5408028001623943 0.2141998337412121
v 0.5293764129343147 -1.4927877681873898 0.33976999400137753
v 0.56657007298607287 -1.4879258870927299 0.2468857430458048
v 0.50633469304480305 -1.4596337296622202 0.31283323140677932
v 0.57235187348956784 -1.5246045526503857 0.32137429291782788
v 0.52476085754202983 -1.4574480505557341 0.26571590212186513
v 0.59141599026111069 -1.52173693524598 0.27450126965806798
v 0.95396971034639744 -1.3544086144853562 -0.10189346766099361
v 0.862789333105068 -1.3221866109724467 -0.10610974303366649
v 0.92545419168968668 -1.3863013395555797 -0.07897685404593402
v 0.953928156745392 -1.3117555312452662 -0.12504869730054202
v 0.77423273062965892 -1.2838036790206848 -0.098735844805857509
v 0.86879770807230405 -1.4442054879487918 -0.02484992432989408
v 0.83393991826949754 -1.352946609472345 -0.081251013003534323
v 0.89681054053740272 -1.4164267364460081 -0.053119072739987616
v 0.87922779882095881 -1.3703945210169475 -0.081568546452604473
v 0.95377031398960443 -1.221744317544649 -0.1623384888167364
v 0.86251143551315756 -1.2781454062182893 -0.12748069901393
v 0.95380814848782935 -1.2672050615543502 -0.14534313968121904
v 0.90777593305876847 -1.2956545352669671 -0.12776039796477523
v 0.76099546870144019 -1.5322841759200214 0.11328254489369222
v 0.7201616482301505 -1.4546136338311286 0.047212035480634129
v 0.78635125286691943 -1.5143559759450134 0.075980964038030674
v 0.71000912555080009 -1.5145077423965283 0.1242513130425924
v 0.68621837670967756 -1.3657489953011641 -0.0077093315288572217
v 0.70100563282064576 -1.2909182418729348 -0.062111149987774228
v 0.83976999400137753 -1.4706235870656852 0.0072122318126101592
v 0.7468857430458048 -1.433429927013927 0.012074112907270118
v 0.81283323140677932 -1.4936653069551968 0.040366270337779786
v 0.82137429291782782 -1.4276481265104322 -0.024604552650385747
v 0.76571590212186513 -1.4752391424579701 0.042551949444265824
v 0.61330732944221444 -1.4687284029813608 0.15249106086975139
v 0.67035806953499621 -1.4334691065206855 0.060181024316294129
v 0.66035420461549987 -1.4931298351138693 0.13742076810964715
v 0.68922984138454091 -1.4752837101438057 0.090699006370542512
v 0.78733920359547749 -1.3333579957260171 -0.077622569121157947
v 0.72928869220563064 -1.3873602498125912 -0.016398513453891539
v 0.74378088360180916 -1.3128839133988059 -0.071362775413641
v 0.8037764261785012 -1.3815763132573839 -0.053078499164107451
v 0.7141998337412121 -1.3403683244706572 -0.040802800162394348
v 0.77450126965806798 -1.4085840097388893 -0.02173693524597986
v 0.95328109475757705 -1.0288738713570031 -0.19784213361318959
v 0.95330343266419804 -1.077269494739854 -0.19415333736984985
v 0.95340320068115181 -1.1731279897273947 -0.17665015884590618
v 0.86116383700530708 -1.1342459928583961 -0.17283172728875873
v 0.95337692324987344 -1.1257171448055854 -0.18703819996873772
v 0.90720110849806135 -1.2029506061752118 -0.16347525740537272
v 0.90672053286835841 -1.1060842265925221 -0.18559833567468886
v 0.81613760934148361 -1.2579627906611628 -0.12421936844000614
v 0.81509415980397126 -1.1627186192195578 -0.15523467644858446
v 0.77259552969348233 -1.2374461905570062 -0.11798585216376756
v 0.86112929524501314 -1.2314245526889336 -0.14587739066604599
v 0.77184971488104526 -1.1894389761991824 -0.13408226729403594
v 0.86063412022873886 -1.1830852793969573 -0.161102815017241
v 0.56653089347931451 -1.4398189756837059 0.17035806953499627
v 0.59263362572809442 -1.4252345948951448 0.12154501401497714
v 0.65249106086975139 -1.3866926705577856 0.031271597018639075
v 0.6374207681096471 -1.3396457953845 0.0068701648861306253
v 0.62154501401497719 -1.4073663742719056 0.074765405104855298
v 0.59956109586104123 -1.5734451841430648 0.52844828351792905
v 0.54060272213262139 -1.5213088872735585 0.58480085576010798
v 0.61369866044442045 -1.5789768540459341 0.57454580831031332
v 0.56762681718981234 -1.5505028889902288 0.5
v 0.6470533905276552 -1.5812510130035344 0.66606008173050235
v 0.55579451205120844 -1.5248499243298941 0.63120229192769595
v 0.62960547898305252 -1.5815685464526044 0.62077220117904119
v 0.58357326355399175 -1.5531190727399875 0.60318945946259728
v 0.50956482604081277 -1.4962784070862341 0.44359891132635965
v 0.50956482604081277 -1.4962784070862341 0.55640108867364035
v 0.53738141204182122 -1.524570938502178 0.47155052628738309
v 0.53738141204182122 -1.524570938502178 0.52844947371261686
v 0.73212159734443716 -1.5501292098054416 0.83999854986388489
v 0.63425100469883577 -1.5077093315288572 0.81378162329032233
v 0.70908175812706531 -1.5621111499877742 0.79899436717935424
v 0.54538636616887137 -1.4527879645193658 0.7798383517698495
v 0.6666420042739829 -1.5776225691211581 0.71266079640452251
v 0.61263975018740879 -1.5163985134538915 0.77071130779436936
v 0.68711608660119405 -1.571362775413641 0.75621911639819084
v 0.61842368674261605 -1.5530784991641076 0.6962235738214988
v 0.65963167552934299 -1.5408028001623943 0.7858001662587879
v 0.5293764129343147 -1.4927877681873898 0.66023000599862247
v 0.56657007298607287 -1.4879258870927299 0.7531142569541952
v 0.50633469304480305 -1.4596337296622202 0.68716676859322068
v 0.57235187348956784 -1.5246045526503857 0.67862570708217218
v 0.52476085754202983 -1.4574480505557341 0.73428409787813487
v 0.59141599026111069 -1.52173693524598 0.72549873034193202
v 0.95396971034639744 -1.3544086144853562 1.1018934676609935
v 0.862789333105068 -1.3221866109724467 1.1061097430336666
v 0.92545419168968668 -1.3863013395555797 1.0789768540459339
v 0.953928156745392 -1.3117555312452662 1.125048697300542
v 0.77423273062965892 -1.2838036790206848 1.0987358448058575
v 0.86879770807230405 -1.4442054879487918 1.0248499243298941
v 0.83393991826949754 -1.352946609472345 1.0812510130035342
v 0.89681054053740272 -1.4164267364460081 1.0531190727399875
v 0.87922779882095881 -1.3703945210169475 1.0815685464526044
v 0.95377031398960443 -1.221744317544649 1.1623384888167365
v 0.86251143551315756 -1.2781454062182893 1.1274806990139301
v 0.95380814848782935 -1.2672050615543502 1.145343139681219
v 0.90777593305876847 -1.2956545352669671 1.1277603979647752
v 0.76099546870144019 -1.5322841759200214 0.88671745510630773
v 0.7201616482301505 -1.4546136338311286 0.95278796451936587
v 0.78635125286691943 -1.5143559759450134 0.92401903596196933
v 0.71000912555080009 -1.5145077423965283 0.8757486869574076
v 0.68621837670967756 -1.3657489953011641 1.0077093315288572
v 0.70100563282064576 -1.2909182418729348 1.0621111499877742
v 0.83976999400137753 -1.4706235870656852 0.99278776818738979
v 0.7468857430458048 -1.433429927013927 0.98792588709272988
v 0.81283323140677932 -1.4936653069551968 0.95963372966222016
v 0.82137429291782782 -1.4276481265104322 1.0246045526503857
v 0.76571590212186513 -1.4752391424579701 0.95744805055573412
v 0.61330732944221444 -1.4687284029813608 0.84750893913024861
v 0.67035806953499621 -1.4334691065206855 0.93981897568370587
v 0.66035420461549987 -1.4931298351138693 0.8625792318903529
v 0.68922984138454091 -1.4752837101438057 0.90930099362945749
v 0.78733920359547749 -1.3333579957260171 1.0776225691211581
v 0.72928869220563064 -1.3873602498125912 1.0163985134538915
v 0.74378088360180916 -1.3128839133988059 1.071362775413641
v 0.8037764261785012 -1.3815763132573839 1.0530784991641076
v 0.7141998337412121 -1.3403683244706572 1.0408028001623943
v 0.77450126965806798 -1.4085840097388893 1.02173693524598
v 0.95328109475757705 -1.0288738713570031 1.1978421336131895
v 0.95330343266419804 -1.077269494739854 1.1941533373698499
v 0.95340320068115181 -1.1731279897273947 1.1766501588459062
v 0.86116383700530708 -1.1342459928583961 1.1728317272887587
v 0.95337692324987344 -1.1257171448055854 1.1870381999687378
v 0.90720110849806135 -1.2029506061752118 1.1634752574053726
v 0.90672053286835841 -1.1060842265925221 1.1855983356746889
v 0.81613760934148361 -1.2579627906611628 1.1242193684400061
v 0.81509415980397126 -1.1627186192195578 1.1552346764485844
v 0.77259552969348233 -1.2374461905570062 1.1179858521637676
v 0.86112929524501314 -1.2314245526889336 1.145877390666046
v 0.77184971488104526 -1.1894389761991824 1.1340822672940361
v 0.86063412022873886 -1.1830852793969573 1.1611028150172409
v 0.56653089347931451 -1.4398189756837059 0.82964193046500379
v 0.59263362572809442 -1.4252345948951448 0.87845498598502281
v 0.65249106086975139 -1.3866926705577856 0.96872840298136098
v 0.6374207681096471 -1.3396457953845 0.99312983511386932
v 0.62154501401497719 -1.4073663742719056 0.9252345948951447
f 1256 1308 22
f 1311 1308 1256
f 1120 1029 10
f 1045 72 1065
f 2584 2587 1646
f 2524 2531 2534
f 1677 1727 1340
f 2306 2309 1588
f 1591 2319 2321
f 1132 294 1188
f 1329 1333 1318
f 1049 72 1059
f 1059 72 1045
f 1060 1058 276
f 1046 266 1060
f 1045 273 1062
f 1062 1059 1045
f 276 1059 1062
f 1062 1060 276
f 1062 273 1046
f 1046 1060 1062
f 305 1188 1201
f 1258 1256 1206
f 1206 1256 22
f 22 1234 1206
f 1278 1234 22
f 1246 1207 1248
f 2386 1605 2416
f 2387 2448 1404
f 151 619 580
f 616 159 611
f 606 151 580
f 594 151 606
f 837 462 34
f 1868 1856 1870
f 1867 1870 1854
f 770 196 766
f 2587 1651 2585
f 1358 1685 1703
f 67 997 987
f 1069 1065 1054
f 1054 1065 72
f 272 1043 1057
f 275 1056 1069
f 1069 1054 275
f 275 1054 1057
f 275 1053 1056
f 2632 1663 2665
f 2518 2530 2533
f 2533 1635 2518
f 255 1009 988
f 1410 2530 2518
f 1588 2307 2314
f 2307 2313 2314
f 448 689 690
f 10 689 448
f 448 1120 10
f 2341 2344 1596
f 2327 2344 2341
f 2329 2348 1587
f 2346 2348 1597
f 289 1111 1113
f 2241 2228 2237
f 2233 2286 2283
f 1570 2286 2233
f 2272 2232 1393
f 2633 1663 2647
f 2647 1663 2632
f 2648 2635 1664
f 1659 2633 2645
f 2633 2647 2645
f 2658 2656 1669
f 1669 2660 2658
f 1673 1694 1419
f 1673 1796 1340
f 1372 1867 1854
f 1860 1857 1835
f 1881 1858 1471
f 1471 1860 1881
f 1857 1860 1471
f 1513 2018 2015
f 1971 1503 1973
f 1973 1503 1969
f 2444 2497 1394
f 2188 1903 1484
f 2242 2306 1343
f 2309 2306 2242
f 2308 2306 1588
f 659 685 683
f 1072 1078 1079
f 1079 1078 280
f 1200 1179 303
f 1179 1200 1198
f 1125 1198 1196
f 1201 1188 1199
f 1188 294 1199
f 1121 1135 291
f 1029 1120 1123
f 1120 291 1123
f 1123 291 1135
f 1030 1132 71
f 71 1035 1030
f 1030 1035 1036
f 268 1028 1027
f 1027 1047 268
f 1028 1017 1027
f 1027 1017 20
f 1069 1067 277
f 277 1065 1069
f 1068 1047 273
f 1068 273 1045
f 1045 1065 1068
f 1065 277 1068
f 1046 273 1044
f 273 1047 1044
f 1044 1027 20
f 1047 1027 1044
f 1014 263 1016
f 1014 255 989
f 1016 1009 1014
f 1009 255 1014
f 84 1318 1305
f 1329 1318 84
f 986 996 994
f 254 996 986
f 254 986 1005
f 1096 1019 1094
f 285 1096 1094
f 1094 1183 285
f 1094 1180 1183
f 1094 1019 70
f 70 1180 1094
f 1091 74 1160
f 1085 74 1091
f 1177 1200 303
f 1197 1200 1177
f 1095 74 1085
f 1183 1180 304
f 1181 1195 304
f 304 1195 1183
f 1048 1051 1023
f 1063 1059 276
f 1049 1059 1063
f 1024 1019 1026
f 70 1019 1024
f 1024 1058 70
f 70 1058 1022
f 1058 1060 1022
f 1022 1060 266
f 1022 1180 70
f 334 1314 1312
f 1188 305 1185
f 71 1132 1185
f 1185 1132 1188
f 1201 1197 1186
f 1186 1173 1189
f 1186 305 1201
f 1189 305 1186
f 20 1172 1021
f 1021 1044 20
f 1021 266 1046
f 1046 1044 1021
f 1032 1017 1034
f 1032 1172 20
f 20 1017 1032
f 1236 1206 1234
f 1234 317 1236
f 1258 1206 309
f 1206 1236 309
f 1248 1207 309
f 309 1236 1248
f 1207 1246 79
f 1248 1236 1250
f 1250 1236 317
f 1247 1250 1235
f 1235 1250 317
f 1234 1278 1281
f 1281 317 1234
f 890 887 842
f 871 813 213
f 213 862 871
f 213 813 815
f 210 815 803
f 803 815 813
f 868 871 227
f 813 871 868
f 863 860 225
f 238 922 924
f 911 235 908
f 908 235 910
f 2048 2108 2111
f 2185 2183 2149
f 2149 2183 1352
f 2474 2460 2476
f 1609 2460 2474
f 2476 2459 2473
f 2499 2497 1631
f 2414 2386 2416
f 1355 2386 2414
f 2450 2387 1605
f 2448 2387 2450
f 1623 2459 2476
f 2476 2460 1623
f 1999 2001 1510
f 1404 2448 2393
f 2393 2448 2451
f 1613 2414 2416
f 2461 2414 1613
f 2052 1514 2044
f 2044 2053 2052
f 1521 2053 2044
f 2051 2053 2043
f 2053 1521 2043
f 621 161 619
f 1523 2053 2051
f 544 38 503
f 544 511 38
f 580 619 617
f 619 161 617
f 797 777 800
f 800 777 205
f 209 798 796
f 209 799 801
f 209 800 798
f 209 801 797
f 797 800 209
f 1456 1856 1868
f 1868 1800 1456
f 200 798 779
f 798 800 779
f 779 800 205
f 764 16 904
f 196 760 749
f 16 764 749
f 749 766 196
f 749 764 766
f 907 764 904
f 2553 2585 2586
f 2587 2585 2561
f 2561 1646 2587
f 2561 2563 1646
f 2521 1636 2552
f 1787 1451 1809
f 1787 2527 1451
f 1700 1694 1702
f 1419 1694 1700
f 1700 1674 1419
f 1703 1685 1706
f 1706 1685 1424
f 1685 1358 1680
f 2631 1655 2600
f 1656 2607 2604
f 998 987 997
f 999 996 998
f 254 987 998
f 998 996 254
f 259 999 998
f 258 999 995
f 258 996 999
f 994 996 258
f 258 1043 994
f 1057 1054 1041
f 1041 272 1057
f 1041 72 1049
f 1041 1054 72
f 994 1043 1040
f 1043 272 1040
f 1053 275 1055
f 1043 258 1055
f 1057 1043 1055
f 1055 275 1057
f 995 1053 1055
f 1055 258 995
f 2603 1415 2662
f 2662 1415 2639
f 2632 2665 2664
f 2614 2607 1656
f 2612 2607 2614
f 2641 1655 2631
f 1656 2604 2606
f 2639 1415 2601
f 2601 2641 2639
f 1655 2641 2601
f 1424 1685 1687
f 1685 1680 1687
f 2530 2532 1638
f 1638 2533 2530
f 1638 2534 2531
f 1635 2533 2528
f 22 1308 1220
f 1220 1278 22
f 1280 1278 1220
f 1220 313 1280
f 1223 80 1217
f 1221 313 1324
f 503 38 515
f 38 506 515
f 145 631 638
f 638 165 636
f 639 165 638
f 638 631 639
f 499 506 38
f 38 511 499
f 135 511 547
f 511 544 547
f 122 512 464
f 464 473 122
f 463 501 122
f 122 501 512
f 340 361 359
f 340 86 361
f 359 361 94
f 1154 1143 296
f 1169 1111 289
f 293 1129 1127
f 116 448 690
f 1596 2343 2345
f 2345 2341 1596
f 1593 2344 2327
f 2328 2344 1593
f 2310 2356 1354
f 2348 2329 2350
f 2350 1597 2348
f 2329 1593 2350
f 2350 1593 2327
f 394 104 396
f 396 344 394
f 953 1110 1112
f 289 1113 1112
f 1112 1110 289
f 1099 1113 1111
f 288 1108 1105
f 1113 1099 286
f 1284 1276 1286
f 1286 1276 326
f 1293 1279 1296
f 991 1228 1226
f 991 1023 1025
f 1026 1020 1025
f 265 1020 1026
f 1026 1019 265
f 265 1019 1096
f 2272 1393 2167
f 1721 2220 2222
f 1342 2220 1721
f 2223 2220 2163
f 2163 2220 1342
f 1569 2228 2241
f 1436 1725 1723
f 1570 2233 2235
f 1397 2237 2228
f 1397 2233 2283
f 2275 2286 1570
f 1570 2232 2275
f 2275 2232 2272
f 2275 2288 2286
f 2223 2163 1552
f 1552 2163 2165
f 2179 2172 2177
f 2177 1555 2179
f 2177 2172 1548
f 2151 1548 2172
f 1554 2179 2170
f 2172 2179 1554
f 1916 2004 2006
f 1747 1732 1744
f 1746 1715 1743
f 1442 1766 1750
f 1702 1694 1427
f 1664 2635 2638
f 264 1017 1028
f 1034 1017 264
f 1038 1034 264
f 2643 2645 1666
f 1666 2645 2647
f 2646 1666 2648
f 2621 2643 2646
f 2643 1666 2646
f 2619 2656 2658
f 2619 2645 2643
f 2619 2658 1659
f 1659 2645 2619
f 1336 1718 2197
f 1688 1718 1336
f 2197 1718 2199
f 1725 1436 1726
f 2659 1669 2656
f 1366 1787 1807
f 1807 1787 1809
f 1808 1800 1368
f 1419 1674 1804
f 1873 1474 1871
f 1828 1871 1874
f 1874 1871 1474
f 1862 1372 1854
f 1854 1865 1862
f 1858 1372 1872
f 1372 1862 1872
f 1857 1471 1859
f 1875 1471 1858
f 1858 1872 1875
f 1875 1872 1474
f 1875 1474 1873
f 1873 1859 1875
f 1875 1859 1471
f 1466 1860 1835
f 1466 1851 1836
f 1868 1870 1473
f 1870 1867 1473
f 1867 1882 1473
f 1878 1858 1881
f 1878 1882 1867
f 1878 1372 1858
f 1867 1372 1878
f 1968 1503 1971
f 1937 1938 1494
f 1931 1822 1929
f 1931 1938 1937
f 1937 1462 1931
f 1931 1462 1822
f 1795 1861 1863
f 1367 1861 1795
f 1929 1822 1337
f 1822 1792 1337
f 1727 1677 1729
f 1677 1421 1729
f 1467 1838 1840
f 1841 1838 1467
f 1818 1838 1841
f 1835 1857 1345
f 1960 1973 1969
f 1501 1973 1960
f 1911 2001 1999
f 1484 1903 1925
f 1925 1903 1923
f 1927 1916 1489
f 1489 1916 2006
f 1823 1462 1937
f 1463 1859 1873
f 2440 2449 1407
f 1407 2433 2440
f 2437 2449 2452
f 2452 1618 2437
f 2508 1407 2437
f 2437 1407 2449
f 2453 2449 2440
f 2452 2449 1621
f 2451 2448 1621
f 1621 2453 2451
f 2449 2453 1621
f 2448 2450 1621
f 1621 2450 2452
f 2445 1620 2447
f 2447 2433 2445
f 2445 1407 2508
f 2433 1407 2445
f 2446 1620 2444
f 2447 1620 2446
f 2196 2189 1558
f 2444 1394 2181
f 2181 2446 2444
f 1556 2446 2181
f 2184 1394 2497
f 2184 2497 2499
f 2182 2180 1556
f 2182 2188 1484
f 2182 1902 2180
f 1484 1902 2182
f 2440 2433 2443
f 2244 1449 2250
f 2252 2244 2250
f 1343 2649 1781
f 1781 2242 1343
f 2649 2650 1781
f 1781 2650 1449
f 2244 2242 1781
f 1781 1449 2244
f 2340 2343 1596
f 2312 1589 2310
f 2321 1589 2312
f 1353 2352 2245
f 2214 2352 1353
f 2224 2263 1353
f 1353 2263 2214
f 386 393 101
f 428 111 425
f 425 111 439
f 430 31 441
f 1078 356 1076
f 1108 280 1076
f 1076 280 1078
f 1076 1105 1108
f 92 356 1078
f 92 1072 355
f 1078 1072 92
f 92 392 356
f 47 659 683
f 47 661 656
f 683 661 47
f 673 685 170
f 685 659 170
f 115 1073 1082
f 281 1080 1082
f 355 1072 1070
f 446 1073 115
f 446 1070 1073
f 115 1082 447
f 447 1082 1080
f 1079 280 1077
f 1077 1071 1079
f 1074 279 1104
f 1119 1106 1115
f 1119 1108 288
f 288 1106 1119
f 1111 1169 1166
f 1166 1169 301
f 303 1179 1176
f 1179 1124 1176
f 1074 1104 1102
f 1102 1104 287
f 1074 1124 1126
f 1126 279 1074
f 76 1125 1196
f 1140 1125 1137
f 1125 76 1137
f 294 1135 1133
f 1133 1199 294
f 1133 1135 1121
f 1196 1199 1133
f 1121 76 1133
f 1133 76 1196
f 307 1198 1200
f 1201 1199 307
f 307 1197 1201
f 307 1200 1197
f 1196 1198 307
f 307 1199 1196
f 2654 2651 1668
f 2655 2652 1668
f 1132 1030 1134
f 294 1132 1134
f 1134 1135 294
f 1134 1123 1135
f 1066 277 1064
f 268 1047 1066
f 1047 1068 1066
f 1066 1068 277
f 1326 336 1324
f 1323 336 1326
f 1324 336 1322
f 1322 1221 1324
f 80 1221 1322
f 1322 336 1325
f 1305 1318 1321
f 1307 1319 261
f 1307 1321 1319
f 261 1319 1004
f 1015 1005 261
f 261 1004 1015
f 1093 1091 284
f 1085 1091 1093
f 285 1183 1193
f 1183 1195 1193
f 1193 1095 285
f 1193 1195 306
f 1194 1177 303
f 1197 1177 78
f 78 1186 1197
f 1181 1173 78
f 1173 1186 78
f 306 1195 1191
f 1191 1194 306
f 1177 1194 1191
f 1191 78 1177
f 1191 1195 1181
f 1181 78 1191
f 74 1095 1190
f 1190 1193 306
f 1095 1193 1190
f 1184 1173 1181
f 1181 304 1184
f 1051 1048 274
f 1049 1063 274
f 274 1063 1051
f 68 1023 991
f 68 1048 1023
f 991 1226 68
f 68 1226 1312
f 267 1024 1026
f 1026 1025 267
f 1023 1051 267
f 267 1025 1023
f 1061 1063 276
f 276 1058 1061
f 1058 1024 1061
f 1024 267 1061
f 1051 1063 1061
f 1061 267 1051
f 257 1314 1306
f 1325 336 1327
f 1327 336 1323
f 1314 334 1316
f 1316 1306 1314
f 270 1032 1034
f 327 1278 1280
f 327 1281 1278
f 1280 1296 327
f 1296 1279 327
f 1281 327 1302
f 1302 327 1279
f 1300 1235 317
f 317 1281 1300
f 1281 1302 1300
f 887 724 51
f 51 842 887
f 188 724 889
f 889 724 887
f 875 891 888
f 221 901 890
f 890 842 221
f 233 901 898
f 721 51 727
f 842 51 721
f 189 726 728
f 1232 1241 316
f 1239 1241 1232
f 1239 1232 186
f 186 1232 718
f 528 34 462
f 846 807 848
f 881 229 902
f 881 219 834
f 820 908 910
f 902 229 879
f 199 757 758
f 205 777 794
f 794 777 791
f 794 778 205
f 207 788 785
f 785 787 207
f 801 788 207
f 757 192 752
f 758 757 752
f 750 752 739
f 739 752 192
f 236 927 913
f 913 916 236
f 905 916 913
f 913 62 905
f 897 232 895
f 892 232 894
f 892 58 823
f 823 895 892
f 892 895 232
f 894 232 896
f 896 879 229
f 823 58 817
f 770 766 771
f 917 765 919
f 873 871 862
f 862 225 873
f 873 225 860
f 227 871 873
f 210 803 811
f 807 868 870
f 870 872 858
f 870 868 227
f 227 872 870
f 57 868 807
f 57 807 846
f 57 803 813
f 813 868 57
f 933 239 931
f 922 58 821
f 821 924 922
f 821 892 894
f 58 892 821
f 909 235 932
f 932 235 911
f 911 930 932
f 932 930 239
f 926 924 910
f 910 235 926
f 238 924 926
f 926 235 909
f 911 908 856
f 1385 2045 2051
f 2108 2048 1385
f 2051 2043 1385
f 1385 2043 2108
f 2039 2045 1385
f 1385 2048 2039
f 2035 2025 2034
f 2113 2100 2111
f 1933 1349 1956
f 1513 2015 2017
f 2015 1957 2017
f 2017 1957 1500
f 2122 2124 1540
f 1557 2183 2185
f 2185 2195 1557
f 1557 2184 2499
f 2195 2184 1557
f 1352 2183 2484
f 2343 2340 2297
f 1355 2414 2458
f 2458 2414 2461
f 2461 1623 2458
f 2458 1623 2460
f 2466 2464 1624
f 2455 1622 2466
f 2466 2463 2455
f 1624 2463 2466
f 1626 2474 2476
f 2476 2473 1626
f 1609 2474 2401
f 2477 2473 2463
f 2477 2463 1624
f 2475 1626 2477
f 2477 1626 2473
f 2455 2463 1408
f 1408 2473 2459
f 2463 2473 1408
f 2438 1618 2452
f 2452 2450 2438
f 2438 2450 1605
f 1605 2386 2438
f 2471 1622 2455
f 2471 1625 2469
f 2482 1623 2461
f 2459 1623 2482
f 2014 2010 1512
f 1508 2008 1992
f 1994 2008 1508
f 2006 2008 1994
f 1994 1489 2006
f 1915 1489 1994
f 2020 2018 1513
f 1513 2016 2020
f 2019 2016 1513
f 1513 2017 2019
f 2003 1510 2001
f 1508 1992 2003
f 1908 2385 1486
f 2416 1605 2428
f 1605 2387 2428
f 2457 2471 2469
f 1622 2471 2457
f 2134 2116 2137
f 41 570 558
f 594 606 608
f 608 155 594
f 2044 1514 2021
f 618 613 622
f 622 161 618
f 2042 1521 2044
f 2044 2021 2042
f 2042 1350 2088
f 2042 2021 1350
f 2046 2045 2039
f 525 548 138
f 525 545 548
f 39 545 525
f 597 130 591
f 493 130 597
f 599 597 591
f 156 597 599
f 138 524 526
f 37 581 490
f 138 548 527
f 527 524 138
f 591 130 492
f 130 526 492
f 492 526 524
f 603 592 602
f 602 157 603
f 603 157 601
f 601 590 603
f 580 617 43
f 577 582 43
f 620 622 615
f 620 617 161
f 161 622 620
f 152 582 584
f 584 582 577
f 1811 1456 1800
f 1800 1808 1811
f 1856 1456 1799
f 1799 1853 1856
f 904 16 753
f 16 749 759
f 759 749 760
f 759 760 200
f 200 779 759
f 234 907 904
f 234 916 905
f 1644 2553 2586
f 2538 2543 2544
f 2549 2521 2552
f 1636 2522 2562
f 2552 1636 2562
f 2562 2563 2552
f 1646 2563 2562
f 2529 2527 1637
f 2529 2522 1636
f 1637 2526 2529
f 2529 2526 2522
f 1637 2527 2525
f 2525 2528 1637
f 2525 1787 1366
f 2527 1787 2525
f 1636 2521 2523
f 2523 2529 1636
f 2527 2529 2523
f 1451 2527 2523
f 1786 1451 2523
f 2523 2521 1786
f 2640 2664 2666
f 2666 2664 1670
f 1703 1706 1430
f 1707 1705 1430
f 1430 1705 1703
f 1430 1706 1708
f 1653 2607 2612
f 2594 1680 2592
f 2592 1653 2594
f 2607 1653 2592
f 2592 2604 2607
f 2592 1680 1358
f 1358 2604 2592
f 1690 1426 2630
f 257 1306 992
f 992 1306 1304
f 2663 2662 2639
f 1417 2664 2640
f 2632 2664 1417
f 2612 2614 1657
f 2642 2641 2631
f 2602 2606 1423
f 1423 1682 2602
f 2602 1682 2600
f 2602 2600 1655
f 1683 2604 1358
f 1683 2606 2604
f 1423 2606 1683
f 1683 1705 1423
f 1683 1358 1703
f 1703 1705 1683
f 1655 2601 2608
f 1656 2606 2608
f 2608 2602 1655
f 2606 2602 2608
f 2605 2614 1656
f 1656 2608 2605
f 2605 2608 2601
f 2605 2601 1415
f 2591 1652 2599
f 2516 1634 2520
f 2518 1635 2520
f 2520 2519 2516
f 1635 2519 2520
f 2598 1634 2591
f 1654 2596 2598
f 2598 2599 1654
f 2591 2599 2598
f 2596 1410 2515
f 2515 2598 2596
f 1634 2598 2515
f 2515 1410 2518
f 2518 2520 2515
f 2515 2520 1634
f 1805 1457 1802
f 1457 1804 1802
f 1674 1356 1802
f 1802 1804 1674
f 744 787 785
f 194 744 748
f 787 744 194
f 2517 2519 1635
f 1635 2528 2517
f 2528 2525 2517
f 2517 2525 1366
f 315 1226 1228
f 1219 1216 312
f 1280 313 1294
f 313 1221 1294
f 1294 1296 1280
f 498 501 463
f 344 500 498
f 132 501 498
f 498 500 132
f 135 512 513
f 512 501 513
f 513 511 135
f 513 501 132
f 132 499 513
f 513 499 511
f 135 547 536
f 536 547 549
f 142 547 544
f 549 547 142
f 142 545 549
f 548 545 142
f 463 122 465
f 465 340 463
f 86 340 465
f 465 122 473
f 361 86 367
f 941 63 963
f 958 25 940
f 939 982 241
f 963 63 939
f 939 63 980
f 980 982 939
f 974 251 972
f 241 982 974
f 984 251 974
f 974 982 984
f 1277 1291 326
f 972 251 1277
f 284 1091 1163
f 1163 1091 1160
f 298 1165 1151
f 1151 1154 298
f 1143 1154 1151
f 77 1143 1151
f 1151 1161 77
f 1165 1161 1151
f 1144 1154 296
f 1157 1145 1159
f 296 1143 1159
f 1159 1145 296
f 963 939 965
f 965 241 957
f 965 939 241
f 967 965 957
f 966 941 963
f 242 941 966
f 1141 293 1130
f 1130 1080 281
f 1127 1080 1130
f 1130 293 1127
f 1121 291 1131
f 1129 293 1131
f 1120 448 1122
f 448 116 1122
f 1122 116 1129
f 1122 291 1120
f 1129 1131 1122
f 1122 1131 291
f 690 178 695
f 1587 2305 2304
f 2304 2329 1587
f 2328 1593 2326
f 2326 1593 2329
f 2329 2304 2326
f 2326 2304 1354
f 359 94 397
f 104 394 397
f 397 394 359
f 88 344 396
f 88 500 344
f 953 962 959
f 1158 1169 289
f 289 1110 1158
f 1101 1112 1113
f 1113 286 1101
f 246 1101 952
f 1112 1101 246
f 246 962 953
f 953 1112 246
f 1109 286 1099
f 1109 1106 288
f 1099 1106 1109
f 1100 286 1109
f 1244 1245 319
f 319 1243 1301
f 1245 1243 319
f 979 250 970
f 970 250 1244
f 985 983 978
f 973 251 984
f 326 1291 1275
f 1275 1286 326
f 1275 1291 1288
f 1283 1286 1275
f 330 1293 1296
f 1296 1294 330
f 1279 1293 83
f 83 1293 1283
f 83 1275 1288
f 1283 1275 83
f 1153 1090 284
f 284 1163 1153
f 1153 1163 1165
f 1153 1165 298
f 314 1285 1295
f 314 1295 1223
f 328 1286 1283
f 328 1285 1282
f 328 1282 1284
f 1284 1286 328
f 1283 1293 1297
f 1295 1285 1297
f 1297 330 1295
f 1293 330 1297
f 1297 328 1283
f 1285 328 1297
f 256 1228 991
f 991 1025 256
f 1219 1228 256
f 256 1025 1020
f 1097 1095 1085
f 1097 1096 285
f 285 1095 1097
f 1020 265 1018
f 2262 1576 2276
f 2259 1576 2262
f 1577 2287 2264
f 2264 2287 2284
f 1399 2264 2284
f 2278 2264 1399
f 2282 1578 2270
f 2283 2285 2225
f 2225 1397 2283
f 2237 1397 2225
f 2225 2285 1568
f 2266 2224 1568
f 1568 2285 2266
f 2266 2285 2287
f 2266 2263 2224
f 2266 2287 1577
f 1577 2263 2266
f 2286 2288 1581
f 2287 2285 1581
f 2284 2287 1581
f 1581 2288 2284
f 2283 2286 1581
f 1581 2285 2283
f 1342 1721 1753
f 1731 1753 1756
f 1342 1753 1731
f 1747 1733 1438
f 1438 1732 1747
f 1733 1731 1438
f 1438 1731 1756
f 2229 1569 2227
f 1568 2224 2226
f 2227 1569 2230
f 2230 2203 2227
f 2230 1569 2241
f 1562 2203 2230
f 2241 2239 2230
f 2230 2239 1562
f 1768 1364 1754
f 1754 1364 1774
f 1774 1778 1447
f 1362 2203 1719
f 2227 2203 1362
f 2223 2235 1567
f 1567 2220 2223
f 2222 2220 1567
f 2221 2235 2233
f 2221 1397 2228
f 2233 1397 2221
f 2221 1567 2235
f 2288 2275 1579
f 1579 2275 2272
f 2170 1393 2164
f 2164 1393 2232
f 2175 2167 1393
f 2175 1393 2170
f 2170 2179 2175
f 2175 2179 1555
f 2175 1555 2178
f 2178 2167 2175
f 1548 2151 2153
f 2169 2151 2172
f 2172 1554 2169
f 1554 2171 2169
f 2169 2171 1713
f 2174 1555 2177
f 2193 2195 2185
f 1559 2195 2193
f 2158 2156 2146
f 2146 2156 1391
f 1714 1716 1433
f 1433 1716 1717
f 1717 1715 1433
f 1433 1715 1746
f 1717 1716 1711
f 1711 1431 1717
f 1711 1709 1431
f 1748 1744 1735
f 1735 1439 1748
f 1747 1744 1441
f 1746 1743 1441
f 1441 1748 1746
f 1744 1748 1441
f 1745 1733 1747
f 1747 1441 1745
f 1745 1441 1743
f 1745 1743 1713
f 1752 1764 1766
f 1752 1442 1749
f 1766 1442 1752
f 1749 1442 1751
f 1759 1426 1751
f 1751 1690 1749
f 1426 1690 1751
f 1741 1427 1730
f 1730 1742 1741
f 1741 1742 1440
f 1765 1739 1440
f 1440 1739 1741
f 1740 1440 1742
f 1761 1444 1759
f 1759 1751 1761
f 1761 1751 1442
f 1761 1442 1750
f 1759 1444 1757
f 2630 1426 2636
f 1664 2638 2636
f 2636 2638 2630
f 2644 2647 2632
f 2644 1666 2647
f 2648 1666 2644
f 2632 1417 2644
f 2635 2648 2644
f 2644 1417 2635
f 2637 2646 2648
f 2637 2648 1664
f 1434 2199 1718
f 1434 1726 1719
f 1724 1726 1436
f 1719 1726 1724
f 1724 1362 1719
f 1767 1362 1724
f 1720 1718 1688
f 1725 1726 1720
f 1688 1425 1720
f 1720 1425 1725
f 1720 1434 1718
f 1726 1434 1720
f 2654 2659 1661
f 2661 2652 2657
f 2661 2659 2654
f 2654 1668 2661
f 2661 1668 2652
f 2657 1669 2661
f 1669 2659 2661
f 1812 1457 1805
f 1805 1810 1812
f 1806 1797 1455
f 1806 1804 1457
f 1419 1804 1798
f 1796 1673 1798
f 1798 1673 1419
f 1798 1455 1796
f 1798 1806 1455
f 1804 1806 1798
f 1873 1871 1826
f 1826 1463 1873
f 1472 1862 1865
f 1472 1861 1864
f 1472 1865 1863
f 1863 1861 1472
f 1876 1874 1474
f 1474 1872 1876
f 1864 1874 1876
f 1876 1872 1862
f 1876 1472 1864
f 1862 1472 1876
f 1920 1460 1914
f 1851 1466 1837
f 1837 1466 1835
f 1369 1814 1819
f 1819 1814 1821
f 1841 1467 1852
f 1852 1467 1839
f 1840 1421 1833
f 1833 1421 1677
f 1868 1473 1866
f 1368 1800 1866
f 1866 1800 1868
f 1475 1878 1881
f 1882 1878 1475
f 1860 1466 1879
f 1877 1475 1879
f 1879 1466 1836
f 1836 1877 1879
f 1881 1860 1879
f 1879 1475 1881
f 1371 1877 1836
f 1455 1797 1845
f 1936 1968 1971
f 1971 1494 1936
f 1936 1494 1938
f 1501 1959 1962
f 1962 1973 1501
f 1971 1973 1962
f 1962 1494 1971
f 1643 2559 2551
f 2552 2563 1643
f 1643 2549 2552
f 2551 2549 1643
f 2563 2561 2550
f 2550 1643 2563
f 2559 1643 2550
f 2556 2559 2550
f 1863 1865 1855
f 2538 1792 1453
f 1453 2543 2538
f 2551 2559 2557
f 1827 1861 1367
f 1864 1861 1827
f 1464 1874 1864
f 1864 1827 1464
f 1464 1827 1829
f 1828 1874 1464
f 1738 1439 1735
f 1842 1467 1840
f 1840 1833 1842
f 1842 1833 1465
f 1839 1467 1842
f 1820 1821 1815
f 1678 1421 1840
f 1840 1838 1678
f 1838 1818 1357
f 1714 1734 1357
f 1357 1678 1838
f 1734 1678 1357
f 1966 1488 1955
f 1966 1502 1964
f 1965 2015 2018
f 2018 1502 1965
f 1912 1488 1914
f 1955 1488 1912
f 1377 1911 1999
f 1999 1948 1377
f 1377 1948 1909
f 1909 2392 1377
f 1993 2003 2001
f 1508 2003 1993
f 2432 1910 2434
f 2441 2443 2434
f 1917 1925 1927
f 1927 1489 1917
f 1917 1489 1915
f 1484 1925 1917
f 1917 1902 1484
f 1915 1902 1917
f 1955 1912 1952
f 1952 1912 1345
f 1825 1345 1857
f 1857 1859 1825
f 1859 1463 1825
f 1825 1952 1345
f 1825 1463 1954
f 1954 1952 1825
f 2508 2437 2510
f 2510 2437 1618
f 1609 2401 2504
f 2504 2401 2502
f 2507 2493 2503
f 2503 2493 1409
f 1556 2180 2435
f 2435 2446 1556
f 2435 2180 2432
f 2447 2446 2435
f 1556 2181 2190
f 1558 2188 2190
f 2190 2182 1556
f 2188 2182 2190
f 2187 2196 1558
f 1558 2190 2187
f 2187 2190 2181
f 2187 2181 1394
f 2192 2195 1559
f 2192 2184 2195
f 1559 2196 2192
f 1394 2184 2192
f 2192 2187 1394
f 2196 2187 2192
f 2432 2180 1348
f 1348 1910 2432
f 2180 1902 1348
f 1348 1902 1915
f 2315 2317 2243
f 1398 2254 2246
f 2315 2243 1398
f 1779 1336 2197
f 1449 2650 2653
f 2653 2650 2655
f 2655 1668 2653
f 2653 1668 2651
f 269 1030 1036
f 269 1134 1030
f 1123 1134 269
f 269 1031 1029
f 1029 1123 269
f 1400 2340 2295
f 2291 2297 1400
f 1400 2297 2340
f 2295 2340 2342
f 2328 1584 2342
f 2342 1584 2295
f 2342 2344 2328
f 1596 2344 2342
f 2342 2340 1596
f 2213 2159 2211
f 2211 2159 1339
f 2370 1400 2295
f 2363 2373 2375
f 2375 1600 2363
f 2294 1354 2356
f 2294 2326 1354
f 2294 1584 2328
f 2328 2326 2294
f 2295 1584 2372
f 2372 2370 2295
f 2354 2352 2214
f 2282 2270 2280
f 2265 2263 1577
f 2214 2263 2265
f 2319 2313 1401
f 1401 2313 2307
f 2307 2316 1401
f 1590 2317 2315
f 2245 2352 2355
f 2365 2367 1601
f 2246 2367 2365
f 2365 1398 2246
f 2315 1398 2365
f 1572 2244 2252
f 2252 2243 1572
f 1572 2243 2317
f 1572 2317 2309
f 2309 2242 1572
f 1572 2242 2244
f 660 171 677
f 29 386 660
f 29 434 391
f 391 386 29
f 391 434 437
f 393 386 391
f 686 661 683
f 677 171 686
f 171 661 686
f 443 440 407
f 440 443 114
f 417 430 433
f 433 109 417
f 417 109 428
f 417 428 425
f 425 31 417
f 31 430 417
f 445 430 441
f 445 443 432
f 441 114 445
f 445 114 443
f 437 439 427
f 427 111 424
f 427 439 111
f 2321 2312 2320
f 2320 2312 1582
f 393 392 387
f 355 385 387
f 387 92 355
f 392 92 387
f 387 385 101
f 101 393 387
f 278 1072 1079
f 278 1070 1072
f 1079 1071 278
f 1073 1070 278
f 3 385 355
f 655 385 3
f 355 1070 3
f 1070 446 3
f 3 446 655
f 656 661 663
f 663 169 656
f 663 661 171
f 655 446 658
f 658 446 115
f 658 169 655
f 32 1080 1127
f 32 447 1080
f 701 699 694
f 699 701 180
f 665 47 656
f 287 1104 1118
f 75 1099 1111
f 75 1106 1099
f 1115 1106 75
f 1111 1166 75
f 290 1119 1115
f 1115 1118 290
f 1140 1137 295
f 295 1137 1141
f 73 1081 1071
f 73 1077 1114
f 1071 1077 73
f 21 1124 1074
f 21 1176 1124
f 1088 1176 21
f 1074 1102 21
f 292 1124 1179
f 292 1126 1124
f 1179 1198 292
f 1140 1126 292
f 292 1125 1140
f 1198 1125 292
f 1128 76 1121
f 1128 293 1141
f 1141 1137 1128
f 1128 1137 76
f 1121 1131 1128
f 1128 1131 293
f 1416 2643 2621
f 2621 2616 1416
f 1416 2619 2643
f 2656 2619 1416
f 2625 2616 2627
f 2627 1661 2625
f 2625 1661 2659
f 2625 2659 2656
f 2656 1416 2625
f 2625 1416 2616
f 2617 1425 1688
f 2622 1425 2617
f 1310 1326 1324
f 1324 313 1310
f 1310 1220 1308
f 313 1220 1310
f 1323 1326 1309
f 1329 84 1309
f 1309 84 1323
f 1309 1332 1329
f 1227 1322 1325
f 1325 315 1227
f 1227 1217 80
f 80 1322 1227
f 1319 1321 335
f 335 1318 1333
f 335 1321 1318
f 1003 1005 986
f 1304 1307 1003
f 261 1005 1003
f 1003 1307 261
f 1016 263 1012
f 263 1015 1012
f 1012 1015 1004
f 1005 1015 1013
f 1013 987 254
f 254 1005 1013
f 1013 1015 263
f 74 1190 1089
f 1160 74 1089
f 1189 1173 302
f 1173 1184 302
f 272 1041 1052
f 1052 1041 1049
f 1049 274 1052
f 1312 1314 993
f 993 68 1312
f 993 1314 257
f 1048 68 993
f 1323 84 1313
f 1313 1327 1323
f 1313 84 1305
f 334 1327 1313
f 1305 1316 1313
f 1313 1316 334
f 1306 1316 332
f 1321 1307 332
f 1305 1321 332
f 332 1316 1305
f 332 1307 1304
f 1304 1306 332
f 71 1185 1033
f 1039 1034 1038
f 1039 270 1034
f 1039 1033 270
f 1032 270 1175
f 1172 1032 1175
f 1189 302 1175
f 1175 302 1172
f 1213 79 1203
f 1238 1241 318
f 318 1241 1239
f 216 895 823
f 1301 1243 1298
f 1235 1300 1298
f 1231 1241 1238
f 1231 1243 1245
f 316 1241 1231
f 1231 1245 316
f 1299 1302 1279
f 1288 1303 1299
f 1299 83 1288
f 1279 83 1299
f 331 1303 1301
f 331 1300 1302
f 331 1299 1303
f 1302 1299 331
f 1301 1298 331
f 331 1298 1300
f 891 889 231
f 231 888 891
f 231 887 890
f 231 889 887
f 890 901 903
f 903 231 890
f 888 231 903
f 901 233 903
f 851 220 840
f 840 849 851
f 212 849 840
f 840 220 837
f 843 59 898
f 898 901 843
f 843 221 845
f 901 221 843
f 841 220 838
f 838 220 851
f 851 847 838
f 838 847 59
f 467 35 533
f 475 35 467
f 534 545 39
f 549 545 534
f 842 721 844
f 844 721 187
f 844 221 842
f 845 221 844
f 722 720 187
f 728 118 722
f 841 218 832
f 832 218 830
f 830 461 832
f 461 121 832
f 453 118 468
f 720 722 453
f 453 722 118
f 730 189 728
f 730 722 187
f 728 722 730
f 187 721 730
f 730 721 727
f 727 189 730
f 458 119 456
f 458 451 117
f 456 451 458
f 455 119 457
f 457 339 455
f 85 339 457
f 119 458 457
f 14 874 718
f 14 969 710
f 723 14 710
f 874 14 723
f 228 891 875
f 1239 186 719
f 718 874 876
f 876 186 718
f 874 228 876
f 978 983 243
f 460 120 810
f 810 811 212
f 211 848 807
f 807 870 211
f 211 870 858
f 850 848 836
f 836 219 850
f 834 219 836
f 848 211 836
f 219 881 900
f 900 233 898
f 902 233 900
f 900 881 902
f 894 896 880
f 880 896 229
f 878 881 834
f 820 880 878
f 229 881 878
f 878 880 229
f 61 883 875
f 875 888 61
f 915 927 236
f 819 816 214
f 750 816 819
f 1264 324 1266
f 262 1009 1016
f 797 801 786
f 801 207 786
f 1205 739 192
f 5 816 750
f 750 739 5
f 909 62 923
f 923 927 238
f 923 913 927
f 62 913 923
f 238 926 923
f 923 926 909
f 202 771 766
f 202 907 919
f 919 765 202
f 765 771 202
f 766 764 202
f 764 907 202
f 769 771 765
f 928 865 931
f 928 930 857
f 931 239 928
f 239 930 928
f 853 860 863
f 867 865 853
f 863 223 853
f 223 867 853
f 761 852 13
f 869 873 860
f 227 873 869
f 869 872 227
f 857 872 869
f 809 811 803
f 846 849 809
f 809 849 212
f 212 811 809
f 809 57 846
f 803 57 809
f 863 225 861
f 612 585 615
f 224 872 857
f 857 930 224
f 858 872 224
f 224 930 911
f 911 856 224
f 224 856 858
f 919 907 921
f 921 234 905
f 907 234 921
f 929 62 909
f 909 932 929
f 239 933 929
f 929 932 239
f 908 820 17
f 17 856 908
f 17 878 834
f 820 878 17
f 2111 2108 1535
f 1535 2113 2111
f 2100 2113 1533
f 1956 1500 1958
f 1958 1933 1956
f 639 629 637
f 637 165 639
f 168 649 652
f 2341 2345 2331
f 2331 2345 1594
f 1594 2334 2331
f 1351 2122 2322
f 2456 1539 2464
f 2464 2466 2456
f 2456 2466 1622
f 2332 2334 1594
f 2337 2123 2335
f 1540 2123 2337
f 2327 2341 1402
f 2341 2331 1402
f 2323 2334 1592
f 1592 2339 2323
f 2323 2331 2334
f 2323 1402 2331
f 1409 2493 2485
f 2161 2484 2486
f 2161 2259 1352
f 1352 2484 2161
f 2487 2484 2183
f 2487 1557 2499
f 2183 1557 2487
f 1624 2464 2462
f 2405 1608 2397
f 1550 2159 2213
f 1339 2159 2396
f 1630 2493 2507
f 2397 1608 2409
f 2409 2407 2397
f 2472 2401 2474
f 2472 1626 2475
f 2474 1626 2472
f 2455 1408 2468
f 2468 2471 2455
f 2468 2483 1625
f 1625 2471 2468
f 2511 2445 2508
f 1620 2445 2511
f 2459 2482 2479
f 2483 2468 2479
f 2479 1408 2459
f 2479 2468 1408
f 1615 2481 2423
f 1627 2481 2483
f 2483 2479 1627
f 1627 2479 2482
f 1625 2483 2470
f 2483 2481 2470
f 2470 2481 1615
f 2013 1512 2010
f 2011 1512 2013
f 2013 1997 2011
f 1509 1997 2013
f 2000 1992 1383
f 1383 2010 2000
f 2000 2010 2014
f 2014 1510 2000
f 1510 2003 2000
f 2000 2003 1992
f 2006 2004 1511
f 1511 2008 2006
f 2005 2020 2016
f 2005 2016 1383
f 1383 1992 2005
f 2005 1992 2008
f 2008 1511 2005
f 2005 1511 2020
f 2007 2004 1964
f 2018 2020 2007
f 1964 1502 2007
f 2007 1502 2018
f 2007 1511 2004
f 2020 1511 2007
f 1956 1349 1995
f 1995 1997 1509
f 1607 2393 2451
f 2395 2393 1607
f 1619 2443 2441
f 1619 2453 2440
f 2440 2443 1619
f 2426 2387 1404
f 2426 2428 2387
f 1616 2428 2426
f 1616 2427 2430
f 2430 2428 1616
f 2430 1613 2416
f 2416 2428 2430
f 2431 2427 1616
f 2126 2115 2125
f 1374 2116 2134
f 2134 1888 1374
f 1374 1888 1896
f 1545 2140 2144
f 149 570 572
f 136 515 519
f 519 517 136
f 519 515 506
f 508 517 519
f 136 517 514
f 554 631 145
f 560 558 146
f 148 575 566
f 566 569 148
f 146 557 559
f 559 560 146
f 481 126 559
f 559 557 481
f 41 558 555
f 636 41 555
f 555 560 145
f 558 560 555
f 555 638 636
f 145 638 555
f 146 558 573
f 149 575 573
f 573 570 149
f 573 558 570
f 678 676 175
f 175 675 678
f 678 675 669
f 2349 1597 2351
f 607 582 152
f 542 525 138
f 138 526 542
f 152 581 598
f 598 607 152
f 490 581 583
f 583 581 152
f 152 584 583
f 583 584 578
f 141 543 539
f 539 542 141
f 525 542 539
f 39 525 539
f 531 528 139
f 139 543 531
f 493 597 595
f 595 37 493
f 581 37 595
f 595 597 156
f 156 598 595
f 595 598 581
f 518 133 503
f 503 515 518
f 518 515 136
f 524 527 502
f 502 527 133
f 561 592 589
f 591 492 589
f 562 569 566
f 602 592 147
f 147 592 561
f 147 562 602
f 569 562 147
f 567 484 565
f 565 148 567
f 567 148 569
f 601 625 44
f 44 590 601
f 154 599 591
f 592 603 154
f 154 590 599
f 154 603 590
f 591 589 154
f 154 589 592
f 812 862 213
f 617 620 586
f 577 43 586
f 586 43 617
f 1458 1811 1808
f 1458 1812 1810
f 1808 1812 1458
f 1810 1807 1458
f 1458 1807 1809
f 1809 1811 1458
f 1344 1799 1786
f 1853 1799 1344
f 1786 2521 1344
f 2521 2549 1344
f 1801 1451 1786
f 1786 1799 1801
f 1809 1451 1801
f 1801 1799 1456
f 1801 1811 1809
f 1456 1811 1801
f 198 753 778
f 778 753 776
f 776 779 205
f 205 778 776
f 776 753 16
f 16 759 776
f 776 759 779
f 236 916 914
f 914 198 754
f 758 751 756
f 756 199 758
f 793 199 756
f 208 794 791
f 778 794 792
f 792 198 778
f 754 198 792
f 794 208 792
f 1647 2564 2567
f 1413 2561 2585
f 1413 2565 2556
f 2556 2550 1413
f 1413 2550 2561
f 2585 2553 1413
f 2553 2565 1413
f 2556 2565 2569
f 2567 2558 2569
f 2569 1647 2567
f 2565 1647 2569
f 2554 1640 2566
f 2564 1647 2566
f 2536 1792 2538
f 2536 1337 1792
f 1641 2558 2567
f 1641 2544 2543
f 2543 2541 1641
f 1641 2541 2558
f 2531 2526 2535
f 2535 2528 2533
f 2535 1638 2531
f 2533 1638 2535
f 1637 2528 2535
f 2535 2526 1637
f 2560 2583 2584
f 2560 2562 2522
f 2584 1646 2560
f 1646 2562 2560
f 1689 2622 2620
f 1689 1425 2622
f 1723 1725 1689
f 1725 1425 1689
f 2593 1653 2612
f 1423 1705 1697
f 1697 1682 1423
f 1697 1705 1707
f 1749 1690 1341
f 2600 1682 1341
f 2628 1690 2630
f 2628 1341 1690
f 2631 2600 2628
f 2600 1341 2628
f 994 1040 19
f 19 986 994
f 1040 992 19
f 19 992 1304
f 1304 1003 19
f 19 1003 986
f 2603 2613 2610
f 2613 1657 2610
f 2610 1657 2614
f 2610 1415 2603
f 2610 2605 1415
f 2614 2605 2610
f 2640 2642 2629
f 2629 2638 2635
f 2635 1417 2629
f 2629 1417 2640
f 2630 2638 1662
f 1662 2642 2631
f 2638 2629 1662
f 1662 2629 2642
f 2631 2628 1662
f 1662 2628 2630
f 2666 2663 1665
f 2641 2642 1665
f 2639 2641 1665
f 1665 2663 2639
f 2640 2666 1665
f 1665 2642 2640
f 1681 1687 1422
f 1422 1679 1681
f 1422 1687 1680
f 1422 1680 2594
f 2594 2590 1422
f 1422 2590 1679
f 2516 1783 2514
f 2514 1634 2516
f 2591 1634 2514
f 1681 1679 1671
f 1452 1810 1805
f 1784 2517 1366
f 2519 2517 1784
f 1698 1684 1356
f 1674 1700 1698
f 1698 1356 1674
f 1424 1684 1701
f 1701 1706 1424
f 1708 1706 1701
f 1684 1698 1701
f 1325 1327 1315
f 1315 315 1325
f 1226 315 1315
f 1315 1327 334
f 1315 334 1312
f 1312 1226 1315
f 132 500 509
f 509 499 132
f 506 499 509
f 463 340 7
f 344 498 7
f 7 498 463
f 359 394 7
f 7 340 359
f 7 394 344
f 510 512 135
f 135 536 510
f 464 512 510
f 510 536 533
f 510 35 464
f 533 35 510
f 533 536 140
f 140 536 549
f 549 534 140
f 140 534 537
f 546 142 544
f 133 527 546
f 546 527 548
f 548 142 546
f 546 544 503
f 503 133 546
f 471 465 473
f 471 473 124
f 124 469 471
f 86 465 471
f 353 339 85
f 89 354 348
f 354 353 348
f 348 353 85
f 452 458 117
f 452 457 458
f 85 457 452
f 240 936 934
f 934 937 240
f 346 936 89
f 89 348 346
f 1 934 346
f 346 934 936
f 63 941 935
f 943 941 242
f 943 936 240
f 240 935 943
f 943 935 941
f 347 940 25
f 347 354 89
f 242 940 942
f 942 943 242
f 936 943 942
f 89 936 942
f 942 347 89
f 940 347 942
f 364 349 362
f 362 95 364
f 90 349 364
f 373 370 97
f 326 1276 1274
f 1274 1277 326
f 1274 1276 950
f 972 1277 1274
f 1165 1163 300
f 300 1161 1165
f 300 1163 1160
f 950 1144 1142
f 1145 955 1142
f 296 1145 1142
f 1142 1144 296
f 245 1276 1284
f 950 1276 245
f 245 1144 950
f 1150 64 1090
f 1150 1153 298
f 1090 1153 1150
f 938 974 972
f 241 974 938
f 957 241 938
f 938 955 957
f 1156 1159 1143
f 1156 1143 77
f 77 1167 1156
f 247 967 957
f 247 1145 1157
f 957 955 247
f 247 955 1145
f 964 967 956
f 956 247 1157
f 967 247 956
f 249 966 963
f 963 965 249
f 965 967 249
f 249 967 964
f 958 940 961
f 961 940 242
f 242 966 961
f 664 691 694
f 447 32 664
f 664 32 691
f 694 691 179
f 179 695 692
f 179 701 694
f 692 701 179
f 2305 1582 2289
f 2289 2304 2305
f 1354 2304 2289
f 2310 1354 2289
f 2289 2312 2310
f 1582 2312 2289
f 408 397 94
f 646 642 648
f 65 959 964
f 964 956 65
f 65 1110 953
f 953 959 65
f 1157 1159 299
f 1159 1156 299
f 1100 357 1098
f 1098 286 1100
f 1098 1101 286
f 952 1101 1098
f 1105 358 1107
f 1100 1109 1107
f 288 1105 1107
f 1107 1109 288
f 426 358 424
f 424 111 426
f 111 428 426
f 424 358 26
f 26 358 1105
f 26 1076 356
f 1105 1076 26
f 316 1245 1233
f 1233 1245 1244
f 1244 250 1233
f 250 969 1233
f 1242 970 1244
f 66 970 1242
f 1244 319 1242
f 252 985 978
f 976 970 66
f 985 252 976
f 979 970 976
f 976 252 979
f 983 985 253
f 980 983 253
f 984 982 253
f 253 982 980
f 66 973 981
f 981 976 66
f 985 976 981
f 981 253 985
f 981 973 984
f 984 253 981
f 1289 1277 251
f 251 973 1289
f 1291 1277 1289
f 1223 1295 1292
f 1295 330 1292
f 1292 330 1294
f 1292 80 1223
f 1292 1221 80
f 1292 1294 1221
f 1225 314 1223
f 1223 1217 1225
f 1217 312 1225
f 1285 314 1222
f 1282 1285 1222
f 1222 64 1282
f 1219 256 990
f 990 1216 1219
f 990 6 1216
f 990 256 1020
f 1020 1018 990
f 990 1018 6
f 1093 1086 282
f 1085 1093 282
f 282 1097 1085
f 2261 1576 2259
f 2259 2161 2261
f 2166 2168 2149
f 2166 2149 1352
f 1352 2259 2166
f 2259 2262 2166
f 2178 2168 1553
f 1553 2167 2178
f 2168 2166 1553
f 1553 2166 2262
f 1577 2264 2281
f 2281 2265 1577
f 2279 2265 2281
f 2281 2264 2278
f 2273 1399 2284
f 2284 2288 2273
f 2273 1579 2276
f 2288 1579 2273
f 1399 2273 2260
f 2276 1576 2260
f 2260 2273 2276
f 2240 2225 1568
f 2237 2225 2240
f 1568 2226 2240
f 1755 1753 1721
f 2165 2163 1712
f 1712 1731 1733
f 1712 2163 1342
f 1342 1731 1712
f 1750 1766 1763
f 1763 1778 1774
f 1763 1364 1750
f 1774 1364 1763
f 1766 1764 1445
f 1765 1778 1445
f 1445 1763 1766
f 1778 1763 1445
f 1777 1754 1774
f 1774 1447 1777
f 1775 1438 1756
f 1756 1777 1775
f 1775 1777 1447
f 1732 1438 1775
f 1722 1362 1767
f 1722 2229 2227
f 2227 1362 1722
f 1758 1364 1768
f 1768 1772 1758
f 1750 1364 1758
f 1758 1772 1444
f 1758 1761 1750
f 1444 1761 1758
f 1760 1436 1723
f 1444 1772 1760
f 1723 1757 1760
f 1760 1757 1444
f 1569 2229 2231
f 1567 2221 2231
f 2231 2229 2222
f 2222 1567 2231
f 2228 1569 2231
f 2231 2221 2228
f 2274 2262 2276
f 2276 1579 2274
f 2274 1579 2272
f 2274 1553 2262
f 2272 2167 2274
f 2167 1553 2274
f 2234 2164 2232
f 1552 2164 2234
f 2223 1552 2234
f 2234 2232 1570
f 2234 2235 2223
f 1570 2235 2234
f 2173 2164 1552
f 2173 2171 1554
f 2173 1554 2170
f 2170 2164 2173
f 2173 1552 2165
f 2165 2171 2173
f 1713 1743 1361
f 1361 2169 1713
f 1361 1743 1715
f 2151 2169 1361
f 1549 2156 2158
f 1549 2155 2189
f 1547 2193 2185
f 2185 2149 1547
f 2149 2168 1547
f 1391 2156 2191
f 1559 2193 2191
f 1391 2174 2152
f 2152 2146 1391
f 2152 2174 2177
f 2177 1548 2152
f 1904 1814 1369
f 1815 1821 1459
f 1821 1814 1459
f 1714 1433 1737
f 1737 1748 1439
f 1737 1433 1746
f 1746 1748 1737
f 1737 1734 1714
f 1439 1734 1737
f 1692 1427 1694
f 1692 1730 1427
f 1694 1673 1692
f 1692 1673 1340
f 1340 1727 1692
f 1727 1730 1692
f 1742 1730 1437
f 1729 1738 1437
f 1727 1729 1437
f 1437 1730 1727
f 1741 1739 1693
f 1702 1427 1693
f 1693 1427 1741
f 1693 1699 1702
f 1693 1739 1360
f 1360 1699 1693
f 1360 1739 1762
f 1762 1696 1360
f 1762 1739 1765
f 1764 1696 1762
f 1765 1445 1762
f 1762 1445 1764
f 1704 1430 1708
f 1360 1696 1704
f 1707 1430 1704
f 1704 1696 1707
f 1708 1699 1704
f 1704 1699 1360
f 1735 1744 1363
f 1363 1744 1732
f 1664 2636 2634
f 2634 2637 1664
f 2620 2637 2634
f 2646 2637 1660
f 2621 2646 1660
f 2620 2622 1660
f 1660 2637 2620
f 2197 2199 1560
f 2199 2206 1560
f 1562 2239 2204
f 2204 2206 1562
f 1719 2203 2205
f 2205 1434 1719
f 2199 1434 2205
f 2205 2203 1562
f 1562 2206 2205
f 2205 2206 2199
f 1770 1724 1436
f 1436 1760 1770
f 1770 1760 1772
f 1767 1724 1770
f 2654 1661 2624
f 2624 2651 2654
f 1365 2651 2624
f 2624 1780 1365
f 1803 1808 1368
f 1803 1812 1808
f 1368 1797 1803
f 1457 1812 1803
f 1803 1806 1457
f 1797 1806 1803
f 1370 1826 1871
f 1370 1871 1828
f 1828 1823 1370
f 1959 1826 1370
f 1954 1463 1961
f 1463 1826 1961
f 1961 1826 1959
f 1961 1959 1501
f 1460 1920 1817
f 1841 1852 1850
f 1850 1852 1469
f 1469 1852 1848
f 1836 1851 1848
f 1851 1469 1848
f 1848 1371 1836
f 1848 1852 1839
f 1839 1371 1848
f 1831 1833 1677
f 1340 1796 1831
f 1831 1677 1340
f 1465 1833 1831
f 1882 1475 1880
f 1880 1475 1877
f 1796 1455 1834
f 1455 1845 1834
f 1834 1831 1796
f 1465 1831 1834
f 1935 1962 1959
f 1959 1370 1935
f 1935 1370 1823
f 1935 1823 1937
f 1937 1494 1935
f 1494 1962 1935
f 2573 1649 2582
f 2551 2557 1454
f 1454 2557 1795
f 1454 1795 1863
f 1863 1855 1454
f 1470 1855 1865
f 1854 1870 1470
f 1470 1865 1854
f 1470 1870 1856
f 1856 1853 1470
f 1853 1855 1470
f 1367 2541 1793
f 1793 1827 1367
f 2543 1453 1793
f 1793 2541 2543
f 1793 1453 1829
f 1829 1827 1793
f 2558 2541 2555
f 2555 2541 1367
f 1367 1795 2555
f 1795 2557 2555
f 1828 1464 1830
f 1830 1823 1828
f 1462 1823 1830
f 1830 1464 1829
f 1736 1738 1729
f 1736 1678 1734
f 1736 1734 1439
f 1439 1738 1736
f 1736 1729 1421
f 1421 1678 1736
f 1728 1740 1742
f 1742 1437 1728
f 1728 1437 1738
f 1728 1738 1735
f 1735 1363 1728
f 1728 1363 1740
f 1839 1842 1832
f 1832 1842 1465
f 1832 1371 1839
f 1709 1711 1675
f 1420 1711 1716
f 1420 1675 1711
f 1420 1820 1815
f 1815 1675 1420
f 1967 1965 1502
f 1967 1966 1955
f 1502 1966 1967
f 1381 1960 1969
f 2015 1965 1381
f 1969 1957 1381
f 1381 1957 2015
f 1345 1912 1816
f 1835 1345 1816
f 1914 1460 1816
f 1816 1912 1914
f 1816 1837 1835
f 1460 1837 1816
f 2441 1911 2439
f 1911 1377 2439
f 2439 1377 2392
f 2439 1619 2441
f 1907 1485 1905
f 1905 1900 1907
f 1905 1923 1376
f 1376 1900 1905
f 1923 1903 1376
f 2155 1900 1376
f 2157 1900 2155
f 2157 1549 2158
f 2155 1549 2157
f 2146 2152 2154
f 1548 2153 2154
f 2154 2152 1548
f 2001 1911 1487
f 1487 1993 2001
f 1910 1993 1487
f 1487 2434 1910
f 1487 1911 2441
f 2441 2434 1487
f 1991 1993 1910
f 1910 1348 1991
f 1991 1994 1508
f 1508 1993 1991
f 1915 1994 1991
f 1991 1348 1915
f 2400 2488 1355
f 1355 2458 2400
f 2400 2460 1609
f 2400 2458 2460
f 1629 2488 2490
f 1609 2504 2490
f 2490 2400 1609
f 2488 2400 2490
f 1618 2438 2436
f 2436 2438 2386
f 2436 2386 1355
f 1355 2488 2436
f 2491 2488 1629
f 2491 2436 2488
f 2491 2510 1618
f 1618 2436 2491
f 1632 2504 2502
f 2507 2503 1632
f 2447 2435 1617
f 1617 2434 2443
f 2432 2434 1617
f 1617 2435 2432
f 1617 2433 2447
f 1617 2443 2433
f 2252 2250 1574
f 1574 2250 2248
f 2249 1398 2243
f 2249 1574 2258
f 2249 2258 2254
f 2254 1398 2249
f 2249 2243 2252
f 2252 1574 2249
f 1573 2367 2246
f 1573 2355 2367
f 1573 2247 2245
f 2245 2355 1573
f 2201 2226 2224
f 2245 2247 2201
f 2201 1353 2245
f 2224 1353 2201
f 1449 2653 1782
f 1782 2250 1449
f 1782 2651 1365
f 1782 2653 2651
f 1365 2248 1782
f 2248 2250 1782
f 2655 2650 1667
f 2361 2375 2371
f 2364 1600 2361
f 1600 2375 2361
f 2213 2211 1564
f 2293 2303 2302
f 2302 1564 2293
f 2293 1564 2211
f 1586 2373 2363
f 2302 2303 1586
f 2373 2370 1602
f 2374 2371 1602
f 1602 2372 2374
f 2370 2372 1602
f 2371 2375 1602
f 1602 2375 2373
f 2291 1400 2301
f 1400 2370 2301
f 2301 2370 2373
f 2301 2303 2291
f 2373 1586 2301
f 2301 1586 2303
f 2374 2372 2358
f 2358 2372 1584
f 2358 2294 2356
f 1584 2294 2358
f 2300 1586 2363
f 2302 1586 2300
f 2218 1550 2213
f 2309 2317 2318
f 2317 1590 2318
f 2318 1590 2316
f 1588 2309 2318
f 2318 2307 1588
f 2318 2316 2307
f 1598 2354 2364
f 2352 2354 1598
f 1598 2355 2352
f 2369 2366 1601
f 1601 2367 2369
f 2367 2355 2369
f 2355 1598 2369
f 2368 1590 2315
f 2315 2365 2368
f 2368 2365 1601
f 175 676 674
f 677 175 674
f 674 660 677
f 29 660 674
f 676 102 389
f 29 674 389
f 389 674 676
f 389 434 29
f 435 31 425
f 425 439 435
f 444 114 441
f 388 9 420
f 423 105 442
f 440 114 442
f 442 444 423
f 114 444 442
f 390 427 424
f 424 26 390
f 390 26 356
f 356 392 390
f 103 392 393
f 437 427 103
f 103 391 437
f 393 391 103
f 103 390 392
f 427 390 103
f 1073 278 1083
f 1083 1081 281
f 1071 1081 1083
f 1083 278 1071
f 281 1082 1083
f 1083 1082 1073
f 101 385 657
f 657 385 655
f 655 169 657
f 169 663 657
f 1127 1129 449
f 449 32 1127
f 1129 116 449
f 691 32 449
f 698 170 659
f 698 180 700
f 697 180 701
f 697 701 692
f 1103 1118 1115
f 1115 75 1103
f 1103 75 1166
f 287 1118 1103
f 1116 1118 1104
f 1116 1104 279
f 1114 290 1116
f 1116 290 1118
f 1119 290 1117
f 1117 1077 280
f 1114 1077 1117
f 1117 290 1114
f 1117 280 1108
f 1108 1119 1117
f 1139 295 1141
f 281 1081 1139
f 1139 1130 281
f 1141 1130 1139
f 1081 73 1136
f 1136 1139 1081
f 295 1139 1136
f 1088 21 1146
f 1146 21 1102
f 1147 1167 77
f 77 1161 1147
f 2627 2616 1658
f 1658 2618 2627
f 1688 1336 2615
f 2615 2617 1688
f 2615 1658 2617
f 2618 1658 2615
f 1336 1779 2615
f 1779 2618 2615
f 1326 1310 333
f 1332 1309 333
f 333 1309 1326
f 1311 1332 333
f 333 1308 1311
f 333 1310 1308
f 1219 312 1229
f 1229 1227 315
f 1229 312 1217
f 1217 1227 1229
f 1229 1228 1219
f 1229 315 1228
f 67 987 1011
f 987 1013 1011
f 1011 989 67
f 1011 1013 263
f 1011 1014 989
f 263 1014 1011
f 283 1089 1192
f 1192 1089 1190
f 306 1194 1192
f 1192 1190 306
f 1172 302 1174
f 266 1021 1174
f 1174 1021 1172
f 1174 302 1184
f 272 1052 1042
f 1042 1040 272
f 257 992 1042
f 1042 992 1040
f 71 1033 1037
f 1037 1035 71
f 1037 1039 271
f 1033 1039 1037
f 1187 1175 270
f 1187 1033 1185
f 270 1033 1187
f 1187 1185 305
f 1187 305 1189
f 1189 1175 1187
f 1203 308 1215
f 1215 1213 1203
f 308 1205 1215
f 311 1213 1215
f 320 1250 1247
f 320 1249 1246
f 320 1246 1248
f 1248 1250 320
f 1246 1249 1209
f 1203 79 1209
f 1209 79 1246
f 1247 1238 1251
f 1240 1249 1251
f 1238 318 1251
f 1251 318 1240
f 1251 320 1247
f 1249 320 1251
f 882 822 50
f 822 717 50
f 50 719 882
f 717 1208 50
f 897 895 885
f 895 216 885
f 885 216 822
f 885 822 882
f 81 1238 1247
f 81 1298 1243
f 81 1231 1238
f 1243 1231 81
f 1247 1235 81
f 1235 1298 81
f 727 51 732
f 732 51 724
f 735 724 188
f 190 732 735
f 735 732 724
f 710 969 971
f 971 250 979
f 971 969 250
f 978 243 944
f 808 840 837
f 837 34 808
f 34 460 808
f 460 810 808
f 212 840 808
f 808 810 212
f 835 847 850
f 835 900 898
f 898 59 835
f 59 847 835
f 850 219 835
f 219 900 835
f 850 847 222
f 222 849 846
f 851 849 222
f 222 847 851
f 846 848 222
f 222 848 850
f 831 843 845
f 845 218 831
f 831 218 841
f 841 838 831
f 59 843 831
f 831 838 59
f 475 467 478
f 468 478 123
f 123 478 467
f 454 118 728
f 728 726 454
f 139 532 529
f 529 543 139
f 39 539 529
f 529 539 543
f 537 534 521
f 521 529 532
f 521 534 39
f 39 529 521
f 537 521 137
f 137 521 532
f 833 720 830
f 845 844 833
f 833 218 845
f 830 218 833
f 187 720 833
f 833 844 187
f 839 121 462
f 839 832 121
f 839 462 837
f 841 832 839
f 837 220 839
f 839 220 841
f 11 520 461
f 830 720 11
f 11 461 830
f 720 453 11
f 124 479 472
f 455 469 472
f 472 469 124
f 472 119 455
f 125 479 475
f 475 478 125
f 464 35 470
f 470 479 124
f 470 35 475
f 475 479 470
f 470 473 464
f 124 473 470
f 182 709 715
f 736 189 727
f 736 732 190
f 727 732 736
f 713 715 184
f 188 889 877
f 877 723 188
f 877 889 891
f 874 723 877
f 891 228 877
f 877 228 874
f 884 719 186
f 186 876 884
f 882 719 884
f 215 821 894
f 894 880 215
f 215 880 820
f 215 820 910
f 910 924 215
f 924 821 215
f 899 61 888
f 879 61 899
f 888 903 899
f 902 879 899
f 899 233 902
f 899 903 233
f 897 883 893
f 883 61 893
f 893 61 879
f 893 232 897
f 893 896 232
f 879 896 893
f 927 915 925
f 925 922 238
f 238 927 925
f 750 819 197
f 197 751 758
f 758 752 197
f 197 752 750
f 69 1012 1004
f 1317 1004 1319
f 1319 335 1317
f 1317 69 1004
f 1264 69 1317
f 738 746 52
f 1255 260 1266
f 739 1205 1202
f 1202 5 739
f 1202 1205 308
f 308 1204 1202
f 765 917 55
f 55 769 765
f 917 864 55
f 767 769 55
f 771 769 203
f 931 865 226
f 226 865 867
f 767 55 762
f 762 55 864
f 920 933 931
f 920 864 917
f 931 226 920
f 920 226 864
f 852 761 855
f 855 867 223
f 223 852 855
f 855 761 201
f 60 928 857
f 857 869 60
f 865 928 60
f 60 869 860
f 860 853 60
f 60 853 865
f 854 223 863
f 863 861 854
f 854 852 223
f 160 612 615
f 160 613 616
f 615 622 160
f 160 622 613
f 616 611 614
f 614 160 616
f 612 160 614
f 553 612 614
f 918 921 905
f 918 929 933
f 905 62 918
f 62 929 918
f 856 17 806
f 858 856 806
f 806 211 858
f 806 17 834
f 834 836 806
f 806 836 211
f 1520 2046 2039
f 1975 2049 2047
f 1975 1981 1984
f 2100 2047 1522
f 2047 2049 1522
f 2111 2100 1522
f 1522 2048 2111
f 1496 2034 2025
f 1496 1944 2034
f 2091 2042 2088
f 1521 2042 2091
f 2098 1533 2113
f 2035 2034 1518
f 1387 2103 2093
f 2032 1944 1380
f 2034 1944 2032
f 2032 1518 2034
f 2095 1518 2032
f 2096 2094 2086
f 1933 1958 1493
f 1493 1979 1933
f 1972 1958 1500
f 1500 1957 1972
f 1969 1503 1972
f 1972 1957 1969
f 1933 1979 1977
f 1349 1933 1977
f 1977 2084 1349
f 1977 1979 1505
f 1537 2137 2116
f 45 637 629
f 167 646 648
f 633 652 649
f 633 45 629
f 649 45 633
f 1351 2322 2120
f 1539 2456 2120
f 2324 2332 1539
f 1539 2120 2324
f 2324 2120 2322
f 2324 2322 1592
f 1592 2334 2324
f 2334 2332 2324
f 2335 2338 1595
f 1595 2337 2335
f 2339 2337 1595
f 2338 2351 1595
f 2325 2322 2122
f 2325 2337 2339
f 2325 2339 1592
f 1592 2322 2325
f 2325 2122 1540
f 1540 2337 2325
f 1631 2513 2498
f 2513 2509 2498
f 1409 2485 2498
f 2498 2509 1409
f 2501 2498 2485
f 1631 2498 2501
f 2499 1631 2501
f 2501 2487 2499
f 1594 2345 2333
f 2333 2345 2343
f 2330 2332 1594
f 2330 2333 2296
f 1594 2333 2330
f 1608 2405 2398
f 2398 2396 1608
f 2492 2406 1392
f 1392 2162 2492
f 2494 1630 2492
f 2492 2162 2494
f 2496 2485 2493
f 2493 1630 2496
f 1630 2494 2496
f 2496 2494 2486
f 1551 2161 2486
f 2486 2494 1551
f 1551 2494 2162
f 1551 2261 2161
f 1551 2162 2269
f 2269 2261 1551
f 1608 2396 2399
f 2399 2409 1608
f 2408 2409 2399
f 2399 2396 2159
f 2399 1550 2408
f 2159 1550 2399
f 2408 2406 1611
f 2407 2409 1611
f 1611 2409 2408
f 2403 2472 2475
f 2403 2405 2397
f 2401 2472 1405
f 2502 2401 1405
f 1405 2403 2397
f 2472 2403 1405
f 2397 2407 1405
f 1405 2407 2502
f 2489 2503 1409
f 1409 2509 2489
f 1633 2509 2513
f 2513 2511 1633
f 2508 2510 1633
f 1633 2511 2508
f 2444 1620 2500
f 1620 2511 2500
f 2500 2497 2444
f 2500 2511 2513
f 2500 1631 2497
f 2500 2513 1631
f 2461 1613 2480
f 2480 2482 2461
f 2480 1627 2482
f 2422 2470 1615
f 2469 1625 2467
f 1625 2470 2467
f 2470 2422 2467
f 2467 2422 1390
f 1996 2019 1509
f 1509 2013 1996
f 2016 2019 1996
f 1996 2013 2010
f 1383 2016 1996
f 1996 2010 1383
f 1509 2019 1998
f 1998 1995 1509
f 1998 2019 2017
f 1956 1995 1998
f 1998 1500 1956
f 1998 2017 1500
f 2394 2385 2395
f 2395 1607 2394
f 2394 1607 2392
f 2394 1486 2385
f 2394 2392 1909
f 1909 1486 2394
f 2453 1619 2442
f 2392 1607 2442
f 2442 2439 2392
f 1619 2439 2442
f 2451 2453 2442
f 2442 1607 2451
f 1616 2426 2429
f 2429 2431 1616
f 1404 2393 2383
f 2383 2393 2395
f 2382 2385 1908
f 2420 2429 1606
f 2431 2429 2420
f 1406 2427 2418
f 2427 2431 2418
f 651 649 168
f 1536 2126 2124
f 2115 2126 1536
f 1543 2457 2469
f 1615 2423 2425
f 571 575 149
f 566 575 571
f 162 625 627
f 627 625 601
f 627 157 624
f 601 157 627
f 484 514 36
f 565 484 36
f 36 557 565
f 481 557 36
f 486 514 517
f 481 36 486
f 486 36 514
f 565 557 568
f 568 148 565
f 575 148 568
f 568 557 146
f 146 573 568
f 568 573 575
f 560 559 556
f 556 554 145
f 145 560 556
f 556 559 126
f 173 678 669
f 1597 2350 2347
f 2347 2351 1597
f 2347 2350 2327
f 2327 1402 2347
f 2336 2323 2339
f 2339 1595 2336
f 2336 1595 2351
f 2351 2347 2336
f 1402 2323 2336
f 2336 2347 1402
f 46 679 702
f 702 643 46
f 582 607 604
f 604 43 582
f 604 606 580
f 580 43 604
f 540 542 526
f 540 130 493
f 540 526 130
f 141 542 540
f 490 583 129
f 129 489 491
f 578 489 129
f 129 583 578
f 491 120 496
f 496 120 460
f 495 37 490
f 136 514 516
f 516 518 136
f 516 514 484
f 483 561 12
f 12 589 492
f 561 589 12
f 12 492 524
f 524 502 12
f 12 502 483
f 563 561 483
f 563 147 561
f 569 147 563
f 563 567 569
f 593 44 625
f 593 625 626
f 626 155 593
f 155 608 593
f 609 598 156
f 607 598 609
f 210 811 804
f 811 810 804
f 804 810 120
f 805 815 210
f 576 489 578
f 576 4 489
f 40 612 553
f 585 612 40
f 859 861 225
f 859 225 862
f 862 812 859
f 812 40 859
f 553 861 859
f 859 40 553
f 916 234 906
f 906 914 916
f 906 234 904
f 198 914 906
f 904 753 906
f 753 198 906
f 54 756 751
f 751 826 54
f 2568 1644 2554
f 2554 2566 2568
f 2568 2566 1647
f 2553 1644 2568
f 2568 2565 2553
f 2568 1647 2565
f 1411 2526 2531
f 2583 2560 1411
f 2524 2583 1411
f 1411 2531 2524
f 2522 2526 1411
f 1411 2560 2522
f 2609 1657 2611
f 2612 1657 2609
f 2609 2593 2612
f 2589 2599 1652
f 1764 1752 1428
f 1428 1697 1707
f 1707 1696 1428
f 1428 1696 1764
f 1695 1341 1682
f 1682 1697 1695
f 1695 1752 1749
f 1749 1341 1695
f 1695 1428 1752
f 1697 1428 1695
f 2588 1652 2591
f 2588 2590 1652
f 1679 2590 2588
f 2591 2514 2588
f 1653 2593 2595
f 2594 1653 2595
f 2595 2590 2594
f 1652 2590 2595
f 2595 2589 1652
f 2593 2589 2595
f 1785 1671 1783
f 1681 1671 1418
f 1671 1785 1418
f 1788 1452 1805
f 1805 1802 1788
f 1788 1802 1356
f 1791 1784 1789
f 1810 1452 1789
f 1789 1452 1791
f 1789 1807 1810
f 1366 1807 1789
f 1789 1784 1366
f 2519 1784 1450
f 2516 2519 1450
f 1450 1783 2516
f 1450 1784 1791
f 1450 1785 1783
f 1791 1785 1450
f 1429 1699 1708
f 1708 1701 1429
f 1702 1699 1429
f 1429 1701 1698
f 1429 1700 1702
f 1429 1698 1700
f 743 772 775
f 787 194 775
f 775 194 743
f 795 208 791
f 793 208 795
f 797 786 56
f 56 777 797
f 791 777 56
f 780 206 782
f 782 742 780
f 324 1265 1267
f 1266 324 1267
f 1267 1255 1266
f 193 742 782
f 53 780 742
f 403 88 396
f 345 88 403
f 506 509 134
f 508 519 134
f 134 519 506
f 134 505 508
f 365 367 341
f 341 471 469
f 341 367 86
f 86 471 341
f 369 94 361
f 361 367 369
f 371 366 375
f 373 97 375
f 375 97 371
f 91 353 354
f 707 709 182
f 182 937 707
f 707 934 1
f 937 934 707
f 450 452 117
f 117 709 450
f 450 707 1
f 709 707 450
f 85 452 338
f 338 348 85
f 338 450 1
f 452 450 338
f 1 346 338
f 338 346 348
f 947 935 240
f 240 937 947
f 25 370 352
f 352 347 25
f 352 370 373
f 354 347 352
f 373 91 352
f 352 91 354
f 95 362 419
f 419 362 416
f 416 109 419
f 419 109 433
f 8 357 416
f 8 362 349
f 416 362 8
f 8 349 952
f 8 1098 357
f 952 1098 8
f 372 90 364
f 372 97 370
f 27 366 371
f 371 363 27
f 27 363 429
f 1162 300 1160
f 1160 1089 1162
f 1162 1089 283
f 64 1150 951
f 951 245 1284
f 1284 1282 951
f 1282 64 951
f 950 1142 18
f 18 1142 955
f 955 938 18
f 18 1274 950
f 972 1274 18
f 18 938 972
f 1169 1158 1171
f 1171 1156 1167
f 301 1169 1171
f 1171 1167 301
f 1158 299 1171
f 1171 299 1156
f 1155 1158 1110
f 1110 65 1155
f 1155 65 956
f 1155 956 1157
f 1157 299 1155
f 1155 299 1158
f 248 959 962
f 958 961 248
f 248 960 958
f 962 960 248
f 964 959 968
f 968 961 966
f 968 249 964
f 966 249 968
f 959 248 968
f 968 248 961
f 699 665 172
f 694 699 172
f 172 664 694
f 406 429 432
f 406 27 429
f 397 408 409
f 104 397 409
f 407 395 409
f 409 395 104
f 345 505 507
f 507 88 345
f 500 88 507
f 507 509 500
f 507 134 509
f 505 134 507
f 343 487 485
f 508 505 485
f 128 517 508
f 508 485 128
f 128 485 487
f 128 486 517
f 668 9 388
f 668 173 671
f 358 426 93
f 93 357 1100
f 1100 1107 93
f 93 1107 358
f 718 1232 1230
f 1230 14 718
f 1230 1232 316
f 316 1233 1230
f 969 14 1230
f 1230 1233 969
f 1291 1289 329
f 329 1303 1288
f 1288 1291 329
f 1218 312 1216
f 1218 1225 312
f 1090 64 949
f 64 1222 949
f 1097 282 1087
f 1096 1097 1087
f 1087 265 1096
f 1087 1018 265
f 1580 2281 2278
f 1580 2278 2282
f 2282 2280 1580
f 2279 2281 1580
f 2268 1578 2282
f 1399 2260 2268
f 2282 2278 2268
f 2278 1399 2268
f 2271 2260 1576
f 2269 1578 2271
f 1578 2268 2271
f 2271 2268 2260
f 2271 2261 2269
f 1576 2261 2271
f 1768 1754 1771
f 2165 1712 1432
f 1713 2171 1432
f 1432 2171 2165
f 1432 1712 1733
f 1432 1745 1713
f 1733 1745 1432
f 1776 1447 1778
f 1776 1778 1765
f 1765 1440 1776
f 1440 1740 1776
f 1769 1722 1767
f 1769 1771 1755
f 2222 2229 1435
f 2229 1722 1435
f 1435 1721 2222
f 1435 1755 1721
f 1435 1769 1755
f 1722 1769 1435
f 2151 1361 1710
f 1431 2153 1710
f 1710 2153 2151
f 1710 1361 1715
f 1717 1431 1710
f 1710 1715 1717
f 2189 2196 2194
f 2194 1549 2189
f 2156 1549 2194
f 2194 2196 1559
f 1559 2191 2194
f 2194 2191 2156
f 2176 1547 2168
f 2176 2168 2178
f 2178 1555 2176
f 1555 2174 2176
f 1815 1459 1813
f 1813 1675 1815
f 1773 1363 1732
f 1740 1363 1773
f 1773 1776 1740
f 1732 1775 1773
f 1773 1775 1447
f 1447 1776 1773
f 1759 1757 1691
f 1691 2634 2636
f 1691 1426 1759
f 1691 2636 1426
f 2622 2617 2623
f 2623 1660 2622
f 2621 1660 2623
f 2617 1658 2623
f 2623 2616 2621
f 2623 1658 2616
f 2237 2240 1571
f 2241 2237 1571
f 1571 2239 2241
f 1780 2624 2626
f 2626 2624 1661
f 2626 1661 2627
f 2627 2618 2626
f 1847 1817 1369
f 1369 1819 1847
f 1847 1850 1469
f 1819 1850 1847
f 1924 1916 1927
f 1485 1904 1921
f 1913 1966 1964
f 1488 1966 1913
f 1821 1820 1461
f 1841 1850 1461
f 1461 1818 1841
f 1461 1820 1818
f 1461 1819 1821
f 1461 1850 1819
f 1882 1880 1869
f 1869 1473 1882
f 1869 1866 1473
f 1885 2571 2570
f 201 761 763
f 2578 2573 2582
f 2582 1650 2578
f 1505 1978 2099
f 2097 2047 2100
f 2097 2099 1978
f 2100 1533 2097
f 1533 2099 2097
f 1987 1985 1507
f 1934 1985 1987
f 1987 1493 1934
f 1979 1493 1987
f 1506 1981 1990
f 1984 1981 1506
f 1929 1932 1492
f 1492 1931 1929
f 1938 1931 1492
f 1794 1855 1853
f 1794 1454 1855
f 1853 1344 1794
f 1794 1344 2549
f 1794 2549 2551
f 2551 1454 1794
f 2558 2555 1645
f 1645 2559 2556
f 1645 2557 2559
f 1645 2555 2557
f 2556 2569 1645
f 1645 2569 2558
f 1822 1462 1824
f 1462 1830 1824
f 1824 1792 1822
f 1824 1830 1829
f 1824 1453 1792
f 1829 1453 1824
f 1468 1869 1880
f 1844 1880 1877
f 1877 1371 1844
f 1371 1832 1844
f 1844 1468 1880
f 1676 1357 1818
f 1818 1820 1676
f 1820 1420 1676
f 1714 1357 1676
f 1676 1716 1714
f 1676 1420 1716
f 1499 1967 1955
f 1499 1952 1954
f 1955 1952 1499
f 1965 1967 1953
f 1960 1381 1953
f 1953 1381 1965
f 1967 1499 1953
f 1483 1907 1900
f 1900 2157 1483
f 1903 2188 2186
f 2186 1376 1903
f 2155 1376 2186
f 2186 2188 1558
f 1558 2189 2186
f 2189 2155 2186
f 2148 2145 1899
f 2148 2157 2158
f 1899 1483 2148
f 2148 1483 2157
f 2146 2154 1546
f 2158 2146 1546
f 1546 2148 2158
f 2145 2148 1546
f 1709 2145 2147
f 2147 2154 2153
f 1431 1709 2147
f 2147 2153 1431
f 2145 1546 2147
f 2147 1546 2154
f 2504 1632 2506
f 1629 2490 2506
f 2506 2490 2504
f 2506 2489 1629
f 2506 1632 2503
f 2503 2489 2506
f 2254 2258 1575
f 2247 2255 1561
f 2226 2201 1561
f 1561 2201 2247
f 2364 2361 2353
f 2366 2369 2353
f 2353 1598 2364
f 2353 2369 1598
f 1403 2361 2371
f 2366 2353 1403
f 1403 2353 2361
f 2376 1401 2316
f 1566 2280 2270
f 1566 2270 2216
f 2216 2218 1566
f 2363 1600 2360
f 2360 2300 2363
f 1396 2300 2360
f 2360 2215 1396
f 2212 1564 2302
f 2302 2300 2212
f 2212 2300 1396
f 1565 2265 2279
f 2279 2215 1565
f 2214 2265 1565
f 1565 2354 2214
f 1601 2366 2381
f 2381 2368 1601
f 436 389 102
f 434 389 436
f 441 31 421
f 31 435 421
f 421 435 438
f 421 444 441
f 113 439 437
f 113 435 439
f 438 435 113
f 437 434 113
f 434 436 113
f 113 436 438
f 110 421 438
f 444 421 110
f 423 444 110
f 110 420 423
f 662 663 171
f 662 657 663
f 171 660 662
f 101 657 662
f 662 386 101
f 662 660 386
f 693 116 690
f 693 449 116
f 691 449 693
f 690 695 693
f 695 179 693
f 693 179 691
f 659 47 696
f 696 698 659
f 47 665 696
f 180 698 696
f 699 180 696
f 696 665 699
f 287 1103 1168
f 1168 1103 1166
f 1168 1166 301
f 1075 1116 279
f 1075 1136 73
f 1075 73 1114
f 1114 1116 1075
f 1138 1126 1140
f 1140 295 1138
f 295 1136 1138
f 1136 1075 1138
f 279 1126 1138
f 1138 1075 279
f 1148 283 1088
f 1088 1146 1148
f 1148 1162 283
f 1148 1146 297
f 1167 1147 1170
f 1170 1147 297
f 301 1167 1170
f 1170 1168 301
f 1161 300 1164
f 1164 1147 1161
f 297 1147 1164
f 300 1162 1164
f 1164 1148 297
f 1162 1148 1164
f 303 1176 1178
f 1178 1194 303
f 1178 1192 1194
f 283 1192 1178
f 1178 1176 1088
f 1088 283 1178
f 1182 1022 266
f 266 1174 1182
f 1180 1022 1182
f 1182 1174 1184
f 1182 304 1180
f 1182 1184 304
f 1050 993 257
f 257 1042 1050
f 1048 993 1050
f 1050 1042 1052
f 1050 274 1048
f 1050 1052 274
f 1211 308 1203
f 1203 1209 1211
f 1211 1204 308
f 1204 185 716
f 716 1202 1204
f 5 1202 716
f 816 5 716
f 1237 50 1208
f 1237 318 1239
f 1239 719 1237
f 719 50 1237
f 1240 318 1237
f 1237 1208 1240
f 733 711 731
f 731 190 733
f 190 735 733
f 977 971 979
f 979 252 977
f 711 977 975
f 975 977 252
f 975 252 978
f 978 944 975
f 946 944 243
f 243 947 946
f 946 947 937
f 946 937 182
f 476 478 468
f 476 454 474
f 474 125 476
f 476 125 478
f 468 118 476
f 118 454 476
f 535 140 537
f 533 140 535
f 535 467 533
f 535 123 467
f 474 454 33
f 33 451 456
f 456 474 33
f 33 454 726
f 726 712 33
f 33 712 451
f 522 137 532
f 520 137 522
f 522 121 461
f 461 520 522
f 477 474 456
f 477 125 474
f 479 125 477
f 456 119 477
f 119 472 477
f 477 472 479
f 714 712 184
f 184 715 714
f 714 715 709
f 714 709 117
f 117 451 714
f 451 712 714
f 726 189 729
f 729 712 726
f 189 736 729
f 184 712 729
f 734 713 184
f 184 729 734
f 734 729 736
f 734 736 190
f 731 713 734
f 734 190 731
f 882 884 230
f 230 885 882
f 230 883 897
f 897 885 230
f 236 914 912
f 912 915 236
f 912 826 915
f 912 54 826
f 912 914 754
f 754 54 912
f 922 925 827
f 827 58 922
f 827 817 58
f 1001 69 1264
f 1001 1264 1266
f 1266 260 1001
f 1001 260 1010
f 1320 335 1333
f 1320 1317 335
f 1264 1317 1320
f 324 1264 1320
f 1311 1256 322
f 322 1256 1258
f 1207 79 1268
f 79 1213 1268
f 1006 738 52
f 52 988 1006
f 988 1009 1006
f 1009 262 1006
f 746 738 747
f 747 748 195
f 747 738 191
f 1010 260 1002
f 1002 737 191
f 15 772 743
f 743 737 15
f 2564 2566 2540
f 2540 2566 1640
f 919 921 237
f 933 920 237
f 237 918 933
f 921 918 237
f 237 917 919
f 237 920 917
f 866 226 867
f 867 855 866
f 864 226 866
f 866 855 201
f 201 762 866
f 866 762 864
f 611 610 552
f 852 854 552
f 13 852 552
f 552 610 13
f 1382 2097 1978
f 2047 2097 1382
f 1382 1975 2047
f 1981 1975 1382
f 2039 2048 2050
f 2050 1520 2039
f 2048 1522 2050
f 2050 1522 2049
f 1943 1496 2025
f 2002 1498 1948
f 2002 1510 2014
f 1999 1510 2002
f 2002 1948 1999
f 2014 1512 2012
f 2012 2002 2014
f 1498 2002 2012
f 1944 1496 1951
f 1948 1498 1950
f 1909 1948 1950
f 1950 1486 1909
f 1498 1951 1950
f 1521 2091 2110
f 2108 2043 2110
f 2110 2043 1521
f 2110 1535 2108
f 2089 2103 1387
f 2088 1350 2026
f 2026 2090 2088
f 2035 1518 2033
f 2107 2103 1534
f 2107 2093 2103
f 2096 2093 1532
f 1532 2094 2096
f 1532 2107 2095
f 2093 2107 1532
f 2085 2093 2096
f 2085 2098 1387
f 1387 2093 2085
f 2011 1997 1497
f 1497 1947 2011
f 2094 1947 1497
f 1497 2086 2094
f 1503 1968 1970
f 1970 1972 1503
f 1958 1972 1970
f 1970 1968 1934
f 1934 1493 1970
f 1970 1493 1958
f 1545 2144 2142
f 2142 2139 1545
f 2142 2144 2137
f 2137 1537 2142
f 2133 1543 2143
f 2143 2140 1545
f 2141 2139 2115
f 2115 1536 2141
f 2141 1536 2133
f 2133 2143 2141
f 1545 2139 2141
f 2141 2143 1545
f 2115 2139 1388
f 2125 2115 1388
f 168 652 654
f 639 631 163
f 163 629 639
f 647 654 652
f 167 654 647
f 652 633 164
f 164 647 652
f 1351 2120 2454
f 2454 2120 2456
f 1622 2457 2454
f 2454 2456 1622
f 2343 2297 1585
f 2296 2333 1585
f 1585 2333 2343
f 2121 2462 2464
f 2332 2330 2121
f 2464 1539 2121
f 1539 2332 2121
f 2291 2303 1583
f 2303 2293 1583
f 1610 2403 2475
f 2405 2403 1610
f 2216 1392 2160
f 2160 2218 2216
f 1550 2218 2160
f 2160 1392 2406
f 2408 1550 2160
f 2160 2406 2408
f 2267 1392 2216
f 2267 1578 2269
f 2269 2162 2267
f 2162 1392 2267
f 2216 2270 2267
f 2267 2270 1578
f 1628 2501 2485
f 2485 2496 1628
f 1628 2496 2486
f 2487 2501 1628
f 2486 2484 1628
f 2484 2487 1628
f 2407 1611 2505
f 2507 1632 2505
f 2502 2407 2505
f 2505 1632 2502
f 2495 1611 2406
f 2495 1630 2507
f 2507 2505 2495
f 2495 2505 1611
f 2495 2406 2492
f 2492 1630 2495
f 2510 2491 2512
f 2512 1633 2510
f 2509 1633 2512
f 2512 2491 1629
f 1629 2489 2512
f 2512 2489 2509
f 2415 2427 1406
f 2415 2430 2427
f 1613 2430 2415
f 2415 2480 1613
f 2389 2391 1606
f 1606 2429 2389
f 2389 2383 2391
f 2389 2429 2426
f 2389 2426 1404
f 1404 2383 2389
f 2391 2383 1604
f 1604 2383 2395
f 2395 2385 1604
f 2385 2382 1604
f 1515 2025 2035
f 2391 1604 2384
f 2384 1604 2382
f 2124 2122 2114
f 2114 1536 2124
f 2114 2122 1351
f 2133 1536 2114
f 2134 2137 1544
f 2137 2144 1544
f 2136 1888 2134
f 2134 1544 2136
f 1390 2422 2129
f 1894 1898 1481
f 1895 1481 1898
f 1893 1481 1895
f 1898 1482 1897
f 1897 1895 1898
f 1896 1888 1897
f 600 623 624
f 602 562 600
f 624 157 600
f 600 157 602
f 564 571 574
f 574 571 149
f 1350 2021 2036
f 680 669 48
f 669 675 48
f 687 685 673
f 641 681 679
f 641 679 46
f 648 642 166
f 166 641 648
f 681 641 166
f 671 681 166
f 682 681 671
f 671 173 682
f 682 669 680
f 682 173 669
f 2127 2123 1540
f 2126 1541 2127
f 1540 2124 2127
f 2124 2126 2127
f 703 702 679
f 494 496 460
f 528 531 494
f 494 460 34
f 34 528 494
f 541 531 543
f 541 543 141
f 141 540 538
f 538 541 141
f 495 541 538
f 37 495 538
f 493 37 538
f 538 540 493
f 491 496 497
f 497 129 491
f 490 129 497
f 497 495 490
f 483 502 504
f 504 502 133
f 133 518 504
f 518 516 504
f 127 563 483
f 483 504 127
f 484 567 127
f 567 563 127
f 127 516 484
f 127 504 516
f 596 609 156
f 156 599 596
f 599 590 596
f 590 44 596
f 607 609 158
f 158 604 607
f 158 608 606
f 606 604 158
f 210 804 802
f 802 805 210
f 459 804 120
f 459 120 491
f 4 802 459
f 459 802 804
f 491 489 459
f 489 4 459
f 213 815 814
f 815 805 814
f 814 812 213
f 150 584 577
f 578 584 150
f 150 576 578
f 4 576 550
f 550 802 4
f 805 802 550
f 756 54 790
f 790 792 208
f 754 792 790
f 790 54 754
f 793 756 790
f 790 208 793
f 2582 1649 2575
f 1884 1939 1941
f 2599 2589 2597
f 1654 2599 2597
f 1783 1671 1334
f 1334 2514 1783
f 1334 1671 1679
f 1334 2588 2514
f 1679 2588 1334
f 1681 1418 1686
f 1686 1684 1424
f 1424 1687 1686
f 1686 1687 1681
f 1356 1684 1672
f 1672 1788 1356
f 1684 1686 1672
f 1672 1686 1418
f 1452 1788 1790
f 1791 1452 1790
f 1790 1785 1791
f 1790 1418 1785
f 1790 1672 1418
f 1788 1672 1790
f 789 207 787
f 787 775 789
f 789 786 207
f 783 795 206
f 206 780 783
f 783 199 793
f 793 795 783
f 206 795 781
f 781 795 791
f 791 56 781
f 774 193 782
f 742 193 1261
f 740 192 757
f 53 1212 740
f 100 381 404
f 440 442 399
f 399 442 105
f 396 104 405
f 405 403 396
f 106 403 405
f 104 395 405
f 395 402 405
f 405 402 106
f 24 381 343
f 24 505 345
f 343 485 24
f 24 485 505
f 401 403 106
f 106 404 401
f 401 404 381
f 381 24 401
f 345 403 401
f 401 24 345
f 365 341 23
f 23 341 469
f 23 469 455
f 455 339 23
f 96 367 365
f 96 369 367
f 366 369 96
f 96 375 366
f 353 91 351
f 339 353 351
f 365 23 351
f 351 23 339
f 945 243 983
f 945 947 243
f 935 947 945
f 945 983 980
f 980 63 945
f 63 935 945
f 432 429 112
f 112 445 432
f 433 430 112
f 430 445 112
f 350 960 90
f 90 372 350
f 350 25 958
f 958 960 350
f 350 370 25
f 350 372 370
f 962 246 954
f 954 960 962
f 954 246 952
f 90 960 954
f 952 349 954
f 349 90 954
f 364 95 374
f 374 372 364
f 97 372 374
f 95 363 374
f 371 97 374
f 374 363 371
f 431 363 95
f 429 363 431
f 95 419 431
f 431 112 429
f 431 419 433
f 433 112 431
f 1144 245 1152
f 245 951 1152
f 1152 951 1150
f 1154 1144 1152
f 298 1154 1152
f 1152 1150 298
f 667 172 665
f 169 658 667
f 656 169 667
f 667 665 656
f 664 172 666
f 666 658 115
f 666 667 658
f 172 667 666
f 115 447 666
f 447 664 666
f 366 27 360
f 27 406 360
f 360 369 366
f 360 406 408
f 360 408 94
f 94 369 360
f 107 443 407
f 407 409 107
f 432 443 107
f 107 409 408
f 107 406 432
f 408 406 107
f 480 556 126
f 126 482 480
f 554 556 480
f 488 128 487
f 487 482 488
f 486 128 488
f 488 482 126
f 488 126 481
f 481 486 488
f 100 404 413
f 100 413 382
f 400 412 414
f 414 105 400
f 414 399 105
f 411 399 414
f 642 646 99
f 99 412 400
f 400 379 99
f 99 379 642
f 388 102 670
f 670 668 388
f 670 102 676
f 173 668 670
f 676 678 670
f 678 173 670
f 642 379 640
f 671 166 640
f 640 166 642
f 640 379 9
f 640 668 671
f 9 668 640
f 398 379 400
f 400 105 398
f 398 105 423
f 9 379 398
f 423 420 398
f 398 420 9
f 416 357 418
f 357 93 418
f 418 93 426
f 418 109 416
f 428 109 418
f 418 426 428
f 1287 329 1289
f 1287 1289 973
f 1287 973 66
f 66 1242 1287
f 1216 6 948
f 948 1218 1216
f 314 1225 1224
f 1225 1218 1224
f 1224 1222 314
f 1224 949 1222
f 6 1018 1084
f 1018 1087 1084
f 1084 1087 282
f 1084 282 1086
f 1084 948 6
f 1086 948 1084
f 2279 1580 2277
f 2277 2215 2279
f 1396 2215 2277
f 2277 1580 2280
f 1767 1770 1446
f 1446 1769 1767
f 1771 1769 1446
f 1768 1771 1446
f 1446 1772 1768
f 1446 1770 1772
f 1754 1777 1443
f 1443 1771 1754
f 1755 1771 1443
f 1443 1777 1756
f 1756 1753 1443
f 1753 1755 1443
f 2150 2174 1391
f 2150 2176 2174
f 1547 2176 2150
f 2193 1547 2150
f 1391 2191 2150
f 2150 2191 2193
f 1899 1813 1901
f 1901 1483 1899
f 1907 1483 1901
f 1901 1813 1459
f 1899 2145 1335
f 1335 2145 1709
f 1709 1675 1335
f 1675 1813 1335
f 1335 1813 1899
f 1359 1691 1757
f 1359 1757 1723
f 1723 1689 1359
f 2634 1691 1359
f 1359 1689 2620
f 2620 2634 1359
f 2207 2248 1365
f 1365 1780 2207
f 2200 1779 2197
f 2197 1560 2200
f 2198 1560 2206
f 2206 2204 2198
f 1817 1847 1849
f 1849 1837 1460
f 1460 1817 1849
f 1851 1837 1849
f 1849 1469 1851
f 1849 1847 1469
f 1491 1924 1927
f 1927 1925 1491
f 1491 1925 1923
f 1928 1924 1491
f 1964 2004 1378
f 1378 1913 1964
f 2004 1916 1378
f 1916 1924 1378
f 1918 1921 1904
f 1918 1904 1369
f 1369 1817 1918
f 1918 1817 1920
f 1928 1921 1490
f 1490 1918 1920
f 1921 1918 1490
f 1866 1869 1843
f 1843 1797 1368
f 1368 1866 1843
f 1843 1845 1797
f 1843 1468 1845
f 1869 1468 1843
f 1649 2574 2572
f 2572 2575 1649
f 2545 2575 2572
f 2572 2574 1886
f 2571 1885 1477
f 1886 2574 1477
f 1477 2574 2571
f 1649 2573 2576
f 2576 2574 1649
f 2576 1648 2571
f 2571 2574 2576
f 1533 2098 2101
f 2101 2099 1533
f 2098 2085 2101
f 1989 1987 1507
f 1989 1978 1505
f 1505 1979 1989
f 1979 1987 1989
f 1990 1507 1988
f 1985 1940 1988
f 1507 1985 1988
f 1942 1932 1941
f 1942 1492 1932
f 1968 1936 1379
f 1379 1940 1985
f 1934 1968 1379
f 1379 1985 1934
f 1984 1506 1982
f 1886 1477 1982
f 1846 1832 1465
f 1846 1844 1832
f 1465 1834 1846
f 1468 1844 1846
f 1846 1834 1845
f 1845 1468 1846
f 1501 1960 1963
f 1960 1953 1963
f 1963 1953 1499
f 1963 1961 1501
f 1954 1961 1963
f 1963 1499 1954
f 2246 2254 2257
f 2254 1575 2257
f 2257 1573 2246
f 2257 1575 2255
f 2247 1573 2257
f 2257 2255 2247
f 2256 1575 2258
f 2255 1575 2253
f 1575 2256 2253
f 2236 2204 2239
f 2239 1571 2236
f 2378 2376 1603
f 1603 2380 2378
f 2319 1401 2311
f 1401 2376 2311
f 2321 2319 2311
f 2376 2378 2311
f 2311 1589 2321
f 2311 2378 1589
f 2374 2358 1599
f 1599 2358 2356
f 2357 2371 2374
f 2374 1599 2357
f 2357 1599 2380
f 2357 1403 2371
f 2362 1600 2364
f 2362 2360 1600
f 2364 2354 2362
f 2215 2360 2362
f 2354 1565 2362
f 2362 1565 2215
f 2280 1566 2217
f 2217 2277 2280
f 2217 2212 1396
f 1396 2277 2217
f 2379 2376 2316
f 2368 2381 2379
f 2316 1590 2379
f 1590 2368 2379
f 1603 2376 2379
f 2379 2381 1603
f 422 436 102
f 422 102 388
f 388 420 422
f 420 110 422
f 438 436 422
f 422 110 438
f 1149 1146 1102
f 1168 1170 1149
f 1149 1102 287
f 287 1168 1149
f 297 1146 1149
f 1149 1170 297
f 1240 1208 310
f 310 1249 1240
f 310 1209 1249
f 310 1211 1209
f 214 816 818
f 818 716 185
f 816 716 818
f 711 733 183
f 710 971 183
f 183 977 711
f 971 977 183
f 49 713 731
f 49 975 944
f 731 711 49
f 711 975 49
f 123 535 523
f 523 535 537
f 537 137 523
f 523 137 520
f 530 528 462
f 462 121 530
f 121 522 530
f 530 522 532
f 139 528 530
f 530 532 139
f 875 883 886
f 883 230 886
f 886 228 875
f 886 230 884
f 886 876 228
f 886 884 876
f 214 817 829
f 817 827 829
f 829 819 214
f 1010 262 1007
f 1007 1001 1010
f 1007 262 1016
f 69 1001 1007
f 1016 1012 1007
f 1012 69 1007
f 1272 322 1258
f 1257 322 1272
f 337 1333 1329
f 1329 1332 337
f 1330 322 1257
f 1257 1328 1330
f 1311 322 1330
f 1328 337 1330
f 1330 1332 1311
f 1330 337 1332
f 1008 262 1010
f 1008 1006 262
f 1010 1002 1008
f 738 1006 1008
f 191 738 1008
f 1008 1002 191
f 745 194 748
f 748 747 745
f 743 194 745
f 745 747 191
f 745 737 743
f 191 737 745
f 737 1002 1000
f 1000 15 737
f 260 1255 1000
f 1000 1002 260
f 1000 1255 1252
f 1252 15 1000
f 772 15 741
f 741 774 772
f 193 774 741
f 741 15 1252
f 2564 2540 1412
f 1412 2540 2577
f 2577 2546 1412
f 2579 2540 1640
f 2577 2540 2579
f 2579 2581 1650
f 1650 2577 2579
f 2538 2544 1639
f 1639 2536 2538
f 611 552 144
f 144 614 611
f 553 614 144
f 144 552 854
f 144 861 553
f 144 854 861
f 1986 1382 1978
f 1986 1507 1990
f 1990 1981 1986
f 1981 1382 1986
f 1986 1989 1507
f 1978 1989 1986
f 2009 2012 1512
f 2009 1512 2011
f 2011 1947 2009
f 2009 1947 1380
f 1945 1943 1908
f 1945 1950 1951
f 1496 1943 1945
f 1945 1951 1496
f 1908 1486 1945
f 1486 1950 1945
f 2113 1535 2109
f 2109 2098 2113
f 1387 2098 2109
f 2109 2089 1387
f 1531 2091 2088
f 2088 2090 1531
f 1534 2102 2105
f 2102 2033 2105
f 2105 2107 1534
f 2105 2033 1518
f 2105 1518 2095
f 2095 2107 2105
f 2094 1532 2092
f 2092 2032 1380
f 2095 2032 2092
f 2092 1532 2095
f 1380 1947 2092
f 2092 1947 2094
f 2084 2086 1946
f 2086 1497 1946
f 1349 2084 1946
f 1946 1995 1349
f 1997 1995 1946
f 1946 1497 1997
f 2117 2142 1537
f 2139 2142 2117
f 2117 1388 2139
f 2132 1543 2469
f 2132 2143 1543
f 2469 2467 2132
f 2140 2143 2132
f 1390 2140 2132
f 2132 2467 1390
f 168 654 650
f 650 653 168
f 643 653 650
f 46 643 650
f 646 167 644
f 167 647 644
f 634 164 635
f 635 164 633
f 635 633 629
f 629 163 635
f 2299 1585 2297
f 2299 1583 2292
f 2299 2297 2291
f 2291 1583 2299
f 2296 1585 2298
f 2292 1538 2298
f 2298 2299 2292
f 1585 2299 2298
f 2119 2296 2298
f 2298 1538 2119
f 2462 2121 1389
f 2119 2402 1389
f 1389 2402 2462
f 1389 2121 2330
f 1389 2296 2119
f 1389 2330 2296
f 2292 1583 2290
f 2290 1583 2293
f 2290 2211 1339
f 2290 2293 2211
f 2398 1538 2118
f 1339 2396 2118
f 2396 2398 2118
f 2118 1538 2292
f 2118 2290 1339
f 2292 2290 2118
f 2475 2477 2465
f 2465 1610 2475
f 2402 1610 2465
f 2465 2477 1624
f 1624 2462 2465
f 2462 2402 2465
f 2404 2398 2405
f 2405 1610 2404
f 2404 1610 2402
f 2404 1538 2398
f 2404 2402 2119
f 2119 1538 2404
f 1406 2423 2478
f 2478 2415 1406
f 2478 2423 2481
f 2480 2415 2478
f 2481 1627 2478
f 1627 2480 2478
f 2035 2033 2023
f 2023 1515 2035
f 2022 1943 2025
f 2025 1515 2022
f 2080 2078 1529
f 1606 2391 2390
f 2391 2384 2390
f 2413 2425 1612
f 2131 2114 1351
f 1351 2454 2131
f 2131 2454 2457
f 2133 2114 2131
f 2457 1543 2131
f 2131 1543 2133
f 1390 2129 2135
f 2135 2140 1390
f 2135 2144 2140
f 2135 1544 2144
f 1887 1347 1893
f 1893 1895 1887
f 2413 1612 2410
f 2410 1612 2412
f 2057 1481 1893
f 566 571 42
f 623 600 42
f 564 623 42
f 42 571 564
f 42 562 566
f 42 600 562
f 2058 2026 1350
f 1350 2036 2058
f 2037 2021 1514
f 2037 2036 2021
f 680 48 704
f 704 48 672
f 704 706 680
f 704 672 705
f 181 706 704
f 684 48 675
f 672 48 684
f 684 687 672
f 174 687 673
f 672 687 174
f 705 672 174
f 683 685 177
f 685 687 177
f 177 686 683
f 687 684 177
f 645 654 167
f 645 167 648
f 648 641 645
f 645 641 46
f 46 650 645
f 645 650 654
f 680 706 176
f 176 682 680
f 706 703 176
f 681 682 176
f 679 681 176
f 176 703 679
f 131 541 495
f 495 497 131
f 531 541 131
f 131 497 496
f 131 494 531
f 496 494 131
f 605 593 608
f 608 158 605
f 605 158 609
f 44 593 605
f 605 596 44
f 609 596 605
f 577 586 588
f 588 150 577
f 143 814 805
f 805 550 143
f 2582 2575 2580
f 2580 1650 2582
f 2580 2577 1650
f 2580 2546 2577
f 1941 1932 1476
f 1476 1884 1941
f 1414 2597 2589
f 2593 2609 1414
f 1414 2589 2593
f 786 789 773
f 773 56 786
f 773 781 56
f 1265 1328 82
f 82 1328 1257
f 1253 1267 1265
f 1265 82 1253
f 1253 82 1260
f 1254 1261 193
f 1254 741 1252
f 193 741 1254
f 1214 1205 192
f 192 740 1214
f 1214 740 1212
f 1214 1212 311
f 311 1215 1214
f 1214 1215 1205
f 311 1212 1262
f 1259 1212 53
f 1259 53 742
f 742 1261 1259
f 1259 1261 323
f 323 1262 1259
f 1259 1262 1212
f 780 53 755
f 53 740 755
f 755 783 780
f 755 740 757
f 757 199 755
f 199 783 755
f 30 395 407
f 30 402 395
f 407 440 30
f 411 402 30
f 440 399 30
f 30 399 411
f 368 96 365
f 365 351 368
f 375 96 368
f 368 351 91
f 373 375 368
f 368 91 373
f 342 480 482
f 383 381 100
f 343 381 383
f 415 402 411
f 415 413 404
f 415 404 106
f 106 402 415
f 100 382 384
f 384 383 100
f 378 383 384
f 411 414 108
f 108 415 411
f 413 415 108
f 108 414 412
f 380 99 646
f 412 99 380
f 646 644 380
f 1303 329 1290
f 329 1287 1290
f 1301 1303 1290
f 1290 1287 1242
f 1290 319 1301
f 1290 1242 319
f 244 948 1086
f 949 1224 244
f 1218 948 244
f 244 1224 1218
f 1485 1907 1906
f 1907 1901 1906
f 1906 1904 1485
f 1906 1901 1459
f 1814 1904 1906
f 1906 1459 1814
f 2251 2207 1563
f 2251 2256 2258
f 1563 2256 2251
f 2258 1574 2251
f 2251 1574 2248
f 2248 2207 2251
f 1779 2200 1448
f 1780 2626 1448
f 1448 2618 1779
f 1448 2626 2618
f 1563 2207 2209
f 2209 1448 2200
f 2209 2207 1780
f 1780 1448 2209
f 2210 2200 1560
f 1560 2198 2210
f 1563 2209 2210
f 2210 2209 2200
f 1926 1923 1905
f 1926 1491 1923
f 1928 1491 1926
f 1905 1485 1926
f 1485 1921 1926
f 1926 1921 1928
f 1919 1924 1928
f 1919 1378 1924
f 1913 1378 1919
f 1928 1490 1919
f 1488 1913 1922
f 1922 1490 1920
f 1913 1919 1922
f 1922 1919 1490
f 1914 1488 1922
f 1922 1920 1914
f 1373 1884 2545
f 2545 2572 1373
f 1373 2572 1886
f 1939 1884 1373
f 2041 2050 2049
f 1520 2050 2041
f 1504 1975 1984
f 2049 1975 1504
f 1504 2041 2049
f 1974 2041 1504
f 1346 1974 1885
f 1346 1885 2570
f 767 762 768
f 768 762 201
f 1530 2085 2096
f 1530 2101 2085
f 2096 2086 1530
f 1530 2086 2084
f 1990 1988 1983
f 1983 1506 1990
f 1495 1988 1940
f 1940 1942 1495
f 1495 1942 1941
f 1495 1983 1988
f 1941 1939 1495
f 1939 1983 1495
f 1940 1379 1930
f 1930 1942 1940
f 1492 1942 1930
f 1930 1379 1936
f 1930 1936 1938
f 1938 1492 1930
f 2226 1561 2238
f 2238 2240 2226
f 2238 1571 2240
f 2238 2236 1571
f 1395 2198 2204
f 2204 2236 1395
f 2359 1599 2356
f 2380 1599 2359
f 2359 2356 2310
f 2359 2378 2380
f 2310 1589 2359
f 1589 2378 2359
f 2366 1403 2377
f 1403 2357 2377
f 2377 2381 2366
f 2377 2357 2380
f 2377 2380 1603
f 1603 2381 2377
f 1564 2212 2219
f 2212 2217 2219
f 2213 1564 2219
f 2219 2217 1566
f 2219 2218 2213
f 2219 1566 2218
f 1210 310 1208
f 1210 185 1204
f 1204 1211 1210
f 1211 310 1210
f 1210 1208 717
f 717 185 1210
f 214 818 825
f 825 817 214
f 823 817 825
f 825 216 823
f 822 216 824
f 824 818 185
f 216 825 824
f 824 825 818
f 824 717 822
f 824 185 717
f 725 723 710
f 710 183 725
f 725 183 733
f 188 723 725
f 725 735 188
f 725 733 735
f 708 49 944
f 708 946 182
f 944 946 708
f 713 49 708
f 182 715 708
f 715 713 708
f 468 123 466
f 123 523 466
f 466 453 468
f 466 11 453
f 520 11 466
f 466 523 520
f 819 829 828
f 828 197 819
f 828 826 751
f 751 197 828
f 1270 1272 1258
f 1207 1268 1270
f 1258 309 1270
f 1270 309 1207
f 1333 337 1331
f 1331 337 1328
f 1331 1320 1333
f 1331 1328 1265
f 1331 1265 324
f 324 1320 1331
f 2537 1639 2544
f 2537 1412 2546
f 1380 1944 1949
f 1949 2009 1380
f 2012 2009 1949
f 1944 1951 1949
f 1498 2012 1949
f 1949 1951 1498
f 2091 1531 2112
f 2112 2109 1535
f 2089 2109 2112
f 2112 1531 2089
f 1535 2110 2112
f 2112 2110 2091
f 2106 1531 2090
f 2089 1531 2106
f 1534 2103 2106
f 2103 2089 2106
f 632 644 647
f 632 164 634
f 647 164 632
f 1384 2033 2102
f 1384 2023 2033
f 2102 2027 1384
f 1889 2384 2382
f 2024 2022 1515
f 2024 1889 2022
f 2083 1529 2081
f 2026 2058 2060
f 2104 2027 2102
f 2104 2106 2090
f 2104 2102 1534
f 1534 2106 2104
f 2388 2420 1606
f 1606 2390 2388
f 2388 2417 2420
f 1375 2417 2388
f 2412 1612 2421
f 2413 1542 2424
f 2424 2422 1615
f 2424 2129 2422
f 2424 1542 2129
f 1615 2425 2424
f 2424 2425 2413
f 2130 2136 2138
f 2138 1542 2130
f 2138 2136 1544
f 2129 1542 2138
f 1544 2135 2138
f 2138 2135 2129
f 2079 1529 2083
f 1892 2417 1375
f 1891 2410 2412
f 1347 2410 1891
f 2128 1887 2130
f 2128 1542 2413
f 2130 1542 2128
f 1347 1887 2128
f 2413 2410 2128
f 2128 2410 1347
f 1478 1887 1895
f 1478 1897 1888
f 1895 1897 1478
f 2130 1887 1478
f 1888 2136 1478
f 1478 2136 2130
f 1481 2057 2069
f 2069 2067 1894
f 1894 1481 2069
f 2080 1529 2082
f 1529 2079 2082
f 2036 2037 1519
f 677 686 688
f 688 684 675
f 688 175 677
f 688 675 175
f 686 177 688
f 688 177 684
f 615 585 153
f 153 620 615
f 153 586 620
f 153 588 586
f 812 814 551
f 814 143 551
f 551 40 812
f 585 40 551
f 579 143 550
f 579 550 576
f 576 150 579
f 150 588 579
f 1337 2536 1883
f 1883 1476 1932
f 1929 1337 1883
f 1883 1932 1929
f 2545 1884 2547
f 1884 1476 2547
f 784 774 782
f 782 206 784
f 206 781 784
f 781 773 784
f 1269 82 1257
f 1260 82 1269
f 1257 1272 1269
f 1267 1253 321
f 1255 1267 321
f 1252 1255 321
f 321 1254 1252
f 554 480 2
f 480 342 2
f 343 383 87
f 87 487 343
f 378 342 87
f 87 383 378
f 87 482 487
f 87 342 482
f 28 380 644
f 644 632 28
f 1092 244 1086
f 284 1090 1092
f 1090 949 1092
f 949 244 1092
f 1092 1093 284
f 1092 1086 1093
f 2208 2210 2198
f 2208 2253 2256
f 2208 2256 1563
f 1563 2210 2208
f 2198 1395 2208
f 2208 1395 2253
f 1939 1373 1980
f 1980 1982 1506
f 1886 1982 1980
f 1980 1373 1886
f 1980 1983 1939
f 1506 1983 1980
f 2040 1520 2038
f 1520 2041 2038
f 2038 2041 1974
f 1974 1346 2038
f 1984 1982 1976
f 1976 1504 1984
f 1974 1504 1976
f 1976 1982 1477
f 1976 1477 1885
f 1885 1974 1976
f 2087 1530 2084
f 2101 1530 2087
f 2084 1977 2087
f 2099 2101 2087
f 2087 1977 1505
f 1505 2099 2087
f 2255 2253 2202
f 2253 1395 2202
f 2202 1561 2255
f 2202 2238 1561
f 2236 2238 2202
f 2202 1395 2236
f 915 826 217
f 826 828 217
f 217 925 915
f 217 828 829
f 217 827 925
f 217 829 827
f 2564 1412 2542
f 1412 2537 2542
f 2567 2564 2542
f 2542 2537 2544
f 2542 1641 2567
f 2544 1641 2542
f 378 384 98
f 2072 1384 2027
f 1479 2024 2030
f 1889 2024 1479
f 1479 2390 2384
f 2384 1889 1479
f 1908 1943 1338
f 1338 2382 1908
f 1943 2022 1338
f 2022 1889 1338
f 1338 1889 2382
f 2026 2060 1516
f 2090 2026 1516
f 1516 2104 2090
f 2027 2104 1516
f 1614 2421 2418
f 2431 2420 1614
f 1614 2418 2431
f 2420 2417 1614
f 2412 2421 2419
f 2417 1892 2419
f 2419 1614 2417
f 2421 1614 2419
f 2411 1612 2425
f 2411 2421 1612
f 2411 2425 2423
f 2418 2421 2411
f 2411 2423 1406
f 1406 2418 2411
f 2059 2079 1386
f 2059 2082 2079
f 1480 1891 2412
f 2412 2419 1480
f 1480 2419 1892
f 1480 1892 2064
f 1347 1891 2054
f 1893 1347 2054
f 2054 2057 1893
f 2083 2070 1527
f 1527 2070 2067
f 2067 2069 1527
f 2076 2060 1525
f 1525 2059 2076
f 2082 2059 1525
f 1525 2060 2058
f 2061 2058 2036
f 2080 2082 2061
f 2061 1519 2080
f 2036 1519 2061
f 2061 1525 2058
f 2082 1525 2061
f 588 153 587
f 587 579 588
f 587 153 585
f 143 579 587
f 585 551 587
f 587 551 143
f 2548 2537 2546
f 1639 2537 2548
f 774 784 204
f 204 789 775
f 204 773 789
f 204 784 773
f 204 775 772
f 772 774 204
f 1260 1269 1273
f 323 1260 1273
f 1273 1262 323
f 325 1269 1272
f 325 1270 1268
f 1272 1270 325
f 325 1273 1269
f 1261 1254 1263
f 1254 321 1263
f 323 1261 1263
f 1263 321 1253
f 1263 1260 323
f 1263 1253 1260
f 631 554 628
f 554 2 628
f 628 163 631
f 376 342 378
f 376 2 342
f 378 98 376
f 376 628 2
f 410 28 382
f 410 108 412
f 412 380 410
f 380 28 410
f 410 382 413
f 413 108 410
f 377 28 632
f 377 632 634
f 634 98 377
f 382 28 377
f 377 384 382
f 377 98 384
f 2074 2060 2076
f 2074 2072 2027
f 2027 1516 2074
f 2074 1516 2060
f 2023 1384 2029
f 1384 2072 2029
f 2066 2064 1526
f 1375 2388 1890
f 1890 1479 2030
f 1890 2388 2390
f 2390 1479 1890
f 2057 2054 1524
f 2066 2055 1524
f 1891 1480 2056
f 2056 2054 1891
f 2056 1480 2064
f 2056 1524 2054
f 2056 2064 2066
f 2066 1524 2056
f 2071 1524 2055
f 2057 1524 2071
f 2071 2069 2057
f 2071 1527 2069
f 2546 2580 1642
f 1642 2548 2546
f 1642 2580 2575
f 2547 2548 1642
f 1642 2575 2545
f 2545 2547 1642
f 2536 1639 2539
f 1639 2548 2539
f 2539 2548 2547
f 2539 1883 2536
f 1476 1883 2539
f 2539 2547 1476
f 1271 1268 1213
f 1271 325 1268
f 1273 325 1271
f 1271 1213 311
f 311 1262 1271
f 1262 1273 1271
f 630 98 634
f 630 376 98
f 634 635 630
f 628 376 630
f 630 635 163
f 163 628 630
f 1515 2023 2031
f 2023 2029 2031
f 2031 2024 1515
f 2031 2029 1517
f 2031 1517 2030
f 2030 2024 2031
f 2075 2029 2072
f 2075 2065 1517
f 1517 2029 2075
f 2065 1526 2062
f 2062 1526 2064
f 2062 1892 1375
f 2064 1892 2062
f 2068 2071 2055
f 2068 2079 2083
f 2083 1527 2068
f 1527 2071 2068
f 1386 2079 2068
f 2068 2055 1386
f 1528 2075 2072
f 1528 2074 2076
f 2072 2074 1528
f 1375 1890 2028
f 2028 2062 1375
f 2065 2062 2028
f 2028 1890 2030
f 2030 1517 2028
f 1517 2065 2028
f 2065 2075 2077
f 2077 1526 2065
f 2075 1528 2077
f 1386 2055 2063
f 1526 2077 2063
f 2063 2055 2066
f 2066 1526 2063
f 2073 2059 1386
f 1386 2063 2073
f 2073 2063 2077
f 2073 2077 1528
f 2076 2059 2073
f 2073 1528 2076
f 1663 1028 268
f 2633 1028 1663
f 2306 689 10
f 10 1343 2306
f 2649 1343 10
f 10 1029 2649
f 2584 788 799
f 799 2587 2584
f 799 788 801
f 796 798 2585
f 2585 798 2586
f 988 2596 255
f 255 2596 1654
f 1410 746 2530
f 52 746 1410
f 1410 2596 988
f 1410 988 52
f 2308 178 690
f 1588 178 2308
f 689 2306 2308
f 690 689 2308
f 2652 2655 1036
f 1036 1035 2652
f 151 1514 2052
f 619 151 2052
f 2051 2045 613
f 618 2051 613
f 619 2052 621
f 621 2052 2053
f 1523 2051 618
f 618 161 1523
f 1523 621 2053
f 161 621 1523
f 796 2585 209
f 209 2585 1651
f 2587 799 209
f 209 1651 2587
f 995 999 2613
f 2603 995 2613
f 2662 995 2603
f 2662 1053 995
f 2664 277 1670
f 1064 277 2664
f 1638 748 2534
f 195 748 1638
f 264 1028 2633
f 264 2633 1659
f 264 2658 1038
f 1659 2658 264
f 2650 2649 1029
f 1029 1031 2650
f 170 1582 2305
f 170 2305 673
f 1066 1663 268
f 1066 2665 1663
f 1064 2664 1066
f 1066 2664 2665
f 706 181 1597
f 706 1597 2349
f 2046 613 2045
f 616 613 2046
f 2586 798 1644
f 1644 798 200
f 200 760 1644
f 1644 760 2554
f 2554 760 1640
f 1640 760 196
f 2583 788 2584
f 785 788 2583
f 1670 277 2666
f 2666 277 1067
f 1053 2662 2663
f 1056 1053 2663
f 2663 1067 1069
f 1069 1056 2663
f 2663 2666 1067
f 1657 2613 999
f 1657 999 259
f 259 998 1657
f 1657 998 2611
f 785 2583 744
f 744 2583 2524
f 2534 748 744
f 2524 2534 744
f 695 178 1588
f 1588 2314 695
f 695 2314 2313
f 2313 692 695
f 2321 700 180
f 180 1591 2321
f 1038 2658 1039
f 2658 2660 1039
f 1039 1669 271
f 2660 1669 1039
f 636 2116 1374
f 1374 41 636
f 1374 570 41
f 1896 570 1374
f 1036 2655 1667
f 1667 269 1036
f 1667 2650 1031
f 1031 269 1667
f 698 700 2321
f 2321 2320 698
f 1582 170 698
f 698 2320 1582
f 1591 180 697
f 2319 1591 697
f 697 692 2313
f 697 2313 2319
f 1037 2652 1035
f 2657 2652 1037
f 271 1669 1037
f 1037 1669 2657
f 1650 2581 203
f 203 2581 771
f 1520 2040 611
f 1520 611 159
f 616 2046 1520
f 1520 159 616
f 1537 2116 636
f 636 165 1537
f 651 1541 2126
f 168 1541 651
f 2125 649 651
f 651 2126 2125
f 2123 643 702
f 2335 2123 702
f 2611 998 2609
f 2609 998 997
f 2570 2571 763
f 763 761 2570
f 767 2573 2578
f 2578 769 767
f 1650 203 2578
f 2578 203 769
f 1648 763 2571
f 201 763 1648
f 195 1638 747
f 747 1638 2532
f 2530 746 747
f 747 2532 2530
f 1388 649 2125
f 1388 45 649
f 1897 570 1896
f 1897 572 570
f 149 572 1897
f 1897 1482 149
f 2067 623 564
f 2067 564 1894
f 1894 564 574
f 574 1898 1894
f 149 1482 574
f 574 1482 1898
f 2078 2080 626
f 626 625 2078
f 2127 1541 168
f 168 653 2127
f 2127 643 2123
f 2127 653 643
f 2335 702 703
f 703 2338 2335
f 703 706 2349
f 2349 2351 703
f 703 2351 2338
f 2597 255 1654
f 989 255 2597
f 2579 1640 196
f 2579 196 770
f 771 2581 2579
f 770 771 2579
f 2117 1537 165
f 165 637 2117
f 45 1388 2117
f 637 45 2117
f 1529 2078 625
f 1529 625 162
f 623 2067 2070
f 624 623 2070
f 2037 1514 151
f 2037 151 594
f 1597 181 704
f 2346 1597 704
f 704 2348 2346
f 704 705 2348
f 673 2305 174
f 174 2305 1587
f 2348 705 174
f 1587 2348 174
f 989 2597 1414
f 67 989 1414
f 1414 2609 997
f 1414 997 67
f 2570 761 1346
f 1346 761 13
f 768 2573 767
f 768 2576 2573
f 201 1648 768
f 1648 2576 768
f 624 2070 2081
f 2081 627 624
f 2081 2070 2083
f 2081 1529 162
f 162 627 2081
f 626 2080 1519
f 1519 155 626
f 1519 2037 594
f 594 155 1519
f 611 2040 2038
f 2038 610 611
f 2038 1346 13
f 13 610 2038
